域名,原文短语,证据字段,原文,页面URL,验证状态
photosbykatherine.com,"Warm, honest, a little nostalgic.",h1,"Warm, honest, a little nostalgic.",https://photosbykatherine.com/,自动提取原文片段；需求、趋势、竞争均未验证
photosbykatherine.com,Photos by Katherine,title,Photos by Katherine,https://photosbykatherine.com/,自动提取原文片段；需求、趋势、竞争均未验证
photosbykatherine.com,Utah Wedding & Couples Photographer,title,Utah Wedding & Couples Photographer,https://photosbykatherine.com/,自动提取原文片段；需求、趋势、竞争均未验证
photosbykatherine.com,"Warm, film-inspired wedding, couples, and portrait photography in Utah County and beyond.",description,"Warm, film-inspired wedding, couples, and portrait photography in Utah County and beyond.",https://photosbykatherine.com/,自动提取原文片段；需求、趋势、竞争均未验证
examen-agent-sportif.fr,"L’examen d’agent sportif, matière par matière.",h1,"L’examen d’agent sportif, matière par matière.",https://examen-agent-sportif.fr/,自动提取原文片段；需求、趋势、竞争均未验证
examen-agent-sportif.fr,Préparation à l’examen d’agent sportif,title,Préparation à l’examen d’agent sportif,https://examen-agent-sportif.fr/,自动提取原文片段；需求、趋势、竞争均未验证
makeagentsmd.com,AGENTS.md Generator,h1,AGENTS.md Generator,https://makeagentsmd.com/,自动提取原文片段；需求、趋势、竞争均未验证
makeagentsmd.com,Evidence-based file for AI coding agents,title,Evidence-based file for AI coding agents,https://makeagentsmd.com/,自动提取原文片段；需求、趋势、竞争均未验证
makeagentsmd.com,MakeAgentsMD,title,MakeAgentsMD,https://makeagentsmd.com/,自动提取原文片段；需求、趋势、竞争均未验证
makeagentsmd.com,Free AGENTS.md generator.,description,Free AGENTS.md generator.,https://makeagentsmd.com/,自动提取原文片段；需求、趋势、竞争均未验证
makeagentsmd.com,"Paste package.json, pyproject.toml, Cargo.toml, or go.mod.",description,"Paste package.json, pyproject.toml, Cargo.toml, or go.mod.",https://makeagentsmd.com/,自动提取原文片段；需求、趋势、竞争均未验证
makeagentsmd.com,"Detect real commands in your browser, review evidence, then copy or download.",description,"Detect real commands in your browser, review evidence, then copy or download.",https://makeagentsmd.com/,自动提取原文片段；需求、趋势、竞争均未验证
noourphotography.fr,"Sublimer votre maternité, créer des souvenirs intemporels.",h1,"Sublimer votre maternité, créer des souvenirs intemporels.",https://noourphotography.fr/,自动提取原文片段；需求、趋势、竞争均未验证
noourphotography.fr,Noour Photography,title,Noour Photography,https://noourphotography.fr/,自动提取原文片段；需求、趋势、竞争均未验证
noourphotography.fr,"Photographe maternité, famille, & portrait à Nantes.",title,"Photographe maternité, famille, & portrait à Nantes.",https://noourphotography.fr/,自动提取原文片段；需求、趋势、竞争均未验证
noourphotography.fr,"Noour Photography, photographe maternité, famille et portrait à Nantes.",description,"Noour Photography, photographe maternité, famille et portrait à Nantes.",https://noourphotography.fr/,自动提取原文片段；需求、趋势、竞争均未验证
websitedatachecker.website,Website Data Checker Grow Organic Traffic For FREE,h1,Website Data Checker Grow Organic Traffic For FREE,https://websitedatachecker.website/,自动提取原文片段；需求、趋势、竞争均未验证
websitedatachecker.website,Website Data Checker: Your Complete Guide to Understanding Your Site's Digital Performance,h1,Website Data Checker: Your Complete Guide to Understanding Your Site's Digital Performance,https://websitedatachecker.website/,自动提取原文片段；需求、趋势、竞争均未验证
iqrainternationalislamicinstitute.com,Learn Quran & Islamic Knowledge with Certified Scholars,h1,Learn Quran & Islamic Knowledge with Certified Scholars,https://iqrainternationalislamicinstitute.com/,自动提取原文片段；需求、趋势、竞争均未验证
iqrainternationalislamicinstitute.com,Iqra international,title,Iqra international,https://iqrainternationalislamicinstitute.com/,自动提取原文片段；需求、趋势、竞争均未验证
iqrainternationalislamicinstitute.com,Learn Quranic and Islamic studies through structured online courses.,description,Learn Quranic and Islamic studies through structured online courses.,https://iqrainternationalislamicinstitute.com/,自动提取原文片段；需求、趋势、竞争均未验证
xvideos-new.com,天天美剧,h1,天天美剧,https://xvideos-new.com/,自动提取原文片段；需求、趋势、竞争均未验证
xvideos-new.com,天天美剧-最新高清热播电影-好看的电视剧免费在线观看,title,天天美剧-最新高清热播电影-好看的电视剧免费在线观看,https://xvideos-new.com/,自动提取原文片段；需求、趋势、竞争均未验证
xvideos-new.com,"天天美剧分享人人美剧,美剧天堂,热播美剧最新高清电影电视剧、伦理片、综艺、美剧、韩剧、英剧、日剧等迅雷下载,等资源在线观看!",description,"天天美剧分享人人美剧,美剧天堂,热播美剧最新高清电影电视剧、伦理片、综艺、美剧、韩剧、英剧、日剧等迅雷下载,等资源在线观看!",https://xvideos-new.com/,自动提取原文片段；需求、趋势、竞争均未验证
agentoto87.org,agentoto87,h1,agentoto87,https://agentoto87.org/,自动提取原文片段；需求、趋势、竞争均未验证
agentoto87.org,Masa Depan Esports dan Potensi Industri Game Kompetitif,h1,Masa Depan Esports dan Potensi Industri Game Kompetitif,https://agentoto87.org/,自动提取原文片段；需求、趋势、竞争均未验证
videobonus.site,Your Dashboard,h1,Your Dashboard,https://videobonus.site/,自动提取原文片段；需求、趋势、竞争均未验证
videobonus.site,VideoBonus.site,title,VideoBonus.site,https://videobonus.site/,自动提取原文片段；需求、趋势、竞争均未验证
videobonus.site,"Tazama video, pata malipo kila siku",title,"Tazama video, pata malipo kila siku",https://videobonus.site/,自动提取原文片段；需求、趋势、竞争均未验证
videobonus.site,Video 30 mpya kila siku.,description,Video 30 mpya kila siku.,https://videobonus.site/,自动提取原文片段；需求、趋势、竞争均未验证
regexsheet.com,Regex Cheat Sheet,h1,Regex Cheat Sheet,https://regexsheet.com/,自动提取原文片段；需求、趋势、竞争均未验证
regexsheet.com,Universal Reference for Regular Expressions,title,Universal Reference for Regular Expressions,https://regexsheet.com/,自动提取原文片段；需求、趋势、竞争均未验证
regexsheet.com,"A free, fast cheat sheet for regular expressions.",description,"A free, fast cheat sheet for regular expressions.",https://regexsheet.com/,自动提取原文片段；需求、趋势、竞争均未验证
regexsheet.com,"Character classes, anchors, quantifiers, groups, lookarounds, and flags",description,"Character classes, anchors, quantifiers, groups, lookarounds, and flags",https://regexsheet.com/,自动提取原文片段；需求、趋势、竞争均未验证
regexsheet.com,with examples for every syntax.,description,with examples for every syntax.,https://regexsheet.com/,自动提取原文片段；需求、趋势、竞争均未验证
photonphotographynamibia.com,Photon Photography Namibia,h1,Photon Photography Namibia,https://www.photonphotographynamibia.com/,自动提取原文片段；需求、趋势、竞争均未验证
photonphotographynamibia.com,"Professional photographer based in Swakopmund, Namibia.",description,"Professional photographer based in Swakopmund, Namibia.",https://www.photonphotographynamibia.com/,自动提取原文片段；需求、趋势、竞争均未验证
webpimage.store,PNG to WEBP Converter,h1,PNG to WEBP Converter,https://webpimage.store/,自动提取原文片段；需求、趋势、竞争均未验证
webpimage.store,Convert PNG to WEBP Online,h1,Convert PNG to WEBP Online,https://webpimage.store/,自动提取原文片段；需求、趋势、竞争均未验证
webpimage.store,"Convert PNG images into high-quality, lightweight WEBP files directly in your browser.",description,"Convert PNG images into high-quality, lightweight WEBP files directly in your browser.",https://webpimage.store/,自动提取原文片段；需求、趋势、竞争均未验证
webpimage.store,"Fast, private, and free.",description,"Fast, private, and free.",https://webpimage.store/,自动提取原文片段；需求、趋势、竞争均未验证
converterimagememtexto.com,Converter imagem em texto,h1,Converter imagem em texto,https://converterimagememtexto.com/,自动提取原文片段；需求、趋势、竞争均未验证
converterimagememtexto.com,Converter Imagem em Texto Online Grátis,title,Converter Imagem em Texto Online Grátis,https://converterimagememtexto.com/,自动提取原文片段；需求、趋势、竞争均未验证
converterimagememtexto.com,Converta imagem em texto online grátis.,description,Converta imagem em texto online grátis.,https://converterimagememtexto.com/,自动提取原文片段；需求、趋势、竞争均未验证
converterimagememtexto.com,"Extraia texto de fotos, prints, JPG e PNG no navegador, sem cadastro.",description,"Extraia texto de fotos, prints, JPG e PNG no navegador, sem cadastro.",https://converterimagememtexto.com/,自动提取原文片段；需求、趋势、竞争均未验证
converterimagememtexto.com,"Revise, copie ou baixe em .txt.",description,"Revise, copie ou baixe em .txt.",https://converterimagememtexto.com/,自动提取原文片段；需求、趋势、竞争均未验证
photosignatureresizer.com,Resize Photos and Signatures for Online Applications,h1,Resize Photos and Signatures for Online Applications,https://photosignatureresizer.com/,自动提取原文片段；需求、趋势、竞争均未验证
photosignatureresizer.com,Photo & Signature Resizer for Online Applications,title,Photo & Signature Resizer for Online Applications,https://photosignatureresizer.com/,自动提取原文片段；需求、趋势、竞争均未验证
photosignatureresizer.com,PhotoSignatureResizer,title,PhotoSignatureResizer,https://photosignatureresizer.com/,自动提取原文片段；需求、趋势、竞争均未验证
photosignatureresizer.com,"Set KB or pixel size, crop and download free.",description,"Set KB or pixel size, crop and download free.",https://photosignatureresizer.com/,自动提取原文片段；需求、趋势、竞争均未验证
randomdategenerator.wiki,Random Date Generator,h1,Random Date Generator,https://randomdategenerator.wiki/,自动提取原文片段；需求、趋势、竞争均未验证
randomdategenerator.wiki,Pick a Date Between Two Dates,h1,Pick a Date Between Two Dates,https://randomdategenerator.wiki/,自动提取原文片段；需求、趋势、竞争均未验证
randomdategenerator.wiki,Pick a Date Online,title,Pick a Date Online,https://randomdategenerator.wiki/,自动提取原文片段；需求、趋势、竞争均未验证
randomdategenerator.wiki,Use this random date generator to pick dates between two dates.,description,Use this random date generator to pick dates between two dates.,https://randomdategenerator.wiki/,自动提取原文片段；需求、趋势、竞争均未验证
fuxionvideo.com,Cualquier idea puede convertirse en video.,h1,Cualquier idea puede convertirse en video.,https://fuxionvideo.com/,自动提取原文片段；需求、趋势、竞争均未验证
fuxionvideo.com,"Crea videos con IA desde texto, guiones o tus archivos",title,"Crea videos con IA desde texto, guiones o tus archivos",https://fuxionvideo.com/,自动提取原文片段；需求、趋势、竞争均未验证
fuxionvideo.com,FuxionVideo,title,FuxionVideo,https://fuxionvideo.com/,自动提取原文片段；需求、趋势、竞争均未验证
fuxionvideo.com,"Crea videos cortos o largos desde una idea, guion o material propio.",description,"Crea videos cortos o largos desde una idea, guion o material propio.",https://fuxionvideo.com/,自动提取原文片段；需求、趋势、竞争均未验证
fancysfonts.com,Fancy Fonts Generator: Copy and Paste Stylish Text That Actually Works Everywhere,h1,Fancy Fonts Generator: Copy and Paste Stylish Text That Actually Works Everywhere,https://fancysfonts.com/,自动提取原文片段；需求、趋势、竞争均未验证
fancysfonts.com,Fancy Fonts Generator,title,Fancy Fonts Generator,https://fancysfonts.com/,自动提取原文片段；需求、趋势、竞争均未验证
fancysfonts.com,Turn plain text into fancy fonts instantly.,description,Turn plain text into fancy fonts instantly.,https://fancysfonts.com/,自动提取原文片段；需求、趋势、竞争均未验证
fancysfonts.com,"Browse bold, cursive, gothic & more Unicode styles with real compatibility notes",description,"Browse bold, cursive, gothic & more Unicode styles with real compatibility notes",https://fancysfonts.com/,自动提取原文片段；需求、趋势、竞争均未验证
fancysfonts.com,"copy, paste, done.",description,"copy, paste, done.",https://fancysfonts.com/,自动提取原文片段；需求、趋势、竞争均未验证
plandevolphoto.click,La côte basque comme personne ne la voit.,h1,La côte basque comme personne ne la voit.,https://plandevolphoto.click/,自动提取原文片段；需求、趋势、竞争均未验证
plandevolphoto.click,Plan de Vol Photo,title,Plan de Vol Photo,https://plandevolphoto.click/,自动提取原文片段；需求、趋势、竞争均未验证
plandevolphoto.click,"Photographie aérienne par drone, Biarritz et côte basque",title,"Photographie aérienne par drone, Biarritz et côte basque",https://plandevolphoto.click/,自动提取原文片段；需求、趋势、竞争均未验证
plandevolphoto.click,"Plan de vol fourni, livraison 48 h.",description,"Plan de vol fourni, livraison 48 h.",https://plandevolphoto.click/,自动提取原文片段；需求、趋势、竞争均未验证
plandevolphoto.click,Dès 250 €.,description,Dès 250 €.,https://plandevolphoto.click/,自动提取原文片段；需求、趋势、竞争均未验证
berryimages.com,米兰在线官网-米兰(中国) · 全球领先综合体育资讯平台,h1,米兰在线官网-米兰(中国) · 全球领先综合体育资讯平台,https://www.berryimages.com/,自动提取原文片段；需求、趋势、竞争均未验证
berryimages.com,米兰在线官网-米兰(中国),title,米兰在线官网-米兰(中国),https://www.berryimages.com/,自动提取原文片段；需求、趋势、竞争均未验证
eggplantvideo.cc,茄子视频,h1,茄子视频,https://eggplantvideo.cc/,自动提取原文片段；需求、趋势、竞争均未验证
eggplantvideo.cc,茄子视频｜eggplantvideo原创视频每日新视频库存多到挑花眼｜短视频持续扩充｜总有一部合你口味｜茄子视频,title,茄子视频｜eggplantvideo原创视频每日新视频库存多到挑花眼｜短视频持续扩充｜总有一部合你口味｜茄子视频,https://eggplantvideo.cc/,自动提取原文片段；需求、趋势、竞争均未验证
eggplantvideo.cc,茄子视频的原创视频库存多到挑花眼，每日新视频、短视频还在持续扩充，片源持续保持新鲜。茄子视频总有一部原创视频合你口味！,description,茄子视频的原创视频库存多到挑花眼，每日新视频、短视频还在持续扩充，片源持续保持新鲜。茄子视频总有一部原创视频合你口味！,https://eggplantvideo.cc/,自动提取原文片段；需求、趋势、竞争均未验证
raytecaudio.com,Where Audio Meets Innovation,h1,Where Audio Meets Innovation,https://raytecaudio.com/,自动提取原文片段；需求、趋势、竞争均未验证
raytecaudio.com,RayTecAudio,title,RayTecAudio,https://raytecaudio.com/,自动提取原文片段；需求、趋势、竞争均未验证
raytecaudio.com,Contact Us Here Quick tips & tricks View al posts,description,Contact Us Here Quick tips & tricks View al posts,https://raytecaudio.com/,自动提取原文片段；需求、趋势、竞争均未验证
agenticxhq.com,AI agents like your best humans.,h1,AI agents like your best humans.,https://agenticxhq.com/,自动提取原文片段；需求、趋势、竞争均未验证
agenticxhq.com,Dataland,title,Dataland,https://agenticxhq.com/,自动提取原文片段；需求、趋势、竞争均未验证
agenticxhq.com,AI agents like your best humans,title,AI agents like your best humans,https://agenticxhq.com/,自动提取原文片段；需求、趋势、竞争均未验证
agenticxhq.com,Dataland builds AI agents for complex operations.,description,Dataland builds AI agents for complex operations.,https://agenticxhq.com/,自动提取原文片段；需求、趋势、竞争均未验证
imagenradiopuebla.com,Imagen Radio Puebla 105.1,title,Imagen Radio Puebla 105.1,https://imagenradiopuebla.com/,自动提取原文片段；需求、趋势、竞争均未验证
imagenradiopuebla.com,En Vivo,title,En Vivo,https://imagenradiopuebla.com/,自动提取原文片段；需求、趋势、竞争均未验证
imagenradiopuebla.com,Imagen Radio Puebla 105.1.,description,Imagen Radio Puebla 105.1.,https://imagenradiopuebla.com/,自动提取原文片段；需求、趋势、竞争均未验证
imagenradiopuebla.com,Escucha nuestra señal en vivo desde cualquier dispositivo.,description,Escucha nuestra señal en vivo desde cualquier dispositivo.,https://imagenradiopuebla.com/,自动提取原文片段；需求、趋势、竞争均未验证
ttplanner.app,"Your whole semester, before week one.",h1,"Your whole semester, before week one.",https://ttplanner.app/,自动提取原文片段；需求、趋势、竞争均未验证
ttplanner.app,Turn your syllabi into a semester plan · TT Planner,title,Turn your syllabi into a semester plan · TT Planner,https://ttplanner.app/,自动提取原文片段；需求、趋势、竞争均未验证
theaudiologytree.co.uk,Clinical Audiology,h1,Clinical Audiology,https://theaudiologytree.co.uk/,自动提取原文片段；需求、趋势、竞争均未验证
theaudiologytree.co.uk,The Audiology Tree,title,The Audiology Tree,https://theaudiologytree.co.uk/,自动提取原文片段；需求、趋势、竞争均未验证
loopingvideo.com,Looping Video,h1,Looping Video,https://www.loopingvideo.com/,自动提取原文片段；需求、趋势、竞争均未验证
chocolaterecipesdrip.casa,Chocolate Recipes Drip,h1,Chocolate Recipes Drip,https://chocolaterecipesdrip.casa/,自动提取原文片段；需求、趋势、竞争均未验证
chocolaterecipesdrip.casa,The secret lies in…,description,The secret lies in…,https://chocolaterecipesdrip.casa/,自动提取原文片段；需求、趋势、竞争均未验证
darktable-agentic.com,darktable Agentic: an AI copilot for RAW photo editing,h1,darktable Agentic: an AI copilot for RAW photo editing,https://darktable-agentic.com/,自动提取原文片段；需求、趋势、竞争均未验证
darktable-agentic.com,darktable Agentic,title,darktable Agentic,https://darktable-agentic.com/,自动提取原文片段；需求、趋势、竞争均未验证
claudiodamasceno.com.br,"Tecnologia, Dados e Educação",h1,"Tecnologia, Dados e Educação",https://claudiodamasceno.com.br/,自动提取原文片段；需求、趋势、竞争均未验证
claudiodamasceno.com.br,Inicio,title,Inicio,https://claudiodamasceno.com.br/,自动提取原文片段；需求、趋势、竞争均未验证
claudiodamasceno.com.br,Claudio Damasceno,title,Claudio Damasceno,https://claudiodamasceno.com.br/,自动提取原文片段；需求、趋势、竞争均未验证
chinese-zodiac-calculator.com,Chinese Zodiac Calculator,h1,Chinese Zodiac Calculator,https://www.chinese-zodiac-calculator.com/,自动提取原文片段；需求、趋势、竞争均未验证
chinese-zodiac-calculator.com,"Find Your Sign, Element & Compatibility",title,"Find Your Sign, Element & Compatibility",https://www.chinese-zodiac-calculator.com/,自动提取原文片段；需求、趋势、竞争均未验证
chinese-zodiac-calculator.com,ZodiacCalc,title,ZodiacCalc,https://www.chinese-zodiac-calculator.com/,自动提取原文片段；需求、趋势、竞争均未验证
chinese-zodiac-calculator.com,Free Chinese Zodiac Calculator.,description,Free Chinese Zodiac Calculator.,https://www.chinese-zodiac-calculator.com/,自动提取原文片段；需求、趋势、竞争均未验证
chinese-zodiac-calculator.com,Accurate lunar calendar from 1900-2035.,description,Accurate lunar calendar from 1900-2035.,https://www.chinese-zodiac-calculator.com/,自动提取原文片段；需求、趋势、竞争均未验证
xelmariaudio.com,Conversations Change Things.,h1,Conversations Change Things.,https://xelmariaudio.com/,自动提取原文片段；需求、趋势、竞争均未验证
xelmariaudio.com,Xelmari Audio LLC,title,Xelmari Audio LLC,https://xelmariaudio.com/,自动提取原文片段；需求、趋势、竞争均未验证
xelmariaudio.com,Professional Podcast Creation,title,Professional Podcast Creation,https://xelmariaudio.com/,自动提取原文片段；需求、趋势、竞争均未验证
pdflean.com,"Confidential PDF work, done on your device.",h1,"Confidential PDF work, done on your device.",https://pdflean.com/,自动提取原文片段；需求、趋势、竞争均未验证
pdflean.com,PDFLean,title,PDFLean,https://pdflean.com/,自动提取原文片段；需求、趋势、竞争均未验证
pdflean.com,"Merge, split, compress, edit, and sign PDFs with 111+ tools.",description,"Merge, split, compress, edit, and sign PDFs with 111+ tools.",https://pdflean.com/,自动提取原文片段；需求、趋势、竞争均未验证
pdflean.com,Local tools run in your browser and don't upload your file;,description,Local tools run in your browser and don't upload your file;,https://pdflean.com/,自动提取原文片段；需求、趋势、竞争均未验证
pdflean.com,heavy jobs use encrypted cloud that…,description,heavy jobs use encrypted cloud that…,https://pdflean.com/,自动提取原文片段；需求、趋势、竞争均未验证
iloveqr.app,QR Code Generator,h1,QR Code Generator,https://www.iloveqr.app/,自动提取原文片段；需求、趋势、竞争均未验证
iloveqr.app,QR Code Generator by dwaar.tech,title,QR Code Generator by dwaar.tech,https://www.iloveqr.app/,自动提取原文片段；需求、趋势、竞争均未验证
iloveqr.app,Custom QR Code Generator by dwaar.tech.,description,Custom QR Code Generator by dwaar.tech.,https://www.iloveqr.app/,自动提取原文片段；需求、趋势、竞争均未验证
iloveqr.app,"Export to PNG, SVG, JPEG, and PDF.",description,"Export to PNG, SVG, JPEG, and PDF.",https://www.iloveqr.app/,自动提取原文片段；需求、趋势、竞争均未验证
sip-photonics-and-quantum.com,Silicon photonics meets quantum.,h1,Silicon photonics meets quantum.,https://sip-photonics-and-quantum.com/,自动提取原文片段；需求、趋势、竞争均未验证
sip-photonics-and-quantum.com,Silicon Photonics and Quantum Computing,title,Silicon Photonics and Quantum Computing,https://sip-photonics-and-quantum.com/,自动提取原文片段；需求、趋势、竞争均未验证
sip-photonics-and-quantum.com,SiP Explained Light paths crossing a silicon photonic chip,title,SiP Explained Light paths crossing a silicon photonic chip,https://sip-photonics-and-quantum.com/,自动提取原文片段；需求、趋势、竞争均未验证
domainseochecker.website,Domain Seo Checker Grow Organic Traffic For FREE,h1,Domain Seo Checker Grow Organic Traffic For FREE,https://domainseochecker.website/,自动提取原文片段；需求、趋势、竞争均未验证
domainseochecker.website,Domain SEO Checker: Your Complete Guide to Maximizing Online Visibility,h1,Domain SEO Checker: Your Complete Guide to Maximizing Online Visibility,https://domainseochecker.website/,自动提取原文片段；需求、趋势、竞争均未验证
reagent.builders,Wij bouwen nieuwe business.,h1,Wij bouwen nieuwe business.,https://reagent.builders/,自动提取原文片段；需求、趋势、竞争均未验证
reagent.builders,Reagent,title,Reagent,https://reagent.builders/,自动提取原文片段；需求、趋势、竞争均未验证
reagent.builders,Strategy · Ventures · AI voor de energietransitie,title,Strategy · Ventures · AI voor de energietransitie,https://reagent.builders/,自动提取原文片段；需求、趋势、竞争均未验证
replaceimagetext.com,Edit Text in Image Online,title,Edit Text in Image Online,https://replaceimagetext.com/,自动提取原文片段；需求、趋势、竞争均未验证
replaceimagetext.com,Replace Image Text,title,Replace Image Text,https://replaceimagetext.com/,自动提取原文片段；需求、趋势、竞争均未验证
replaceimagetext.com,Replace existing text in an image with AI.,description,Replace existing text in an image with AI.,https://replaceimagetext.com/,自动提取原文片段；需求、趋势、竞争均未验证
aivideoupscalerfree.com,Free AI Video Upscaler,h1,Free AI Video Upscaler,https://aivideoupscalerfree.com/,自动提取原文片段；需求、趋势、竞争均未验证
aivideoupscalerfree.com,Free AI Video Upscaler Online,title,Free AI Video Upscaler Online,https://aivideoupscalerfree.com/,自动提取原文片段；需求、趋势、竞争均未验证
aivideoupscalerfree.com,Upscale Video to 4K,title,Upscale Video to 4K,https://aivideoupscalerfree.com/,自动提取原文片段；需求、趋势、竞争均未验证
image2imagezosconsultants.com,火狐 电影网,h1,火狐 电影网,https://image2imagezosconsultants.com/,自动提取原文片段；需求、趋势、竞争均未验证
image2imagezosconsultants.com,火狐电影网,title,火狐电影网,https://image2imagezosconsultants.com/,自动提取原文片段；需求、趋势、竞争均未验证
image2imagezosconsultants.com,最新电影、电视剧、综艺、动漫高清在线观看,title,最新电影、电视剧、综艺、动漫高清在线观看,https://image2imagezosconsultants.com/,自动提取原文片段；需求、趋势、竞争均未验证
image2imagezosconsultants.com,火狐电影网精选高分电影、热门电视剧、经典综艺与连载动漫，收录流浪地球2、三体、狂飙、漫长的季节等口碑佳作，支持搜索与分类筛选，好片一站找齐。,description,火狐电影网精选高分电影、热门电视剧、经典综艺与连载动漫，收录流浪地球2、三体、狂飙、漫长的季节等口碑佳作，支持搜索与分类筛选，好片一站找齐。,https://image2imagezosconsultants.com/,自动提取原文片段；需求、趋势、竞争均未验证
misaqrishta.com,"Bringing hearts together, building beautiful futures.",h1,"Bringing hearts together, building beautiful futures.",https://misaqrishta.com/,自动提取原文片段；需求、趋势、竞争均未验证
misaqrishta.com,MISAQ,title,MISAQ,https://misaqrishta.com/,自动提取原文片段；需求、趋势、竞争均未验证
misaqrishta.com,Marriage Bureau & Matrimonial Consultancy,title,Marriage Bureau & Matrimonial Consultancy,https://misaqrishta.com/,自动提取原文片段；需求、趋势、竞争均未验证
jimplanner.app,"Workout plans, built around you.",h1,"Workout plans, built around you.",https://jimplanner.app/,自动提取原文片段；需求、趋势、竞争均未验证
jimplanner.app,Jim: Workout Planner,title,Jim: Workout Planner,https://jimplanner.app/,自动提取原文片段；需求、趋势、竞争均未验证
onlyresize.com,Free Image and Video Resizer,h1,Free Image and Video Resizer,https://onlyresize.com/,自动提取原文片段；需求、趋势、竞争均未验证
onlyresize.com,OnlyResize,title,OnlyResize,https://onlyresize.com/,自动提取原文片段；需求、趋势、竞争均未验证
onlyresize.com,"Simple, Fast Image & Video Resizer",title,"Simple, Fast Image & Video Resizer",https://onlyresize.com/,自动提取原文片段；需求、趋势、竞争均未验证
besttdeecalculator.com,Find out how many calories you actually burn,h1,Find out how many calories you actually burn,https://besttdeecalculator.com/,自动提取原文片段；需求、趋势、竞争均未验证
besttdeecalculator.com,Best TDEE Calculator,title,Best TDEE Calculator,https://besttdeecalculator.com/,自动提取原文片段；需求、趋势、竞争均未验证
besttdeecalculator.com,Free & Accurate Calorie Calculator (2027),title,Free & Accurate Calorie Calculator (2027),https://besttdeecalculator.com/,自动提取原文片段；需求、趋势、竞争均未验证
besttdeecalculator.com,"The best TDEE calculator for weight loss, maintenance and bulking.",description,"The best TDEE calculator for weight loss, maintenance and bulking.",https://besttdeecalculator.com/,自动提取原文片段；需求、趋势、竞争均未验证
besttdeecalculator.com,"Free, accurate and built for men, women and obese individuals.",description,"Free, accurate and built for men, women and obese individuals.",https://besttdeecalculator.com/,自动提取原文片段；需求、趋势、竞争均未验证
besttdeecalculator.com,Get your calories and macros instantly,description,Get your calories and macros instantly,https://besttdeecalculator.com/,自动提取原文片段；需求、趋势、竞争均未验证
love-story-planner.world,Talia & Omer,h1,Talia & Omer,https://love-story-planner.world/,自动提取原文片段；需求、趋势、竞争均未验证
agentlicenses.com,How to become a real estate agent in your state,h1,How to become a real estate agent in your state,https://agentlicenses.com/,自动提取原文片段；需求、趋势、竞争均未验证
agentlicenses.com,"How to become a real estate agent, state by state (2026)",title,"How to become a real estate agent, state by state (2026)",https://agentlicenses.com/,自动提取原文片段；需求、趋势、竞争均未验证
qrcodemaker.tech,Create QR Codes Instantly,h1,Create QR Codes Instantly,https://qrcodemaker.tech/,自动提取原文片段；需求、趋势、竞争均未验证
qrcodemaker.tech,qrcodemaker,title,qrcodemaker,https://qrcodemaker.tech/,自动提取原文片段；需求、趋势、竞争均未验证
qrcodemaker.tech,Free QR Code Generator with AI Art,title,Free QR Code Generator with AI Art,https://qrcodemaker.tech/,自动提取原文片段；需求、趋势、竞争均未验证
qrcodemaker.tech,Generate QR codes instantly with AI art.,description,Generate QR codes instantly with AI art.,https://qrcodemaker.tech/,自动提取原文片段；需求、趋势、竞争均未验证
qrcodemaker.tech,No registration required.,description,No registration required.,https://qrcodemaker.tech/,自动提取原文片段；需求、趋势、竞争均未验证
qrcodemaker.tech,Free QR code generator with custom colors and AI-powered designs.,description,Free QR code generator with custom colors and AI-powered designs.,https://qrcodemaker.tech/,自动提取原文片段；需求、趋势、竞争均未验证
mypdfdesk.com,"Merge, Split, Rotate & Convert PDF",h1,"Merge, Split, Rotate & Convert PDF",https://mypdfdesk.com/,自动提取原文片段；需求、趋势、竞争均未验证
mypdfdesk.com,Without Uploading Anything,h1,Without Uploading Anything,https://mypdfdesk.com/,自动提取原文片段；需求、趋势、竞争均未验证
mypdfdesk.com,"Merge, Split, Rotate PDF & Convert to JPG",title,"Merge, Split, Rotate PDF & Convert to JPG",https://mypdfdesk.com/,自动提取原文片段；需求、趋势、竞争均未验证
mypdfdesk.com,"100% Local, No Upload",title,"100% Local, No Upload",https://mypdfdesk.com/,自动提取原文片段；需求、趋势、竞争均未验证
mypdfdesk.com,LocalPDF Tools,title,LocalPDF Tools,https://mypdfdesk.com/,自动提取原文片段；需求、趋势、竞争均未验证
mypdfdesk.com,directly in your browser.,description,directly in your browser.,https://mypdfdesk.com/,自动提取原文片段；需求、趋势、竞争均未验证
fontblast.com,Font generator,h1,Font generator,https://www.fontblast.com/,自动提取原文片段；需求、趋势、竞争均未验证
fontblast.com,FontBlast,title,FontBlast,https://www.fontblast.com/,自动提取原文片段；需求、趋势、竞争均未验证
fontblast.com,"Font Generator, Copy & Paste Styled Text",title,"Font Generator, Copy & Paste Styled Text",https://www.fontblast.com/,自动提取原文片段；需求、趋势、竞争均未验证
fontblast.com,"Free, instant, and entirely in your browser.",description,"Free, instant, and entirely in your browser.",https://www.fontblast.com/,自动提取原文片段；需求、趋势、竞争均未验证
wireinvoice.com,Invoices for overseas clients. Built for bank wire.,h1,Invoices for overseas clients. Built for bank wire.,https://wireinvoice.com/,自动提取原文片段；需求、趋势、竞争均未验证
wireinvoice.com,Wire Invoice,title,Wire Invoice,https://wireinvoice.com/,自动提取原文片段；需求、趋势、竞争均未验证
wireinvoice.com,Commercial invoices for overseas clients,title,Commercial invoices for overseas clients,https://wireinvoice.com/,自动提取原文片段；需求、趋势、竞争均未验证
wireinvoice.com,Bank-wire PDFs for studios billing foreign clients.,description,Bank-wire PDFs for studios billing foreign clients.,https://wireinvoice.com/,自动提取原文片段；需求、趋势、竞争均未验证
wireinvoice.com,"USD, EUR, and GBP commercial invoices.",description,"USD, EUR, and GBP commercial invoices.",https://wireinvoice.com/,自动提取原文片段；需求、趋势、竞争均未验证
wireinvoice.com,Free for 12 invoices a month.,description,Free for 12 invoices a month.,https://wireinvoice.com/,自动提取原文片段；需求、趋势、竞争均未验证
bestrankchecker.website,Best Rank Checker Grow Organic Traffic For FREE,h1,Best Rank Checker Grow Organic Traffic For FREE,https://bestrankchecker.website/,自动提取原文片段；需求、趋势、竞争均未验证
compresseur-d-air.fr,Compresseur d'air : lequel choisir,h1,Compresseur d'air : lequel choisir,https://compresseur-d-air.fr/,自动提取原文片段；需求、趋势、竞争均未验证
compresseur-d-air.fr,Compresseur d'air : comparatif 2026 et guide d'achat,title,Compresseur d'air : comparatif 2026 et guide d'achat,https://compresseur-d-air.fr/,自动提取原文片段；需求、趋势、竞争均未验证
fonoaudiologabaixadasantista.com,Fonoaudióloga em Santos Atendimento Domiciliar e Presencial,title,Fonoaudióloga em Santos Atendimento Domiciliar e Presencial,https://fonoaudiologabaixadasantista.com/,自动提取原文片段；需求、趋势、竞争均未验证
fonoaudiologabaixadasantista.com,"Atendimento presencial, domiciliar e online.",description,"Atendimento presencial, domiciliar e online.",https://fonoaudiologabaixadasantista.com/,自动提取原文片段；需求、趋势、竞争均未验证
fonoaudiologabaixadasantista.com,Baixada santista.,description,Baixada santista.,https://fonoaudiologabaixadasantista.com/,自动提取原文片段；需求、趋势、竞争均未验证
fonoaudiologabaixadasantista.com,Disfagia.,description,Disfagia.,https://fonoaudiologabaixadasantista.com/,自动提取原文片段；需求、趋势、竞争均未验证
fonoaudiologabaixadasantista.com,Idosos.,description,Idosos.,https://fonoaudiologabaixadasantista.com/,自动提取原文片段；需求、趋势、竞争均未验证
fonoaudiologabaixadasantista.com,Adultos.,description,Adultos.,https://fonoaudiologabaixadasantista.com/,自动提取原文片段；需求、趋势、竞争均未验证
sensesaudiovisual.co.uk,Electronics,title,Electronics,https://sensesaudiovisual.co.uk/,自动提取原文片段；需求、趋势、竞争均未验证
sensesaudiovisual.co.uk,Shop Headphones by Type,title,Shop Headphones by Type,https://sensesaudiovisual.co.uk/,自动提取原文片段；需求、趋势、竞争均未验证
sensesaudiovisual.co.uk,"Home Audio, Speakers & Soundbars-Free Shipping Worldwide",title,"Home Audio, Speakers & Soundbars-Free Shipping Worldwide",https://sensesaudiovisual.co.uk/,自动提取原文片段；需求、趋势、竞争均未验证
sensesaudiovisual.co.uk,sensesaudiovisual,title,sensesaudiovisual,https://sensesaudiovisual.co.uk/,自动提取原文片段；需求、趋势、竞争均未验证
sensesaudiovisual.co.uk,"Home Audio, Speakers & SoundbarsSave More with Exclusive Deals-Shop Now",description,"Home Audio, Speakers & SoundbarsSave More with Exclusive Deals-Shop Now",https://sensesaudiovisual.co.uk/,自动提取原文片段；需求、趋势、竞争均未验证
sensesaudiovisual.co.uk,"From now to next, seamlessly",description,"From now to next, seamlessly",https://sensesaudiovisual.co.uk/,自动提取原文片段；需求、趋势、竞争均未验证
smsqrcode.com,Turn anything into a scannable moment.,h1,Turn anything into a scannable moment.,https://smsqrcode.com/,自动提取原文片段；需求、趋势、竞争均未验证
smsqrcode.com,QR Studio,title,QR Studio,https://smsqrcode.com/,自动提取原文片段；需求、趋势、竞争均未验证
smsqrcode.com,Free QR Code Generator,title,Free QR Code Generator,https://smsqrcode.com/,自动提取原文片段；需求、趋势、竞争均未验证
backlinkscheckerfree.website,Backlinks Checker Free Grow Organic Traffic For FREE,h1,Backlinks Checker Free Grow Organic Traffic For FREE,https://backlinkscheckerfree.website/,自动提取原文片段；需求、趋势、竞争均未验证
backlinkscheckerfree.website,Backlinks Checker Free: The Complete Guide to Empowering Your SEO Strategy,h1,Backlinks Checker Free: The Complete Guide to Empowering Your SEO Strategy,https://backlinkscheckerfree.website/,自动提取原文片段；需求、趋势、竞争均未验证
fastprompt.app,Edit photos with words.,h1,Edit photos with words.,https://www.fastprompt.app/,自动提取原文片段；需求、趋势、竞争均未验证
fastprompt.app,FastPrompt,title,FastPrompt,https://www.fastprompt.app/,自动提取原文片段；需求、趋势、竞争均未验证
fastprompt.app,AI Image Editing with Text Prompts,title,AI Image Editing with Text Prompts,https://www.fastprompt.app/,自动提取原文片段；需求、趋势、竞争均未验证
fastprompt.app,Edit any image instantly using natural language prompts.,description,Edit any image instantly using natural language prompts.,https://www.fastprompt.app/,自动提取原文片段；需求、趋势、竞争均未验证
fastprompt.app,"Remove objects, change styles, swap backgrounds.",description,"Remove objects, change styles, swap backgrounds.",https://www.fastprompt.app/,自动提取原文片段；需求、趋势、竞争均未验证
fastprompt.app,Powered by FLUX AI.,description,Powered by FLUX AI.,https://www.fastprompt.app/,自动提取原文片段；需求、趋势、竞争均未验证
freightcbmcalculator.com,CBM to Freight Weight Volumetric Converter,h1,CBM to Freight Weight Volumetric Converter,https://www.freightcbmcalculator.com/,自动提取原文片段；需求、趋势、竞争均未验证
freightcbmcalculator.com,"B2B Freight, Pallet & Truck Loading Suite",title,"B2B Freight, Pallet & Truck Loading Suite",https://www.freightcbmcalculator.com/,自动提取原文片段；需求、趋势、竞争均未验证
thetimezonemap.com,The Time Zone Map,h1,The Time Zone Map,https://thetimezonemap.com/,自动提取原文片段；需求、趋势、竞争均未验证
thetimezonemap.com,Time Zone Map,title,Time Zone Map,https://thetimezonemap.com/,自动提取原文片段；需求、趋势、竞争均未验证
thetimezonemap.com,World Time Zones with Current Local Time,title,World Time Zones with Current Local Time,https://thetimezonemap.com/,自动提取原文片段；需求、趋势、竞争均未验证
thetimezonemap.com,Free interactive world time zone map.,description,Free interactive world time zone map.,https://thetimezonemap.com/,自动提取原文片段；需求、趋势、竞争均未验证
missedcallcalculator.org,MissedCallCalculator.org,h1,MissedCallCalculator.org,https://missedcallcalculator.org/,自动提取原文片段；需求、趋势、竞争均未验证
missedcallcalculator.org,"Free, no email and no sign-up.",description,"Free, no email and no sign-up.",https://missedcallcalculator.org/,自动提取原文片段；需求、趋势、竞争均未验证
elqro.com,What problems do you have that you can't find a solution to?,h1,What problems do you have that you can't find a solution to?,https://elqro.com/,自动提取原文片段；需求、趋势、竞争均未验证
elqro.com,elqro,title,elqro,https://elqro.com/,自动提取原文片段；需求、趋势、竞争均未验证
elqro.com,Your problems shape the future,title,Your problems shape the future,https://elqro.com/,自动提取原文片段；需求、趋势、竞争均未验证
elqro.com,Share the problems you can't find a solution to.,description,Share the problems you can't find a solution to.,https://elqro.com/,自动提取原文片段；需求、趋势、竞争均未验证
elqro.com,The problems posted on elqro become ideas for what to build next.,description,The problems posted on elqro become ideas for what to build next.,https://elqro.com/,自动提取原文片段；需求、趋势、竞争均未验证
norveqraai.com,Institutional-grade precision for individual capital,h1,Institutional-grade precision for individual capital,https://norveqraai.com/,自动提取原文片段；需求、趋势、竞争均未验证
norveqraai.com,Norveqra AI,title,Norveqra AI,https://norveqraai.com/,自动提取原文片段；需求、趋势、竞争均未验证
norveqraai.com,Intelligent AI Platform for Passive Risk Management,title,Intelligent AI Platform for Passive Risk Management,https://norveqraai.com/,自动提取原文片段；需求、趋势、竞争均未验证
norveqraai.com,Get institutional-grade precision without watching the markets.,description,Get institutional-grade precision without watching the markets.,https://norveqraai.com/,自动提取原文片段；需求、趋势、竞争均未验证
workouttimerapp.com,The Ultimate VO2 Max Trainer App in 2026,h1,The Ultimate VO2 Max Trainer App in 2026,https://workouttimerapp.com/,自动提取原文片段；需求、趋势、竞争均未验证
workouttimerapp.com,VO2 Max Trainer,title,VO2 Max Trainer,https://workouttimerapp.com/,自动提取原文片段；需求、趋势、竞争均未验证
workouttimerapp.com,Raise Your VO2 Max on iPhone,title,Raise Your VO2 Max on iPhone,https://workouttimerapp.com/,自动提取原文片段；需求、趋势、竞争均未验证
workouttimerapp.com,Turn your VO2 max into a training plan.,description,Turn your VO2 max into a training plan.,https://workouttimerapp.com/,自动提取原文片段；需求、趋势、竞争均未验证
fontoos.com,Bold Text Generator,h1,Bold Text Generator,https://fontoos.com/,自动提取原文片段；需求、趋势、竞争均未验证
fontoos.com,Just Copy & Paste,h1,Just Copy & Paste,https://fontoos.com/,自动提取原文片段；需求、趋势、竞争均未验证
fontoos.com,Copy & Paste Fancy Text,title,Copy & Paste Fancy Text,https://fontoos.com/,自动提取原文片段；需求、趋势、竞争均未验证
fontoos.com,Fontoos,title,Fontoos,https://fontoos.com/,自动提取原文片段；需求、趋势、竞争均未验证
fontoos.com,"Free bold, italic & fancy Unicode text generator.",description,"Free bold, italic & fancy Unicode text generator.",https://fontoos.com/,自动提取原文片段；需求、趋势、竞争均未验证
domainserpchecker.website,Domain Serp Checker Grow Organic Traffic For FREE,h1,Domain Serp Checker Grow Organic Traffic For FREE,https://domainserpchecker.website/,自动提取原文片段；需求、趋势、竞争均未验证
domainserpchecker.website,Domain SERP Checker,h1,Domain SERP Checker,https://domainserpchecker.website/,自动提取原文片段；需求、趋势、竞争均未验证
domainserpchecker.website,Your Complete Guide to Tracking Search Rankings and Growing Visibility,h1,Your Complete Guide to Tracking Search Rankings and Growing Visibility,https://domainserpchecker.website/,自动提取原文片段；需求、趋势、竞争均未验证
fakeorderchecker.com,Check Customer Records Before Confirming Orders,h1,Check Customer Records Before Confirming Orders,https://fakeorderchecker.com/,自动提取原文片段；需求、趋势、竞争均未验证
fakeorderchecker.com,Fake Order Checker,title,Fake Order Checker,https://fakeorderchecker.com/,自动提取原文片段；需求、趋势、竞争均未验证
padachecker.website,Pa Da Checker Grow Organic Traffic For FREE,h1,Pa Da Checker Grow Organic Traffic For FREE,https://padachecker.website/,自动提取原文片段；需求、趋势、竞争均未验证
tinyqr.space,Tiny Quick Rides,h1,Tiny Quick Rides,https://tinyqr.space/,自动提取原文片段；需求、趋势、竞争均未验证
imagefixkit.com,Free Image Tools,h1,Free Image Tools,https://imagefixkit.com/en,自动提取原文片段；需求、趋势、竞争均未验证
imagefixkit.com,"Free Image Compressor, Resizer & Converter",title,"Free Image Compressor, Resizer & Converter",https://imagefixkit.com/en,自动提取原文片段；需求、趋势、竞争均未验证
imagefixkit.com,ImageFixKit,title,ImageFixKit,https://imagefixkit.com/en,自动提取原文片段；需求、趋势、竞争均未验证
imagefixkit.com,Private browser processing with no uploads or signup.,description,Private browser processing with no uploads or signup.,https://imagefixkit.com/en,自动提取原文片段；需求、趋势、竞争均未验证
rrvideo-home.cloud,不是把片单堆满， 而是帮你找到适合此刻的一部。,h1,不是把片单堆满， 而是帮你找到适合此刻的一部。,https://rrvideo-home.cloud/,自动提取原文片段；需求、趋势、竞争均未验证
rrvideo-home.cloud,人人视频,title,人人视频,https://rrvideo-home.cloud/,自动提取原文片段；需求、趋势、竞争均未验证
rrvideo-home.cloud,热门海外剧在线看,title,热门海外剧在线看,https://rrvideo-home.cloud/,自动提取原文片段；需求、趋势、竞争均未验证
rrvideo-home.cloud,美剧韩剧更新更快,title,美剧韩剧更新更快,https://rrvideo-home.cloud/,自动提取原文片段；需求、趋势、竞争均未验证
rrvideo-home.cloud,人人视频提供电影、剧集、综艺、动画、短剧与纪录的内容发现、主题片单、影像手记和轻量讨论，以暖蓝编辑导览帮助你更轻松地找到今晚想看的内容。,description,人人视频提供电影、剧集、综艺、动画、短剧与纪录的内容发现、主题片单、影像手记和轻量讨论，以暖蓝编辑导览帮助你更轻松地找到今晚想看的内容。,https://rrvideo-home.cloud/,自动提取原文片段；需求、趋势、竞争均未验证
mtvideo-gaming.cloud,从当下的心情，找到下一段好故事,h1,从当下的心情，找到下一段好故事,https://mtvideo-gaming.cloud/,自动提取原文片段；需求、趋势、竞争均未验证
mtvideo-gaming.cloud,蜜桃视频,title,蜜桃视频,https://mtvideo-gaming.cloud/,自动提取原文片段；需求、趋势、竞争均未验证
mtvideo-gaming.cloud,生活短片与热门影视,title,生活短片与热门影视,https://mtvideo-gaming.cloud/,自动提取原文片段；需求、趋势、竞争均未验证
mtvideo-gaming.cloud,蜜桃在线提供故事地图、按心情选、镜头笔记、编辑片单与移动浏览的影视内容导览。,description,蜜桃在线提供故事地图、按心情选、镜头笔记、编辑片单与移动浏览的影视内容导览。,https://mtvideo-gaming.cloud/,自动提取原文片段；需求、趋势、竞争均未验证
zoomvideoplayer.com,Chegue mais perto.,h1,Chegue mais perto.,https://zoomvideoplayer.com/,自动提取原文片段；需求、趋势、竞争均未验证
zoomvideoplayer.com,Zoom Vídeo,title,Zoom Vídeo,https://zoomvideoplayer.com/,自动提取原文片段；需求、趋势、竞争均未验证
zoomvideoplayer.com,player de vídeo com zoom de pinça para macOS,title,player de vídeo com zoom de pinça para macOS,https://zoomvideoplayer.com/,自动提取原文片段；需求、趋势、竞争均未验证
zoomvideoplayer.com,"até 16×, exatamente onde você aponta.",description,"até 16×, exatamente onde você aponta.",https://zoomvideoplayer.com/,自动提取原文片段；需求、趋势、竞争均未验证
zoomvideoplayer.com,"Leve, fluido e grátis para sempre.",description,"Leve, fluido e grátis para sempre.",https://zoomvideoplayer.com/,自动提取原文片段；需求、趋势、竞争均未验证
zoomvideoplayer.com,"Sem assinatura, sem conta, sem rastreio.",description,"Sem assinatura, sem conta, sem rastreio.",https://zoomvideoplayer.com/,自动提取原文片段；需求、趋势、竞争均未验证
qrin.app,Create custom QR codes that are easy to share,h1,Create custom QR codes that are easy to share,https://qrin.app/,自动提取原文片段；需求、趋势、竞争均未验证
qrin.app,QRin,title,QRin,https://qrin.app/,自动提取原文片段；需求、趋势、竞争均未验证
qrin.app,Free Dynamic QR Code Generator,title,Free Dynamic QR Code Generator,https://qrin.app/,自动提取原文片段；需求、趋势、竞争均未验证
qrin.app,"Create customizable QR codes for URLs, WhatsApp, Wi-Fi, contacts, email, and locations.",description,"Create customizable QR codes for URLs, WhatsApp, Wi-Fi, contacts, email, and locations.",https://qrin.app/,自动提取原文片段；需求、趋势、竞争均未验证
qrin.app,"Add your logo, download PNG or SVG, and track scans.",description,"Add your logo, download PNG or SVG, and track scans.",https://qrin.app/,自动提取原文片段；需求、趋势、竞争均未验证
davidreichelphotography.com,People,h1,People,https://www.davidreichelphotography.com/,自动提取原文片段；需求、趋势、竞争均未验证
davidreichelphotography.com,Places,h1,Places,https://www.davidreichelphotography.com/,自动提取原文片段；需求、趋势、竞争均未验证
davidreichelphotography.com,Connections,h1,Connections,https://www.davidreichelphotography.com/,自动提取原文片段；需求、趋势、竞争均未验证
davidreichelphotography.com,David Reichel Photography,title,David Reichel Photography,https://www.davidreichelphotography.com/,自动提取原文片段；需求、趋势、竞争均未验证
photostarsco.com,Photo Stars,title,Photo Stars,https://www.photostarsco.com/,自动提取原文片段；需求、趋势、竞争均未验证
photostarsco.com,Turn your photos into stars,title,Turn your photos into stars,https://www.photostarsco.com/,自动提取原文片段；需求、趋势、竞争均未验证
robinmandelphoto.com,Welcome to our site,h1,Welcome to our site,https://robinmandelphoto.com/,自动提取原文片段；需求、趋势、竞争均未验证
robinmandelphoto.com,Ready to get started?,h1,Ready to get started?,https://robinmandelphoto.com/,自动提取原文片段；需求、趋势、竞争均未验证
robinmandelphoto.com,Photography Services in Cameron,title,Photography Services in Cameron,https://robinmandelphoto.com/,自动提取原文片段；需求、趋势、竞争均未验证
robinmandelphoto.com,Robin Mandel Photography Fash Fash Fash,title,Robin Mandel Photography Fash Fash Fash,https://robinmandelphoto.com/,自动提取原文片段；需求、趋势、竞争均未验证
robinmandelphoto.com,Trusted photography services in Cameron from Robin Mandel Photography.,description,Trusted photography services in Cameron from Robin Mandel Photography.,https://robinmandelphoto.com/,自动提取原文片段；需求、趋势、竞争均未验证
robinmandelphoto.com,"Portraits, events, engagements, and business photography with personal care.",description,"Portraits, events, engagements, and business photography with personal care.",https://robinmandelphoto.com/,自动提取原文片段；需求、趋势、竞争均未验证
videosexual.net,video sexual video sex online phim sex mới,title,video sexual video sex online phim sex mới,https://videosexual.net/,自动提取原文片段；需求、趋势、竞争均未验证
potatorecipestuber.casa,Potato Recipes Tuber,h1,Potato Recipes Tuber,https://potatorecipestuber.casa/,自动提取原文片段；需求、趋势、竞争均未验证
potatorecipestuber.casa,"Root vegetables, slow braises—where earth meets the pot.",description,"Root vegetables, slow braises—where earth meets the pot.",https://potatorecipestuber.casa/,自动提取原文片段；需求、趋势、竞争均未验证
tastychicrecipes.store,TastyChicRecipes,h1,TastyChicRecipes,https://tastychicrecipes.store/,自动提取原文片段；需求、趋势、竞争均未验证
tastychicrecipes.store,Pasta Salads TastyChicRecipes E-book Volume 1,description,Pasta Salads TastyChicRecipes E-book Volume 1,https://tastychicrecipes.store/,自动提取原文片段；需求、趋势、竞争均未验证
ukstampdutycalculator.com,UK Stamp Duty Calculator,h1,UK Stamp Duty Calculator,https://ukstampdutycalculator.com/,自动提取原文片段；需求、趋势、竞争均未验证
ukstampdutycalculator.com,Stamp Duty Calculator UK 2025/26,title,Stamp Duty Calculator UK 2025/26,https://ukstampdutycalculator.com/,自动提取原文片段；需求、趋势、竞争均未验证
ukstampdutycalculator.com,"SDLT, LBTT & LTT",title,"SDLT, LBTT & LTT",https://ukstampdutycalculator.com/,自动提取原文片段；需求、趋势、竞争均未验证
ukstampdutycalculator.com,"England, Scotland, Wales & Northern Ireland",title,"England, Scotland, Wales & Northern Ireland",https://ukstampdutycalculator.com/,自动提取原文片段；需求、趋势、竞争均未验证
ukstampdutycalculator.com,Free UK stamp duty calculator for all four nations.,description,Free UK stamp duty calculator for all four nations.,https://ukstampdutycalculator.com/,自动提取原文片段；需求、趋势、竞争均未验证
ukstampdutycalculator.com,"SDLT for England & Northern Ireland, LBTT for Scotland, LTT for Wales.",description,"SDLT for England & Northern Ireland, LBTT for Scotland, LTT for Wales.",https://ukstampdutycalculator.com/,自动提取原文片段；需求、趋势、竞争均未验证
ymcagentform.com,Realtor Program Onboarding,h1,Realtor Program Onboarding,https://ymcagentform.com/,自动提取原文片段；需求、趋势、竞争均未验证
ymcagentform.com,YMC Agents Onboarding,title,YMC Agents Onboarding,https://ymcagentform.com/,自动提取原文片段；需求、趋势、竞争均未验证
ymcagentform.com,Realtor Program Form,title,Realtor Program Form,https://ymcagentform.com/,自动提取原文片段；需求、趋势、竞争均未验证
ymcagentform.com,Join the Your Mortgage Choice realtor program.,description,Join the Your Mortgage Choice realtor program.,https://ymcagentform.com/,自动提取原文片段；需求、趋势、竞争均未验证
ymcagentform.com,Complete the YMC Agents onboarding form to receive your next-step instructions.,description,Complete the YMC Agents onboarding form to receive your next-step instructions.,https://ymcagentform.com/,自动提取原文片段；需求、趋势、竞争均未验证
hotchickenrecipes.casa,Hot Chicken Recipes,h1,Hot Chicken Recipes,https://hotchickenrecipes.casa/,自动提取原文片段；需求、趋势、竞争均未验证
hotchickenrecipes.casa,Salads,description,Salads,https://hotchickenrecipes.casa/,自动提取原文片段；需求、趋势、竞争均未验证
fortisaudiousa.com,"The iPod, Perfected.",h1,"The iPod, Perfected.",https://fortisaudiousa.com/,自动提取原文片段；需求、趋势、竞争均未验证
fortisaudiousa.com,Fortis Audio,title,Fortis Audio,https://fortisaudiousa.com/,自动提取原文片段；需求、趋势、竞争均未验证
fortisaudiousa.com,"The iPod, Perfected",title,"The iPod, Perfected",https://fortisaudiousa.com/,自动提取原文片段；需求、趋势、竞争均未验证
fortisaudiousa.com,Precision-refurbished Apple Classic iPods for the discerning audiophile.,description,Precision-refurbished Apple Classic iPods for the discerning audiophile.,https://fortisaudiousa.com/,自动提取原文片段；需求、趋势、竞争均未验证
fortisaudiousa.com,"Lab-certified audio performance, complete exterior renewal, and proprietary accessories.",description,"Lab-certified audio performance, complete exterior renewal, and proprietary accessories.",https://fortisaudiousa.com/,自动提取原文片段；需求、趋势、竞争均未验证
fortisaudiousa.com,Every unit individually tested.,description,Every unit individually tested.,https://fortisaudiousa.com/,自动提取原文片段；需求、趋势、竞争均未验证
imageory.in,Imageory,title,Imageory,https://www.imageory.in/,自动提取原文片段；需求、趋势、竞争均未验证
imageory.in,Get images & prompts,title,Get images & prompts,https://www.imageory.in/,自动提取原文片段；需求、趋势、竞争均未验证
imageory.in,"A personal AI-image gallery with prompts, one click away.",description,"A personal AI-image gallery with prompts, one click away.",https://www.imageory.in/,自动提取原文片段；需求、趋势、竞争均未验证
fontan--casino.com,"Fontan Casino Polska ▷ Oficjalna Strona, Bonus i Gry",title,"Fontan Casino Polska ▷ Oficjalna Strona, Bonus i Gry",https://fontan--casino.com/,自动提取原文片段；需求、趋势、竞争均未验证
spritesheetmaker.net,Sprite Sheet Maker,h1,Sprite Sheet Maker,https://spritesheetmaker.net/,自动提取原文片段；需求、趋势、竞争均未验证
spritesheetmaker.net,Free Online Sprite Sheet Generator,title,Free Online Sprite Sheet Generator,https://spritesheetmaker.net/,自动提取原文片段；需求、趋势、竞争均未验证
spritesheetmaker.net,"Arrange frames, preview animation, adjust the grid, and export PNG.",description,"Arrange frames, preview animation, adjust the grid, and export PNG.",https://spritesheetmaker.net/,自动提取原文片段；需求、趋势、竞争均未验证
agentsalg.no,Salgsagenter for selskaper i vekst,h1,Salgsagenter for selskaper i vekst,https://agentsalg.no/,自动提取原文片段；需求、趋势、竞争均未验证
agentsalg.no,Se video,h1,Se video,https://agentsalg.no/,自动提取原文片段；需求、趋势、竞争均未验证
agentsalg.no,Agent,title,Agent,https://agentsalg.no/,自动提取原文片段；需求、趋势、竞争均未验证
agentsalg.no,Norges beste salgsagenter,title,Norges beste salgsagenter,https://agentsalg.no/,自动提取原文片段；需求、趋势、竞争均未验证
espertqr.com,Espert QR,h1,Espert QR,https://espertqr.com/admin,自动提取原文片段；需求、趋势、竞争均未验证
espertqr.com,Panel de QRs dinámicos de Tabacalera Espert,description,Panel de QRs dinámicos de Tabacalera Espert,https://espertqr.com/admin,自动提取原文片段；需求、趋势、竞争均未验证
agentic-inbound-rep.com,Help interested buyers take the next step.,h1,Help interested buyers take the next step.,https://agentic-inbound-rep.com/,自动提取原文片段；需求、趋势、竞争均未验证
agentic-inbound-rep.com,Piper,title,Piper,https://agentic-inbound-rep.com/,自动提取原文片段；需求、趋势、竞争均未验证
agentic-inbound-rep.com,AI Inbound Rep,title,AI Inbound Rep,https://agentic-inbound-rep.com/,自动提取原文片段；需求、趋势、竞争均未验证
agentic-inbound-rep.com,Agentic AI Adoption Now,title,Agentic AI Adoption Now,https://agentic-inbound-rep.com/,自动提取原文片段；需求、趋势、竞争均未验证
audiopeak.store,AudioPeak,h1,AudioPeak,https://audiopeak.store/,自动提取原文片段；需求、趋势、竞争均未验证
audiopeak.store,Unmatched audio clarity,h1,Unmatched audio clarity,https://audiopeak.store/,自动提取原文片段；需求、趋势、竞争均未验证
remove-bg.uk,"Remove image backgrounds, for free",h1,"Remove image backgrounds, for free",https://remove-bg.uk/,自动提取原文片段；需求、趋势、竞争均未验证
remove-bg.uk,removebg,title,removebg,https://remove-bg.uk/,自动提取原文片段；需求、趋势、竞争均未验证
remove-bg.uk,remove image backgrounds,title,remove image backgrounds,https://remove-bg.uk/,自动提取原文片段；需求、趋势、竞争均未验证
remove-bg.uk,Three previews a day are free.,description,Three previews a day are free.,https://remove-bg.uk/,自动提取原文片段；需求、趋势、竞争均未验证
remove-bg.uk,Pay only when you want the full-resolution file.,description,Pay only when you want the full-resolution file.,https://remove-bg.uk/,自动提取原文片段；需求、趋势、竞争均未验证
rychphotography.com,Rych Studio Photography,h1,Rych Studio Photography,https://rychphotography.com/,自动提取原文片段；需求、趋势、竞争均未验证
rychphotography.com,From...,description,From...,https://rychphotography.com/,自动提取原文片段；需求、趋势、竞争均未验证
serveplanner.com,Welcome to ServePlanner,h1,Welcome to ServePlanner,https://serveplanner.com/,自动提取原文片段；需求、趋势、竞争均未验证
serveplanner.com,ServePlanner,title,ServePlanner,https://serveplanner.com/,自动提取原文片段；需求、趋势、竞争均未验证
repurposingvideos.com,Turn 1 Video Into a Complete Content Pack,h1,Turn 1 Video Into a Complete Content Pack,https://repurposingvideos.com/,自动提取原文片段；需求、趋势、竞争均未验证
repurposingvideos.com,Repurposing Video,title,Repurposing Video,https://repurposingvideos.com/,自动提取原文片段；需求、趋势、竞争均未验证
repurposingvideos.com,Turn your video into a full content pack,title,Turn your video into a full content pack,https://repurposingvideos.com/,自动提取原文片段；需求、趋势、竞争均未验证
repurposingvideos.com,Send your video.,description,Send your video.,https://repurposingvideos.com/,自动提取原文片段；需求、趋势、竞争均未验证
iwillpdf.com,Free online PDF tools,h1,Free online PDF tools,https://iwillpdf.com/,自动提取原文片段；需求、趋势、竞争均未验证
iwillpdf.com,IwillPDF,title,IwillPDF,https://iwillpdf.com/,自动提取原文片段；需求、趋势、竞争均未验证
iwillpdf.com,"Free Online PDF Tools to Merge, Split & Edit",title,"Free Online PDF Tools to Merge, Split & Edit",https://iwillpdf.com/,自动提取原文片段；需求、趋势、竞争均未验证
iwillpdf.com,"No sign-up, nothing to install, and your files never leave your device.",description,"No sign-up, nothing to install, and your files never leave your device.",https://iwillpdf.com/,自动提取原文片段；需求、趋势、竞争均未验证
dacheckers.website,Da Checkers Grow Organic Traffic For FREE,h1,Da Checkers Grow Organic Traffic For FREE,https://dacheckers.website/,自动提取原文片段；需求、趋势、竞争均未验证
dacheckers.website,DA Checkers: The Complete Guide to Understanding and Using Domain Authority Tools,h1,DA Checkers: The Complete Guide to Understanding and Using Domain Authority Tools,https://dacheckers.website/,自动提取原文片段；需求、趋势、竞争均未验证
hardcorevideovault.com,Hardcore Video Vault,title,Hardcore Video Vault,https://hardcorevideovault.com/,自动提取原文片段；需求、趋势、竞争均未验证
hardcorevideovault.com,Adult Cinema Archive & 4K Erotica,title,Adult Cinema Archive & 4K Erotica,https://hardcorevideovault.com/,自动提取原文片段；需求、趋势、竞争均未验证
hardcorevideovault.com,Your premium source for cinematic history and modern creator media.,description,Your premium source for cinematic history and modern creator media.,https://hardcorevideovault.com/,自动提取原文片段；需求、趋势、竞争均未验证
dentalcostcalculator.site,Understand what a dental procedure may cost,h1,Understand what a dental procedure may cost,https://dentalcostcalculator.site/,自动提取原文片段；需求、趋势、竞争均未验证
dentalcostcalculator.site,Dental Procedure Costs & Calculators,title,Dental Procedure Costs & Calculators,https://dentalcostcalculator.site/,自动提取原文片段；需求、趋势、竞争均未验证
dentalcostcalculator.site,Dental Cost Calculator,title,Dental Cost Calculator,https://dentalcostcalculator.site/,自动提取原文片段；需求、趋势、竞争均未验证
dentalcostcalculator.site,Choose a dental procedure to see published U.S.,description,Choose a dental procedure to see published U.S.,https://dentalcostcalculator.site/,自动提取原文片段；需求、趋势、竞争均未验证
dentalcostcalculator.site,"cost evidence, price factors, and an embedded quote-check calculator where available.",description,"cost evidence, price factors, and an embedded quote-check calculator where available.",https://dentalcostcalculator.site/,自动提取原文片段；需求、趋势、竞争均未验证
inchtocmconverter.com,"Convert Inches to CM Instantly, Then See It Compared",h1,"Convert Inches to CM Instantly, Then See It Compared",https://inchtocmconverter.com/,自动提取原文片段；需求、趋势、竞争均未验证
inchtocmconverter.com,Free Unit Converter with Visual Comparisons,title,Free Unit Converter with Visual Comparisons,https://inchtocmconverter.com/,自动提取原文片段；需求、趋势、竞争均未验证
inchtocmconverter.com,Inch To Cm Converter,title,Inch To Cm Converter,https://inchtocmconverter.com/,自动提取原文片段；需求、趋势、竞争均未验证
inchtocmconverter.com,"Convert inches, feet, cm, meters, weight, temperature and more instantly",description,"Convert inches, feet, cm, meters, weight, temperature and more instantly",https://inchtocmconverter.com/,自动提取原文片段；需求、趋势、竞争均未验证
inchtocmconverter.com,with real visual comparisons against everyday objects so every number makes sense.,description,with real visual comparisons against everyday objects so every number makes sense.,https://inchtocmconverter.com/,自动提取原文片段；需求、趋势、竞争均未验证
instant-qr-generator.com,QR Code Generator,h1,QR Code Generator,https://instant-qr-generator.com/,自动提取原文片段；需求、趋势、竞争均未验证
instant-qr-generator.com,Free QR Code Generator,title,Free QR Code Generator,https://instant-qr-generator.com/,自动提取原文片段；需求、趋势、竞争均未验证
instant-qr-generator.com,Create & Download QR Codes Instantly,title,Create & Download QR Codes Instantly,https://instant-qr-generator.com/,自动提取原文片段；需求、趋势、竞争均未验证
instant-qr-generator.com,English & Hebrew,title,English & Hebrew,https://instant-qr-generator.com/,自动提取原文片段；需求、趋势、竞争均未验证
instant-qr-generator.com,Free online QR code generator.,description,Free online QR code generator.,https://instant-qr-generator.com/,自动提取原文片段；需求、趋势、竞争均未验证
instant-qr-generator.com,"Create high-quality QR codes for websites, text, Wi-Fi, phone numbers and more.",description,"Create high-quality QR codes for websites, text, Wi-Fi, phone numbers and more.",https://instant-qr-generator.com/,自动提取原文片段；需求、趋势、竞争均未验证
rappernamegenerator.com,Rapper Name Generator,h1,Rapper Name Generator,https://rappernamegenerator.com/,自动提取原文片段；需求、趋势、竞争均未验证
rappernamegenerator.com,Free Rap Names for Your Style,title,Free Rap Names for Your Style,https://rappernamegenerator.com/,自动提取原文片段；需求、趋势、竞争均未验证
rappernamegenerator.com,Find your rapper name in seconds.,description,Find your rapper name in seconds.,https://rappernamegenerator.com/,自动提取原文片段；需求、趋势、竞争均未验证
rappernamegenerator.com,No sign-up needed.,description,No sign-up needed.,https://rappernamegenerator.com/,自动提取原文片段；需求、趋势、竞争均未验证
agentesrealstate.com,"Cada llamada que no atiendes, la atiende tu competencia",h1,"Cada llamada que no atiendes, la atiende tu competencia",https://agentesrealstate.com/,自动提取原文片段；需求、趋势、竞争均未验证
agentesrealstate.com,Descubre lo que un Agente de Voz puede hacer por tu agencia,title,Descubre lo que un Agente de Voz puede hacer por tu agencia,https://agentesrealstate.com/,自动提取原文片段；需求、趋势、竞争均未验证
agentesrealstate.com,RS Agents,title,RS Agents,https://agentesrealstate.com/,自动提取原文片段；需求、趋势、竞争均未验证
agentesrealstate.com,Reserva una llamada de 10 minutos.,description,Reserva una llamada de 10 minutos.,https://agentesrealstate.com/,自动提取原文片段；需求、趋势、竞争均未验证
ismyagentlegal.com,Is My Agent Legal?,h1,Is My Agent Legal?,https://ismyagentlegal.com/,自动提取原文片段；需求、趋势、竞争均未验证
ismyagentlegal.com,Is My Agent Legal? Free AI Agent Regulation Check,title,Is My Agent Legal? Free AI Agent Regulation Check,https://ismyagentlegal.com/,自动提取原文片段；需求、趋势、竞争均未验证
ismyagentlegal.com,"Free, best effort, not legal advice.",description,"Free, best effort, not legal advice.",https://ismyagentlegal.com/,自动提取原文片段；需求、趋势、竞争均未验证
oneshotprompt.net,一条提示词，一个作品。,h1,一条提示词，一个作品。,https://oneshotprompt.net/,自动提取原文片段；需求、趋势、竞争均未验证
oneshotprompt.net,One Shot Prompt｜一条提示词，一个作品,title,One Shot Prompt｜一条提示词，一个作品,https://oneshotprompt.net/,自动提取原文片段；需求、趋势、竞争均未验证
oneshotprompt.net,每出一个新模型，就给它一条 one-shot prompt——网页、视频、游戏，做出来什么就挂什么，连同那条 prompt 一起。免费、无需登录。,description,每出一个新模型，就给它一条 one-shot prompt——网页、视频、游戏，做出来什么就挂什么，连同那条 prompt 一起。免费、无需登录。,https://oneshotprompt.net/,自动提取原文片段；需求、趋势、竞争均未验证
quinnsaudionook.com,The voice behind the brand.,h1,The voice behind the brand.,https://quinnsaudionook.com/,自动提取原文片段；需求、趋势、竞争均未验证
quinnsaudionook.com,Quinn's Audio Nook,title,Quinn's Audio Nook,https://quinnsaudionook.com/,自动提取原文片段；需求、趋势、竞争均未验证
quinnsaudionook.com,Commercial Voice Over Artist,title,Commercial Voice Over Artist,https://quinnsaudionook.com/,自动提取原文片段；需求、趋势、竞争均未验证
quinnsaudionook.com,Trusted by agencies and brands worldwide.,description,Trusted by agencies and brands worldwide.,https://quinnsaudionook.com/,自动提取原文片段；需求、趋势、竞争均未验证
eggrecipessizzle.click,Egg Recipes Sizzle,h1,Egg Recipes Sizzle,https://eggrecipessizzle.click/,自动提取原文片段；需求、趋势、竞争均未验证
eggrecipessizzle.click,Desserts,description,Desserts,https://eggrecipessizzle.click/,自动提取原文片段；需求、趋势、竞争均未验证
quickdropphotobooth.com,The easiest photo booth you'll ever book.,h1,The easiest photo booth you'll ever book.,https://quickdropphotobooth.com/,自动提取原文片段；需求、趋势、竞争均未验证
quickdropphotobooth.com,Quick Drop Photo Booth,title,Quick Drop Photo Booth,https://quickdropphotobooth.com/,自动提取原文片段；需求、趋势、竞争均未验证
quickdropphotobooth.com,"Charlotte, NC",title,"Charlotte, NC",https://quickdropphotobooth.com/,自动提取原文片段；需求、趋势、竞争均未验证
quickdropphotobooth.com,"Drop-off photo booth rentals in Charlotte, NC.",description,"Drop-off photo booth rentals in Charlotte, NC.",https://quickdropphotobooth.com/,自动提取原文片段；需求、趋势、竞争均未验证
quickdropphotobooth.com,Book it.,description,Book it.,https://quickdropphotobooth.com/,自动提取原文片段；需求、趋势、竞争均未验证
quickdropphotobooth.com,Set it.,description,Set it.,https://quickdropphotobooth.com/,自动提取原文片段；需求、趋势、竞争均未验证
freepadachecker.website,Free Pa Da Checker Grow Organic Traffic For FREE,h1,Free Pa Da Checker Grow Organic Traffic For FREE,https://freepadachecker.website/,自动提取原文片段；需求、趋势、竞争均未验证
websitelinkchecker.website,Website Link Checker Grow Organic Traffic For FREE,h1,Website Link Checker Grow Organic Traffic For FREE,https://websitelinkchecker.website/,自动提取原文片段；需求、趋势、竞争均未验证
websitelinkchecker.website,"Website Link Checker: Your Essential Guide to a Healthy, High-Performing Website",h1,"Website Link Checker: Your Essential Guide to a Healthy, High-Performing Website",https://websitelinkchecker.website/,自动提取原文片段；需求、趋势、竞争均未验证
yang-agent.com,Yang-agent,h1,Yang-agent,https://yang-agent.com/,自动提取原文片段；需求、趋势、竞争均未验证
sitebacklinkchecker.website,Site Backlink Checker Grow Organic Traffic For FREE,h1,Site Backlink Checker Grow Organic Traffic For FREE,https://sitebacklinkchecker.website/,自动提取原文片段；需求、趋势、竞争均未验证
gamenightgenerator.com,Party Games on One Phone,h1,Party Games on One Phone,https://www.gamenightgenerator.com/,自动提取原文片段；需求、趋势、竞争均未验证
gamenightgenerator.com,Game Night Generator,title,Game Night Generator,https://www.gamenightgenerator.com/,自动提取原文片段；需求、趋势、竞争均未验证
gamenightgenerator.com,Free Party Games on One Phone,title,Free Party Games on One Phone,https://www.gamenightgenerator.com/,自动提取原文片段；需求、趋势、竞争均未验证
gamenightgenerator.com,No sign-up.,description,No sign-up.,https://www.gamenightgenerator.com/,自动提取原文片段；需求、趋势、竞争均未验证
videobackgroundremover.cc,Video Background Remover That Works in One Click,h1,Video Background Remover That Works in One Click,https://videobackgroundremover.cc/,自动提取原文片段；需求、趋势、竞争均未验证
videobackgroundremover.cc,Video Background Remover,title,Video Background Remover,https://videobackgroundremover.cc/,自动提取原文片段；需求、趋势、竞争均未验证
videobackgroundremover.cc,Remove Video Backgrounds Online Free,title,Remove Video Backgrounds Online Free,https://videobackgroundremover.cc/,自动提取原文片段；需求、趋势、竞争均未验证
videobackgroundremover.cc,Remove video backgrounds online with our free video background remover.,description,Remove video backgrounds online with our free video background remover.,https://videobackgroundremover.cc/,自动提取原文片段；需求、趋势、竞争均未验证
videobackgroundremover.cc,No green screen needed,description,No green screen needed,https://videobackgroundremover.cc/,自动提取原文片段；需求、趋势、竞争均未验证
videobackgroundremover.cc,"3 free runs daily, HD exports on Pro.",description,"3 free runs daily, HD exports on Pro.",https://videobackgroundremover.cc/,自动提取原文片段；需求、趋势、竞争均未验证
militarycountdown.com,Military Countdown,h1,Military Countdown,https://militarycountdown.com/,自动提取原文片段；需求、趋势、竞争均未验证
militarycountdown.com,"Retirement, ETS, PCS & Deployment Countdown",title,"Retirement, ETS, PCS & Deployment Countdown",https://militarycountdown.com/,自动提取原文片段；需求、趋势、竞争均未验证
agents-agents-agents.com,parley,h1,parley,https://agents-agents-agents.com/,自动提取原文片段；需求、趋势、竞争均未验证
agents-agents-agents.com,"parley: An exclusive club for agents, built by agents.",title,"parley: An exclusive club for agents, built by agents.",https://agents-agents-agents.com/,自动提取原文片段；需求、趋势、竞争均未验证
agents-agents-agents.com,Agents exchange information here off the public web.,description,Agents exchange information here off the public web.,https://agents-agents-agents.com/,自动提取原文片段；需求、趋势、竞争均未验证
pencilplanner.org,📋 My Assignments,h1,📋 My Assignments,https://www.pencilplanner.org/,自动提取原文片段；需求、趋势、竞争均未验证
pencilplanner.org,Pencil Planner,title,Pencil Planner,https://www.pencilplanner.org/,自动提取原文片段；需求、趋势、竞争均未验证
pencilplanner.org,Assignment Planner,title,Assignment Planner,https://www.pencilplanner.org/,自动提取原文片段；需求、趋势、竞争均未验证
freeblogseochecker.website,Free Blog Seo Checker Grow Organic Traffic For FREE,h1,Free Blog Seo Checker Grow Organic Traffic For FREE,https://freeblogseochecker.website/,自动提取原文片段；需求、趋势、竞争均未验证
freeblogseochecker.website,Free Blog SEO Checker: Your Complete Guide to Unlocking Better Blog Performance,h1,Free Blog SEO Checker: Your Complete Guide to Unlocking Better Blog Performance,https://freeblogseochecker.website/,自动提取原文片段；需求、趋势、竞争均未验证
pi19qr.com,"Restoranınız daha dijital, daha güçlü.",h1,"Restoranınız daha dijital, daha güçlü.",https://pi19qr.com/,自动提取原文片段；需求、趋势、竞争均未验证
pi19qr.com,Pi19 QR,title,Pi19 QR,https://pi19qr.com/,自动提取原文片段；需求、趋势、竞争均未验证
pi19qr.com,Restoranlar için Dijital QR Menü ve Sipariş Sistemi,title,Restoranlar için Dijital QR Menü ve Sipariş Sistemi,https://pi19qr.com/,自动提取原文片段；需求、趋势、竞争均未验证
pi19qr.com,"Pi19 QR ile menünüz 9 dilde, her cihazda.",description,"Pi19 QR ile menünüz 9 dilde, her cihazda.",https://pi19qr.com/,自动提取原文片段；需求、趋势、竞争均未验证
pi19qr.com,"Masadan QR sipariş, garson çağırma, mutfak ekranı ve raporlar.",description,"Masadan QR sipariş, garson çağırma, mutfak ekranı ve raporlar.",https://pi19qr.com/,自动提取原文片段；需求、趋势、竞争均未验证
pi19qr.com,Tek seferlik kurulum bedeliyle hemen başlayın.,description,Tek seferlik kurulum bedeliyle hemen başlayın.,https://pi19qr.com/,自动提取原文片段；需求、趋势、竞争均未验证
aisubtitlegenerator.pro,AI subtitle generator. Made to watch.,h1,AI subtitle generator. Made to watch.,https://aisubtitlegenerator.pro/,自动提取原文片段；需求、趋势、竞争均未验证
aisubtitlegenerator.pro,AI Subtitle Generator,title,AI Subtitle Generator,https://aisubtitlegenerator.pro/,自动提取原文片段；需求、趋势、竞争均未验证
aisubtitlegenerator.pro,"Create, Edit & Export Subtitles",title,"Create, Edit & Export Subtitles",https://aisubtitlegenerator.pro/,自动提取原文片段；需求、趋势、竞争均未验证
aisubtitlegenerator.pro,AI subtitle generator for video and audio.,description,AI subtitle generator for video and audio.,https://aisubtitlegenerator.pro/,自动提取原文片段；需求、趋势、竞争均未验证
clownfishphoto.co.uk,Pets,title,Pets,https://clownfishphoto.co.uk/,自动提取原文片段；需求、趋势、竞争均未验证
clownfishphoto.co.uk,Fish Tank Lighting and Heating,title,Fish Tank Lighting and Heating,https://clownfishphoto.co.uk/,自动提取原文片段；需求、趋势、竞争均未验证
clownfishphoto.co.uk,Fish Tank Decoration-Free Shipping All Weekend Long,title,Fish Tank Decoration-Free Shipping All Weekend Long,https://clownfishphoto.co.uk/,自动提取原文片段；需求、趋势、竞争均未验证
clownfishphoto.co.uk,clownfishphoto,title,clownfishphoto,https://clownfishphoto.co.uk/,自动提取原文片段；需求、趋势、竞争均未验证
clownfishphoto.co.uk,Fish Tank DecorationTop Discounts for Limited Time-Buy Now,description,Fish Tank DecorationTop Discounts for Limited Time-Buy Now,https://clownfishphoto.co.uk/,自动提取原文片段；需求、趋势、竞争均未验证
clownfishphoto.co.uk,Because every paw matters,description,Because every paw matters,https://clownfishphoto.co.uk/,自动提取原文片段；需求、趋势、竞争均未验证
pdfgridly.com,Invoice PDF to Excel & CSV Converter,h1,Invoice PDF to Excel & CSV Converter,https://pdfgridly.com/,自动提取原文片段；需求、趋势、竞争均未验证
pdfgridly.com,PDF to Excel & CSV Converter Studio,title,PDF to Excel & CSV Converter Studio,https://pdfgridly.com/,自动提取原文片段；需求、趋势、竞争均未验证
pdfgridly.com,Free & Private,title,Free & Private,https://pdfgridly.com/,自动提取原文片段；需求、趋势、竞争均未验证
pdfgridly.com,PDFGridly,title,PDFGridly,https://pdfgridly.com/,自动提取原文片段；需求、趋势、竞争均未验证
pdfgridly.com,Verify numbers side-by-side with zero disk retention.,description,Verify numbers side-by-side with zero disk retention.,https://pdfgridly.com/,自动提取原文片段；需求、趋势、竞争均未验证
qruble.online,Оплата любого QR СБП вашей криптой,h1,Оплата любого QR СБП вашей криптой,https://qruble.online/ru/,自动提取原文片段；需求、趋势、竞争均未验证
qruble.online,из Telegram,h1,из Telegram,https://qruble.online/ru/,自动提取原文片段；需求、趋势、竞争均未验证
qruble.online,QRuble,title,QRuble,https://qruble.online/ru/,自动提取原文片段；需求、趋势、竞争均未验证
qruble.online,обмен крипты в рубли и оплата по QR СБП в Telegram,title,обмен крипты в рубли и оплата по QR СБП в Telegram,https://qruble.online/ru/,自动提取原文片段；需求、趋势、竞争均未验证
dpshotsphotography.com,The people. The moments. Your story.,h1,The people. The moments. Your story.,https://dpshotsphotography.com/,自动提取原文片段；需求、趋势、竞争均未验证
dpshotsphotography.com,DP SHOTS Photography,title,DP SHOTS Photography,https://dpshotsphotography.com/,自动提取原文片段；需求、趋势、竞争均未验证
dpshotsphotography.com,DP SHOTS wedding and portrait photography.,description,DP SHOTS wedding and portrait photography.,https://dpshotsphotography.com/,自动提取原文片段；需求、趋势、竞争均未验证
dpshotsphotography.com,"Based in Fayetteville and Hope Mills, North Carolina.",description,"Based in Fayetteville and Hope Mills, North Carolina.",https://dpshotsphotography.com/,自动提取原文片段；需求、趋势、竞争均未验证
pdfkita.my.id,"Setiap alat PDF yang kamu butuhkan, dalam satu situs",h1,"Setiap alat PDF yang kamu butuhkan, dalam satu situs",https://www.pdfkita.my.id/,自动提取原文片段；需求、趋势、竞争均未验证
pdfkita.my.id,PDFKita I Every online PDF tool you need,title,PDFKita I Every online PDF tool you need,https://www.pdfkita.my.id/,自动提取原文片段；需求、趋势、竞争均未验证
pdfkita.my.id,Setiap alat PDF online yang Anda butuhkan dalam satu situs!,description,Setiap alat PDF online yang Anda butuhkan dalam satu situs!,https://www.pdfkita.my.id/,自动提取原文片段；需求、趋势、竞争均未验证
pdfkita.my.id,"Kompres, gabung, convert, dan edit file PDF dengan mudah, cepat, dan gratis.",description,"Kompres, gabung, convert, dan edit file PDF dengan mudah, cepat, dan gratis.",https://www.pdfkita.my.id/,自动提取原文片段；需求、趋势、竞争均未验证
urlrankchecker.website,Url Rank Checker Grow Organic Traffic For FREE,h1,Url Rank Checker Grow Organic Traffic For FREE,https://urlrankchecker.website/,自动提取原文片段；需求、趋势、竞争均未验证
urlrankchecker.website,URL Rank Checker: Your Complete Guide to Boosting Online Visibility,h1,URL Rank Checker: Your Complete Guide to Boosting Online Visibility,https://urlrankchecker.website/,自动提取原文片段；需求、趋势、竞争均未验证
santacruzdigitalphotobooth.com,Level Up Your Next Santa Cruz Party,h1,Level Up Your Next Santa Cruz Party,https://santacruzdigitalphotobooth.com/,自动提取原文片段；需求、趋势、竞争均未验证
santacruzdigitalphotobooth.com,Bring the fun to your next event with Santa Cruz Digital Photobooth!,description,Bring the fun to your next event with Santa Cruz Digital Photobooth!,https://santacruzdigitalphotobooth.com/,自动提取原文片段；需求、趋势、竞争均未验证
agentbulkhead.com,Seal the breach before the agent ships.,h1,Seal the breach before the agent ships.,https://agentbulkhead.com/,自动提取原文片段；需求、趋势、竞争均未验证
agentbulkhead.com,Bulkhead,title,Bulkhead,https://agentbulkhead.com/,自动提取原文片段；需求、趋势、竞争均未验证
agentbulkhead.com,certify the agents you ship,title,certify the agents you ship,https://agentbulkhead.com/,自动提取原文片段；需求、趋势、竞争均未验证
agentbulkhead.com,Bulkhead certifies production AI agents.,description,Bulkhead certifies production AI agents.,https://agentbulkhead.com/,自动提取原文片段；需求、趋势、竞争均未验证
agentbulkhead.com,Deterministic harness.,description,Deterministic harness.,https://agentbulkhead.com/,自动提取原文片段；需求、趋势、竞争均未验证
agentbulkhead.com,Signed attestation.,description,Signed attestation.,https://agentbulkhead.com/,自动提取原文片段；需求、趋势、竞争均未验证
stampduty-calculator.com,Stamp Duty Calculator,h1,Stamp Duty Calculator,https://stampduty-calculator.com/,自动提取原文片段；需求、趋势、竞争均未验证
stampduty-calculator.com,Stamp Duty Calculator UK 2025/26,title,Stamp Duty Calculator UK 2025/26,https://stampduty-calculator.com/,自动提取原文片段；需求、趋势、竞争均未验证
stampduty-calculator.com,StampDuty,title,StampDuty,https://stampduty-calculator.com/,自动提取原文片段；需求、趋势、竞争均未验证
stampduty-calculator.com,Updated for 2025/26 rates.,description,Updated for 2025/26 rates.,https://stampduty-calculator.com/,自动提取原文片段；需求、趋势、竞争均未验证
freeserpcheckertool.website,Free Serp Checker Tool Grow Organic Traffic For FREE,h1,Free Serp Checker Tool Grow Organic Traffic For FREE,https://freeserpcheckertool.website/,自动提取原文片段；需求、趋势、竞争均未验证
freeserpcheckertool.website,Free SERP Checker Tool: Your Ultimate Guide to Mastering Search Rankings,h1,Free SERP Checker Tool: Your Ultimate Guide to Mastering Search Rankings,https://freeserpcheckertool.website/,自动提取原文片段；需求、趋势、竞争均未验证
freeserpcheckertool.website,Free SERP Checker Tool,description,Free SERP Checker Tool,https://freeserpcheckertool.website/,自动提取原文片段；需求、趋势、竞争均未验证
freeserpcheckertool.website,No signup required.,description,No signup required.,https://freeserpcheckertool.website/,自动提取原文片段；需求、趋势、竞争均未验证
freeserpcheckertool.website,"Start tracking your SERP positions today with this powerful, easy-to-use free tool.",description,"Start tracking your SERP positions today with this powerful, easy-to-use free tool.",https://freeserpcheckertool.website/,自动提取原文片段；需求、趋势、竞争均未验证
oyaimage.site,Upload and share your media,h1,Upload and share your media,https://oyaimage.site/,自动提取原文片段；需求、趋势、竞争均未验证
oyaimage.site,Chevereto,title,Chevereto,https://oyaimage.site/,自动提取原文片段；需求、趋势、竞争均未验证
oyaimage.site,Chevereto image hosting,title,Chevereto image hosting,https://oyaimage.site/,自动提取原文片段；需求、趋势、竞争均未验证
oyaimage.site,A free image hosting service powered by Chevereto,description,A free image hosting service powered by Chevereto,https://oyaimage.site/,自动提取原文片段；需求、趋势、竞争均未验证
dadomainchecker.website,Da Domain Checker Grow Organic Traffic For FREE,h1,Da Domain Checker Grow Organic Traffic For FREE,https://dadomainchecker.website/,自动提取原文片段；需求、趋势、竞争均未验证
dadomainchecker.website,DA Domain Checker,h1,DA Domain Checker,https://dadomainchecker.website/,自动提取原文片段；需求、趋势、竞争均未验证
dadomainchecker.website,Your Complete Guide to Understanding and Using Domain Authority,h1,Your Complete Guide to Understanding and Using Domain Authority,https://dadomainchecker.website/,自动提取原文片段；需求、趋势、竞争均未验证
photobooth-online.web.id,Snap Sync,h1,Snap Sync,https://photobooth-online.web.id/,自动提取原文片段；需求、趋势、竞争均未验证
photobooth-online.web.id,SnapSync,title,SnapSync,https://photobooth-online.web.id/,自动提取原文片段；需求、趋势、竞争均未验证
photobooth-online.web.id,Online photobooth studio interaktif dengan beragam frame estetik.,description,Online photobooth studio interaktif dengan beragam frame estetik.,https://photobooth-online.web.id/,自动提取原文片段；需求、趋势、竞争均未验证
photobooth-online.web.id,"Ambil foto sendiri, berdua, atau rame-rame dalam grup!",description,"Ambil foto sendiri, berdua, atau rame-rame dalam grup!",https://photobooth-online.web.id/,自动提取原文片段；需求、趋势、竞争均未验证
qrmira.com,Parti da uno spazio reale. Guarda cosa può diventare.,h1,Parti da uno spazio reale. Guarda cosa può diventare.,https://qrmira.com/,自动提取原文片段；需求、趋势、竞争均未验证
qrmira.com,AI per trasformare e arredare spazi reali,title,AI per trasformare e arredare spazi reali,https://qrmira.com/,自动提取原文片段；需求、趋势、竞争均未验证
qrmira.com,QrMira,title,QrMira,https://qrmira.com/,自动提取原文片段；需求、趋势、竞争均未验证
qrmira.com,QrMira è l'intelligenza artificiale specializzata nella trasformazione degli spazi reali.,description,QrMira è l'intelligenza artificiale specializzata nella trasformazione degli spazi reali.,https://qrmira.com/,自动提取原文片段；需求、趋势、竞争均未验证
dapadrchecker.website,Da Pa Dr Checker Grow Organic Traffic For FREE,h1,Da Pa Dr Checker Grow Organic Traffic For FREE,https://dapadrchecker.website/,自动提取原文片段；需求、趋势、竞争均未验证
seobacklinkschecker.website,Seo Backlinks Checker Grow Organic Traffic For FREE,h1,Seo Backlinks Checker Grow Organic Traffic For FREE,https://seobacklinkschecker.website/,自动提取原文片段；需求、趋势、竞争均未验证
photoboothsa.com,Photobooth,title,Photobooth,https://photoboothsa.com/,自动提取原文片段；需求、趋势、竞争均未验证
commentgenerator.app,Create a believable comment mockup,h1,Create a believable comment mockup,https://commentgenerator.app/,自动提取原文片段；需求、趋势、竞争均未验证
commentgenerator.app,TikTok Comment Generator,title,TikTok Comment Generator,https://commentgenerator.app/,自动提取原文片段；需求、趋势、竞争均未验证
commentgenerator.app,Multi-Platform Studio,title,Multi-Platform Studio,https://commentgenerator.app/,自动提取原文片段；需求、趋势、竞争均未验证
aiphotodesigns.com,AI Photo Designs Online,title,AI Photo Designs Online,https://www.aiphotodesigns.com/,自动提取原文片段；需求、趋势、竞争均未验证
aiphotodesigns.com,Stylish Photo Editing & AI Designs,title,Stylish Photo Editing & AI Designs,https://www.aiphotodesigns.com/,自动提取原文片段；需求、趋势、竞争均未验证
aiphotodesigns.com,AI Photo Designs Online in India,title,AI Photo Designs Online in India,https://www.aiphotodesigns.com/,自动提取原文片段；需求、趋势、竞争均未验证
aiphotodesigns.com,Create stylish AI photo designs online in India.,description,Create stylish AI photo designs online in India.,https://www.aiphotodesigns.com/,自动提取原文片段；需求、趋势、竞争均未验证
hlphotonics.com,动漫设计影视,h1,动漫设计影视,https://hlphotonics.com/,自动提取原文片段；需求、趋势、竞争均未验证
hlphotonics.com,画室美学影视收藏站,title,画室美学影视收藏站,https://hlphotonics.com/,自动提取原文片段；需求、趋势、竞争均未验证
hlphotonics.com,动漫设计影视是一座以画室美学构建的影视收藏馆，汇集科幻、悬疑、喜剧、年代与历史等类型佳片和剧集，用石膏白、画架棕与铅笔黑的素描语言呈现作品细节，提供片库筛选、热门推荐、经典排行与完整播放体验。,description,动漫设计影视是一座以画室美学构建的影视收藏馆，汇集科幻、悬疑、喜剧、年代与历史等类型佳片和剧集，用石膏白、画架棕与铅笔黑的素描语言呈现作品细节，提供片库筛选、热门推荐、经典排行与完整播放体验。,https://hlphotonics.com/,自动提取原文片段；需求、趋势、竞争均未验证
renskeversteegenphotography.com,RENSKE,h1,RENSKE,https://www.renskeversteegenphotography.com/,自动提取原文片段；需求、趋势、竞争均未验证
renskeversteegenphotography.com,VERSTEEGEN,h1,VERSTEEGEN,https://www.renskeversteegenphotography.com/,自动提取原文片段；需求、趋势、竞争均未验证
renskeversteegenphotography.com,Let's create together,h1,Let's create together,https://www.renskeversteegenphotography.com/,自动提取原文片段；需求、趋势、竞争均未验证
renskeversteegenphotography.com,RenskeVersteegenPhotography,title,RenskeVersteegenPhotography,https://www.renskeversteegenphotography.com/,自动提取原文片段；需求、趋势、竞争均未验证
webbacklinkschecker.website,Web Backlinks Checker Grow Organic Traffic For FREE,h1,Web Backlinks Checker Grow Organic Traffic For FREE,https://webbacklinkschecker.website/,自动提取原文片段；需求、趋势、竞争均未验证
webbacklinkschecker.website,Web Backlinks Checker: The Complete Guide to Boosting Your SEO Authority,h1,Web Backlinks Checker: The Complete Guide to Boosting Your SEO Authority,https://webbacklinkschecker.website/,自动提取原文片段；需求、趋势、竞争均未验证
sheetshowto.com,"Spreadsheet answers, step by step",h1,"Spreadsheet answers, step by step",https://sheetshowto.com/,自动提取原文片段；需求、趋势、竞争均未验证
sheetshowto.com,SheetsHowTo,title,SheetsHowTo,https://sheetshowto.com/,自动提取原文片段；需求、趋势、竞争均未验证
sheetshowto.com,"Clear, step-by-step tutorials for Google Sheets and Excel",title,"Clear, step-by-step tutorials for Google Sheets and Excel",https://sheetshowto.com/,自动提取原文片段；需求、趋势、竞争均未验证
sheetshowto.com,"Clear, step-by-step tutorials for Google Sheets and Excel.",description,"Clear, step-by-step tutorials for Google Sheets and Excel.",https://sheetshowto.com/,自动提取原文片段；需求、趋势、竞争均未验证
sheetshowto.com,"Formulas, formatting and time-saving tricks explained in plain English.",description,"Formulas, formatting and time-saving tricks explained in plain English.",https://sheetshowto.com/,自动提取原文片段；需求、趋势、竞争均未验证
altermypdf.work,PDF tools that never upload your files,h1,PDF tools that never upload your files,https://altermypdf.work/,自动提取原文片段；需求、趋势、竞争均未验证
altermypdf.work,AlterMyPDF,title,AlterMyPDF,https://altermypdf.work/,自动提取原文片段；需求、趋势、竞争均未验证
altermypdf.work,"Free PDF Editor, Merger & Converter",title,"Free PDF Editor, Merger & Converter",https://altermypdf.work/,自动提取原文片段；需求、趋势、竞争均未验证
altermypdf.work,"Merge, split, rotate, crop and convert PDFs directly in your browser.",description,"Merge, split, rotate, crop and convert PDFs directly in your browser.",https://altermypdf.work/,自动提取原文片段；需求、趋势、竞争均未验证
altermypdf.work,Files are processed on your device and never uploaded.,description,Files are processed on your device and never uploaded.,https://altermypdf.work/,自动提取原文片段；需求、趋势、竞争均未验证
altermypdf.work,"No account, no watermark.",description,"No account, no watermark.",https://altermypdf.work/,自动提取原文片段；需求、趋势、竞争均未验证
domaindachecker.website,Domain Da Checker Grow Organic Traffic For FREE,h1,Domain Da Checker Grow Organic Traffic For FREE,https://domaindachecker.website/,自动提取原文片段；需求、趋势、竞争均未验证
domaindachecker.website,Domain DA Checker: Your Complete Guide to Measuring and Growing Website Authority,h1,Domain DA Checker: Your Complete Guide to Measuring and Growing Website Authority,https://domaindachecker.website/,自动提取原文片段；需求、趋势、竞争均未验证
chinatrainplanner.com,China High-Speed Rail & Bullet Train Routes (2026 Guide),h1,China High-Speed Rail & Bullet Train Routes (2026 Guide),https://chinatrainplanner.com/,自动提取原文片段；需求、趋势、竞争均未验证
chinatrainplanner.com,China High-Speed Rail: 2026 Bullet Train Guide,title,China High-Speed Rail: 2026 Bullet Train Guide,https://chinatrainplanner.com/,自动提取原文片段；需求、趋势、竞争均未验证
morettiagentlab.ca,Objection Lab,h1,Objection Lab,https://morettiagentlab.ca/,自动提取原文片段；需求、趋势、竞争均未验证
morettiagentlab.ca,Moretti Agent Lab,title,Moretti Agent Lab,https://morettiagentlab.ca/,自动提取原文片段；需求、趋势、竞争均未验证
morettiagentlab.ca,Real Estate Training,title,Real Estate Training,https://morettiagentlab.ca/,自动提取原文片段；需求、趋势、竞争均未验证
morettiagentlab.ca,Practice real estate objections and build your agent skills.,description,Practice real estate objections and build your agent skills.,https://morettiagentlab.ca/,自动提取原文片段；需求、趋势、竞争均未验证
meovideoai.com,MeoVideoAI,title,MeoVideoAI,https://meovideoai.com/,自动提取原文片段；需求、趋势、竞争均未验证
meovideoai.com,Seedance Local Studio cho Windows,title,Seedance Local Studio cho Windows,https://meovideoai.com/,自动提取原文片段；需求、趋势、竞争均未验证
meovideoai.com,"Tạo ảnh và video với Seedance, Google Flow;",description,"Tạo ảnh và video với Seedance, Google Flow;",https://meovideoai.com/,自动提取原文片段；需求、趋势、竞争均未验证
imagenconaura.com,"Tus fotos, impresas como se debe.",h1,"Tus fotos, impresas como se debe.",https://www.imagenconaura.com/,自动提取原文片段；需求、趋势、竞争均未验证
imagenconaura.com,Imágen con Aura,title,Imágen con Aura,https://www.imagenconaura.com/,自动提取原文片段；需求、趋势、竞争均未验证
imagenconaura.com,Fotos impresas de calidad,title,Fotos impresas de calidad,https://www.imagenconaura.com/,自动提取原文片段；需求、趋势、竞争均未验证
imagenconaura.com,Pedí tus fotos impresas en alta calidad.,description,Pedí tus fotos impresas en alta calidad.,https://www.imagenconaura.com/,自动提取原文片段；需求、趋势、竞争均未验证
imagenconaura.com,"Seleccioná tu pack, subí tus fotos y las recibís listas.",description,"Seleccioná tu pack, subí tus fotos y las recibís listas.",https://www.imagenconaura.com/,自动提取原文片段；需求、趋势、竞争均未验证
calculatorreadiness.com,Calculate with confidence.,h1,Calculate with confidence.,https://calculatorreadiness.com/,自动提取原文片段；需求、趋势、竞争均未验证
calculatorreadiness.com,Calculator Readiness,title,Calculator Readiness,https://calculatorreadiness.com/,自动提取原文片段；需求、趋势、竞争均未验证
calculatorreadiness.com,Smart Calculators for Everyday Decisions,title,Smart Calculators for Everyday Decisions,https://calculatorreadiness.com/,自动提取原文片段；需求、趋势、竞争均未验证
ministryplanner.app,Plan ministry. Together.,h1,Plan ministry. Together.,https://ministryplanner.app/,自动提取原文片段；需求、趋势、竞争均未验证
ministryplanner.app,Ministry Planner,title,Ministry Planner,https://ministryplanner.app/,自动提取原文片段；需求、趋势、竞争均未验证
ministryplanner.app,Ministry Planner is ministry planning software for churches,description,Ministry Planner is ministry planning software for churches,https://ministryplanner.app/,自动提取原文片段；需求、趋势、竞争均未验证
celebrityphotobooth.co.uk,GQbet Casino,h1,GQbet Casino,https://celebrityphotobooth.co.uk/,自动提取原文片段；需求、趋势、竞争均未验证
celebrityphotobooth.co.uk,Official Site UK,title,Official Site UK,https://celebrityphotobooth.co.uk/,自动提取原文片段；需求、趋势、竞争均未验证
celebrityphotobooth.co.uk,GQbet official site offers 100% welcome bonus up to £500 + 100 free spins.,description,GQbet official site offers 100% welcome bonus up to £500 + 100 free spins.,https://celebrityphotobooth.co.uk/,自动提取原文片段；需求、趋势、竞争均未验证
celebrityphotobooth.co.uk,"Play 2000+ slots, live casino & sports betting.",description,"Play 2000+ slots, live casino & sports betting.",https://celebrityphotobooth.co.uk/,自动提取原文片段；需求、趋势、竞争均未验证
celebrityphotobooth.co.uk,Fast GBP payouts for UK players.,description,Fast GBP payouts for UK players.,https://celebrityphotobooth.co.uk/,自动提取原文片段；需求、趋势、竞争均未验证
stigmaaudio.com,Stutter Island,h1,Stutter Island,https://stigmaaudio.com/,自动提取原文片段；需求、趋势、竞争均未验证
stigmaaudio.com,Stigma Audio,title,Stigma Audio,https://stigmaaudio.com/,自动提取原文片段；需求、趋势、竞争均未验证
stigmaaudio.com,plugins & apps built in C++ / JUCE in Paris.,description,plugins & apps built in C++ / JUCE in Paris.,https://stigmaaudio.com/,自动提取原文片段；需求、趋势、竞争均未验证
stigmaaudio.com,Machines for the stage as much as the studio.,description,Machines for the stage as much as the studio.,https://stigmaaudio.com/,自动提取原文片段；需求、趋势、竞争均未验证
dixpourcentimagellc.com,Capturing Moments. Creating Timeless Memories.,h1,Capturing Moments. Creating Timeless Memories.,https://dixpourcentimagellc.com/,自动提取原文片段；需求、趋势、竞争均未验证
dixpourcentimagellc.com,DixPourCent Image,title,DixPourCent Image,https://dixpourcentimagellc.com/,自动提取原文片段；需求、趋势、竞争均未验证
dixpourcentimagellc.com,Event & Portrait Photography,title,Event & Portrait Photography,https://dixpourcentimagellc.com/,自动提取原文片段；需求、趋势、竞争均未验证
viralpromptpacks.com,Better inputs. Better output.,h1,Better inputs. Better output.,https://viralpromptpacks.com/,自动提取原文片段；需求、趋势、竞争均未验证
viralpromptpacks.com,Motequill,title,Motequill,https://viralpromptpacks.com/,自动提取原文片段；需求、趋势、竞争均未验证
viralpromptpacks.com,"Ready-to-run prompts for better AI work, faster.",description,"Ready-to-run prompts for better AI work, faster.",https://viralpromptpacks.com/,自动提取原文片段；需求、趋势、竞争均未验证
ilovepdf.tube,Every tool you need for PDFs and images,h1,Every tool you need for PDFs and images,https://ilovepdf.tube/,自动提取原文片段；需求、趋势、竞争均未验证
ilovepdf.tube,Free PDF and image tools online,title,Free PDF and image tools online,https://ilovepdf.tube/,自动提取原文片段；需求、趋势、竞争均未验证
ilovepdf.tube,"Merge, split, compress and convert PDFs and images in your browser.",description,"Merge, split, compress and convert PDFs and images in your browser.",https://ilovepdf.tube/,自动提取原文片段；需求、趋势、竞争均未验证
ilovepdf.tube,"Free, fast, and your files are deleted automatically.",description,"Free, fast, and your files are deleted automatically.",https://ilovepdf.tube/,自动提取原文片段；需求、趋势、竞争均未验证
sitecheckerfree.website,Site Checker Free Grow Organic Traffic For FREE,h1,Site Checker Free Grow Organic Traffic For FREE,https://sitecheckerfree.website/,自动提取原文片段；需求、趋势、竞争均未验证
sitecheckerfree.website,Site Checker Free: Your Complete Guide to Unlocking Your Website's Full Potential,h1,Site Checker Free: Your Complete Guide to Unlocking Your Website's Full Potential,https://sitecheckerfree.website/,自动提取原文片段；需求、趋势、竞争均未验证
invoicebase.co.uk,Finish the job. Send the invoice.,h1,Finish the job. Send the invoice.,https://www.invoicebase.co.uk/,自动提取原文片段；需求、趋势、竞争均未验证
invoicebase.co.uk,InvoiceBase,title,InvoiceBase,https://www.invoicebase.co.uk/,自动提取原文片段；需求、趋势、竞争均未验证
invoicebase.co.uk,invoicing software without the accounting software,title,invoicing software without the accounting software,https://www.invoicebase.co.uk/,自动提取原文片段；需求、趋势、竞争均未验证
invoicebase.co.uk,Make and download professional A4 PDF invoices free.,description,Make and download professional A4 PDF invoices free.,https://www.invoicebase.co.uk/,自动提取原文片段；需求、趋势、竞争均未验证
invoicebase.co.uk,"£8.99/month unlocks saved invoices, clients, reusable line items, tracking and the dashboard.",description,"£8.99/month unlocks saved invoices, clients, reusable line items, tracking and the dashboard.",https://www.invoicebase.co.uk/,自动提取原文片段；需求、趋势、竞争均未验证
nassimvideo.fr,"Vos logements en vidéo, sans vidéaste .",h1,"Vos logements en vidéo, sans vidéaste .",https://nassimvideo.fr/,自动提取原文片段；需求、趋势、竞争均未验证
nassimvideo.fr,Nassim Vidéo,title,Nassim Vidéo,https://nassimvideo.fr/,自动提取原文片段；需求、趋势、竞争均未验证
nassimvideo.fr,Vidéos de logements pour conciergeries et agences,title,Vidéos de logements pour conciergeries et agences,https://nassimvideo.fr/,自动提取原文片段；需求、趋势、竞争均未验证
nassimvideo.fr,"Sans vidéaste, sans tournage à organiser.",description,"Sans vidéaste, sans tournage à organiser.",https://nassimvideo.fr/,自动提取原文片段；需求、趋势、竞争均未验证
agentioo.com,Automatisez votre recherche immobilière.,h1,Automatisez votre recherche immobilière.,https://www.agentioo.com/,自动提取原文片段；需求、趋势、竞争均未验证
agentioo.com,Trouvez le bien qu’aucune annonce ne montre,title,Trouvez le bien qu’aucune annonce ne montre,https://www.agentioo.com/,自动提取原文片段；需求、趋势、竞争均未验证
agentioo.com,agentioo,title,agentioo,https://www.agentioo.com/,自动提取原文片段；需求、趋势、竞争均未验证
pdf-convertido.online,"Seu PDF em Word, pronto para baixar e editar.",h1,"Seu PDF em Word, pronto para baixar e editar.",https://www.pdf-convertido.online/,自动提取原文片段；需求、趋势、竞争均未验证
pdf-convertido.online,Converter PDF para Word · PDF-Convertido [PDF para WORD],title,Converter PDF para Word · PDF-Convertido [PDF para WORD],https://www.pdf-convertido.online/,自动提取原文片段；需求、趋势、竞争均未验证
siteseochecker.website,Site Seo Checker Grow Organic Traffic For FREE,h1,Site Seo Checker Grow Organic Traffic For FREE,https://siteseochecker.website/,自动提取原文片段；需求、趋势、竞争均未验证
siteseochecker.website,Site SEO Checker: The Complete Guide to Elevating Your Website's Search Performance,h1,Site SEO Checker: The Complete Guide to Elevating Your Website's Search Performance,https://siteseochecker.website/,自动提取原文片段；需求、趋势、竞争均未验证
getagentmd.com,Documents in. Clean markdown out.,h1,Documents in. Clean markdown out.,https://www.getagentmd.com/,自动提取原文片段；需求、趋势、竞争均未验证
getagentmd.com,AgentMD,title,AgentMD,https://www.getagentmd.com/,自动提取原文片段；需求、趋势、竞争均未验证
getagentmd.com,"documents to clean markdown, built for agents",title,"documents to clean markdown, built for agents",https://www.getagentmd.com/,自动提取原文片段；需求、趋势、竞争均未验证
getagentmd.com,Priced per call.,description,Priced per call.,https://www.getagentmd.com/,自动提取原文片段；需求、趋势、竞争均未验证
showimageprompt.com,Image to Prompt,h1,Image to Prompt,https://showimageprompt.com/,自动提取原文片段；需求、趋势、竞争均未验证
showimageprompt.com,"Private, Local AI Prompt Generator",title,"Private, Local AI Prompt Generator",https://showimageprompt.com/,自动提取原文片段；需求、趋势、竞争均未验证
slaudiotools.com,Software for people who mix sound.,h1,Software for people who mix sound.,https://www.slaudiotools.com/,自动提取原文片段；需求、趋势、竞争均未验证
slaudiotools.com,SL AUDIOTOOLS: Software tools for audio engineers,title,SL AUDIOTOOLS: Software tools for audio engineers,https://www.slaudiotools.com/,自动提取原文片段；需求、趋势、竞争均未验证
electricaindustrialqro.com,Instalaciones eléctricas industriales en Querétaro,h1,Instalaciones eléctricas industriales en Querétaro,https://electricaindustrialqro.com/,自动提取原文片段；需求、趋势、竞争均未验证
electricaindustrialqro.com,Visita técnica sin costo.,description,Visita técnica sin costo.,https://electricaindustrialqro.com/,自动提取原文片段；需求、趋势、竞争均未验证
subtitletranslator.app,AI Subtitle Translator for SRT and VTT files,h1,AI Subtitle Translator for SRT and VTT files,https://subtitletranslator.app/,自动提取原文片段；需求、趋势、竞争均未验证
subtitletranslator.app,AI Subtitle Translator,title,AI Subtitle Translator,https://subtitletranslator.app/,自动提取原文片段；需求、趋势、竞争均未验证
subtitletranslator.app,Translate SRT & VTT Files,title,Translate SRT & VTT Files,https://subtitletranslator.app/,自动提取原文片段；需求、趋势、竞争均未验证
subtitletranslator.app,Translate subtitle files into 100+ languages with AI.,description,Translate subtitle files into 100+ languages with AI.,https://subtitletranslator.app/,自动提取原文片段；需求、趋势、竞争均未验证
subtitletranslator.app,Native macOS app.,description,Native macOS app.,https://subtitletranslator.app/,自动提取原文片段；需求、趋势、竞争均未验证
competitionchecker.website,Competition Checker Grow Organic Traffic For FREE,h1,Competition Checker Grow Organic Traffic For FREE,https://competitionchecker.website/,自动提取原文片段；需求、趋势、竞争均未验证
competitionchecker.website,Competition Checker: Your Ultimate Guide to Winning in the Digital Landscape,h1,Competition Checker: Your Ultimate Guide to Winning in the Digital Landscape,https://competitionchecker.website/,自动提取原文片段；需求、趋势、竞争均未验证
bulkdapachecker.website,Bulk Dapa Checker Grow Organic Traffic For FREE,h1,Bulk Dapa Checker Grow Organic Traffic For FREE,https://bulkdapachecker.website/,自动提取原文片段；需求、趋势、竞争均未验证
bulkdapachecker.website,Bulk DAPA Checker: Your Ultimate SEO Power Tool for Multiple Domains,h1,Bulk DAPA Checker: Your Ultimate SEO Power Tool for Multiple Domains,https://bulkdapachecker.website/,自动提取原文片段；需求、趋势、竞争均未验证
seocheckerforfree.website,Seo Checker For Free Grow Organic Traffic For FREE,h1,Seo Checker For Free Grow Organic Traffic For FREE,https://seocheckerforfree.website/,自动提取原文片段；需求、趋势、竞争均未验证
seocheckerforfree.website,SEO Checker for Free: Your Complete Guide to Unlocking Website Performance,h1,SEO Checker for Free: Your Complete Guide to Unlocking Website Performance,https://seocheckerforfree.website/,自动提取原文片段；需求、趋势、竞争均未验证
markflemingphoto.club,Baca Pertandingan. Main Lebih Cerdas.,h1,Baca Pertandingan. Main Lebih Cerdas.,https://markflemingphoto.club/,自动提取原文片段；需求、趋势、竞争均未验证
markflemingphoto.club,SPOTBET,title,SPOTBET,https://markflemingphoto.club/,自动提取原文片段；需求、趋势、竞争均未验证
markflemingphoto.club,Game Bola Online Beserta Slot Favorit Dengan Sistem Transparan,title,Game Bola Online Beserta Slot Favorit Dengan Sistem Transparan,https://markflemingphoto.club/,自动提取原文片段；需求、趋势、竞争均未验证
markflemingphoto.club,Nikmati taruhan bola online dan slot favorit dengan sistem transparan di SPOTBET.,description,Nikmati taruhan bola online dan slot favorit dengan sistem transparan di SPOTBET.,https://markflemingphoto.club/,自动提取原文片段；需求、趋势、竞争均未验证
markflemingphoto.club,"Kami memberikan pengalaman bermain yang adil, aman, dan terpercaya bagi semua pemain.",description,"Kami memberikan pengalaman bermain yang adil, aman, dan terpercaya bagi semua pemain.",https://markflemingphoto.club/,自动提取原文片段；需求、趋势、竞争均未验证
agentvera.tech,Meet Vera,h1,Meet Vera,https://agentvera.tech/,自动提取原文片段；需求、趋势、竞争均未验证
agentvera.tech,Vera,title,Vera,https://agentvera.tech/,自动提取原文片段；需求、趋势、竞争均未验证
51video-nets.cloud,51视频官方平台,h1,51视频官方平台,https://51video-nets.cloud/,自动提取原文片段；需求、趋势、竞争均未验证
51video-nets.cloud,每日精选视频持续更新,h1,每日精选视频持续更新,https://51video-nets.cloud/,自动提取原文片段；需求、趋势、竞争均未验证
51video-nets.cloud,备用域名（1818app.net） 51视频整理本周精选、短镜辑、纪录窗、镜头课与片单阅读，以公开信息和版权边界为基础提供影像导览，并连接幕后、观法、APP与常见问题等完整入口。,description,备用域名（1818app.net） 51视频整理本周精选、短镜辑、纪录窗、镜头课与片单阅读，以公开信息和版权边界为基础提供影像导览，并连接幕后、观法、APP与常见问题等完整入口。,https://51video-nets.cloud/,自动提取原文片段；需求、趋势、竞争均未验证
alafonte.com,"Classical hatha, taught patiently",h1,"Classical hatha, taught patiently",https://alafonte.com/,自动提取原文片段；需求、趋势、竞争均未验证
alafonte.com,Alafonte,title,Alafonte,https://alafonte.com/,自动提取原文片段；需求、趋势、竞争均未验证
alafonte.com,Hatha yoga studio in Turin,title,Hatha yoga studio in Turin,https://alafonte.com/,自动提取原文片段；需求、趋势、竞争均未验证
alafonte.com,Classical hatha yoga studio in Turin,description,Classical hatha yoga studio in Turin,https://alafonte.com/,自动提取原文片段；需求、趋势、竞争均未验证
alafonte.com,"fixed sequences, small classes and patient teaching for every level.",description,"fixed sequences, small classes and patient teaching for every level.",https://alafonte.com/,自动提取原文片段；需求、趋势、竞争均未验证
pdfication.com,"Fix any PDF in seconds. No fuss, no fees.",h1,"Fix any PDF in seconds. No fuss, no fees.",https://www.pdfication.com/,自动提取原文片段；需求、趋势、竞争均未验证
pdfication.com,PDFication,title,PDFication,https://www.pdfication.com/,自动提取原文片段；需求、趋势、竞争均未验证
pdfication.com,Free Online PDF Tools,title,Free Online PDF Tools,https://www.pdfication.com/,自动提取原文片段；需求、趋势、竞争均未验证
pdfication.com,"Merge, split, compress, convert and organize PDF files.",description,"Merge, split, compress, convert and organize PDF files.",https://www.pdfication.com/,自动提取原文片段；需求、趋势、竞争均未验证
pdfication.com,"Free, no sign-up, no watermarks",description,"Free, no sign-up, no watermarks",https://www.pdfication.com/,自动提取原文片段；需求、趋势、竞争均未验证
pdfication.com,browser-based tools that respect your privacy.,description,browser-based tools that respect your privacy.,https://www.pdfication.com/,自动提取原文片段；需求、趋势、竞争均未验证
rankcheckerseo.website,Rank Checker Seo Grow Organic Traffic For FREE,h1,Rank Checker Seo Grow Organic Traffic For FREE,https://rankcheckerseo.website/,自动提取原文片段；需求、趋势、竞争均未验证
rankcheckerseo.website,Rank Checker SEO: Your Complete Guide to Tracking and Improving Search Rankings,h1,Rank Checker SEO: Your Complete Guide to Tracking and Improving Search Rankings,https://rankcheckerseo.website/,自动提取原文片段；需求、趋势、竞争均未验证
photonoisereducer.com,昆明志航跨界合作咨询有限公司,title,昆明志航跨界合作咨询有限公司,https://photonoisereducer.com/,自动提取原文片段；需求、趋势、竞争均未验证
dapafreechecker.website,Da Pa Free Checker Grow Organic Traffic For FREE,h1,Da Pa Free Checker Grow Organic Traffic For FREE,https://dapafreechecker.website/,自动提取原文片段；需求、趋势、竞争均未验证
dapafreechecker.website,DA PA Free Checker,h1,DA PA Free Checker,https://dapafreechecker.website/,自动提取原文片段；需求、趋势、竞争均未验证
dapafreechecker.website,Your Complete Guide to Checking Domain and Page Authority Scores,h1,Your Complete Guide to Checking Domain and Page Authority Scores,https://dapafreechecker.website/,自动提取原文片段；需求、趋势、竞争均未验证
dapafreechecker.website,instantly check Domain Authority and Page Authority scores for any website.,description,instantly check Domain Authority and Page Authority scores for any website.,https://dapafreechecker.website/,自动提取原文片段；需求、趋势、竞争均未验证
dapafreechecker.website,"Free, fast, no signup required.",description,"Free, fast, no signup required.",https://dapafreechecker.website/,自动提取原文片段；需求、趋势、竞争均未验证
ilovevideos.in,Every tool you need to work with videos in one place,h1,Every tool you need to work with videos in one place,https://www.ilovevideos.in/,自动提取原文片段；需求、趋势、竞争均未验证
ilovevideos.in,iLoveVideos,title,iLoveVideos,https://www.ilovevideos.in/,自动提取原文片段；需求、趋势、竞争均未验证
ilovevideos.in,Online Video tools for video lovers,title,Online Video tools for video lovers,https://www.ilovevideos.in/,自动提取原文片段；需求、趋势、竞争均未验证
ilovevideos.in,"Compress video, trim video, convert video, add filters, watermark and more!",description,"Compress video, trim video, convert video, add filters, watermark and more!",https://www.ilovevideos.in/,自动提取原文片段；需求、趋势、竞争均未验证
backlinkcheckerbest.website,Backlink Checker Best Grow Organic Traffic For FREE,h1,Backlink Checker Best Grow Organic Traffic For FREE,https://backlinkcheckerbest.website/,自动提取原文片段；需求、趋势、竞争均未验证
backlinkcheckerbest.website,Backlink Checker Best: Your Complete Guide to Finding and Leveraging Quality Backlinks,h1,Backlink Checker Best: Your Complete Guide to Finding and Leveraging Quality Backlinks,https://backlinkcheckerbest.website/,自动提取原文片段；需求、趋势、竞争均未验证
allproinvoice.com,Professional invoices. Clearer cash flow.,h1,Professional invoices. Clearer cash flow.,https://allproinvoice.com/,自动提取原文片段；需求、趋势、竞争均未验证
allproinvoice.com,All Pro Invoice,title,All Pro Invoice,https://allproinvoice.com/,自动提取原文片段；需求、趋势、竞争均未验证
allproinvoice.com,Invoicing for Small Business,title,Invoicing for Small Business,https://allproinvoice.com/,自动提取原文片段；需求、趋势、竞争均未验证
nextlevelprompts.online,AI Video & Cinematic Prompts for Creators,h1,AI Video & Cinematic Prompts for Creators,https://nextlevelprompts.online/,自动提取原文片段；需求、趋势、竞争均未验证
nextlevelprompts.online,NextLevel Prompts for Creators,h1,NextLevel Prompts for Creators,https://nextlevelprompts.online/,自动提取原文片段；需求、趋势、竞争均未验证
nextlevelprompts.online,NextLevel Prompts,title,NextLevel Prompts,https://nextlevelprompts.online/,自动提取原文片段；需求、趋势、竞争均未验证
nextlevelprompts.online,Viral AI Video Prompts Library by Abdul Rehman,title,Viral AI Video Prompts Library by Abdul Rehman,https://nextlevelprompts.online/,自动提取原文片段；需求、趋势、竞争均未验证
nextlevelprompts.online,"300+ Viral AI Video Prompts for TikTok, YouTube Shorts, Reels & Facebook.",description,"300+ Viral AI Video Prompts for TikTok, YouTube Shorts, Reels & Facebook.",https://nextlevelprompts.online/,自动提取原文片段；需求、趋势、竞争均未验证
nextlevelprompts.online,Daily new niches & prompts added.,description,Daily new niches & prompts added.,https://nextlevelprompts.online/,自动提取原文片段；需求、趋势、竞争均未验证
invoicemakerpdf.online,WhatsApp Document & Invoice Generator,h1,WhatsApp Document & Invoice Generator,https://invoicemakerpdf.online/,自动提取原文片段；需求、趋势、竞争均未验证
invoicemakerpdf.online,WhatsApp Invoice Generator,title,WhatsApp Invoice Generator,https://invoicemakerpdf.online/,自动提取原文片段；需求、趋势、竞争均未验证
invoicemakerpdf.online,invoicemakerpdf.online,title,invoicemakerpdf.online,https://invoicemakerpdf.online/,自动提取原文片段；需求、趋势、竞争均未验证
seopadachecker.website,Seo Pa Da Checker Grow Organic Traffic For FREE,h1,Seo Pa Da Checker Grow Organic Traffic For FREE,https://seopadachecker.website/,自动提取原文片段；需求、趋势、竞争均未验证
seopadachecker.website,SEO PA DA Checker: Your Complete Guide to Domain and Page Authority,h1,SEO PA DA Checker: Your Complete Guide to Domain and Page Authority,https://seopadachecker.website/,自动提取原文片段；需求、趋势、竞争均未验证
freepachecker.website,Free Pa Checker Grow Organic Traffic For FREE,h1,Free Pa Checker Grow Organic Traffic For FREE,https://freepachecker.website/,自动提取原文片段；需求、趋势、竞争均未验证
freepachecker.website,Free PA Checker: Your Complete Guide to Boosting Page Authority,h1,Free PA Checker: Your Complete Guide to Boosting Page Authority,https://freepachecker.website/,自动提取原文片段；需求、趋势、竞争均未验证
78video-cn.cloud,先把一卷看完，再换下一条,h1,先把一卷看完，再换下一条,https://78video-cn.cloud/,自动提取原文片段；需求、趋势、竞争均未验证
78video-cn.cloud,78视频官网,title,78视频官网,https://78video-cn.cloud/,自动提取原文片段；需求、趋势、竞争均未验证
78video-cn.cloud,每日热门视频与新鲜内容速递,title,每日热门视频与新鲜内容速递,https://78video-cn.cloud/,自动提取原文片段；需求、趋势、竞争均未验证
78video-cn.cloud,备用域名（1818app.net） 78视频整理本周周卷、长镜观察、夜场笔记、镜头工坊、片目与档期阅读，以公开合法资料提供清晰的影像导览与移动阅读入口。 并方便读者在桌面与手机端连续阅读、核对与查找。,description,备用域名（1818app.net） 78视频整理本周周卷、长镜观察、夜场笔记、镜头工坊、片目与档期阅读，以公开合法资料提供清晰的影像导览与移动阅读入口。 并方便读者在桌面与手机端连续阅读、核对与查找。,https://78video-cn.cloud/,自动提取原文片段；需求、趋势、竞争均未验证
videocalculator.online,"Calculadoras de Ingresos, RPM, CPM, Shorts y SEO para YouTube",h1,"Calculadoras de Ingresos, RPM, CPM, Shorts y SEO para YouTube",https://videocalculator.online/,自动提取原文片段；需求、趋势、竞争均未验证
videocalculator.online,YouTubeCalculador,title,YouTubeCalculador,https://videocalculator.online/,自动提取原文片段；需求、趋势、竞争均未验证
videocalculator.online,Herramientas y Calculadoras Gratuitas para Creadores de YouTube,title,Herramientas y Calculadoras Gratuitas para Creadores de YouTube,https://videocalculator.online/,自动提取原文片段；需求、趋势、竞争均未验证
agentrevu.com,Catch agent bugs before they hit production,h1,Catch agent bugs before they hit production,https://agentrevu.com/,自动提取原文片段；需求、趋势、竞争均未验证
agentrevu.com,AgentRevu,title,AgentRevu,https://agentrevu.com/,自动提取原文片段；需求、趋势、竞争均未验证
agentrevu.com,AI Code Review for Agent-Generated PRs,title,AI Code Review for Agent-Generated PRs,https://agentrevu.com/,自动提取原文片段；需求、趋势、竞争均未验证
agentrevu.com,Catch agent bugs before merge.,description,Catch agent bugs before merge.,https://agentrevu.com/,自动提取原文片段；需求、趋势、竞争均未验证
agentrevu.com,"flagging hallucinated APIs, missing tests, secrets, and subtle regressions.",description,"flagging hallucinated APIs, missing tests, secrets, and subtle regressions.",https://agentrevu.com/,自动提取原文片段；需求、趋势、竞争均未验证
linimasaphototrip.web.id,Discover Your Perfect Getaway,h1,Discover Your Perfect Getaway,https://linimasaphototrip.web.id/,自动提取原文片段；需求、趋势、竞争均未验证
linimasaphototrip.web.id,Linimasa,title,Linimasa,https://linimasaphototrip.web.id/,自动提取原文片段；需求、趋势、竞争均未验证
linimasaphototrip.web.id,Indonesia Travel Photography,title,Indonesia Travel Photography,https://linimasaphototrip.web.id/,自动提取原文片段；需求、趋势、竞争均未验证
websitepagechecker.website,Website Page Checker Grow Organic Traffic For FREE,h1,Website Page Checker Grow Organic Traffic For FREE,https://websitepagechecker.website/,自动提取原文片段；需求、趋势、竞争均未验证
websitepagechecker.website,Website Page Checker: Your Complete Guide to Optimizing Every Page for Success,h1,Website Page Checker: Your Complete Guide to Optimizing Every Page for Success,https://websitepagechecker.website/,自动提取原文片段；需求、趋势、竞争均未验证
dacheckerfree.website,Da Checker Free Grow Organic Traffic For FREE,h1,Da Checker Free Grow Organic Traffic For FREE,https://dacheckerfree.website/,自动提取原文片段；需求、趋势、竞争均未验证
dacheckerfree.website,Da Checker Free,h1,Da Checker Free,https://dacheckerfree.website/,自动提取原文片段；需求、趋势、竞争均未验证
dacheckerfree.website,Your Complete Guide to Checking Domain Authority Without Paying,h1,Your Complete Guide to Checking Domain Authority Without Paying,https://dacheckerfree.website/,自动提取原文片段；需求、趋势、竞争均未验证
thepssagent.com,PSS Agent Hub,h1,PSS Agent Hub,https://thepssagent.com/,自动提取原文片段；需求、趋势、竞争均未验证
freerankcheckertool.website,Free Rank Checker Tool Grow Organic Traffic For FREE,h1,Free Rank Checker Tool Grow Organic Traffic For FREE,https://freerankcheckertool.website/,自动提取原文片段；需求、趋势、竞争均未验证
pomodorotimercat.com,Pomodoro Cat 💖,h1,Pomodoro Cat 💖,https://pomodorotimercat.com/,自动提取原文片段；需求、趋势、竞争均未验证
pomodorotimercat.com,Pomodoro Timer Cat,title,Pomodoro Timer Cat,https://pomodorotimercat.com/,自动提取原文片段；需求、趋势、竞争均未验证
pomodorotimercat.com,Free Aesthetic Pomodoro Timer Online,title,Free Aesthetic Pomodoro Timer Online,https://pomodorotimercat.com/,自动提取原文片段；需求、趋势、竞争均未验证
pomodorotimercat.com,Cute Cat Study Timer,title,Cute Cat Study Timer,https://pomodorotimercat.com/,自动提取原文片段；需求、趋势、竞争均未验证
pomodorotimercat.com,"Discover Pomodoro Timer Cat, the best cute and aesthetic pomodoro timer online.",description,"Discover Pomodoro Timer Cat, the best cute and aesthetic pomodoro timer online.",https://pomodorotimercat.com/,自动提取原文片段；需求、趋势、竞争均未验证
nova-ai-agent.com,Say what you want done. Come back to it finished .,h1,Say what you want done. Come back to it finished .,https://nova-ai-agent.com/,自动提取原文片段；需求、趋势、竞争均未验证
nova-ai-agent.com,Nova AI,title,Nova AI,https://nova-ai-agent.com/,自动提取原文片段；需求、趋势、竞争均未验证
nova-ai-agent.com,the Mac agent that finishes the task,title,the Mac agent that finishes the task,https://nova-ai-agent.com/,自动提取原文片段；需求、趋势、竞争均未验证
nova-ai-agent.com,Nova AI is an autonomous task agent for macOS.,description,Nova AI is an autonomous task agent for macOS.,https://nova-ai-agent.com/,自动提取原文片段；需求、趋势、竞争均未验证
nova-ai-agent.com,Describe the outcome you want;,description,Describe the outcome you want;,https://nova-ai-agent.com/,自动提取原文片段；需求、趋势、竞争均未验证
nova-ai-agent.com,"$19, paid once.",description,"$19, paid once.",https://nova-ai-agent.com/,自动提取原文片段；需求、趋势、竞争均未验证
wefixphoto.com,"Restore old, damaged, and faded photos.",h1,"Restore old, damaged, and faded photos.",https://wefixphoto.com/,自动提取原文片段；需求、趋势、竞争均未验证
wefixphoto.com,WefixPhoto,title,WefixPhoto,https://wefixphoto.com/,自动提取原文片段；需求、趋势、竞争均未验证
wefixphoto.com,"Restore old, damaged, and faded photos",title,"Restore old, damaged, and faded photos",https://wefixphoto.com/,自动提取原文片段；需求、趋势、竞争均未验证
videoclarityengine.online,Turn pixels into perfection.,h1,Turn pixels into perfection.,https://videoclarityengine.online/,自动提取原文片段；需求、趋势、竞争均未验证
videoclarityengine.online,Video Clarity Engine,title,Video Clarity Engine,https://videoclarityengine.online/,自动提取原文片段；需求、趋势、竞争均未验证
videoclarityengine.online,Turn pixels into perfection,title,Turn pixels into perfection,https://videoclarityengine.online/,自动提取原文片段；需求、趋势、竞争均未验证
videoclarityengine.online,AI-powered video enhancement SaaS.,description,AI-powered video enhancement SaaS.,https://videoclarityengine.online/,自动提取原文片段；需求、趋势、竞争均未验证
videoclarityengine.online,"Upscale to 4K/8K, remove noise, stabilize footage, restore old videos.",description,"Upscale to 4K/8K, remove noise, stabilize footage, restore old videos.",https://videoclarityengine.online/,自动提取原文片段；需求、趋势、竞争均未验证
videoclarityengine.online,Where AI meets visual precision.,description,Where AI meets visual precision.,https://videoclarityengine.online/,自动提取原文片段；需求、趋势、竞争均未验证
hotao-video.cloud,把今天想看的，放进更清楚的一页,h1,把今天想看的，放进更清楚的一页,https://hotao-video.cloud/,自动提取原文片段；需求、趋势、竞争均未验证
hotao-video.cloud,红桃视频APP,title,红桃视频APP,https://hotao-video.cloud/,自动提取原文片段；需求、趋势、竞争均未验证
hotao-video.cloud,手机端每日精选内容入口,title,手机端每日精选内容入口,https://hotao-video.cloud/,自动提取原文片段；需求、趋势、竞争均未验证
hotao-video.cloud,备用域名（1818app.net） 红桃视频整理脉页、笺栏、幕栏、匣栏、册栏与移动端阅读入口，以公开资讯、编辑观察、版权说明和清楚栏目路径组成每日精选内容页面。,description,备用域名（1818app.net） 红桃视频整理脉页、笺栏、幕栏、匣栏、册栏与移动端阅读入口，以公开资讯、编辑观察、版权说明和清楚栏目路径组成每日精选内容页面。,https://hotao-video.cloud/,自动提取原文片段；需求、趋势、竞争均未验证
quizvoro.com,About quizvoro.com,h1,About quizvoro.com,https://quizvoro.com/,自动提取原文片段；需求、趋势、竞争均未验证
quizvoro.com,Quizvoro.com,title,Quizvoro.com,https://quizvoro.com/,自动提取原文片段；需求、趋势、竞争均未验证
quizvoro.com,Play free games online search,title,Play free games online search,https://quizvoro.com/,自动提取原文片段；需求、趋势、竞争均未验证
quizvoro.com,Play free games online at quizvoro.com!,description,Play free games online at quizvoro.com!,https://quizvoro.com/,自动提取原文片段；需求、趋势、竞争均未验证
quizvoro.com,"Explore action-packed adventures, puzzles, and more.",description,"Explore action-packed adventures, puzzles, and more.",https://quizvoro.com/,自动提取原文片段；需求、趋势、竞争均未验证
quizvoro.com,Your ultimate destination for fun and challenges!,description,Your ultimate destination for fun and challenges!,https://quizvoro.com/,自动提取原文片段；需求、趋势、竞争均未验证
convert.surf,Image Converter,h1,Image Converter,https://convert.surf/,自动提取原文片段；需求、趋势、竞争均未验证
convert.surf,convert.gifts,title,convert.gifts,https://convert.surf/,自动提取原文片段；需求、趋势、竞争均未验证
taxprepadvisorygroup.com,Business Recovery Network,h1,Business Recovery Network,https://taxprepadvisorygroup.com/,自动提取原文片段；需求、趋势、竞争均未验证
usispcheck.com,See your website the way America sees it.,h1,See your website the way America sees it.,https://usispcheck.com/,自动提取原文片段；需求、趋势、竞争均未验证
usispcheck.com,US ISP Check,title,US ISP Check,https://usispcheck.com/,自动提取原文片段；需求、趋势、竞争均未验证
usispcheck.com,See your website the way America sees it,title,See your website the way America sees it,https://usispcheck.com/,自动提取原文片段；需求、趋势、竞争均未验证
usispcheck.com,Monitor website accessibility through major U.S.,description,Monitor website accessibility through major U.S.,https://usispcheck.com/,自动提取原文片段；需求、趋势、竞争均未验证
usispcheck.com,residential ISPs and mobile carriers.,description,residential ISPs and mobile carriers.,https://usispcheck.com/,自动提取原文片段；需求、趋势、竞争均未验证
usispcheck.com,Detect network-specific failures and preserve visual evidence with daily snapshots.,description,Detect network-specific failures and preserve visual evidence with daily snapshots.,https://usispcheck.com/,自动提取原文片段；需求、趋势、竞争均未验证
workoutleggings.net,Diwa King India APK Guide,h1,Diwa King India APK Guide,https://workoutleggings.net/,自动提取原文片段；需求、趋势、竞争均未验证
workoutleggings.net,Clean Install Path,h1,Clean Install Path,https://workoutleggings.net/,自动提取原文片段；需求、趋势、竞争均未验证
workoutleggings.net,Independent notes.,description,Independent notes.,https://workoutleggings.net/,自动提取原文片段；需求、趋势、竞争均未验证
workoutleggings.net,18+ only.,description,18+ only.,https://workoutleggings.net/,自动提取原文片段；需求、趋势、竞争均未验证
ariaeditor.com,Say the edit. Watch it happen.,h1,Say the edit. Watch it happen.,https://ariaeditor.com/,自动提取原文片段；需求、趋势、竞争均未验证
ariaeditor.com,"Aria, the video editor you can talk to",title,"Aria, the video editor you can talk to",https://ariaeditor.com/,自动提取原文片段；需求、趋势、竞争均未验证
luxurycarrentalsplit.com,Drive the Dalmatian coast with style.,h1,Drive the Dalmatian coast with style.,https://luxurycarrentalsplit.com/,自动提取原文片段；需求、趋势、竞争均未验证
luxurycarrentalsplit.com,Luxury Car Rental Split,title,Luxury Car Rental Split,https://luxurycarrentalsplit.com/,自动提取原文片段；需求、趋势、竞争均未验证
luxurycarrentalsplit.com,"Porsche, AMG & BMW",title,"Porsche, AMG & BMW",https://luxurycarrentalsplit.com/,自动提取原文片段；需求、趋势、竞争均未验证
luxurycarrentalsplit.com,Horizon Lux,title,Horizon Lux,https://luxurycarrentalsplit.com/,自动提取原文片段；需求、趋势、竞争均未验证
luxurycarrentalsplit.com,"Five brand-new cars, delivered to your hotel or Split Airport.",description,"Five brand-new cars, delivered to your hotel or Split Airport.",https://luxurycarrentalsplit.com/,自动提取原文片段；需求、趋势、竞争均未验证
luxurycarrentalsplit.com,"Every rate published, from €600 per 24 h with 200 km a day included.",description,"Every rate published, from €600 per 24 h with 200 km a day included.",https://luxurycarrentalsplit.com/,自动提取原文片段；需求、趋势、竞争均未验证
votemattshoemaker.com,We came home for these schools. Why?,h1,We came home for these schools. Why?,https://votemattshoemaker.com/,自动提取原文片段；需求、趋势、竞争均未验证
votemattshoemaker.com,Matt Shoemaker for Saline School Board,title,Matt Shoemaker for Saline School Board,https://votemattshoemaker.com/,自动提取原文片段；需求、趋势、竞争均未验证
pixelnexorax.com,Enterprise UI/UX Workflows Into Intuitive Software,h1,Enterprise UI/UX Workflows Into Intuitive Software,https://pixelnexorax.com/,自动提取原文片段；需求、趋势、竞争均未验证
pixelnexorax.com,PixelNexorax,title,PixelNexorax,https://pixelnexorax.com/,自动提取原文片段；需求、趋势、竞争均未验证
pixelnexorax.com,Enterprise UI/UX & Product Engineering,title,Enterprise UI/UX & Product Engineering,https://pixelnexorax.com/,自动提取原文片段；需求、趋势、竞争均未验证
aitranslate.live,A I T r a n s l a t o r,h1,A I T r a n s l a t o r,https://aitranslate.live/,自动提取原文片段；需求、趋势、竞争均未验证
aitranslate.live,Голосовой переводчик и AI-ассистент с камерой,title,Голосовой переводчик и AI-ассистент с камерой,https://aitranslate.live/,自动提取原文片段；需求、趋势、竞争均未验证
studyplan.fr,Ton année enfin sous contrôle,h1,Ton année enfin sous contrôle,https://studyplan.fr/,自动提取原文片段；需求、趋势、竞争均未验证
studyplan.fr,StudyPlan,title,StudyPlan,https://studyplan.fr/,自动提取原文片段；需求、趋势、竞争均未验证
studyplan.fr,"Organisation scolaire : emploi du temps, devoirs et révisions espacées.",description,"Organisation scolaire : emploi du temps, devoirs et révisions espacées.",https://studyplan.fr/,自动提取原文片段；需求、趋势、竞争均未验证
insighteditor.in,Insight Editor APK Download,h1,Insight Editor APK Download,https://insighteditor.in/,自动提取原文片段；需求、趋势、竞争均未验证
insighteditor.in,Full ID Clonner Instagram (v2.4.0),h1,Full ID Clonner Instagram (v2.4.0),https://insighteditor.in/,自动提取原文片段；需求、趋势、竞争均未验证
insighteditor.in,Insight Editor APK Download Full ID Clonner Instagram,title,Insight Editor APK Download Full ID Clonner Instagram,https://insighteditor.in/,自动提取原文片段；需求、趋势、竞争均未验证
insighteditor.in,Insights Editor App (v2.4.0),title,Insights Editor App (v2.4.0),https://insighteditor.in/,自动提取原文片段；需求、趋势、竞争均未验证
insighteditor.in,Download Insight Editor APK free for Android (v2.4.0),description,Download Insight Editor APK free for Android (v2.4.0),https://insighteditor.in/,自动提取原文片段；需求、趋势、竞争均未验证
insighteditor.in,Built for Whop creators & Clipster editors.,description,Built for Whop creators & Clipster editors.,https://insighteditor.in/,自动提取原文片段；需求、趋势、竞争均未验证
gptaxis.nl,Wees het antwoord. AI geeft.,h1,Wees het antwoord. AI geeft.,https://gptaxis.nl/,自动提取原文片段；需求、趋势、竞争均未验证
gptaxis.nl,Wees het antwoord dat AI geeft,title,Wees het antwoord dat AI geeft,https://gptaxis.nl/,自动提取原文片段；需求、趋势、竞争均未验证
gptaxis.nl,in alle vijf engines · GPTAxis,title,in alle vijf engines · GPTAxis,https://gptaxis.nl/,自动提取原文片段；需求、趋势、竞争均未验证
gptaxis.nl,AI Visibility Sprint.,description,AI Visibility Sprint.,https://gptaxis.nl/,自动提取原文片段；需求、趋势、竞争均未验证
learnsolarph.com,Know solar. Make better decisions.,h1,Know solar. Make better decisions.,https://learnsolarph.com/,自动提取原文片段；需求、趋势、竞争均未验证
learnsolarph.com,Learn Solar PH,title,Learn Solar PH,https://learnsolarph.com/,自动提取原文片段；需求、趋势、竞争均未验证
learnsolarph.com,Practical solar education for Filipinos,title,Practical solar education for Filipinos,https://learnsolarph.com/,自动提取原文片段；需求、趋势、竞争均未验证
checkdomainauthority.website,Check Domain Authority Grow Organic Traffic For FREE,h1,Check Domain Authority Grow Organic Traffic For FREE,https://checkdomainauthority.website/,自动提取原文片段；需求、趋势、竞争均未验证
lawnmowingschedules.com,Mowing Contracts for US Municipal Utility Districts: How Small Firms Win,h1,Mowing Contracts for US Municipal Utility Districts: How Small Firms Win,https://lawnmowingschedules.com/,自动提取原文片段；需求、趋势、竞争均未验证
lawnmowingschedules.com,Lawn Mowing Schedules · Lawn mowing schedules for people doing the work,title,Lawn Mowing Schedules · Lawn mowing schedules for people doing the work,https://lawnmowingschedules.com/,自动提取原文片段；需求、趋势、竞争均未验证
lawnmowingschedules.com,Notes and reporting on lawn care business operations.,description,Notes and reporting on lawn care business operations.,https://lawnmowingschedules.com/,自动提取原文片段；需求、趋势、竞争均未验证
lawnmowingschedules.com,"Written for the person weighing the decision, not the one selling it.",description,"Written for the person weighing the decision, not the one selling it.",https://lawnmowingschedules.com/,自动提取原文片段；需求、趋势、竞争均未验证
ibhistorytutor.cz,Expert IB History Tutor Czechia,h1,Expert IB History Tutor Czechia,https://www.ibhistorytutor.cz/,自动提取原文片段；需求、趋势、竞争均未验证
ibhistorytutor.cz,IB History Tutor Czechia,title,IB History Tutor Czechia,https://www.ibhistorytutor.cz/,自动提取原文片段；需求、趋势、竞争均未验证
ibhistorytutor.cz,Rated #1 IB History,title,Rated #1 IB History,https://www.ibhistorytutor.cz/,自动提取原文片段；需求、趋势、竞争均未验证
ibhistorytutor.cz,Expert IB History tutors rated #1 in Czechia.,description,Expert IB History tutors rated #1 in Czechia.,https://www.ibhistorytutor.cz/,自动提取原文片段；需求、趋势、竞争均未验证
pixels.family,Scroll. Post. Own.,h1,Scroll. Post. Own.,https://www.pixels.family/,自动提取原文片段；需求、趋势、竞争均未验证
pixels.family,"Pixels: scroll, post, own",title,"Pixels: scroll, post, own",https://www.pixels.family/,自动提取原文片段；需求、趋势、竞争均未验证
pixels.family,"Watch YouTube, earn GOOGL.",description,"Watch YouTube, earn GOOGL.",https://www.pixels.family/,自动提取原文片段；需求、趋势、竞争均未验证
pixels.family,"Play Roblox, earn RBLX.",description,"Play Roblox, earn RBLX.",https://www.pixels.family/,自动提取原文片段；需求、趋势、竞争均未验证
pixels.family,"Post on Instagram, earn META.",description,"Post on Instagram, earn META.",https://www.pixels.family/,自动提取原文片段；需求、趋势、竞争均未验证
pixels.family,"Your screen time, paid in stock tokens.",description,"Your screen time, paid in stock tokens.",https://www.pixels.family/,自动提取原文片段；需求、趋势、竞争均未验证
audit-fantome.site,Débusque les abonnements qu'on paie sans s'en servir.,h1,Débusque les abonnements qu'on paie sans s'en servir.,https://audit-fantome.site/,自动提取原文片段；需求、趋势、竞争均未验证
audit-fantome.site,Fantômes,title,Fantômes,https://audit-fantome.site/,自动提取原文片段；需求、趋势、竞争均未验证
audit-fantome.site,Débusque les abonnements qu'on paie sans s'en servir,title,Débusque les abonnements qu'on paie sans s'en servir,https://audit-fantome.site/,自动提取原文片段；需求、趋势、竞争均未验证
audit-fantome.site,19 € une fois.,description,19 € une fois.,https://audit-fantome.site/,自动提取原文片段；需求、趋势、竞争均未验证
bidcheck.fyi,Got a contractor estimate? Check it before you sign.,h1,Got a contractor estimate? Check it before you sign.,https://bidcheck.fyi/,自动提取原文片段；需求、趋势、竞争均未验证
bidcheck.fyi,BidCheck,title,BidCheck,https://bidcheck.fyi/,自动提取原文片段；需求、趋势、竞争均未验证
bidcheck.fyi,Check Your Contractor Estimate Before You Sign,title,Check Your Contractor Estimate Before You Sign,https://bidcheck.fyi/,自动提取原文片段；需求、趋势、竞争均未验证
palearna.com,hth官网入口 APP与网页版入口｜畅享全球体育赛事与数据服务,h1,hth官网入口 APP与网页版入口｜畅享全球体育赛事与数据服务,https://palearna.com/,自动提取原文片段；需求、趋势、竞争均未验证
palearna.com,华体会(HTH)官网首页-官方入口中心,title,华体会(HTH)官网首页-官方入口中心,https://palearna.com/,自动提取原文片段；需求、趋势、竞争均未验证
cdcalculate.info,"CD Calculator Interest, APY & Maturity",h1,"CD Calculator Interest, APY & Maturity",https://cdcalculate.info/,自动提取原文片段；需求、趋势、竞争均未验证
cdcalculate.info,CD Calculator,title,CD Calculator,https://cdcalculate.info/,自动提取原文片段；需求、趋势、竞争均未验证
cdcalculate.info,"Calculate Interest, APY & Maturity",title,"Calculate Interest, APY & Maturity",https://cdcalculate.info/,自动提取原文片段；需求、趋势、竞争均未验证
cdcalculate.info,"Use the CD Calculator to calculate Interest, APY & Maturity.",description,"Use the CD Calculator to calculate Interest, APY & Maturity.",https://cdcalculate.info/,自动提取原文片段；需求、趋势、竞争均未验证
cdcalculate.info,"Learn CD interest, APY, terms, penalties and strategies with CDCalculate.info.",description,"Learn CD interest, APY, terms, penalties and strategies with CDCalculate.info.",https://cdcalculate.info/,自动提取原文片段；需求、趋势、竞争均未验证
taxmate-cis.com,TaxMate CIS,h1,TaxMate CIS,https://taxmate-cis.com/,自动提取原文片段；需求、趋势、竞争均未验证
webpmypng.online,PNG to WebP Converter Online Free,h1,PNG to WebP Converter Online Free,https://webpmypng.online/,自动提取原文片段；需求、趋势、竞争均未验证
webpmypng.online,Convert PNG images to WebP online for free.,description,Convert PNG images to WebP online for free.,https://webpmypng.online/,自动提取原文片段；需求、趋势、竞争均未验证
ufapixel.games,ufapixel,h1,ufapixel,https://ufapixel.games/,自动提取原文片段；需求、趋势、竞争均未验证
ufapixel.games,ufapixel ไทย,title,ufapixel ไทย,https://ufapixel.games/,自动提取原文片段；需求、趋势、竞争均未验证
estatechecks.com,See the unit before you pay bayana,h1,See the unit before you pay bayana,https://estatechecks.com/,自动提取原文片段；需求、趋势、竞争均未验证
estatechecks.com,Estate Checks,title,Estate Checks,https://estatechecks.com/,自动提取原文片段；需求、趋势、竞争均未验证
estatechecks.com,"Lahore houses, flats, and plots you can walk",title,"Lahore houses, flats, and plots you can walk",https://estatechecks.com/,自动提取原文片段；需求、趋势、竞争均未验证
estatechecks.com,cash purchase or a bank file.,description,cash purchase or a bank file.,https://estatechecks.com/,自动提取原文片段；需求、趋势、竞争均未验证
estatechecks.com,Dated public-list tags.,description,Dated public-list tags.,https://estatechecks.com/,自动提取原文片段；需求、趋势、竞争均未验证
estatechecks.com,Not a bank.,description,Not a bank.,https://estatechecks.com/,自动提取原文片段；需求、趋势、竞争均未验证
tutoringapprenticeship.com,由零開始， 把一對一私人補習做成一門事業,h1,由零開始， 把一對一私人補習做成一門事業,https://tutoringapprenticeship.com/,自动提取原文片段；需求、趋势、竞争均未验证
tutoringapprenticeship.com,私補創業,title,私補創業,https://tutoringapprenticeship.com/,自动提取原文片段；需求、趋势、竞争均未验证
tutoringapprenticeship.com,Winson Siu 導師招募,title,Winson Siu 導師招募,https://tutoringapprenticeship.com/,自动提取原文片段；需求、趋势、竞争均未验证
tutoringapprenticeship.com,我做全職一對一私人補習九年，由第一個完整年度收入 48 萬，到今天年收入 100 萬+。閉門分享會 $98，約兩小時。,description,我做全職一對一私人補習九年，由第一個完整年度收入 48 萬，到今天年收入 100 萬+。閉門分享會 $98，約兩小時。,https://tutoringapprenticeship.com/,自动提取原文片段；需求、趋势、竞争均未验证
theunstuckhighperformerpodcast.com,The Unstuck High Performer Podcast,h1,The Unstuck High Performer Podcast,https://www.theunstuckhighperformerpodcast.com/,自动提取原文片段；需求、趋势、竞争均未验证
speechmodelmatch.com,Find the right local speech-to-text model for your setup.,h1,Find the right local speech-to-text model for your setup.,https://speechmodelmatch.com/,自动提取原文片段；需求、趋势、竞争均未验证
speechmodelmatch.com,Speech Model Match,title,Speech Model Match,https://speechmodelmatch.com/,自动提取原文片段；需求、趋势、竞争均未验证
speechmodelmatch.com,Find the right local speech-to-text model,title,Find the right local speech-to-text model,https://speechmodelmatch.com/,自动提取原文片段；需求、趋势、竞争均未验证
speechmodelmatch.com,"Compare local speech-to-text models by language, hardware, streaming needs and workload.",description,"Compare local speech-to-text models by language, hardware, streaming needs and workload.",https://speechmodelmatch.com/,自动提取原文片段；需求、趋势、竞争均未验证
speechmodelmatch.com,Get a deterministic shortlist with license and source links.,description,Get a deterministic shortlist with license and source links.,https://speechmodelmatch.com/,自动提取原文片段；需求、趋势、竞争均未验证
amicaltaxi.fr,Amical Taxi,h1,Amical Taxi,https://www.amicaltaxi.fr/,自动提取原文片段；需求、趋势、竞争均未验证
amicaltaxi.fr,Bruz,h1,Bruz,https://www.amicaltaxi.fr/,自动提取原文片段；需求、趋势、竞争均未验证
amicaltaxi.fr,Rennes,h1,Rennes,https://www.amicaltaxi.fr/,自动提取原文片段；需求、趋势、竞争均未验证
amicaltaxi.fr,Taxi à Bruz et Rennes 24h/24,title,Taxi à Bruz et Rennes 24h/24,https://www.amicaltaxi.fr/,自动提取原文片段；需求、趋势、竞争均未验证
amicaltaxi.fr,"Taxi à Bruz, Rennes et communes limitrophes, 24h/24 et 7j/7.",description,"Taxi à Bruz, Rennes et communes limitrophes, 24h/24 et 7j/7.",https://www.amicaltaxi.fr/,自动提取原文片段；需求、趋势、竞争均未验证
amicaltaxi.fr,"Gare de Rennes, aéroport Rennes–Saint-Jacques, longue distance.",description,"Gare de Rennes, aéroport Rennes–Saint-Jacques, longue distance.",https://www.amicaltaxi.fr/,自动提取原文片段；需求、趋势、竞争均未验证
salestaxly.com,"Charge the right US sales tax, every time",h1,"Charge the right US sales tax, every time",https://salestaxly.com/,自动提取原文片段；需求、趋势、竞争均未验证
salestaxly.com,"SalesTaxly, US Sales Tax Rates and Lookup for Online Stores",title,"SalesTaxly, US Sales Tax Rates and Lookup for Online Stores",https://salestaxly.com/,自动提取原文片段；需求、趋势、竞争均未验证
salestaxly.com,Charge the right rate at checkout without wrestling a spreadsheet.,description,Charge the right rate at checkout without wrestling a spreadsheet.,https://salestaxly.com/,自动提取原文片段；需求、趋势、竞争均未验证
taxiseoul.kr,"법인택시 취업, 개인택시 자격·양수 절차, 택시운전자격시험, 고령 기사 자격유지검사, 카카오T 콜 노하우까지 전화 한 통으로 상담하세요.",description,"법인택시 취업, 개인택시 자격·양수 절차, 택시운전자격시험, 고령 기사 자격유지검사, 카카오T 콜 노하우까지 전화 한 통으로 상담하세요.",https://taxiseoul.kr/,自动提取原文片段；需求、趋势、竞争均未验证
ailearningcanada.com,Learn with AI. Think for yourself.,h1,Learn with AI. Think for yourself.,https://ailearningcanada.com/,自动提取原文片段；需求、趋势、竞争均未验证
ailearningcanada.com,AI Learning Canada,title,AI Learning Canada,https://ailearningcanada.com/,自动提取原文片段；需求、趋势、竞争均未验证
ailearningcanada.com,"Learn with AI, think for yourself",title,"Learn with AI, think for yourself",https://ailearningcanada.com/,自动提取原文片段；需求、趋势、竞争均未验证
pixelmswift.world,Quanto vai custar? Você saberá antes de começar.,h1,Quanto vai custar? Você saberá antes de começar.,https://pixelmswift.world/,自动提取原文片段；需求、趋势、竞争均未验证
pixelmswift.world,Pixelmswift,title,Pixelmswift,https://pixelmswift.world/,自动提取原文片段；需求、趋势、竞争均未验证
pixelmswift.world,Oficina Automotiva Premium em Recife,title,Oficina Automotiva Premium em Recife,https://pixelmswift.world/,自动提取原文片段；需求、趋势、竞争均未验证
pixelmswift.world,Sem surpresas na hora de pagar.,description,Sem surpresas na hora de pagar.,https://pixelmswift.world/,自动提取原文片段；需求、趋势、竞争均未验证
learnaiengineering.dev,Learn AI Engineering. Build production AI systems.,h1,Learn AI Engineering. Build production AI systems.,https://learnaiengineering.dev/,自动提取原文片段；需求、趋势、竞争均未验证
learnaiengineering.dev,"Learn AI Engineering: Tutorials, Labs & Roadmaps",title,"Learn AI Engineering: Tutorials, Labs & Roadmaps",https://learnaiengineering.dev/,自动提取原文片段；需求、趋势、竞争均未验证
checkmateukseaenergy.com,The Pokies Net Online,h1,The Pokies Net Online,https://checkmateukseaenergy.com/,自动提取原文片段；需求、趋势、竞争均未验证
checkmateukseaenergy.com,"licensed, encrypted, AU$250 today",title,"licensed, encrypted, AU$250 today",https://checkmateukseaenergy.com/,自动提取原文片段；需求、趋势、竞争均未验证
checkmateukseaenergy.com,"Pokies Net: Curaçao licence, 256-bit SSL, 2,200+ games, PayID payouts within hours.",description,"Pokies Net: Curaçao licence, 256-bit SSL, 2,200+ games, PayID payouts within hours.",https://checkmateukseaenergy.com/,自动提取原文片段；需求、趋势、竞争均未验证
checkmateukseaenergy.com,100% bonus up to AU$250.,description,100% bonus up to AU$250.,https://checkmateukseaenergy.com/,自动提取原文片段；需求、趋势、竞争均未验证
checkmateukseaenergy.com,Sign up now.,description,Sign up now.,https://checkmateukseaenergy.com/,自动提取原文片段；需求、趋势、竞争均未验证
echospixel.info,Sua reforma com orçamento fechado desde o primeiro dia,h1,Sua reforma com orçamento fechado desde o primeiro dia,https://echospixel.info/,自动提取原文片段；需求、趋势、竞争均未验证
echospixel.info,Echospixel,title,Echospixel,https://echospixel.info/,自动提取原文片段；需求、趋势、竞争均未验证
echospixel.info,Reforma de Apartamentos em Florianópolis com Preço Fixo,title,Reforma de Apartamentos em Florianópolis com Preço Fixo,https://echospixel.info/,自动提取原文片段；需求、趋势、竞争均未验证
echospixel.info,Solicite seu orçamento sem compromisso com a Echospixel.,description,Solicite seu orçamento sem compromisso com a Echospixel.,https://echospixel.info/,自动提取原文片段；需求、趋势、竞争均未验证
mealighter.com,Know your meals. Feel in control.,h1,Know your meals. Feel in control.,https://mealighter.com/,自动提取原文片段；需求、趋势、竞争均未验证
mealighter.com,Mealighter,title,Mealighter,https://mealighter.com/,自动提取原文片段；需求、趋势、竞争均未验证
mealighter.com,AI Calorie Tracker,title,AI Calorie Tracker,https://mealighter.com/,自动提取原文片段；需求、趋势、竞争均未验证
learnhire.net,What do you want to do today?,h1,What do you want to do today?,https://learnhire.net/,自动提取原文片段；需求、趋势、竞争均未验证
learnhire.net,LearnHire,title,LearnHire,https://learnhire.net/,自动提取原文片段；需求、趋势、竞争均未验证
learnhire.net,Learn something new or get it done,title,Learn something new or get it done,https://learnhire.net/,自动提取原文片段；需求、趋势、竞争均未验证
csacheck.com,CSA Check,title,CSA Check,https://www.csacheck.com/,自动提取原文片段；需求、趋势、竞争均未验证
csacheck.com,Carrier Safety Analytics,title,Carrier Safety Analytics,https://www.csacheck.com/,自动提取原文片段；需求、趋势、竞争均未验证
csacheck.com,Search U.S.,description,Search U.S.,https://www.csacheck.com/,自动提取原文片段；需求、趋势、竞争均未验证
robinpixels.com,Robin Pixels,h1,Robin Pixels,https://robinpixels.com/,自动提取原文片段；需求、趋势、竞争均未验证
shreejiautomationandcontrol.com,The Best Manufacturer in,h1,The Best Manufacturer in,https://shreejiautomationandcontrol.com/,自动提取原文片段；需求、趋势、竞争均未验证
shreejiautomationandcontrol.com,Shreeji Automations in,title,Shreeji Automations in,https://shreejiautomationandcontrol.com/,自动提取原文片段；需求、趋势、竞争均未验证
calculatepaycheck.net,Paycheck Calculator 2026,h1,Paycheck Calculator 2026,https://calculatepaycheck.net/,自动提取原文片段；需求、趋势、竞争均未验证
calculatepaycheck.net,Paycheck Calculator 2026 with AI,title,Paycheck Calculator 2026 with AI,https://calculatepaycheck.net/,自动提取原文片段；需求、趋势、竞争均未验证
calculatepaycheck.net,"Salary or hourly, any pay frequency, all 50 states…",description,"Salary or hourly, any pay frequency, all 50 states…",https://calculatepaycheck.net/,自动提取原文片段；需求、趋势、竞争均未验证
treble40taxis.co.uk,Treble 40 taxis,h1,Treble 40 taxis,https://treble40taxis.co.uk/,自动提取原文片段；需求、趋势、竞争均未验证
treble40taxis.co.uk,Dunfermline & Fife Private Hire,title,Dunfermline & Fife Private Hire,https://treble40taxis.co.uk/,自动提取原文片段；需求、趋势、竞争均未验证
treble40taxis.co.uk,Treble 40 taxis based in Dunfermline,description,Treble 40 taxis based in Dunfermline,https://treble40taxis.co.uk/,自动提取原文片段；需求、趋势、竞争均未验证
treble40taxis.co.uk,"private hire, corporate events, airport transfers and Portsmouth cruise cover across Fife.",description,"private hire, corporate events, airport transfers and Portsmouth cruise cover across Fife.",https://treble40taxis.co.uk/,自动提取原文片段；需求、趋势、竞争均未验证
treble40taxis.co.uk,Available 24/7.,description,Available 24/7.,https://treble40taxis.co.uk/,自动提取原文片段；需求、趋势、竞争均未验证
mydietmyworkout.com,Eat what you love. Train in a way that fits.,h1,Eat what you love. Train in a way that fits.,https://mydietmyworkout.com/,自动提取原文片段；需求、趋势、竞争均未验证
mydietmyworkout.com,My Diet My Workout,title,My Diet My Workout,https://mydietmyworkout.com/,自动提取原文片段；需求、趋势、竞争均未验证
mydietmyworkout.com,a meal and workout plan built around the food you eat,title,a meal and workout plan built around the food you eat,https://mydietmyworkout.com/,自动提取原文片段；需求、趋势、竞争均未验证
mydietmyworkout.com,with a realistic timeline and weekly check-ins.,description,with a realistic timeline and weekly check-ins.,https://mydietmyworkout.com/,自动提取原文片段；需求、趋势、竞争均未验证
mydietmyworkout.com,Free to start.,description,Free to start.,https://mydietmyworkout.com/,自动提取原文片段；需求、趋势、竞争均未验证
editorialdata.org,"Scientific output from open journals, in one place",h1,"Scientific output from open journals, in one place",https://editorialdata.org/,自动提取原文片段；需求、趋势、竞争均未验证
editorialdata.org,Editorial Data,title,Editorial Data,https://editorialdata.org/,自动提取原文片段；需求、趋势、竞争均未验证
editorialdata.org,Directory of Scientific Journals,title,Directory of Scientific Journals,https://editorialdata.org/,自动提取原文片段；需求、趋势、竞争均未验证
editorialdata.org,"Open directory of scientific journals with public, verifiable editorial information.",description,"Open directory of scientific journals with public, verifiable editorial information.",https://editorialdata.org/,自动提取原文片段；需求、趋势、竞争均未验证
lookingtostartapractice.com,Starting or Relocating Your Practice?,h1,Starting or Relocating Your Practice?,https://lookingtostartapractice.com/,自动提取原文片段；需求、趋势、竞争均未验证
lookingtostartapractice.com,Alex Giwa,title,Alex Giwa,https://lookingtostartapractice.com/,自动提取原文片段；需求、趋势、竞争均未验证
lehmanlearning.com,122cc太阳集成游戏(中国)股份有限公司-Official Certification,h1,122cc太阳集成游戏(中国)股份有限公司-Official Certification,https://www.lehmanlearning.com/,自动提取原文片段；需求、趋势、竞争均未验证
evierosetutoring.co.uk,Evie Rose Tutoring,title,Evie Rose Tutoring,https://www.evierosetutoring.co.uk/,自动提取原文片段；需求、趋势、竞争均未验证
evierosetutoring.co.uk,11+ & Primary Sessions,title,11+ & Primary Sessions,https://www.evierosetutoring.co.uk/,自动提取原文片段；需求、趋势、竞争均未验证
evierosetutoring.co.uk,Qualified Teacher,title,Qualified Teacher,https://www.evierosetutoring.co.uk/,自动提取原文片段；需求、趋势、竞争均未验证
haitianvoiceinterpretation.com,Every voice deserves to be understood.,h1,Every voice deserves to be understood.,https://haitianvoiceinterpretation.com/,自动提取原文片段；需求、趋势、竞争均未验证
haitianvoiceinterpretation.com,Haitian Voice Interpretation Services,title,Haitian Voice Interpretation Services,https://haitianvoiceinterpretation.com/,自动提取原文片段；需求、趋势、竞争均未验证
baddieslove2budget.store,💕 Da Plug,h1,💕 Da Plug,https://baddieslove2budget.store/,自动提取原文片段；需求、趋势、竞争均未验证
learn2casino.com,Learn how casino games really work.,h1,Learn how casino games really work.,https://learn2casino.com/,自动提取原文片段；需求、趋势、竞争均未验证
learn2casino.com,How to Play Casino: casino game rules and odds explained,title,How to Play Casino: casino game rules and odds explained,https://learn2casino.com/,自动提取原文片段；需求、趋势、竞争均未验证
workwellautomation.com,Good work. Less busywork.,h1,Good work. Less busywork.,https://workwellautomation.com/,自动提取原文片段；需求、趋势、竞争均未验证
workwellautomation.com,Workwell Automation,title,Workwell Automation,https://workwellautomation.com/,自动提取原文片段；需求、趋势、竞争均未验证
workwellautomation.com,Good work. Less busywork. Work. Well. AI. Workwell Automation.,title,Good work. Less busywork. Work. Well. AI. Workwell Automation.,https://workwellautomation.com/,自动提取原文片段；需求、趋势、竞争均未验证
workwellautomation.com,"Practical AI consulting, custom agents, and ongoing support.",description,"Practical AI consulting, custom agents, and ongoing support.",https://workwellautomation.com/,自动提取原文片段；需求、趋势、竞争均未验证
snaapstudy.com,"Welcome back, student 👋",h1,"Welcome back, student 👋",https://www.snaapstudy.com/,自动提取原文片段；需求、趋势、竞争均未验证
snaapstudy.com,SnapStudy,title,SnapStudy,https://www.snaapstudy.com/,自动提取原文片段；需求、趋势、竞争均未验证
snaapstudy.com,Your study dashboard,title,Your study dashboard,https://www.snaapstudy.com/,自动提取原文片段；需求、趋势、竞争均未验证
practiceplc.com,Repeat Tomorrow,h1,Repeat Tomorrow,https://practiceplc.com/,自动提取原文片段；需求、趋势、竞争均未验证
practiceplc.com,Practice PLC,title,Practice PLC,https://practiceplc.com/,自动提取原文片段；需求、趋势、竞争均未验证
yallasplit.app,Split any bill. Fairly. In seconds.,h1,Split any bill. Fairly. In seconds.,https://yallasplit.app/?lang=en,自动提取原文片段；需求、趋势、竞争均未验证
yallasplit.app,YallaSplit,title,YallaSplit,https://yallasplit.app/?lang=en,自动提取原文片段；需求、趋势、竞争均未验证
yallasplit.app,Split any bill fairly,title,Split any bill fairly,https://yallasplit.app/?lang=en,自动提取原文片段；需求、趋势、竞争均未验证
yallasplit.app,Split shared bills fairly in English or Arabic.,description,Split shared bills fairly in English or Arabic.,https://yallasplit.app/?lang=en,自动提取原文片段；需求、趋势、竞争均未验证
yallasplit.app,"Scan receipts, assign items, and share each person’s total.",description,"Scan receipts, assign items, and share each person’s total.",https://yallasplit.app/?lang=en,自动提取原文片段；需求、趋势、竞争均未验证
bridgelearninglab.app,Welcome back to Bridge Learning Lab,h1,Welcome back to Bridge Learning Lab,https://bridgelearninglab.app/,自动提取原文片段；需求、趋势、竞争均未验证
bridgelearninglab.app,Bridge Learning Lab,title,Bridge Learning Lab,https://bridgelearninglab.app/,自动提取原文片段；需求、趋势、竞争均未验证
bridgelearninglab.app,Personalized Learning Workspace,title,Personalized Learning Workspace,https://bridgelearninglab.app/,自动提取原文片段；需求、趋势、竞争均未验证
bridgelearninglab.app,"Same learning goal, different path.",description,"Same learning goal, different path.",https://bridgelearninglab.app/,自动提取原文片段；需求、趋势、竞争均未验证
thevibecheck.fr,On analyse ta vibe . Sans filtre .,h1,On analyse ta vibe . Sans filtre .,https://thevibecheck.fr/,自动提取原文片段；需求、趋势、竞争均未验证
thevibecheck.fr,VibeCheck,title,VibeCheck,https://thevibecheck.fr/,自动提取原文片段；需求、趋势、竞争均未验证
thevibecheck.fr,"Ta vibe, sans filtre",title,"Ta vibe, sans filtre",https://thevibecheck.fr/,自动提取原文片段；需求、趋势、竞争均未验证
chalkboardlearning.in,"Learning, differently.",h1,"Learning, differently.",https://www.chalkboardlearning.in/,自动提取原文片段；需求、趋势、竞争均未验证
chalkboardlearning.in,Chalkboard,title,Chalkboard,https://www.chalkboardlearning.in/,自动提取原文片段；需求、趋势、竞争均未验证
chalkboardlearning.in,"Built on Home Tuitions Bangalore, teaching since 2018.",description,"Built on Home Tuitions Bangalore, teaching since 2018.",https://www.chalkboardlearning.in/,自动提取原文片段；需求、趋势、竞争均未验证
jmtax.wiki,禁漫天堂app｜手机能翻｜禁漫离线｜先装再翻-禁漫天堂app,h1,禁漫天堂app｜手机能翻｜禁漫离线｜先装再翻-禁漫天堂app,https://jmtax.wiki/,自动提取原文片段；需求、趋势、竞争均未验证
jmtax.wiki,"禁漫天堂app按手机翻，章节能离线接着看。和网页版不是一路。能装的线路今早还在。禁漫天堂app先装再翻！app,禁漫,手机,离线,韩漫,章节",description,"禁漫天堂app按手机翻，章节能离线接着看。和网页版不是一路。能装的线路今早还在。禁漫天堂app先装再翻！app,禁漫,手机,离线,韩漫,章节",https://jmtax.wiki/,自动提取原文片段；需求、趋势、竞争均未验证
decryptaj.com,Décryptaj ',h1,Décryptaj ',https://decryptaj.com/,自动提取原文片段；需求、趋势、竞争均未验证
decryptaj.com,Décryptaj',title,Décryptaj',https://decryptaj.com/,自动提取原文片段；需求、趋势、竞争均未验证
quizhpigc.com,Built right. Managed right.,h1,Built right. Managed right.,https://quizhpigc.com/,自动提取原文片段；需求、趋势、竞争均未验证
quizhpigc.com,QUIZHPI GC,title,QUIZHPI GC,https://quizhpigc.com/,自动提取原文片段；需求、趋势、竞争均未验证
quizhpigc.com,"General Contracting, HVAC & Renovations",title,"General Contracting, HVAC & Renovations",https://quizhpigc.com/,自动提取原文片段；需求、趋势、竞争均未验证
quizhpigc.com,"Professional general contracting, HVAC and renovation services.",description,"Professional general contracting, HVAC and renovation services.",https://quizhpigc.com/,自动提取原文片段；需求、趋势、竞争均未验证
quizhpigc.com,Built right.,description,Built right.,https://quizhpigc.com/,自动提取原文片段；需求、趋势、竞争均未验证
quizhpigc.com,Managed right.,description,Managed right.,https://quizhpigc.com/,自动提取原文片段；需求、趋势、竞争均未验证
premiervector.com,Welcome to Premier Vector,h1,Welcome to Premier Vector,https://premiervector.com/,自动提取原文片段；需求、趋势、竞争均未验证
premiervector.com,Premier Vector,title,Premier Vector,https://premiervector.com/,自动提取原文片段；需求、趋势、竞争均未验证
premiervector.com,Digital Communication Portal,description,Digital Communication Portal,https://premiervector.com/,自动提取原文片段；需求、趋势、竞争均未验证
budgetshape.com,Budgeting that fits your real life.,h1,Budgeting that fits your real life.,https://budgetshape.com/,自动提取原文片段；需求、趋势、竞争均未验证
budgetshape.com,BudgetShape â€” Budgeting that fits real life,title,BudgetShape â€” Budgeting that fits real life,https://budgetshape.com/,自动提取原文片段；需求、趋势、竞争均未验证
taxprointeractive.com,Complex Tax Work. Smarter AI. Better Answers.,h1,Complex Tax Work. Smarter AI. Better Answers.,https://taxprointeractive.com/,自动提取原文片段；需求、趋势、竞争均未验证
taxprointeractive.com,TaxPro Interactive,title,TaxPro Interactive,https://taxprointeractive.com/,自动提取原文片段；需求、趋势、竞争均未验证
taxprointeractive.com,AI-Powered Tax Intelligence for CPAs,title,AI-Powered Tax Intelligence for CPAs,https://taxprointeractive.com/,自动提取原文片段；需求、趋势、竞争均未验证
taxprointeractive.com,"Streamline research, planning, and document review in one secure workspace.",description,"Streamline research, planning, and document review in one secure workspace.",https://taxprointeractive.com/,自动提取原文片段；需求、趋势、竞争均未验证
budgetbaba.app,Wo geht dein Geld eigentlich hin?,h1,Wo geht dein Geld eigentlich hin?,https://budgetbaba.app/,自动提取原文片段；需求、趋势、竞争均未验证
budgetbaba.app,Budgetplaner & Haushaltsbudget,title,Budgetplaner & Haushaltsbudget,https://budgetbaba.app/,自动提取原文片段；需求、趋势、竞争均未验证
budgetbaba.app,BudgetBaba,title,BudgetBaba,https://budgetbaba.app/,自动提取原文片段；需求、趋势、竞争均未验证
oneentrybudget.com,Enter it once. See the whole money flow.,h1,Enter it once. See the whole money flow.,https://oneentrybudget.com/,自动提取原文片段；需求、趋势、竞争均未验证
oneentrybudget.com,One Entry Budget,title,One Entry Budget,https://oneentrybudget.com/,自动提取原文片段；需求、趋势、竞争均未验证
oneentrybudget.com,Automated Google Sheets Budget Planner,title,Automated Google Sheets Budget Planner,https://oneentrybudget.com/,自动提取原文片段；需求、趋势、竞争均未验证
oneentrybudget.com,No bank login or subscription required.,description,No bank login or subscription required.,https://oneentrybudget.com/,自动提取原文片段；需求、趋势、竞争均未验证
hltax.net,"Reliable Tax, Accounting & Advisory Services",h1,"Reliable Tax, Accounting & Advisory Services",https://hltax.net/,自动提取原文片段；需求、趋势、竞争均未验证
hltax.net,Horizon Lane Tax,title,Horizon Lane Tax,https://hltax.net/,自动提取原文片段；需求、趋势、竞争均未验证
hltax.net,Horizon Lane Tax offers expert tax accounting services and personalized accounting solutions.,description,Horizon Lane Tax offers expert tax accounting services and personalized accounting solutions.,https://hltax.net/,自动提取原文片段；需求、趋势、竞争均未验证
hltax.net,Subscribe for updates and let us handle your tax needs!,description,Subscribe for updates and let us handle your tax needs!,https://hltax.net/,自动提取原文片段；需求、趋势、竞争均未验证
taxisadat.nl,Over Taxi S.Sadat,h1,Over Taxi S.Sadat,https://www.taxisadat.nl/,自动提取原文片段；需求、趋势、竞争均未验证
taxisadat.nl,Taxi S.sadat,title,Taxi S.sadat,https://www.taxisadat.nl/,自动提取原文片段；需求、趋势、竞争均未验证
fresh-meal-prep-co.com,"Healthy food, healthy life",h1,"Healthy food, healthy life",https://www.fresh-meal-prep-co.com/,自动提取原文片段；需求、趋势、竞争均未验证
fresh-meal-prep-co.com,Healthy Made Easy,h1,Healthy Made Easy,https://www.fresh-meal-prep-co.com/,自动提取原文片段；需求、趋势、竞争均未验证
fresh-meal-prep-co.com,Fresh Meal Prep Co,title,Fresh Meal Prep Co,https://www.fresh-meal-prep-co.com/,自动提取原文片段；需求、趋势、竞争均未验证
fresh-meal-prep-co.com,"Eat Healthy, Order Now",title,"Eat Healthy, Order Now",https://www.fresh-meal-prep-co.com/,自动提取原文片段；需求、趋势、竞争均未验证
fresh-meal-prep-co.com,"Discover healthy, customizable meal prep options at Fresh Meal Prep Co.",description,"Discover healthy, customizable meal prep options at Fresh Meal Prep Co.",https://www.fresh-meal-prep-co.com/,自动提取原文片段；需求、趋势、竞争均未验证
ai-learningevidence.com,"AI-assisted learning, measured without the AI",h1,"AI-assisted learning, measured without the AI",https://ai-learningevidence.com/,自动提取原文片段；需求、趋势、竞争均未验证
ai-learningevidence.com,"AI in education, measured without the AI",title,"AI in education, measured without the AI",https://ai-learningevidence.com/,自动提取原文片段；需求、趋势、竞争均未验证
ai-learningevidence.com,AI Learning Evidence,title,AI Learning Evidence,https://ai-learningevidence.com/,自动提取原文片段；需求、趋势、竞争均未验证
ai-learningevidence.com,Generative AI is moving into classrooms faster than the evidence about it.,description,Generative AI is moving into classrooms faster than the evidence about it.,https://ai-learningevidence.com/,自动提取原文片段；需求、趋势、竞争均未验证
ai-learningevidence.com,This collection records what published studies actually show about one question:…,description,This collection records what published studies actually show about one question:…,https://ai-learningevidence.com/,自动提取原文片段；需求、趋势、竞争均未验证
trackpodcasts.com,"TrackPodcasts: see which brands advertise on which podcasts, with the ad reads",title,"TrackPodcasts: see which brands advertise on which podcasts, with the ad reads",https://trackpodcasts.com/,自动提取原文片段；需求、趋势、竞争均未验证
trackpodcasts.com,"Plus full transcript search, episode summaries and keyword alerts.",description,"Plus full transcript search, episode summaries and keyword alerts.",https://trackpodcasts.com/,自动提取原文片段；需求、趋势、竞争均未验证
jfzfinalexpense.net,Help protect your family from the unexpected.,h1,Help protect your family from the unexpected.,https://jfzfinalexpense.net/,自动提取原文片段；需求、趋势、竞争均未验证
jfzfinalexpense.net,JFZ Final Expense,title,JFZ Final Expense,https://jfzfinalexpense.net/,自动提取原文片段；需求、趋势、竞争均未验证
jfzfinalexpense.net,Life Insurance,title,Life Insurance,https://jfzfinalexpense.net/,自动提取原文片段；需求、趋势、竞争均未验证
jfzfinalexpense.net,Request a personal coverage discussion.,description,Request a personal coverage discussion.,https://jfzfinalexpense.net/,自动提取原文片段；需求、趋势、竞争均未验证
finishingadventcalendar.com,24 Doors. 24 Lures. One Very Happy Angler.,h1,24 Doors. 24 Lures. One Very Happy Angler.,https://finishingadventcalendar.com/,自动提取原文片段；需求、趋势、竞争均未验证
finishingadventcalendar.com,Fishing Lure Advent Calendar,title,Fishing Lure Advent Calendar,https://finishingadventcalendar.com/,自动提取原文片段；需求、趋势、竞争均未验证
finishingadventcalendar.com,"24 Doors, 24 Lures",title,"24 Doors, 24 Lures",https://finishingadventcalendar.com/,自动提取原文片段；需求、趋势、竞争均未验证
finishingadventcalendar.com,Fishing Advent Co,title,Fishing Advent Co,https://finishingadventcalendar.com/,自动提取原文片段；需求、趋势、竞争均未验证
finishingadventcalendar.com,37 x 14.5 x 4 cm gift box.,description,37 x 14.5 x 4 cm gift box.,https://finishingadventcalendar.com/,自动提取原文片段；需求、趋势、竞争均未验证
finishingadventcalendar.com,Fast US shipping.,description,Fast US shipping.,https://finishingadventcalendar.com/,自动提取原文片段；需求、趋势、竞争均未验证
makcbeauty.co.uk,Beauty,title,Beauty,https://makcbeauty.co.uk/,自动提取原文片段；需求、趋势、竞争均未验证
makcbeauty.co.uk,Cosmetic Display Cases,title,Cosmetic Display Cases,https://makcbeauty.co.uk/,自动提取原文片段；需求、趋势、竞争均未验证
makcbeauty.co.uk,Sunscreens & Tanning Products-Shop More Pay Less,title,Sunscreens & Tanning Products-Shop More Pay Less,https://makcbeauty.co.uk/,自动提取原文片段；需求、趋势、竞争均未验证
makcbeauty.co.uk,makcbeauty.co.uk,title,makcbeauty.co.uk,https://makcbeauty.co.uk/,自动提取原文片段；需求、趋势、竞争均未验证
makcbeauty.co.uk,"Sunscreens & Tanning ProductsSave More, Worry Less",description,"Sunscreens & Tanning ProductsSave More, Worry Less",https://makcbeauty.co.uk/,自动提取原文片段；需求、趋势、竞争均未验证
makcbeauty.co.uk,Free Returns-Shop Now,description,Free Returns-Shop Now,https://makcbeauty.co.uk/,自动提取原文片段；需求、趋势、竞争均未验证
atharlink.com,AtharLink,title,AtharLink,https://atharlink.com/,自动提取原文片段；需求、趋势、竞争均未验证
atharlink.com,إدارة الحضور على LinkedIn,title,إدارة الحضور على LinkedIn,https://atharlink.com/,自动提取原文片段；需求、趋势、竞争均未验证
atharlink.com,نبني وندير حضور الشركات والقيادات على LinkedIn من الاستراتيجية وصناعة المحتوى إلى النمو والتواصل وصناعة الفرص.,description,نبني وندير حضور الشركات والقيادات على LinkedIn من الاستراتيجية وصناعة المحتوى إلى النمو والتواصل وصناعة الفرص.,https://atharlink.com/,自动提取原文片段；需求、趋势、竞争均未验证
maureen-hotchkiss.com,Get in Touch,h1,Get in Touch,https://maureen-hotchkiss.com/,自动提取原文片段；需求、趋势、竞争均未验证
maureen-hotchkiss.com,Maureen Hotchkiss,title,Maureen Hotchkiss,https://maureen-hotchkiss.com/,自动提取原文片段；需求、趋势、竞争均未验证
premium.market,Telegram Premium for your accounts,h1,Telegram Premium for your accounts,https://premium.market/en,自动提取原文片段；需求、趋势、竞争均未验证
premium.market,Buy Telegram Premium cheaper than official,title,Buy Telegram Premium cheaper than official,https://premium.market/en,自动提取原文片段；需求、趋势、竞争均未验证
premium.market,from $9.99,title,from $9.99,https://premium.market/en,自动提取原文片段；需求、趋势、竞争均未验证
premium.market,Premium.market,title,Premium.market,https://premium.market/en,自动提取原文片段；需求、趋势、竞争均未验证
premium.market,"Register, top up, tap Start.",description,"Register, top up, tap Start.",https://premium.market/en,自动提取原文片段；需求、趋势、竞争均未验证
elanvelle.com,Stories worth staying up for.,h1,Stories worth staying up for.,https://elanvelle.com/,自动提取原文片段；需求、趋势、竞争均未验证
elanvelle.com,Elanvelle,title,Elanvelle,https://elanvelle.com/,自动提取原文片段；需求、趋势、竞争均未验证
elanvelle.com,Original Books Worth Staying Up For,title,Original Books Worth Staying Up For,https://elanvelle.com/,自动提取原文片段；需求、趋势、竞争均未验证
elanvelle.com,"Discover original mystery, thriller, romance, and family-drama novels.",description,"Discover original mystery, thriller, romance, and family-drama novels.",https://elanvelle.com/,自动提取原文片段；需求、趋势、竞争均未验证
elanvelle.com,"Start reading, then keep the stories you love.",description,"Start reading, then keep the stories you love.",https://elanvelle.com/,自动提取原文片段；需求、趋势、竞争均未验证
miledysplates.com,Miledys Plates,h1,Miledys Plates,https://miledysplates.com/,自动提取原文片段；需求、趋势、竞争均未验证
miledysplates.com,Menu,title,Menu,https://miledysplates.com/,自动提取原文片段；需求、趋势、竞争均未验证
miledysplates.com,"View the Miledys Plates food menu, meal selections, catering and family meals.",description,"View the Miledys Plates food menu, meal selections, catering and family meals.",https://miledysplates.com/,自动提取原文片段；需求、趋势、竞争均未验证
estherterbeek.com,KRACHT DIEPTE VERSTILLING,h1,KRACHT DIEPTE VERSTILLING,https://estherterbeek.com/,自动提取原文片段；需求、趋势、竞争均未验证
estherterbeek.com,Startpagina Information icon Cookie icon Cookie icon,title,Startpagina Information icon Cookie icon Cookie icon,https://estherterbeek.com/,自动提取原文片段；需求、趋势、竞争均未验证
estherterbeek.com,Esther ter Beek,description,Esther ter Beek,https://estherterbeek.com/,自动提取原文片段；需求、趋势、竞争均未验证
estherterbeek.com,"intuïtieve schilderijen van dieren & natuur: krachtige, stille beelden die raken",description,"intuïtieve schilderijen van dieren & natuur: krachtige, stille beelden die raken",https://estherterbeek.com/,自动提取原文片段；需求、趋势、竞争均未验证
kleurhairs.com,"Professionele Kapperspullen, haarverzorging",title,"Professionele Kapperspullen, haarverzorging",https://www.kleurhairs.com/,自动提取原文片段；需求、趋势、竞争均未验证
kleurhairs.com,www.kleurhairs.com,title,www.kleurhairs.com,https://www.kleurhairs.com/,自动提取原文片段；需求、趋势、竞争均未验证
kleurhairs.com,"Koop hoogwaardige haarverzorging & Hair & beauty , Shampoo en krulhaarproducten.",description,"Koop hoogwaardige haarverzorging & Hair & beauty , Shampoo en krulhaarproducten.",https://www.kleurhairs.com/,自动提取原文片段；需求、趋势、竞争均未验证
kleurhairs.com,Uw specialist in natuurlijke haarverzorgingsproducten die het haar gezond,description,Uw specialist in natuurlijke haarverzorgingsproducten die het haar gezond,https://www.kleurhairs.com/,自动提取原文片段；需求、趋势、竞争均未验证
subnutz.fun,Subnutz.,h1,Subnutz.,https://subnutz.fun/,自动提取原文片段；需求、趋势、竞争均未验证
subnutz.fun,Subnutz,title,Subnutz,https://subnutz.fun/,自动提取原文片段；需求、趋势、竞争均未验证
subnutz.fun,"Subnutz ($NUTZ): a peer-to-peer electronic unintelligence system on Solana, paired with TAO.",description,"Subnutz ($NUTZ): a peer-to-peer electronic unintelligence system on Solana, paired with TAO.",https://subnutz.fun/,自动提取原文片段；需求、趋势、竞争均未验证
subnutz.fun,Disruption one subnut at a time.,description,Disruption one subnut at a time.,https://subnutz.fun/,自动提取原文片段；需求、趋势、竞争均未验证
technipak.pl,Oficjalna strona Pistolo kasyno,h1,Oficjalna strona Pistolo kasyno,https://technipak.pl/,自动提取原文片段；需求、趋势、竞争均未验证
technipak.pl,aktualny link na dziś,h1,aktualny link na dziś,https://technipak.pl/,自动提取原文片段；需求、趋势、竞争均未验证
technipak.pl,"Pistolo kasyno 🎰 oficjalna strona, logowanie i strona lustrzana Pistolo casino",title,"Pistolo kasyno 🎰 oficjalna strona, logowanie i strona lustrzana Pistolo casino",https://technipak.pl/,自动提取原文片段；需求、趋势、竞争均未验证
technipak.pl,Aktualny link Pistolo kasyno: logowanie i rejestracja na oficjalnej stronie Pistolo casino.,description,Aktualny link Pistolo kasyno: logowanie i rejestracja na oficjalnej stronie Pistolo casino.,https://technipak.pl/,自动提取原文片段；需求、趋势、竞争均未验证
technipak.pl,Odbierz bonus 150% do 5000 zł i zagraj przez BLIK 🍒🎰.,description,Odbierz bonus 150% do 5000 zł i zagraj przez BLIK 🍒🎰.,https://technipak.pl/,自动提取原文片段；需求、趋势、竞争均未验证
sajiracollection.com,Readymade Dress,h1,Readymade Dress,https://sajiracollection.com/,自动提取原文片段；需求、趋势、竞争均未验证
sajiracollection.com,Dress Materials,h1,Dress Materials,https://sajiracollection.com/,自动提取原文片段；需求、趋势、竞争均未验证
sajiracollection.com,New Arrivals and Promotions,h1,New Arrivals and Promotions,https://sajiracollection.com/,自动提取原文片段；需求、趋势、竞争均未验证
sajiracollection.com,Best Sellers,h1,Best Sellers,https://sajiracollection.com/,自动提取原文片段；需求、趋势、竞争均未验证
sajiracollection.com,Most Liked,h1,Most Liked,https://sajiracollection.com/,自动提取原文片段；需求、趋势、竞争均未验证
matt-warner.com,Matt Warner,h1,Matt Warner,https://www.matt-warner.com/,自动提取原文片段；需求、趋势、竞争均未验证
matt-warner.com,Audio Designer,title,Audio Designer,https://www.matt-warner.com/,自动提取原文片段；需求、趋势、竞争均未验证
matt-warner.com,audio designer for video games.,description,audio designer for video games.,https://www.matt-warner.com/,自动提取原文片段；需求、趋势、竞争均未验证
matt-warner.com,"Sound design, implementation, and adaptive music.",description,"Sound design, implementation, and adaptive music.",https://www.matt-warner.com/,自动提取原文片段；需求、趋势、竞争均未验证
transferwise.world,Transferts sécurisés Suivis en temps réel,h1,Transferts sécurisés Suivis en temps réel,https://transferwise.world/fr,自动提取原文片段；需求、趋势、竞争均未验证
transferwise.world,TransferWise,title,TransferWise,https://transferwise.world/fr,自动提取原文片段；需求、趋势、竞争均未验证
transferwise.world,Secure Money Transfers,title,Secure Money Transfers,https://transferwise.world/fr,自动提取原文片段；需求、趋势、竞争均未验证
transferwise.world,Secure international money transfers tracked in real-time,description,Secure international money transfers tracked in real-time,https://transferwise.world/fr,自动提取原文片段；需求、趋势、竞争均未验证
cansuarempresas.com.ar,"Liquidación de sueldos, IVA, Ganancias y balances, por módulos",h1,"Liquidación de sueldos, IVA, Ganancias y balances, por módulos",https://www.cansuarempresas.com.ar/,自动提取原文片段；需求、趋势、竞争均未验证
cansuarempresas.com.ar,Cansuar Empresas,title,Cansuar Empresas,https://www.cansuarempresas.com.ar/,自动提取原文片段；需求、趋势、竞争均未验证
cansuarempresas.com.ar,"Liquidación de sueldos, IVA, Ganancias y balances",title,"Liquidación de sueldos, IVA, Ganancias y balances",https://www.cansuarempresas.com.ar/,自动提取原文片段；需求、趋势、竞争均未验证
cansuarempresas.com.ar,Contratás solo el módulo que necesitás.,description,Contratás solo el módulo que necesitás.,https://www.cansuarempresas.com.ar/,自动提取原文片段；需求、趋势、竞争均未验证
metrocheersdentalclinic.com,Cheers to a brighter and healthier smile.,h1,Cheers to a brighter and healthier smile.,https://metrocheersdentalclinic.com/,自动提取原文片段；需求、趋势、竞争均未验证
metrocheersdentalclinic.com,Metrocheers Dental Clinic,title,Metrocheers Dental Clinic,https://metrocheersdentalclinic.com/,自动提取原文片段；需求、趋势、竞争均未验证
metrocheersdentalclinic.com,Parañaque City,title,Parañaque City,https://metrocheersdentalclinic.com/,自动提取原文片段；需求、趋势、竞争均未验证
metrocheersdentalclinic.com,Looking for a dental clinic in Bicutan?,description,Looking for a dental clinic in Bicutan?,https://metrocheersdentalclinic.com/,自动提取原文片段；需求、趋势、竞争均未验证
hegertravel.com,原来新神马电影免费观看,title,原来新神马电影免费观看,https://hegertravel.com/,自动提取原文片段；需求、趋势、竞争均未验证
hegertravel.com,高清影视在线播放平台,title,高清影视在线播放平台,https://hegertravel.com/,自动提取原文片段；需求、趋势、竞争均未验证
hegertravel.com,原来新神马电影免费观看提供最新热门电影、电视剧、动漫、综艺高清在线播放。海量影视资源每日更新，原来新神马电影免费观看带您畅享视觉盛宴。,description,原来新神马电影免费观看提供最新热门电影、电视剧、动漫、综艺高清在线播放。海量影视资源每日更新，原来新神马电影免费观看带您畅享视觉盛宴。,https://hegertravel.com/,自动提取原文片段；需求、趋势、竞争均未验证
sprawdzkod.pl,Rozpoznaj produkt z Amazon po kodzie X00,h1,Rozpoznaj produkt z Amazon po kodzie X00,https://sprawdzkod.pl/,自动提取原文片段；需求、趋势、竞争均未验证
sprawdzkod.pl,Sprawdź kod X00 Amazon i znajdź produkt,title,Sprawdź kod X00 Amazon i znajdź produkt,https://sprawdzkod.pl/,自动提取原文片段；需求、趋势、竞争均未验证
sprawdzkod.pl,Sprawdź Kod Sprawdź Kod Sprawdź Kod,title,Sprawdź Kod Sprawdź Kod Sprawdź Kod,https://sprawdzkod.pl/,自动提取原文片段；需求、趋势、竞争均未验证
sprawdzkod.pl,"Sprawdź etykietę X00 Amazon, znajdź ASIN i dostępne dane produktu.",description,"Sprawdź etykietę X00 Amazon, znajdź ASIN i dostępne dane produktu.",https://sprawdzkod.pl/,自动提取原文片段；需求、趋势、竞争均未验证
sprawdzkod.pl,Wklej do 50 kodów.,description,Wklej do 50 kodów.,https://sprawdzkod.pl/,自动提取原文片段；需求、趋势、竞争均未验证
sprawdzkod.pl,Zacznij od 500 darmowych tokenów ważnych przez 7 dni.,description,Zacznij od 500 darmowych tokenów ważnych przez 7 dni.,https://sprawdzkod.pl/,自动提取原文片段；需求、趋势、竞争均未验证
provebetter.com,Two statistical engines. One plain-language answer.,h1,Two statistical engines. One plain-language answer.,https://www.provebetter.com/,自动提取原文片段；需求、趋势、竞争均未验证
provebetter.com,A/B Testing Platform,title,A/B Testing Platform,https://www.provebetter.com/,自动提取原文片段；需求、趋势、竞争均未验证
provebetter.com,ProveBetter,title,ProveBetter,https://www.provebetter.com/,自动提取原文片段；需求、趋势、竞争均未验证
provebetter.com,Client-side and server-side A/B testing in one platform.,description,Client-side and server-side A/B testing in one platform.,https://www.provebetter.com/,自动提取原文片段；需求、趋势、竞争均未验证
provebetter.com,"2–5 variants, sticky assignment, frequentist + Bayesian verdicts.",description,"2–5 variants, sticky assignment, frequentist + Bayesian verdicts.",https://www.provebetter.com/,自动提取原文片段；需求、趋势、竞争均未验证
provebetter.com,Free tier,description,Free tier,https://www.provebetter.com/,自动提取原文片段；需求、趋势、竞争均未验证
douekai.com,Describe a business. Get a live website.,h1,Describe a business. Get a live website.,https://douekai.com/,自动提取原文片段；需求、趋势、竞争均未验证
douekai.com,My Projects,h1,My Projects,https://douekai.com/,自动提取原文片段；需求、趋势、竞争均未验证
douekai.com,"Simple, usage-based pricing",h1,"Simple, usage-based pricing",https://douekai.com/,自动提取原文片段；需求、趋势、竞争均未验证
douekai.com,Sign in to Douek AI,h1,Sign in to Douek AI,https://douekai.com/,自动提取原文片段；需求、趋势、竞争均未验证
cagdasakaslan.com,"Bilimin Işığında, Doğrunun Peşinde",h1,"Bilimin Işığında, Doğrunun Peşinde",https://cagdasakaslan.com/,自动提取原文片段；需求、趋势、竞争均未验证
cagdasakaslan.com,Uzm. Dr. Tahsin Çağdaş Akaslan,title,Uzm. Dr. Tahsin Çağdaş Akaslan,https://cagdasakaslan.com/,自动提取原文片段；需求、趋势、竞争均未验证
cagdasakaslan.com,Dermatoloji & Estetik Dermatoloji,title,Dermatoloji & Estetik Dermatoloji,https://cagdasakaslan.com/,自动提取原文片段；需求、趋势、竞争均未验证
cagdasakaslan.com,"İstanbul Beşiktaş’ta dermatolojik muayene, estetik uygulamalar, cihaz ve saç tedavileri.",description,"İstanbul Beşiktaş’ta dermatolojik muayene, estetik uygulamalar, cihaz ve saç tedavileri.",https://cagdasakaslan.com/,自动提取原文片段；需求、趋势、竞争均未验证
cagdasakaslan.com,Uzm.,description,Uzm.,https://cagdasakaslan.com/,自动提取原文片段；需求、趋势、竞争均未验证
cagdasakaslan.com,Tahsin Çağdaş Akaslan ile tanışın.,description,Tahsin Çağdaş Akaslan ile tanışın.,https://cagdasakaslan.com/,自动提取原文片段；需求、趋势、竞争均未验证
mastercom.fun,Comer con diabetes no debería saber a castigo,h1,Comer con diabetes no debería saber a castigo,https://mastercom.fun/,自动提取原文片段；需求、趋势、竞争均未验证
mastercom.fun,Recetario para personas con diabetes,title,Recetario para personas con diabetes,https://mastercom.fun/,自动提取原文片段；需求、趋势、竞争均未验证
mastercom.fun,Comidas variadas cada día,title,Comidas variadas cada día,https://mastercom.fun/,自动提取原文片段；需求、趋势、竞争均未验证
ourvelx.pro,"La documentation d'entreprise, organisée avec méthode.",h1,"La documentation d'entreprise, organisée avec méthode.",https://ourvelx.pro/,自动提取原文片段；需求、趋势、竞争均未验证
ourvelx.pro,Ourvel,title,Ourvel,https://ourvelx.pro/,自动提取原文片段；需求、趋势、竞争均未验证
ourvelx.pro,Conseil en documentation et gouvernance d'entreprise à Genève,title,Conseil en documentation et gouvernance d'entreprise à Genève,https://ourvelx.pro/,自动提取原文片段；需求、趋势、竞争均未验证
pledzy.com,Fund the heart of your city.,h1,Fund the heart of your city.,https://pledzy.com/,自动提取原文片段；需求、趋势、竞争均未验证
pledzy.com,Pledzy,title,Pledzy,https://pledzy.com/,自动提取原文片段；需求、趋势、竞争均未验证
pledzy.com,Fund the heart of your city,title,Fund the heart of your city,https://pledzy.com/,自动提取原文片段；需求、趋势、竞争均未验证
pledzy.com,Local businesses raise money from the people who love them.,description,Local businesses raise money from the people who love them.,https://pledzy.com/,自动提取原文片段；需求、趋势、竞争均未验证
pledzy.com,"Back a campaign, get a reward, keep your neighborhood alive.",description,"Back a campaign, get a reward, keep your neighborhood alive.",https://pledzy.com/,自动提取原文片段；需求、趋势、竞争均未验证
veyra-life.com,Veyra Life,h1,Veyra Life,https://veyra-life.com/,自动提取原文片段；需求、趋势、竞争均未验证
veyra-life.com,Resultados,h1,Resultados,https://veyra-life.com/,自动提取原文片段；需求、趋势、竞争均未验证
fopsystems.com,"Organiza tus clientes, equipo y operaciones con FAPA Systems.",h1,"Organiza tus clientes, equipo y operaciones con FAPA Systems.",https://fopsystems.com/,自动提取原文片段；需求、趋势、竞争均未验证
fopsystems.com,FAPA Systems,title,FAPA Systems,https://fopsystems.com/,自动提取原文片段；需求、趋势、竞争均未验证
fopsystems.com,Plataforma comercial multiempresa de FAPA Systems.,description,Plataforma comercial multiempresa de FAPA Systems.,https://fopsystems.com/,自动提取原文片段；需求、趋势、竞争均未验证
tgictv.com,"Every channel you love, carried on light.",h1,"Every channel you love, carried on light.",https://tgictv.com/,自动提取原文片段；需求、趋势、竞争均未验证
tgictv.com,TGIC TV,title,TGIC TV,https://tgictv.com/,自动提取原文片段；需求、趋势、竞争均未验证
tgictv.com,"Every channel, carried on light",title,"Every channel, carried on light",https://tgictv.com/,自动提取原文片段；需求、趋势、竞争均未验证
tgictv.com,Plans from $20.,description,Plans from $20.,https://tgictv.com/,自动提取原文片段；需求、趋势、竞争均未验证
tgictv.com,Start a free 24-hour trial.,description,Start a free 24-hour trial.,https://tgictv.com/,自动提取原文片段；需求、趋势、竞争均未验证
agrcastle.com,Science fiction you can fall into.,h1,Science fiction you can fall into.,https://agrcastle.com/,自动提取原文片段；需求、趋势、竞争均未验证
agrcastle.com,A.G.R. Castle,title,A.G.R. Castle,https://agrcastle.com/,自动提取原文片段；需求、趋势、竞争均未验证
agrcastle.com,A.G.R.,description,A.G.R.,https://agrcastle.com/,自动提取原文片段；需求、趋势、竞争均未验证
agrcastle.com,"Two complete novels, and more on the way.",description,"Two complete novels, and more on the way.",https://agrcastle.com/,自动提取原文片段；需求、趋势、竞争均未验证
aknewconsciousness.com,A Knew Consciousness,h1,A Knew Consciousness,https://aknewconsciousness.com/,自动提取原文片段；需求、趋势、竞争均未验证
aknewconsciousness.com,Intuitive Guidance Sessions:,h1,Intuitive Guidance Sessions:,https://aknewconsciousness.com/,自动提取原文片段；需求、趋势、竞争均未验证
noticiashispania.com,Noticias Hispania,title,Noticias Hispania,https://noticiashispania.com/,自动提取原文片段；需求、趋势、竞争均未验证
noticiashispania.com,Plataforma de inversión con IA automatizada,title,Plataforma de inversión con IA automatizada,https://noticiashispania.com/,自动提取原文片段；需求、趋势、竞争均未验证
noticiashispania.com,"Comienza tu estrategia con criterio sistemático, no con impulso.",description,"Comienza tu estrategia con criterio sistemático, no con impulso.",https://noticiashispania.com/,自动提取原文片段；需求、趋势、竞争均未验证
losdelquinto.com,"Hola, somos los del quinto.",h1,"Hola, somos los del quinto.",https://losdelquinto.com/,自动提取原文片段；需求、趋势、竞争均未验证
losdelquinto.com,Los del Quinto,title,Los del Quinto,https://losdelquinto.com/,自动提取原文片段；需求、趋势、竞争均未验证
losdelquinto.com,"Estrategia, contenido y creatividad con IA",title,"Estrategia, contenido y creatividad con IA",https://losdelquinto.com/,自动提取原文片段；需求、趋势、竞争均未验证
losdelquinto.com,"Estrategia, sistemas de contenido y creatividad con IA para empresas.",description,"Estrategia, sistemas de contenido y creatividad con IA para empresas.",https://losdelquinto.com/,自动提取原文片段；需求、趋势、竞争均未验证
sylviaalondra.com,Sylvia Alondra,h1,Sylvia Alondra,https://sylviaalondra.com/,自动提取原文片段；需求、趋势、竞争均未验证
sylviaalondra.com,Sylvia Alondra · Image · Content · Mind,title,Sylvia Alondra · Image · Content · Mind,https://sylviaalondra.com/,自动提取原文片段；需求、趋势、竞争均未验证
sylviaalondra.com,"Portafolio de modelaje, contenido UGC para marcas, cursos, workshops y conferencias.",description,"Portafolio de modelaje, contenido UGC para marcas, cursos, workshops y conferencias.",https://sylviaalondra.com/,自动提取原文片段；需求、趋势、竞争均未验证
ufabetwin.vin,ufabet win เว็บเดิมพันออนไลน์ สล็อต กีฬา คาสิโนสด ครบวงจรสำหรับคนไทย,h1,ufabet win เว็บเดิมพันออนไลน์ สล็อต กีฬา คาสิโนสด ครบวงจรสำหรับคนไทย,https://ufabetwin.vin/,自动提取原文片段；需求、趋势、竞争均未验证
ufabetwin.vin,ufabet win,title,ufabet win,https://ufabetwin.vin/,自动提取原文片段；需求、趋势、竞争均未验证
mobilesemialignment.com,truck alignment,h1,truck alignment,https://mobilesemialignment.com/,自动提取原文片段；需求、趋势、竞争均未验证
mobilesemialignment.com,quote,h1,quote,https://mobilesemialignment.com/,自动提取原文片段；需求、趋势、竞争均未验证
mobilesemialignment.com,Mobile semi truck alignment service through out southern california.,description,Mobile semi truck alignment service through out southern california.,https://mobilesemialignment.com/,自动提取原文片段；需求、趋势、竞争均未验证
mobilesemialignment.com,"On site service for owner operators, fleets and commercial trucks",description,"On site service for owner operators, fleets and commercial trucks",https://mobilesemialignment.com/,自动提取原文片段；需求、趋势、竞争均未验证
readyopenclaw.com,ReadyOpenClaw,h1,ReadyOpenClaw,https://readyopenclaw.com/,自动提取原文片段；需求、趋势、竞争均未验证
readyopenclaw.com,server for an AI agent. YOUR agent ON A DEDICATED SERVER.,h1,server for an AI agent. YOUR agent ON A DEDICATED SERVER.,https://readyopenclaw.com/,自动提取原文片段；需求、趋势、竞争均未验证
readyopenclaw.com,"server with OpenClaw, Hermes Agent and Codex",title,"server with OpenClaw, Hermes Agent and Codex",https://readyopenclaw.com/,自动提取原文片段；需求、趋势、竞争均未验证
readyopenclaw.com,A dedicated server for an AI agent.,description,A dedicated server for an AI agent.,https://readyopenclaw.com/,自动提取原文片段；需求、趋势、竞争均未验证
readyopenclaw.com,"Live runtimes: OpenClaw, Hermes, Codex.",description,"Live runtimes: OpenClaw, Hermes, Codex.",https://readyopenclaw.com/,自动提取原文片段；需求、趋势、竞争均未验证
readyopenclaw.com,Claude Code and Eve coming soon.,description,Claude Code and Eve coming soon.,https://readyopenclaw.com/,自动提取原文片段；需求、趋势、竞争均未验证
proenergie-littoral.fr,Le confort qui vous fait économiser.,h1,Le confort qui vous fait économiser.,https://proenergie-littoral.fr/,自动提取原文片段；需求、趋势、竞争均未验证
proenergie-littoral.fr,Chauffagiste à Marck et 59/62,title,Chauffagiste à Marck et 59/62,https://proenergie-littoral.fr/,自动提取原文片段；需求、趋势、竞争均未验证
proenergie-littoral.fr,Pro Énergie du Littoral,title,Pro Énergie du Littoral,https://proenergie-littoral.fr/,自动提取原文片段；需求、趋势、竞争均未验证
combesuite.app,COMBE,h1,COMBE,https://combesuite.app/,自动提取原文片段；需求、趋势、竞争均未验证
combesuite.app,BUSINESS SUITE,h1,BUSINESS SUITE,https://combesuite.app/,自动提取原文片段；需求、趋势、竞争均未验证
combesuite.app,COMBE BUSINESS SUITE,title,COMBE BUSINESS SUITE,https://combesuite.app/,自动提取原文片段；需求、趋势、竞争均未验证
gms-revenue-ready.com,Revenue Readiness Assessment,h1,Revenue Readiness Assessment,https://gms-revenue-ready.com/,自动提取原文片段；需求、趋势、竞争均未验证
mucomputertech.com,MUCOMPUTERTECH is your one-stop shop,title,MUCOMPUTERTECH is your one-stop shop,https://mucomputertech.com/,自动提取原文片段；需求、趋势、竞争均未验证
mucomputertech.com,"MUCOMPUTERTECH is your one-stop shop for Computers, Gadgets, and Stationary.",description,"MUCOMPUTERTECH is your one-stop shop for Computers, Gadgets, and Stationary.",https://mucomputertech.com/,自动提取原文片段；需求、趋势、竞争均未验证
mucomputertech.com,Everything you need in one place.,description,Everything you need in one place.,https://mucomputertech.com/,自动提取原文片段；需求、趋势、竞争均未验证
atelierpapyrus.com,"Architecte Paysagiste Lyon, Annecy et Grenoble",title,"Architecte Paysagiste Lyon, Annecy et Grenoble",https://atelierpapyrus.com/,自动提取原文片段；需求、趋势、竞争均未验证
atelierpapyrus.com,Atelier Papyrus,title,Atelier Papyrus,https://atelierpapyrus.com/,自动提取原文片段；需求、趋势、竞争均未验证
lasuerteestahecha.com,La Suerte Ta' Echa,title,La Suerte Ta' Echa,https://lasuerteestahecha.com/,自动提取原文片段；需求、趋势、竞争均未验证
lasuerteestahecha.com,Rifa de Hyundai Santa Fe 2020 y más premios,title,Rifa de Hyundai Santa Fe 2020 y más premios,https://lasuerteestahecha.com/,自动提取原文片段；需求、趋势、竞争均未验证
lasuerteestahecha.com,Mira los números disponibles en tiempo real.,description,Mira los números disponibles en tiempo real.,https://lasuerteestahecha.com/,自动提取原文片段；需求、趋势、竞争均未验证
farmfilch.com,Grow. Guard. Filch.,h1,Grow. Guard. Filch.,https://farmfilch.com/,自动提取原文片段；需求、趋势、竞争均未验证
farmfilch.com,Farm & Filch,title,Farm & Filch,https://farmfilch.com/,自动提取原文片段；需求、趋势、竞争均未验证
farmfilch.com,Farm & Filch is a free-to-play browser pixel farm RPG.,description,Farm & Filch is a free-to-play browser pixel farm RPG.,https://farmfilch.com/,自动提取原文片段；需求、趋势、竞争均未验证
farmfilch.com,"Grow your farm, protect your harvest, and filch from the neighbors.",description,"Grow your farm, protect your harvest, and filch from the neighbors.",https://farmfilch.com/,自动提取原文片段；需求、趋势、竞争均未验证
betflagwetten.com,BetFlag Casino Online Deutschland: 200% Willkommensbonus mit sofortigen Belohnungen,title,BetFlag Casino Online Deutschland: 200% Willkommensbonus mit sofortigen Belohnungen,https://betflagwetten.com/,自动提取原文片段；需求、趋势、竞争均未验证
betflagwetten.com,"Schnelle €-Auszahlungen, ein Willkommenspaket und Cashback erwarten Sie bei BetFlag Online Deutschland.",description,"Schnelle €-Auszahlungen, ein Willkommenspaket und Cashback erwarten Sie bei BetFlag Online Deutschland.",https://betflagwetten.com/,自动提取原文片段；需求、趋势、竞争均未验证
betflagwetten.com,Genießen Sie Bonusvorteile mit freundlichem Support für deutsche Spieler,description,Genießen Sie Bonusvorteile mit freundlichem Support für deutsche Spieler,https://betflagwetten.com/,自动提取原文片段；需求、趋势、竞争均未验证
betflagwetten.com,treten Sie heute bei und spielen Sie!,description,treten Sie heute bei und spielen Sie!,https://betflagwetten.com/,自动提取原文片段；需求、趋势、竞争均未验证
shiraishi-nana.com,SHIRAISHI NANA 本来の自分に還るための、静かな伴走。,h1,SHIRAISHI NANA 本来の自分に還るための、静かな伴走。,https://shiraishi-nana.com/,自动提取原文片段；需求、趋势、竞争均未验证
shiraishi-nana.com,SHIRAISHI NANA｜ハイヤーセルフリーディング・AI伴走サポート,title,SHIRAISHI NANA｜ハイヤーセルフリーディング・AI伴走サポート,https://shiraishi-nana.com/,自动提取原文片段；需求、趋势、竞争均未验证
shiraishi-nana.com,ハイヤーセルフにつながる単発リーディングと、AIを活用してホームページ・公式LINE・動画編集を自分で形にできるようになる伴走サポート。内側の感覚を大切にしながら、想いを現実の一歩へ。,description,ハイヤーセルフにつながる単発リーディングと、AIを活用してホームページ・公式LINE・動画編集を自分で形にできるようになる伴走サポート。内側の感覚を大切にしながら、想いを現実の一歩へ。,https://shiraishi-nana.com/,自动提取原文片段；需求、趋势、竞争均未验证
jimmysmobilevaleting.co.uk,London’s 5-Star Mobile Vehicle Valeting & Detailing Specialist,h1,London’s 5-Star Mobile Vehicle Valeting & Detailing Specialist,https://www.jimmysmobilevaleting.co.uk/,自动提取原文片段；需求、趋势、竞争均未验证
jimmysmobilevaleting.co.uk,Jimmy’s Mobile Valeting,title,Jimmy’s Mobile Valeting,https://www.jimmysmobilevaleting.co.uk/,自动提取原文片段；需求、趋势、竞争均未验证
jimmysmobilevaleting.co.uk,Mobile Car Valeting & Detailing,title,Mobile Car Valeting & Detailing,https://www.jimmysmobilevaleting.co.uk/,自动提取原文片段；需求、趋势、竞争均未验证
jimmysmobilevaleting.co.uk,🚗 Professional mobile car valeting & vehicle detailing across London .,description,🚗 Professional mobile car valeting & vehicle detailing across London .,https://www.jimmysmobilevaleting.co.uk/,自动提取原文片段；需求、趋势、竞争均未验证
jimmysmobilevaleting.co.uk,"5-star service at your home or workplace, 7 days a week .",description,"5-star service at your home or workplace, 7 days a week .",https://www.jimmysmobilevaleting.co.uk/,自动提取原文片段；需求、趋势、竞争均未验证
jimmysmobilevaleting.co.uk,Call Jimmy today !,description,Call Jimmy today !,https://www.jimmysmobilevaleting.co.uk/,自动提取原文片段；需求、趋势、竞争均未验证
omolewamedicalcentre.com,OMOLEWA MEDICAL CENTRE,h1,OMOLEWA MEDICAL CENTRE,https://omolewamedicalcentre.com/,自动提取原文片段；需求、趋势、竞争均未验证
dillonmaier.ca,DILLON MAIER,h1,DILLON MAIER,https://dillonmaier.ca/,自动提取原文片段；需求、趋势、竞争均未验证
dillonmaier.ca,Mayor of Taylor,title,Mayor of Taylor,https://dillonmaier.ca/,自动提取原文片段；需求、趋势、竞争均未验证
dillonmaier.ca,"Dillon Maier for Mayor of Taylor, B.C.",description,"Dillon Maier for Mayor of Taylor, B.C.",https://dillonmaier.ca/,自动提取原文片段；需求、趋势、竞争均未验证
dillonmaier.ca,Make Taylor Great Again.,description,Make Taylor Great Again.,https://dillonmaier.ca/,自动提取原文片段；需求、趋势、竞争均未验证
dillonmaier.ca,"General voting day October 17, 2026.",description,"General voting day October 17, 2026.",https://dillonmaier.ca/,自动提取原文片段；需求、趋势、竞争均未验证
areusdigital.com,Convertimos datos en crecimiento.,h1,Convertimos datos en crecimiento.,https://areusdigital.com/,自动提取原文片段；需求、趋势、竞争均未验证
areusdigital.com,Empresa de desarrollo web y diseño digital,title,Empresa de desarrollo web y diseño digital,https://areusdigital.com/,自动提取原文片段；需求、趋势、竞争均未验证
areusdigital.com,AREUS,title,AREUS,https://areusdigital.com/,自动提取原文片段；需求、趋势、竞争均未验证
areusdigital.com,"AREUS crea páginas web a medida, tiendas online y plataformas digitales.",description,"AREUS crea páginas web a medida, tiendas online y plataformas digitales.",https://areusdigital.com/,自动提取原文片段；需求、趋势、竞争均未验证
haytamshami.com,Haytam Shami,h1,Haytam Shami,https://haytamshami.com/,自动提取原文片段；需求、趋势、竞争均未验证
haytamshami.com,Photographer & Filmmaker,title,Photographer & Filmmaker,https://haytamshami.com/,自动提取原文片段；需求、趋势、竞争均未验证
haytamshami.com,"Photographer and filmmaker: weddings, portraits, commercial spaces",description,"Photographer and filmmaker: weddings, portraits, commercial spaces",https://haytamshami.com/,自动提取原文片段；需求、趋势、竞争均未验证
haytamshami.com,"restaurants, retail, factories",description,"restaurants, retail, factories",https://haytamshami.com/,自动提取原文片段；需求、趋势、竞争均未验证
haytamshami.com,and aerial drone work.,description,and aerial drone work.,https://haytamshami.com/,自动提取原文片段；需求、趋势、竞争均未验证
vocminutespro.com,"Comptes-rendus de chantier, en quelques minutes.",h1,"Comptes-rendus de chantier, en quelques minutes.",https://vocminutespro.com/,自动提取原文片段；需求、趋势、竞争均未验证
vocminutespro.com,VocMinutes Pro,title,VocMinutes Pro,https://vocminutespro.com/,自动提取原文片段；需求、趋势、竞争均未验证
vocminutespro.com,Transcription vocale et comptes-rendus de chantier,description,Transcription vocale et comptes-rendus de chantier,https://vocminutespro.com/,自动提取原文片段；需求、趋势、竞争均未验证
vocminutespro.com,version web mobile.,description,version web mobile.,https://vocminutespro.com/,自动提取原文片段；需求、趋势、竞争均未验证
filamorphans.org,"Fil-Am Orphans Foundation, Inc.",h1,"Fil-Am Orphans Foundation, Inc.",https://filamorphans.org/,自动提取原文片段；需求、趋势、竞争均未验证
filamorphans.org,Every child is precious. Every child is a gift from God.,h1,Every child is precious. Every child is a gift from God.,https://filamorphans.org/,自动提取原文片段；需求、趋势、竞争均未验证
filamorphans.org,"Donations cover nutritious meals, clothing, and…",description,"Donations cover nutritious meals, clothing, and…",https://filamorphans.org/,自动提取原文片段；需求、趋势、竞争均未验证
skate-albtal.org,Fehlversuche gehören dazu. Aufhören nicht.,h1,Fehlversuche gehören dazu. Aufhören nicht.,https://skate-albtal.org/,自动提取原文片段；需求、趋势、竞争均未验证
skate-albtal.org,Skate Albtal WhatsApp Instagram,title,Skate Albtal WhatsApp Instagram,https://skate-albtal.org/,自动提取原文片段；需求、趋势、竞争均未验证
skate-albtal.org,Skate-Initiative fürs Albtal,description,Skate-Initiative fürs Albtal,https://skate-albtal.org/,自动提取原文片段；需求、趋势、竞争均未验证
skate-albtal.org,"Bad Herrenalb, Neusatz, Rotensol, Dobel und Bernbach.",description,"Bad Herrenalb, Neusatz, Rotensol, Dobel und Bernbach.",https://skate-albtal.org/,自动提取原文片段；需求、趋势、竞争均未验证
skate-albtal.org,"Gib deine Stimme, schlag eine Fläche vor, mach mit.",description,"Gib deine Stimme, schlag eine Fläche vor, mach mit.",https://skate-albtal.org/,自动提取原文片段；需求、趋势、竞争均未验证
steverank.com,The Name Index of Silicon Valley,h1,The Name Index of Silicon Valley,https://steverank.com/,自动提取原文片段；需求、趋势、竞争均未验证
steverank.com,SteveRank,title,SteveRank,https://steverank.com/,自动提取原文片段；需求、趋势、竞争均未验证
steverank.com,The tech industry ranked by first name.,description,The tech industry ranked by first name.,https://steverank.com/,自动提取原文片段；需求、趋势、竞争均未验证
steverank.com,One number per Steve.,description,One number per Steve.,https://steverank.com/,自动提取原文片段；需求、趋势、竞争均未验证
steverank.com,Somebody had to.,description,Somebody had to.,https://steverank.com/,自动提取原文片段；需求、趋势、竞争均未验证
nexrail.nl,Meet us at Innotrans!,h1,Meet us at Innotrans!,https://nexrail.nl/innotrans-2026/,自动提取原文片段；需求、趋势、竞争均未验证
nexrail.nl,Innotrans 2026,title,Innotrans 2026,https://nexrail.nl/innotrans-2026/,自动提取原文片段；需求、趋势、竞争均未验证
nexrail.nl,Nexrail,title,Nexrail,https://nexrail.nl/innotrans-2026/,自动提取原文片段；需求、趋势、竞争均未验证
crickexaff.pro,Crickex Aff,h1,Crickex Aff,https://crickexaff.pro/,自动提取原文片段；需求、趋势、竞争均未验证
crickexaff.pro,Bangladesh Slots and Sportsbook with Daily Rewards,h1,Bangladesh Slots and Sportsbook with Daily Rewards,https://crickexaff.pro/,自动提取原文片段；需求、趋势、竞争均未验证
crickexaff.pro,"Bangladesh Casino, Slots and Live Games",title,"Bangladesh Casino, Slots and Live Games",https://crickexaff.pro/,自动提取原文片段；需求、趋势、竞争均未验证
choinkalodz.pl,Spin City Casino rejestracja i Spin City Kasyno,h1,Spin City Casino rejestracja i Spin City Kasyno,https://choinkalodz.pl/,自动提取原文片段；需求、趋势、竞争均未验证
choinkalodz.pl,automaty online,h1,automaty online,https://choinkalodz.pl/,自动提取原文片段；需求、趋势、竞争均未验证
choinkalodz.pl,"Spin City Casino rejestracja, Spin City Kasyno graj w automaty online",title,"Spin City Casino rejestracja, Spin City Kasyno graj w automaty online",https://choinkalodz.pl/,自动提取原文片段；需求、趋势、竞争均未验证
choinkalodz.pl,"automaty online, szybkie konto, bonusy i wygodna gra 🎰✨",description,"automaty online, szybkie konto, bonusy i wygodna gra 🎰✨",https://choinkalodz.pl/,自动提取原文片段；需求、趋势、竞争均未验证
anikoto.website,Watch Anime Online For Free In HD,h1,Watch Anime Online For Free In HD,https://anikoto.website/,自动提取原文片段；需求、趋势、竞争均未验证
anikoto.website,Anikoto,title,Anikoto,https://anikoto.website/,自动提取原文片段；需求、趋势、竞争均未验证
anikoto.website,Watch Anime Online Free,title,Watch Anime Online Free,https://anikoto.website/,自动提取原文片段；需求、趋势、竞争均未验证
anikoto.website,9anime,title,9anime,https://anikoto.website/,自动提取原文片段；需求、趋势、竞争均未验证
anikoto.website,HiAnime Alternative,title,HiAnime Alternative,https://anikoto.website/,自动提取原文片段；需求、趋势、竞争均未验证
anikoto.website,Anikoto is the best free anime streaming site,description,Anikoto is the best free anime streaming site,https://anikoto.website/,自动提取原文片段；需求、趋势、竞争均未验证
spadeelectricworks.online,Spadeelectricworks,h1,Spadeelectricworks,https://spadeelectricworks.online/,自动提取原文片段；需求、趋势、竞争均未验证
meudjen.com.br,"Sua intimação no DJEN, resumida e com prazo , no seu Telegram.",h1,"Sua intimação no DJEN, resumida e com prazo , no seu Telegram.",https://meudjen.com.br/,自动提取原文片段；需求、趋势、竞争均未验证
meudjen.com.br,"Teste grátis por 7 dias, sem cartão.",description,"Teste grátis por 7 dias, sem cartão.",https://meudjen.com.br/,自动提取原文片段；需求、趋势、竞争均未验证
explore-lapland.com,What Lapland is really like in the month you are going,h1,What Lapland is really like in the month you are going,https://explore-lapland.com/,自动提取原文片段；需求、趋势、竞争均未验证
explore-lapland.com,Explore Lapland,title,Explore Lapland,https://explore-lapland.com/,自动提取原文片段；需求、趋势、竞争均未验证
explore-lapland.com,Independent Lapland trip planning Where the bases are Where the bases are,title,Independent Lapland trip planning Where the bases are Where the bases are,https://explore-lapland.com/,自动提取原文片段；需求、趋势、竞争均未验证
damask-mercantile.com,Run your whole business on one honest platform,h1,Run your whole business on one honest platform,https://damask-mercantile.com/,自动提取原文片段；需求、趋势、竞争均未验证
damask-mercantile.com,Complete Business Software & AI,title,Complete Business Software & AI,https://damask-mercantile.com/,自动提取原文片段；需求、趋势、竞争均未验证
damask-mercantile.com,Damask Mercantile,title,Damask Mercantile,https://damask-mercantile.com/,自动提取原文片段；需求、趋势、竞争均未验证
damask-mercantile.com,delivered in three one-time-priced packages.,description,delivered in three one-time-priced packages.,https://damask-mercantile.com/,自动提取原文片段；需求、趋势、竞争均未验证
gcccarpetcleaning.uk,Carpet & Upholstery Cleaning in Coventry Happy carpets. Happier homes.,h1,Carpet & Upholstery Cleaning in Coventry Happy carpets. Happier homes.,https://gcccarpetcleaning.uk/,自动提取原文片段；需求、趋势、竞争均未验证
gcccarpetcleaning.uk,GCC Carpet Cleaning,title,GCC Carpet Cleaning,https://gcccarpetcleaning.uk/,自动提取原文片段；需求、趋势、竞争均未验证
gcccarpetcleaning.uk,Carpet & Upholstery Cleaning Coventry,title,Carpet & Upholstery Cleaning Coventry,https://gcccarpetcleaning.uk/,自动提取原文片段；需求、趋势、竞争均未验证
gcccarpetcleaning.uk,"Prices from £40, transparent quotes and up to £10m insurance.",description,"Prices from £40, transparent quotes and up to £10m insurance.",https://gcccarpetcleaning.uk/,自动提取原文片段；需求、趋势、竞争均未验证
serviciotecnicojm.net,"Reparación de Neveras, Lavadoras y Aires Acondicionados en Bogotá",h1,"Reparación de Neveras, Lavadoras y Aires Acondicionados en Bogotá",https://serviciotecnicojm.net/,自动提取原文片段；需求、趋势、竞争均未验证
serviciotecnicojm.net,Servicio Técnico de Neveras y Lavadoras en Bogotá,title,Servicio Técnico de Neveras y Lavadoras en Bogotá,https://serviciotecnicojm.net/,自动提取原文片段；需求、趋势、竞争均未验证
serviciotecnicojm.net,Servicio Técnico J&M a domicilio en Bogotá.,description,Servicio Técnico J&M a domicilio en Bogotá.,https://serviciotecnicojm.net/,自动提取原文片段；需求、趋势、竞争均未验证
serviciotecnicojm.net,Atención rápida y confiable.,description,Atención rápida y confiable.,https://serviciotecnicojm.net/,自动提取原文片段；需求、趋势、竞争均未验证
stalepriors.com,The Stale Priors Index,h1,The Stale Priors Index,https://stalepriors.com/,自动提取原文片段；需求、趋势、竞争均未验证
stalepriors.com,what AI coding models get wrong about your libraries,title,what AI coding models get wrong about your libraries,https://stalepriors.com/,自动提取原文片段；需求、趋势、竞争均未验证
wbfl.net,WHISKEY BUSINESS,h1,WHISKEY BUSINESS,https://www.wbfl.net/,自动提取原文片段；需求、趋势、竞争均未验证
srikaya4dslot.com,SRIKAYA4D,h1,SRIKAYA4D,https://srikaya4dslot.com/,自动提取原文片段；需求、趋势、竞争均未验证
srikaya4dslot.com,SRIKAYA4D: SRIKAYA 4D Portal Seru untuk Pengalaman Main dan Bonus Spektakuler,title,SRIKAYA4D: SRIKAYA 4D Portal Seru untuk Pengalaman Main dan Bonus Spektakuler,https://srikaya4dslot.com/,自动提取原文片段；需求、趋势、竞争均未验证
ivam.fr,"Soyez visible . Ici, et en ligne.",h1,"Soyez visible . Ici, et en ligne.",https://ivam.fr/,自动提取原文片段；需求、趋势、竞争均未验证
ivam.fr,IVAM,title,IVAM,https://ivam.fr/,自动提取原文片段；需求、趋势、竞争均未验证
ivam.fr,"Agence web, photo et référencement local à Saint-Flour (Cantal)",title,"Agence web, photo et référencement local à Saint-Flour (Cantal)",https://ivam.fr/,自动提取原文片段；需求、趋势、竞争均未验证
ivam.fr,"Deux personnes à Saint-Flour, un seul interlocuteur, devis sous 48 h.",description,"Deux personnes à Saint-Flour, un seul interlocuteur, devis sous 48 h.",https://ivam.fr/,自动提取原文片段；需求、趋势、竞争均未验证
bwb88.cc,"BWB88: Situs Informasi Login, APK Download & Link Alternatif Indonesia",h1,"BWB88: Situs Informasi Login, APK Download & Link Alternatif Indonesia",https://bwb88.cc/,自动提取原文片段；需求、趋势、竞争均未验证
bwb88.cc,BWB88 Indonesia 2026,title,BWB88 Indonesia 2026,https://bwb88.cc/,自动提取原文片段；需求、趋势、竞争均未验证
bwb88.cc,"Login, APK & Download",title,"Login, APK & Download",https://bwb88.cc/,自动提取原文片段；需求、趋势、竞争均未验证
bwb88.cc,"Portal BWB88 Indonesia: checklist login, daftar, APK, download, link alternatif, slot & casino.",description,"Portal BWB88 Indonesia: checklist login, daftar, APK, download, link alternatif, slot & casino.",https://bwb88.cc/,自动提取原文片段；需求、趋势、竞争均未验证
bwb88.cc,Panduan editorial bwb88.cc,description,Panduan editorial bwb88.cc,https://bwb88.cc/,自动提取原文片段；需求、趋势、竞争均未验证
bwb88.cc,bukan klaim lisensi operator.,description,bukan klaim lisensi operator.,https://bwb88.cc/,自动提取原文片段；需求、趋势、竞争均未验证
quintadosjasminsld8100.com,A clearer view. A stronger business.,h1,A clearer view. A stronger business.,https://quintadosjasminsld8100.com/,自动提取原文片段；需求、趋势、竞争均未验证
quintadosjasminsld8100.com,"QUINTA DOS JASMINS, LDA",title,"QUINTA DOS JASMINS, LDA",https://quintadosjasminsld8100.com/,自动提取原文片段；需求、趋势、竞争均未验证
quintadosjasminsld8100.com,Clarity for your next chapter,title,Clarity for your next chapter,https://quintadosjasminsld8100.com/,自动提取原文片段；需求、趋势、竞争均未验证
quintadosjasminsld8100.com,Turn insight into your next confident decision.,description,Turn insight into your next confident decision.,https://quintadosjasminsld8100.com/,自动提取原文片段；需求、趋势、竞争均未验证
lessons4you.party,LESSONS.4.YOU,title,LESSONS.4.YOU,https://lessons4you.party/,自动提取原文片段；需求、趋势、竞争均未验证
lessons4you.party,"Міні-групи, Speaking club, тарифи Starter / Pro / Premium.",description,"Міні-групи, Speaking club, тарифи Starter / Pro / Premium.",https://lessons4you.party/,自动提取原文片段；需求、趋势、竞争均未验证
jkt88pg.com,"Panduan Komprehensif jkt88 APK Indonesia: Review, Tutorial, dan Analisis Keamanan 2026",h1,"Panduan Komprehensif jkt88 APK Indonesia: Review, Tutorial, dan Analisis Keamanan 2026",https://jkt88pg.com/,自动提取原文片段；需求、趋势、竞争均未验证
jkt88pg.com,jkt88.com,title,jkt88.com,https://jkt88pg.com/,自动提取原文片段；需求、趋势、竞争均未验证
jkt88pg.com,Download APK Android Aman Terpercaya Indonesia,title,Download APK Android Aman Terpercaya Indonesia,https://jkt88pg.com/,自动提取原文片段；需求、趋势、竞争均未验证
jkt88pg.com,Panduan komprehensif download jkt88 APK di Indonesia.,description,Panduan komprehensif download jkt88 APK di Indonesia.,https://jkt88pg.com/,自动提取原文片段；需求、趋势、竞争均未验证
jkt88pg.com,Ditulis oleh tim ahli teknologi profesional.,description,Ditulis oleh tim ahli teknologi profesional.,https://jkt88pg.com/,自动提取原文片段；需求、趋势、竞争均未验证
jkt88pg.com,"Review mendalam, tutorial terverifikasi, dan analisis keamanan lengkap untuk pengguna Indonesia.",description,"Review mendalam, tutorial terverifikasi, dan analisis keamanan lengkap untuk pengguna Indonesia.",https://jkt88pg.com/,自动提取原文片段；需求、趋势、竞争均未验证
silver188slot.com,SILVER188,h1,SILVER188,https://silver188slot.com/,自动提取原文片段；需求、趋势、竞争均未验证
silver188slot.com,SILVER 188 Situs Game Online Penuh Kejutan dan Bonus Menarik,title,SILVER 188 Situs Game Online Penuh Kejutan dan Bonus Menarik,https://silver188slot.com/,自动提取原文片段；需求、趋势、竞争均未验证
silver188slot.com,SILVER188 situs game online terpercaya penuh kejutan dan bonus menarik.,description,SILVER188 situs game online terpercaya penuh kejutan dan bonus menarik.,https://silver188slot.com/,自动提取原文片段；需求、趋势、竞争均未验证
silver188slot.com,Mainkan berbagai permainan seru hanya di SILVER 188 sekarang juga..,description,Mainkan berbagai permainan seru hanya di SILVER 188 sekarang juga..,https://silver188slot.com/,自动提取原文片段；需求、趋势、竞争均未验证
jd77.cx,ยินดีต้อนรับสู่ JD77 คาสิโนออนไลน์ที่คนไทยเลือกมากที่สุด,h1,ยินดีต้อนรับสู่ JD77 คาสิโนออนไลน์ที่คนไทยเลือกมากที่สุด,https://jd77.cx/,自动提取原文片段；需求、趋势、竞争均未验证
jd77.cx,JD77 คาสิโนออนไลน์ สล็อต และเดิมพันกีฬาชั้นนำของไทย,title,JD77 คาสิโนออนไลน์ สล็อต และเดิมพันกีฬาชั้นนำของไทย,https://jd77.cx/,自动提取原文片段；需求、趋势、竞争均未验证
turbo78tt.com,Download turbo78 APK Indonesia,h1,Download turbo78 APK Indonesia,https://turbo78tt.com/,自动提取原文片段；需求、趋势、竞争均未验证
turbo78tt.com,Platform Android Terpercaya,h1,Platform Android Terpercaya,https://turbo78tt.com/,自动提取原文片段；需求、趋势、竞争均未验证
turbo78tt.com,turbo78 Unduh APK Peta dan Transportasi,title,turbo78 Unduh APK Peta dan Transportasi,https://turbo78tt.com/,自动提取原文片段；需求、趋势、竞争均未验证
dx666.wiki,大象传媒,title,大象传媒,https://dx666.wiki/,自动提取原文片段；需求、趋势、竞争均未验证
dx666.wiki,高清原创AV,title,高清原创AV,https://dx666.wiki/,自动提取原文片段；需求、趋势、竞争均未验证
dx666.wiki,资源天天更新,title,资源天天更新,https://dx666.wiki/,自动提取原文片段；需求、趋势、竞争均未验证
dx666.wiki,"大象传媒视频合集,NTR生日派对欲求不满的人妻 人妻Anna 大象传媒.",description,"大象传媒视频合集,NTR生日派对欲求不满的人妻 人妻Anna 大象传媒.",https://dx666.wiki/,自动提取原文片段；需求、趋势、竞争均未验证
dx666.wiki,美女作家以性交租 樱空桃桃 大象传媒.,description,美女作家以性交租 樱空桃桃 大象传媒.,https://dx666.wiki/,自动提取原文片段；需求、趋势、竞争均未验证
dx666.wiki,乌鸦传媒.,description,乌鸦传媒.,https://dx666.wiki/,自动提取原文片段；需求、趋势、竞争均未验证
