域名,名单日期,通道,判定,原因,注册日期,注册状态,页面URL,Title,Description,H1,名称选择依据,首次上线
newcaroffer.net,2026-09-14,传统后缀,未取得可用页面,当前未取得可用HTTPS页面：network_error,,not_checked,https://newcaroffer.net/,,,,独立后缀与名称通道：传统后缀（.net）；通用词典完整分词；固定哈希次序第1名，组实际配额1350。未要求命中行业词根；名称线索不是意义或机会确认。,未核实
livslabbet.com,2026-09-09,传统后缀,未取得可用页面,当前未取得可用HTTPS页面：network_error,,not_checked,https://livslabbet.com/,,,,独立后缀与名称通道：传统后缀（.com）；通用词典完整分词；固定哈希次序第2名，组实际配额1350。未要求命中行业词根；名称线索不是意义或机会确认。,未核实
roofrepairswift.com,2026-09-21,传统后缀,未取得可用页面,当前未取得可用HTTPS页面：http_error,,not_checked,https://roofrepairswift.com/,,,,独立后缀与名称通道：传统后缀（.com）；通用词典完整分词；固定哈希次序第3名，组实际配额1350。未要求命中行业词根；名称线索不是意义或机会确认。,未核实
mahalovood.com,2026-08-31,传统后缀,未取得可用页面,当前未取得可用HTTPS页面：network_error,,not_checked,https://mahalovood.com/,,,,独立后缀与名称通道：传统后缀（.com）；可读字符形态探索；固定哈希次序第4名，组实际配额1350。未要求命中行业词根；名称线索不是意义或机会确认。,未核实
bare-metal-engineer.com,2026-09-14,传统后缀,页面内容不足,未同时达到正文160字符且（description≥40字符或非通用H1≥8字符）,,not_checked,https://bare-metal-engineer.com/,STRATO - Domain reserved STRATO,,,独立后缀与名称通道：传统后缀（.com）；通用词典完整分词；固定哈希次序第5名，组实际配额1350。未要求命中行业词根；名称线索不是意义或机会确认。,未核实
mentescomfuturo.com,2026-09-14,传统后缀,未取得可用页面,当前未取得可用HTTPS页面：http_error,,not_checked,https://mentescomfuturo.com/,,,,独立后缀与名称通道：传统后缀（.com）；可读字符形态探索；固定哈希次序第6名，组实际配额1350。未要求命中行业词根；名称线索不是意义或机会确认。,未核实
隔离记录-426458cac1f0,2026-09-09,传统后缀,近期注册且有内容,本轮暂跳过成人与博彩内容；此项不改变页面是否存在的事实判定。,2026-09-07T11:07:52Z,verified_recent,,已移出本轮研究范围,,,名称与原文不在公开工作台展示；抽样位置保留于本地审计。,未核实
crossingborderspodcast.com,2026-08-30,传统后缀,未取得可用页面,当前未取得可用HTTPS页面：network_error,,not_checked,https://crossingborderspodcast.com/,,,,独立后缀与名称通道：传统后缀（.com）；通用词典完整分词；固定哈希次序第8名，组实际配额1350。未要求命中行业词根；名称线索不是意义或机会确认。,未核实
wsiegerph.com,2026-09-03,传统后缀,页面内容不足,未同时达到正文160字符且（description≥40字符或非通用H1≥8字符）,,not_checked,https://wsiegerph.com/,,,,独立后缀与名称通道：传统后缀（.com）；可读字符形态探索；固定哈希次序第9名，组实际配额1350。未要求命中行业词根；名称线索不是意义或机会确认。,未核实
journal-lae.com,2026-09-01,传统后缀,未取得可用页面,当前未取得可用HTTPS页面：http_error,,not_checked,https://journal-lae.com/,,,,独立后缀与名称通道：传统后缀（.com）；可读字符形态探索；固定哈希次序第10名，组实际配额1350。未要求命中行业词根；名称线索不是意义或机会确认。,未核实
attendsure.net,2026-08-29,传统后缀,注册超过30天,RDAP registration 早于固定30天窗口,2026-08-27T01:51:18Z,verified_old,https://www.attendsure.net/,Zoom Attendance Tracking & Camera Monitoring | AttendSure,"Track attendance and camera status in live Zoom sessions. Real-time alerts, Presence Checks and timestamped reports. Free 14-day trial, no credit card.",Zoom attendance tracking with live camera monitoring,独立后缀与名称通道：传统后缀（.net）；通用词典完整分词；固定哈希次序第11名，组实际配额1350。未要求命中行业词根；名称线索不是意义或机会确认。,未核实
milfyinny.com,2026-09-13,传统后缀,页面内容不足,未同时达到正文160字符且（description≥40字符或非通用H1≥8字符）,,not_checked,https://milfyinny.com/,,,,独立后缀与名称通道：传统后缀（.com）；可读字符形态探索；固定哈希次序第12名，组实际配额1350。未要求命中行业词根；名称线索不是意义或机会确认。,未核实
wholelifeanswers.com,2026-09-10,传统后缀,未取得可用页面,当前未取得可用HTTPS页面：network_error,,not_checked,https://wholelifeanswers.com/,,,,独立后缀与名称通道：传统后缀（.com）；可读字符形态探索；固定哈希次序第13名，组实际配额1350。未要求命中行业词根；名称线索不是意义或机会确认。,未核实
xkzzc.com,2026-09-06,传统后缀,未取得可用页面,当前未取得可用HTTPS页面：network_error,,not_checked,https://xkzzc.com/,,,,独立后缀与名称通道：传统后缀（.com）；短缩写探索；固定哈希次序第14名，组实际配额1350。未要求命中行业词根；名称线索不是意义或机会确认。,未核实
retromass.net,2026-09-01,传统后缀,未取得可用页面,当前未取得可用HTTPS页面：network_error,,not_checked,https://www.retromass.com.tw/,,,,独立后缀与名称通道：传统后缀（.net）；可读字符形态探索；固定哈希次序第15名，组实际配额1350。未要求命中行业词根；名称线索不是意义或机会确认。,未核实
umattrapp.com,2026-09-12,传统后缀,停放或未正式开放,AI内容复核：描述明确说应用尚待发布；当前正文只有口号、联系和Cookie模板，未展示已开放的应用内容。 原文：Your launching soon app;自动初判：RDAP registration 位于近30天窗口；当前HTTPS页面通过实质内容规则,2026-09-10T07:01:51Z,verified_recent,https://umattrapp.com/,Umattr,"Discover Umattrapp: Your launching soon app, designed to revolutionize user engagement. Stay tuned for updates and contact us for inquiries.",Apps That Matter;Apps That Matter,独立后缀与名称通道：传统后缀（.com）；可读字符形态探索；固定哈希次序第16名，组实际配额1350。未要求命中行业词根；名称线索不是意义或机会确认。,未核实
zangbot.net,2026-09-25,传统后缀,未取得可用页面,当前未取得可用HTTPS页面：http_error,,not_checked,https://zangbot.net/,,,,独立后缀与名称通道：传统后缀（.net）；可读字符形态探索；固定哈希次序第17名，组实际配额1350。未要求命中行业词根；名称线索不是意义或机会确认。,未核实
cevrgroup.com,2026-09-12,传统后缀,未取得可用页面,当前未取得可用HTTPS页面：network_error,,not_checked,https://cevrgroup.com/,,,,独立后缀与名称通道：传统后缀（.com）；可读字符形态探索；固定哈希次序第18名，组实际配额1350。未要求命中行业词根；名称线索不是意义或机会确认。,未核实
duoscreenprotector.com,2026-09-12,传统后缀,页面内容不足,未同时达到正文160字符且（description≥40字符或非通用H1≥8字符）,,not_checked,https://duoscreenprotector.com/,Parked Domain name on Hostinger DNS system,,,独立后缀与名称通道：传统后缀（.com）；通用词典完整分词；固定哈希次序第19名，组实际配额1350。未要求命中行业词根；名称线索不是意义或机会确认。,未核实
viewmeconsulting.com,2026-09-12,传统后缀,未取得可用页面,当前未取得可用HTTPS页面：http_error,,not_checked,https://viewmeconsulting.com/,,,,独立后缀与名称通道：传统后缀（.com）；可读字符形态探索；固定哈希次序第20名，组实际配额1350。未要求命中行业词根；名称线索不是意义或机会确认。,未核实
shwyc.com,2026-09-03,传统后缀,未取得可用页面,当前未取得可用HTTPS页面：network_error,,not_checked,https://shwyc.com/,,,,独立后缀与名称通道：传统后缀（.com）；短缩写探索；固定哈希次序第21名，组实际配额1350。未要求命中行业词根；名称线索不是意义或机会确认。,未核实
shugmoney.com,2026-09-21,传统后缀,未取得可用页面,当前未取得可用HTTPS页面：network_error,,not_checked,https://shugmoney.com/,,,,独立后缀与名称通道：传统后缀（.com）；通用词典完整分词；固定哈希次序第22名，组实际配额1350。未要求命中行业词根；名称线索不是意义或机会确认。,未核实
hetkousenproject.com,2026-09-17,传统后缀,未取得可用页面,当前未取得可用HTTPS页面：network_error,,not_checked,https://hetkousenproject.com/,,,,独立后缀与名称通道：传统后缀（.com）；通用词典完整分词；固定哈希次序第23名，组实际配额1350。未要求命中行业词根；名称线索不是意义或机会确认。,未核实
anyanlp.com,2026-09-24,传统后缀,未取得可用页面,当前未取得可用HTTPS页面：network_error,,not_checked,https://anyanlp.com/,,,,独立后缀与名称通道：传统后缀（.com）；可读字符形态探索；固定哈希次序第24名，组实际配额1350。未要求命中行业词根；名称线索不是意义或机会确认。,未核实
directunits.com,2026-09-12,传统后缀,停放或未正式开放,标题/H1/description 或域名式标题对应的正文开头命中停放/未开放标记：Domain for sale,,not_checked,https://directunits.com/,DirectUnits.com for sale | Spaceship.com,DirectUnits.com is for sale on Spaceship. Secure checkout and quick transfer. See all purchase options. No hidden fees.,DirectUnits.com,独立后缀与名称通道：传统后缀（.com）；可读字符形态探索；固定哈希次序第25名，组实际配额1350。未要求命中行业词根；名称线索不是意义或机会确认。,未核实
assistantgenies.com,2026-09-14,传统后缀,页面内容不足,未同时达到正文160字符且（description≥40字符或非通用H1≥8字符）,,not_checked,https://assistantgenies.com/,,,,独立后缀与名称通道：传统后缀（.com）；可读字符形态探索；固定哈希次序第26名，组实际配额1350。未要求命中行业词根；名称线索不是意义或机会确认。,未核实
tomocorpmexico.com,2026-09-12,传统后缀,页面内容不足,未同时达到正文160字符且（description≥40字符或非通用H1≥8字符）,,not_checked,https://tomocorpmexico.com/,,,,独立后缀与名称通道：传统后缀（.com）；可读字符形态探索；固定哈希次序第27名，组实际配额1350。未要求命中行业词根；名称线索不是意义或机会确认。,未核实
tenacityfunding.com,2026-09-06,传统后缀,近期注册且有内容,RDAP registration 位于近30天窗口；当前HTTPS页面通过实质内容规则,2026-09-04T17:50:46Z,verified_recent,https://tenacityfunding.com/,Tenacity Funding,Tenacity Funding offers innovative funding solutions for startups and small businesses. Contact us for alternative funding options to fuel your growth!,"Your Satisfaction, Our Mission.;Your Satisfaction, Our Mission.",独立后缀与名称通道：传统后缀（.com）；通用词典完整分词；固定哈希次序第28名，组实际配额1350。未要求命中行业词根；名称线索不是意义或机会确认。,未核实
nooklish.com,2026-08-30,传统后缀,停放或未正式开放,AI内容复核：商店展示尚未开业提示及邮箱订阅/密码入口；不是当前可浏览的商品站。 原文：Opening soon;自动初判：RDAP registration 位于近30天窗口；当前HTTPS页面通过实质内容规则,2026-08-28T00:22:31Z,verified_recent,https://nooklish.com/password,– Nooklish,,Opening soon,独立后缀与名称通道：传统后缀（.com）；通用词典完整分词；固定哈希次序第29名，组实际配额1350。未要求命中行业词根；名称线索不是意义或机会确认。,未核实
promaillots.com,2026-08-31,传统后缀,页面内容不足,未同时达到正文160字符且（description≥40字符或非通用H1≥8字符）,,not_checked,https://promaillots.com/,,,,独立后缀与名称通道：传统后缀（.com）；通用词典完整分词；固定哈希次序第30名，组实际配额1350。未要求命中行业词根；名称线索不是意义或机会确认。,未核实
tualivioencadaplato.com,2026-08-30,传统后缀,近期注册且有内容,RDAP registration 位于近30天窗口；当前HTTPS页面通过实质内容规则,2026-08-28T14:45:56Z,verified_recent,https://tualivioencadaplato.com/,Tu Alivio En Cada Plato,"Tu Alivio En Cada Plato: +500 recetas antiinflamatorias sin gluten ni azúcar, más un método completo de comida, movimiento y pausas antiestrés para desinflamarte en 7 días.","¿Estás cansada de estar hinchada y sin energía , aunque intentás cuidarte?",独立后缀与名称通道：传统后缀（.com）；可读字符形态探索；固定哈希次序第31名，组实际配额1350。未要求命中行业词根；名称线索不是意义或机会确认。,未核实
dlcarsales.com,2026-09-04,传统后缀,未取得可用页面,当前未取得可用HTTPS页面：network_error,,not_checked,https://dlcarsales.com/,,,,独立后缀与名称通道：传统后缀（.com）；可读字符形态探索；固定哈希次序第32名，组实际配额1350。未要求命中行业词根；名称线索不是意义或机会确认。,未核实
madagascarsapphires.com,2026-09-07,传统后缀,未取得可用页面,当前未取得可用HTTPS页面：network_error,,not_checked,https://madagascarsapphires.com/,,,,独立后缀与名称通道：传统后缀（.com）；可读字符形态探索；固定哈希次序第33名，组实际配额1350。未要求命中行业词根；名称线索不是意义或机会确认。,未核实
weisser-works.com,2026-09-18,传统后缀,未取得可用页面,当前未取得可用HTTPS页面：http_error,,not_checked,https://weisser-works.com/,,,,独立后缀与名称通道：传统后缀（.com）；可读字符形态探索；固定哈希次序第34名，组实际配额1350。未要求命中行业词根；名称线索不是意义或机会确认。,未核实
nosnoozeclock.com,2026-08-31,传统后缀,未取得可用页面,当前未取得可用HTTPS页面：network_error,,not_checked,https://nosnoozeclock.com/,,,,独立后缀与名称通道：传统后缀（.com）；可读字符形态探索；固定哈希次序第35名，组实际配额1350。未要求命中行业词根；名称线索不是意义或机会确认。,未核实
fileorchidforge.com,2026-09-02,传统后缀,近期注册且有内容,RDAP registration 位于近30天窗口；当前HTTPS页面通过实质内容规则,2026-08-31T15:45:33Z,verified_recent,https://fileorchidforge.com/,Carthage MAC Logistics | Global Logistics & Supply Chain,"Carthage MAC Logistics provides premier international freight forwarding, customs brokerage, supply chain optimization, and warehousing services. Track and manage your shipments with our client portal.",Next-Generation Global Logistics by Carthage MAC Logistics,独立后缀与名称通道：传统后缀（.com）；通用词典完整分词；固定哈希次序第36名，组实际配额1350。未要求命中行业词根；名称线索不是意义或机会确认。,未核实
hellophreesia.com,2026-09-23,传统后缀,跳转到其他域名,来源域名近期注册，但最终页面属于其他域名；目标站上线时间未知,2026-09-21T17:18:18Z,verified_recent,https://www.phreesia.com/,Patient Intake Software That Grows Revenue | Phreesia,"Phreesia's patient intake software helps 4,700+ healthcare organizations increase revenue, reduce no-shows and end front-desk chaos. Get a demo today.",The best-performing healthcare organizations run on Phreesia.,独立后缀与名称通道：传统后缀（.com）；可读字符形态探索；固定哈希次序第37名，组实际配额1350。未要求命中行业词根；名称线索不是意义或机会确认。,未核实
holynationaltrust.org,2026-09-03,传统后缀,页面内容不足,未同时达到正文160字符且（description≥40字符或非通用H1≥8字符）,,not_checked,https://holynationaltrust.org/,,,,独立后缀与名称通道：传统后缀（.org）；通用词典完整分词；固定哈希次序第38名，组实际配额1350。未要求命中行业词根；名称线索不是意义或机会确认。,未核实
pg-yuleguan.com,2026-09-09,传统后缀,近期注册且有内容,RDAP registration 位于近30天窗口；当前HTTPS页面通过实质内容规则,2026-09-07T03:45:21Z,verified_recent,https://pg-yuleguan.com/,pg娱乐官方网 - (中国)九江市pg娱乐官方网商贸有限责任公司欢迎您,pg娱乐官方网 - (中国)九江市pg娱乐官方网商贸有限责任公司欢迎您，一起来感受pg手机版下载带来的快乐！欢迎来到pg娱乐官方网和我们一起体验pg网址、pg官网注册最优质的在线服务！！！,专业真人游戏中心：赛事活动轮番登场，边玩边看更带感;3250;10 k;200 +;150,独立后缀与名称通道：传统后缀（.com）；可读字符形态探索；固定哈希次序第39名，组实际配额1350。未要求命中行业词根；名称线索不是意义或机会确认。,未核实
medicarelenore.com,2026-08-28,传统后缀,页面内容不足,未同时达到正文160字符且（description≥40字符或非通用H1≥8字符）,,not_checked,https://calendly.com/lenorekhoube/existing-client-consultation-clone-1,Calendly,,,独立后缀与名称通道：传统后缀（.com）；通用词典完整分词；固定哈希次序第40名，组实际配额1350。未要求命中行业词根；名称线索不是意义或机会确认。,未核实
toknowagi.com,2026-09-08,传统后缀,未取得可用页面,当前未取得可用HTTPS页面：network_error,,not_checked,https://toknowagi.com/,,,,独立后缀与名称通道：传统后缀（.com）；可读字符形态探索；固定哈希次序第41名，组实际配额1350。未要求命中行业词根；名称线索不是意义或机会确认。,未核实
donpepesloanshop.com,2026-09-17,传统后缀,未取得可用页面,当前未取得可用HTTPS页面：network_error,,not_checked,https://donpepesloanshop.com/,,,,独立后缀与名称通道：传统后缀（.com）；可读字符形态探索；固定哈希次序第42名，组实际配额1350。未要求命中行业词根；名称线索不是意义或机会确认。,未核实
yiphai.com,2026-09-25,传统后缀,页面内容不足,未同时达到正文160字符且（description≥40字符或非通用H1≥8字符）,,not_checked,https://yiphai.com/,customer,,,独立后缀与名称通道：传统后缀（.com）；可读字符形态探索；固定哈希次序第43名，组实际配额1350。未要求命中行业词根；名称线索不是意义或机会确认。,未核实
dannandandrew.com,2026-09-07,传统后缀,页面内容不足,未同时达到正文160字符且（description≥40字符或非通用H1≥8字符）,,not_checked,https://dannandandrew.com/,,,,独立后缀与名称通道：传统后缀（.com）；通用词典完整分词；固定哈希次序第44名，组实际配额1350。未要求命中行业词根；名称线索不是意义或机会确认。,未核实
thealaskanotary.com,2026-08-29,传统后缀,注册超过30天,RDAP registration 早于固定30天窗口,2022-08-26T21:55:14Z,verified_old,https://www.thealaskanotary.com/,The Alaska Notary,,"Signed, Sealed & Delivered;Notary",独立后缀与名称通道：传统后缀（.com）；通用词典完整分词；固定哈希次序第45名，组实际配额1350。未要求命中行业词根；名称线索不是意义或机会确认。,未核实
aiwttai.com,2026-09-23,传统后缀,未取得可用页面,当前未取得可用HTTPS页面：network_error,,not_checked,https://aiwttai.com/,,,,独立后缀与名称通道：传统后缀（.com）；可读字符形态探索；固定哈希次序第46名，组实际配额1350。未要求命中行业词根；名称线索不是意义或机会确认。,未核实
trailvorn.net,2026-08-28,传统后缀,未取得可用页面,当前未取得可用HTTPS页面：too_large,,not_checked,https://trailvorn.net/,,,,独立后缀与名称通道：传统后缀（.net）；可读字符形态探索；固定哈希次序第47名，组实际配额1350。未要求命中行业词根；名称线索不是意义或机会确认。,未核实
masahebrew.com,2026-08-27,传统后缀,注册超过30天,RDAP registration 早于固定30天窗口,2026-08-25T17:21:28Z,verified_old,https://www.masahebrew.com/,Masa,"A Jewish learning journey for congregations and day schools, PreK through Grade 6 — Judaica Studies and Hebrew, side by side every week.","A Jewish learning journey, PreK through Grade 6.",独立后缀与名称通道：传统后缀（.com）；通用词典完整分词；固定哈希次序第48名，组实际配额1350。未要求命中行业词根；名称线索不是意义或机会确认。,未核实
primeretailprojects.com,2026-09-16,传统后缀,页面内容不足,未同时达到正文160字符且（description≥40字符或非通用H1≥8字符）,,not_checked,https://primeretailprojects.com/,Prime Retail Projects,Prime Retail Projects,,独立后缀与名称通道：传统后缀（.com）；可读字符形态探索；固定哈希次序第49名，组实际配额1350。未要求命中行业词根；名称线索不是意义或机会确认。,未核实
owlmountainconsulting.com,2026-09-23,传统后缀,页面内容不足,未同时达到正文160字符且（description≥40字符或非通用H1≥8字符）,,not_checked,https://owlmountainconsulting.com/,owlmountainconsulting.com,,Good Things are Coming.,独立后缀与名称通道：传统后缀（.com）；通用词典完整分词；固定哈希次序第50名，组实际配额1350。未要求命中行业词根；名称线索不是意义或机会确认。,未核实
pgjog.com,2026-08-29,传统后缀,未取得可用页面,当前未取得可用HTTPS页面：network_error,,not_checked,https://pgjog.com/,,,,独立后缀与名称通道：传统后缀（.com）；短缩写探索；固定哈希次序第51名，组实际配额1350。未要求命中行业词根；名称线索不是意义或机会确认。,未核实
nayfaksa.com,2026-09-04,传统后缀,近期注册且有内容,RDAP registration 位于近30天窗口；当前HTTPS页面通过实质内容规则,2026-09-02T12:02:20Z,verified_recent,https://nayfaksa.com/,NAYFA,Default description for NAYFA website,تسوق حسب القسم,独立后缀与名称通道：传统后缀（.com）；可读字符形态探索；固定哈希次序第52名，组实际配额1350。未要求命中行业词根；名称线索不是意义或机会确认。,未核实
lsxey.com,2026-09-03,传统后缀,未取得可用页面,当前未取得可用HTTPS页面：http_error,,not_checked,https://lsxey.com/,,,,独立后缀与名称通道：传统后缀（.com）；短缩写探索；固定哈希次序第53名，组实际配额1350。未要求命中行业词根；名称线索不是意义或机会确认。,未核实
takpicfix.com,2026-09-05,传统后缀,未取得可用页面,当前未取得可用HTTPS页面：network_error,,not_checked,https://takpicfix.com/,,,,独立后缀与名称通道：传统后缀（.com）；可读字符形态探索；固定哈希次序第54名，组实际配额1350。未要求命中行业词根；名称线索不是意义或机会确认。,未核实
momentiia.com,2026-09-09,传统后缀,未取得可用页面,当前未取得可用HTTPS页面：too_large,,not_checked,https://momentiia.com/,,,,独立后缀与名称通道：传统后缀（.com）；可读字符形态探索；固定哈希次序第55名，组实际配额1350。未要求命中行业词根；名称线索不是意义或机会确认。,未核实
naitivdemos.com,2026-08-27,传统后缀,注册超过30天,RDAP registration 早于固定30天窗口,2026-08-25T07:55:31Z,verified_old,https://naitivdemos.com/,Naitiv · Prototype Library,"Live ServiceNow prototype demonstrations from Naitiv — underwriting, claims, FNOL, SPM and M&A workbenches, governance-first by design.",AI-native by design.,独立后缀与名称通道：传统后缀（.com）；可读字符形态探索；固定哈希次序第56名，组实际配额1350。未要求命中行业词根；名称线索不是意义或机会确认。,未核实
computertechrepair.com,2026-09-05,传统后缀,未取得可用页面,当前未取得可用HTTPS页面：network_error,,not_checked,https://computertechrepair.com/,,,,独立后缀与名称通道：传统后缀（.com）；通用词典完整分词；固定哈希次序第57名，组实际配额1350。未要求命中行业词根；名称线索不是意义或机会确认。,未核实
victorsportsrating.com,2026-08-31,传统后缀,未取得可用页面,当前未取得可用HTTPS页面：network_error,,not_checked,https://victorsportsrating.com/,,,,独立后缀与名称通道：传统后缀（.com）；通用词典完整分词；固定哈希次序第58名，组实际配额1350。未要求命中行业词根；名称线索不是意义或机会确认。,未核实
owvcolv.com,2026-09-05,传统后缀,未取得可用页面,当前未取得可用HTTPS页面：network_error,,not_checked,https://owvcolv.com/,,,,独立后缀与名称通道：传统后缀（.com）；可读字符形态探索；固定哈希次序第59名，组实际配额1350。未要求命中行业词根；名称线索不是意义或机会确认。,未核实
oncoevidapsico.com,2026-09-19,传统后缀,未取得可用页面,当前未取得可用HTTPS页面：too_large,,not_checked,https://www.oncoevidapsico.com/,,,,独立后缀与名称通道：传统后缀（.com）；可读字符形态探索；固定哈希次序第60名，组实际配额1350。未要求命中行业词根；名称线索不是意义或机会确认。,未核实
hnogyunshoes.com,2026-08-30,传统后缀,页面内容不足,未同时达到正文160字符且（description≥40字符或非通用H1≥8字符）,,not_checked,https://hnogyunshoes.com/,Index of /,,Index of /,独立后缀与名称通道：传统后缀（.com）；可读字符形态探索；固定哈希次序第61名，组实际配额1350。未要求命中行业词根；名称线索不是意义或机会确认。,未核实
nexusifyconsulting.com,2026-09-01,传统后缀,页面内容不足,未同时达到正文160字符且（description≥40字符或非通用H1≥8字符）,,not_checked,https://nexusifyconsulting.com/,Parked Domain name on Hostinger DNS system,,,独立后缀与名称通道：传统后缀（.com）；可读字符形态探索；固定哈希次序第62名，组实际配额1350。未要求命中行业词根；名称线索不是意义或机会确认。,未核实
cricketliveworldcup.com,2026-08-31,传统后缀,跳转到其他域名,来源域名近期注册，但最终页面属于其他域名；目标站上线时间未知,2026-08-29T08:11:44Z,verified_recent,https://lungisa.org/,7M 7MCN - Xem Tỷ Số Trực Tuyến - Kết Quả Bóng Đá Mới Nhất,"7M hay 7mcn là địa chỉ web tỷ số bóng đá, kết quả trận đấu online mới nhất. Người dùng được cập nhật nhiều câu chuyện thể thao bên lê mỗi ngày.","7m – Xem tỷ số, kết quả bóng đá trực tuyến",独立后缀与名称通道：传统后缀（.com）；通用词典完整分词；固定哈希次序第63名，组实际配额1350。未要求命中行业词根；名称线索不是意义或机会确认。,未核实
meridwick.com,2026-08-29,传统后缀,近期注册且有内容,RDAP registration 位于近30天窗口；当前HTTPS页面通过实质内容规则,2026-08-27T11:08:57Z,verified_recent,https://meridwick.com/,Meridwick — Operational Customer Experience Advisory,"We help Gulf restaurant and hospitality groups understand why guests do not return, and fix it. Operational customer experience advisory.",Your guests come once. The problem is not your marketing .,独立后缀与名称通道：传统后缀（.com）；可读字符形态探索；固定哈希次序第64名，组实际配额1350。未要求命中行业词根；名称线索不是意义或机会确认。,未核实
waylonrhorer.com,2026-08-27,传统后缀,页面内容不足,未同时达到正文160字符且（description≥40字符或非通用H1≥8字符）,,not_checked,https://waylonrhorer.com/,,,,独立后缀与名称通道：传统后缀（.com）；可读字符形态探索；固定哈希次序第65名，组实际配额1350。未要求命中行业词根；名称线索不是意义或机会确认。,未核实
trybrezeno.com,2026-09-17,传统后缀,未取得可用页面,当前未取得可用HTTPS页面：network_error,,not_checked,https://brezeno.com,,,,独立后缀与名称通道：传统后缀（.com）；可读字符形态探索；固定哈希次序第66名，组实际配额1350。未要求命中行业词根；名称线索不是意义或机会确认。,未核实
shortlistsaas.com,2026-09-19,传统后缀,页面内容不足,未同时达到正文160字符且（description≥40字符或非通用H1≥8字符）,,not_checked,https://shortlistsaas.com/,Shortlist SaaS,Describe what you need. Get a ranked shortlist of SaaS products that fit.,,独立后缀与名称通道：传统后缀（.com）；可读字符形态探索；固定哈希次序第67名，组实际配额1350。未要求命中行业词根；名称线索不是意义或机会确认。,未核实
qianlidao.com,2026-09-02,传统后缀,近期注册且有内容,RDAP registration 位于近30天窗口；当前HTTPS页面通过实质内容规则,2026-08-30T18:26:32Z,verified_recent,https://qianlidao.com/,"免费影视大全-最新电影_好看的电视剧,红桃影视","红桃影视是一个更新最快,最热门的高清免费在线的电影网,供各种类型电影,热播电视剧,综艺节目,动漫的手机电影网。",红桃影视,独立后缀与名称通道：传统后缀（.com）；可读字符形态探索；固定哈希次序第68名，组实际配额1350。未要求命中行业词根；名称线索不是意义或机会确认。,未核实
3dbest.net,2026-09-04,传统后缀,未取得可用页面,当前未取得可用HTTPS页面：network_error,,not_checked,https://3dbest.net/,,,,独立后缀与名称通道：传统后缀（.net）；少量数字名称探索；固定哈希次序第69名，组实际配额1350。未要求命中行业词根；名称线索不是意义或机会确认。,未核实
tr12ocot.com,2026-09-21,传统后缀,未取得可用页面,当前未取得可用HTTPS页面：http_error,,not_checked,https://ph188.down9635.com/,,,,独立后缀与名称通道：传统后缀（.com）；少量数字名称探索；固定哈希次序第70名，组实际配额1350。未要求命中行业词根；名称线索不是意义或机会确认。,未核实
imomass.com,2026-09-03,传统后缀,跳转到其他域名,来源域名近期注册，但最终页面属于其他域名；目标站上线时间未知,2026-09-01T19:47:07Z,verified_recent,https://praestegaardgroup.com/en,Maritime cyber-risk assessment and advisory | Praestegaard Group,"Independent maritime cyber-risk assessment and assurance for vessels, systems and operations across Levels of Autonomy 1 to 4.",Know what can fail before it matters,独立后缀与名称通道：传统后缀（.com）；可读字符形态探索；固定哈希次序第71名，组实际配额1350。未要求命中行业词根；名称线索不是意义或机会确认。,未核实
shuinizhuan.com,2026-09-19,传统后缀,未取得可用页面,当前未取得可用HTTPS页面：redirect_error,,not_checked,https://shuinizhuan.com/,,,,独立后缀与名称通道：传统后缀（.com）；可读字符形态探索；固定哈希次序第72名，组实际配额1350。未要求命中行业词根；名称线索不是意义或机会确认。,未核实
luoshengjin.com,2026-09-22,传统后缀,未取得可用页面,当前未取得可用HTTPS页面：http_error,,not_checked,https://luoshengjin.com/,,,,独立后缀与名称通道：传统后缀（.com）；通用词典完整分词；固定哈希次序第73名，组实际配额1350。未要求命中行业词根；名称线索不是意义或机会确认。,未核实
viarcanastudio.com,2026-09-15,传统后缀,近期注册且有内容,RDAP registration 位于近30天窗口；当前HTTPS页面通过实质内容规则,2026-09-13T15:00:07Z,verified_recent,https://viarcanastudio.com/,Canvas Wall Art & Imagined Cities | Viarcana,"Discover canvas wall art inspired by real cities and imagined worlds. Explore fantasy, dreamlike and futuristic artworks for your home. Shop Viarcana.","Familiar places, transformed.",独立后缀与名称通道：传统后缀（.com）；可读字符形态探索；固定哈希次序第74名，组实际配额1350。未要求命中行业词根；名称线索不是意义或机会确认。,未核实
隔离记录-0225c4e94c97,2026-09-07,传统后缀,近期注册且有内容,本轮暂跳过成人与博彩内容；此项不改变页面是否存在的事实判定。,2026-09-04T14:42:09Z,verified_recent,,已移出本轮研究范围,,,名称与原文不在公开工作台展示；抽样位置保留于本地审计。,未核实
buela.org,2026-09-07,传统后缀,未取得可用页面,当前未取得可用HTTPS页面：network_error,,not_checked,https://buela.org/,,,,独立后缀与名称通道：传统后缀（.org）；短缩写探索；固定哈希次序第76名，组实际配额1350。未要求命中行业词根；名称线索不是意义或机会确认。,未核实
myindependenthelp.net,2026-09-20,传统后缀,页面内容不足,未同时达到正文160字符且（description≥40字符或非通用H1≥8字符）,,not_checked,https://myindependenthelp.net/,Success!,,Success!,独立后缀与名称通道：传统后缀（.net）；可读字符形态探索；固定哈希次序第77名，组实际配额1350。未要求命中行业词根；名称线索不是意义或机会确认。,未核实
隔离记录-93a16bcfdc76,2026-08-27,传统后缀,注册超过30天,公开展示暂隔离，原始技术判定保留。,2026-08-25T07:14:50Z,verified_old,,已移出本轮研究范围,,,名称与原文不在公开工作台展示；抽样位置保留于本地审计。,未核实
accesorios5g.com,2026-09-13,传统后缀,页面内容不足,未同时达到正文160字符且（description≥40字符或非通用H1≥8字符）,,not_checked,https://accesorios5g.com/,accesorios5g.com,,,独立后缀与名称通道：传统后缀（.com）；少量数字名称探索；固定哈希次序第79名，组实际配额1350。未要求命中行业词根；名称线索不是意义或机会确认。,未核实
closetooyou.com,2026-09-02,传统后缀,页面内容不足,未同时达到正文160字符且（description≥40字符或非通用H1≥8字符）,,not_checked,https://closetooyou.com/,,,,独立后缀与名称通道：传统后缀（.com）；通用词典完整分词；固定哈希次序第80名，组实际配额1350。未要求命中行业词根；名称线索不是意义或机会确认。,未核实
daniellefrostwrites.com,2026-09-07,传统后缀,未取得可用页面,当前未取得可用HTTPS页面：http_error,,not_checked,https://daniellefrostwrites.com/,,,,独立后缀与名称通道：传统后缀（.com）；可读字符形态探索；固定哈希次序第81名，组实际配额1350。未要求命中行业词根；名称线索不是意义或机会确认。,未核实
edbernsteinlawads.com,2026-08-29,传统后缀,未取得可用页面,当前未取得可用HTTPS页面：http_error,,not_checked,https://edbernsteinlawads.com/,,,,独立后缀与名称通道：传统后缀（.com）；可读字符形态探索；固定哈希次序第82名，组实际配额1350。未要求命中行业词根；名称线索不是意义或机会确认。,未核实
pixhotul.com,2026-08-31,传统后缀,未取得可用页面,当前未取得可用HTTPS页面：network_error,,not_checked,https://pixhotul.com/,,,,独立后缀与名称通道：传统后缀（.com）；可读字符形态探索；固定哈希次序第83名，组实际配额1350。未要求命中行业词根；名称线索不是意义或机会确认。,未核实
mylowtide.com,2026-09-17,传统后缀,停放或未正式开放,AI内容复核：正文明确说明应用尚未在Google Play发布、仍在完成中；当前网站为安装前的数据/法律说明页，不把应用描述等同于已上线服务。 原文：Todavía no está en Google Play. Se está terminando.;自动初判：RDAP registration 位于近30天窗口；当前HTTPS页面通过实质内容规则,2026-09-15T07:59:29Z,verified_recent,https://mylowtide.com/,Mylowtide — el parte de surf de la cornisa,"Olas, viento y mareas hora a hora para 244 spots de surf de Galicia, Asturias, Cantabria y Euskadi. Sin anuncios y sin que nadie sepa dónde surfeas.",My low tide,独立后缀与名称通道：传统后缀（.com）；可读字符形态探索；固定哈希次序第84名，组实际配额1350。未要求命中行业词根；名称线索不是意义或机会确认。,未核实
lehouxboivin.com,2026-08-28,传统后缀,未取得可用页面,当前未取得可用HTTPS页面：network_error,,not_checked,https://lehouxboivin.com/,,,,独立后缀与名称通道：传统后缀（.com）；可读字符形态探索；固定哈希次序第85名，组实际配额1350。未要求命中行业词根；名称线索不是意义或机会确认。,未核实
allamericansolarcare.com,2026-09-25,传统后缀,近期注册且有内容,RDAP registration 位于近30天窗口；当前HTTPS页面通过实质内容规则,2026-09-23T04:05:09Z,verified_recent,https://allamericansolarcare.com/,All American Solar Care | Solar Panel Cleaning,"Veteran-owned solar panel cleaning, bird proofing, and gutter cleaning serving Fresno, Clovis, Madera, Visalia, Hanford, Lemoore, and the Central Valley.",Solar panel cleaning made simple.,独立后缀与名称通道：传统后缀（.com）；通用词典完整分词；固定哈希次序第86名，组实际配额1350。未要求命中行业词根；名称线索不是意义或机会确认。,未核实
kartalakvaryum.com,2026-09-07,传统后缀,近期注册且有内容,RDAP registration 位于近30天窗口；当前HTTPS页面通过实质内容规则,2026-09-05T13:30:56Z,verified_recent,https://www.kartalakvaryum.com/,Kartal Akvaryum - Sağlıklı Akvaryumun Adresi...,"Kartal Akvaryum ile akvaryum dünyasının kalitesini keşfedin. Akvaryum balıklarından bitki ve yemlere, teknik ekipmandan aksesuarlara kadar geniş ürün yelpaze...",Kartal Akvaryum - Sağlıklı Akvaryumun Adresi...,独立后缀与名称通道：传统后缀（.com）；可读字符形态探索；固定哈希次序第87名，组实际配额1350。未要求命中行业词根；名称线索不是意义或机会确认。,未核实
afac-loire.com,2026-09-16,传统后缀,未取得可用页面,当前未取得可用HTTPS页面：network_error,,not_checked,https://afac-loire.com/,,,,独立后缀与名称通道：传统后缀（.com）；可读字符形态探索；固定哈希次序第88名，组实际配额1350。未要求命中行业词根；名称线索不是意义或机会确认。,未核实
heritagemansion.com,2026-09-02,传统后缀,未取得可用页面,当前未取得可用HTTPS页面：network_error,,not_checked,https://heritagemansion.com/,,,,独立后缀与名称通道：传统后缀（.com）；通用词典完整分词；固定哈希次序第89名，组实际配额1350。未要求命中行业词根；名称线索不是意义或机会确认。,未核实
kwgoteam.com,2026-09-18,传统后缀,未取得可用页面,当前未取得可用HTTPS页面：network_error,,not_checked,https://kwgoteam.com/,,,,独立后缀与名称通道：传统后缀（.com）；可读字符形态探索；固定哈希次序第90名，组实际配额1350。未要求命中行业词根；名称线索不是意义或机会确认。,未核实
colibricole.org,2026-09-01,传统后缀,未取得可用页面,当前未取得可用HTTPS页面：too_large,,not_checked,http://www.colibricole.org/,,,,独立后缀与名称通道：传统后缀（.org）；通用词典完整分词；固定哈希次序第91名，组实际配额1350。未要求命中行业词根；名称线索不是意义或机会确认。,未核实
manontornesistero.com,2026-09-18,传统后缀,页面内容不足,未同时达到正文160字符且（description≥40字符或非通用H1≥8字符）,,not_checked,https://manontornesistero.com/,Manon Torné-Sistero — Portfolio,"Artiste, scénographe, accessoiriste, cheffe décoratrice — Marseille.",,独立后缀与名称通道：传统后缀（.com）；可读字符形态探索；固定哈希次序第92名，组实际配额1350。未要求命中行业词根；名称线索不是意义或机会确认。,未核实
sigmantarpoutlet.com,2026-09-16,传统后缀,近期注册且有内容,RDAP registration 位于近30天窗口；当前HTTPS页面通过实质内容规则,2026-09-14T02:50:32Z,verified_recent,https://www.sigmantarpoutlet.com/,Take Advantage Of Hot Sale: Up To 49% Off Sigman Waterproof Fabric,Searching For The Finest Selection Of waterproof fabric At 51% Off? Your Ultimate Destination Is Sigman.,,独立后缀与名称通道：传统后缀（.com）；通用词典完整分词；固定哈希次序第93名，组实际配额1350。未要求命中行业词根；名称线索不是意义或机会确认。,未核实
loslittleplantstand.com,2026-09-14,传统后缀,页面内容不足,未同时达到正文160字符且（description≥40字符或非通用H1≥8字符）,,not_checked,https://loslittleplantstand.com/,"Lo's Little Plant Stand | Locally Grown Plants in Magnolia, TX","Lo's Little Plant Stand is a small family-run plant nursery serving the Magnolia, Texas area. Locally grown vegetable plants, herbs, garden favorites, local pickup, and qualifying free delivery.",,独立后缀与名称通道：传统后缀（.com）；可读字符形态探索；固定哈希次序第94名，组实际配额1350。未要求命中行业词根；名称线索不是意义或机会确认。,未核实
theantalyatraveler.com,2026-09-08,传统后缀,近期注册且有内容,RDAP registration 位于近30天窗口；当前HTTPS页面通过实质内容规则,2026-09-06T07:09:22Z,verified_recent,https://theantalyatraveler.com/,The Antalya Traveler,,Antalya is a Roman harbour with a cold mountain river behind it.,独立后缀与名称通道：传统后缀（.com）；通用词典完整分词；固定哈希次序第95名，组实际配额1350。未要求命中行业词根；名称线索不是意义或机会确认。,未核实
yongxinmandarin.com,2026-09-18,传统后缀,页面内容不足,未同时达到正文160字符且（description≥40字符或非通用H1≥8字符）,,not_checked,https://www.yongxinmandarin.com/,yongxinmandarin.com – Yongxin Mandarin,,,独立后缀与名称通道：传统后缀（.com）；可读字符形态探索；固定哈希次序第96名，组实际配额1350。未要求命中行业词根；名称线索不是意义或机会确认。,未核实
rightasrainsoapery.com,2026-08-29,传统后缀,页面内容不足,未同时达到正文160字符且（description≥40字符或非通用H1≥8字符）,,not_checked,https://rightasrainsoapery.com/,,,,独立后缀与名称通道：传统后缀（.com）；可读字符形态探索；固定哈希次序第97名，组实际配额1350。未要求命中行业词根；名称线索不是意义或机会确认。,未核实
sigmog.com,2026-09-22,传统后缀,页面内容不足,未同时达到正文160字符且（description≥40字符或非通用H1≥8字符）,,not_checked,https://sigmog.com/,,,,独立后缀与名称通道：传统后缀（.com）；通用词典完整分词；固定哈希次序第98名，组实际配额1350。未要求命中行业词根；名称线索不是意义或机会确认。,未核实
vyomwellness.com,2026-09-16,传统后缀,未取得可用页面,当前未取得可用HTTPS页面：too_large,,not_checked,https://vyomwellness.com/,,,,独立后缀与名称通道：传统后缀（.com）；可读字符形态探索；固定哈希次序第99名，组实际配额1350。未要求命中行业词根；名称线索不是意义或机会确认。,未核实
beautifulaftermath.com,2026-09-10,传统后缀,未取得可用页面,当前未取得可用HTTPS页面：http_error,,not_checked,https://beautifulaftermath.com/,,,,独立后缀与名称通道：传统后缀（.com）；通用词典完整分词；固定哈希次序第100名，组实际配额1350。未要求命中行业词根；名称线索不是意义或机会确认。,未核实
theflandria.com,2026-09-02,传统后缀,未取得可用页面,当前未取得可用HTTPS页面：http_error,,not_checked,https://theflandria.com/,,,,独立后缀与名称通道：传统后缀（.com）；可读字符形态探索；固定哈希次序第101名，组实际配额1350。未要求命中行业词根；名称线索不是意义或机会确认。,未核实
biziboss.com,2026-09-14,传统后缀,未取得可用页面,当前未取得可用HTTPS页面：http_error,,not_checked,https://biziboss.com/,,,,独立后缀与名称通道：传统后缀（.com）；可读字符形态探索；固定哈希次序第102名，组实际配额1350。未要求命中行业词根；名称线索不是意义或机会确认。,未核实
oppg.org,2026-09-23,传统后缀,未取得可用页面,当前未取得可用HTTPS页面：network_error,,not_checked,https://oppg.org/,,,,独立后缀与名称通道：传统后缀（.org）；短缩写探索；固定哈希次序第103名，组实际配额1350。未要求命中行业词根；名称线索不是意义或机会确认。,未核实
dealarchivedocuments.com,2026-08-28,传统后缀,未取得可用页面,当前未取得可用HTTPS页面：network_error,,not_checked,https://dealarchivedocuments.com/,,,,独立后缀与名称通道：传统后缀（.com）；可读字符形态探索；固定哈希次序第104名，组实际配额1350。未要求命中行业词根；名称线索不是意义或机会确认。,未核实
securecpgdirect.com,2026-09-25,传统后缀,跳转到其他域名,来源域名近期注册，但最终页面属于其他域名；目标站上线时间未知,2026-09-23T14:51:44Z,verified_recent,https://securecpg.com/,SecureCPG — Insurance Built for CPG Founders,,Insurance built for CPG brands. By CPG founders.,独立后缀与名称通道：传统后缀（.com）；可读字符形态探索；固定哈希次序第105名，组实际配额1350。未要求命中行业词根；名称线索不是意义或机会确认。,未核实
everettway.com,2026-09-20,传统后缀,未取得可用页面,当前未取得可用HTTPS页面：network_error,,not_checked,https://everettway.com/,,,,独立后缀与名称通道：传统后缀（.com）；通用词典完整分词；固定哈希次序第106名，组实际配额1350。未要求命中行业词根；名称线索不是意义或机会确认。,未核实
praventaventures.com,2026-09-17,传统后缀,页面内容不足,未同时达到正文160字符且（description≥40字符或非通用H1≥8字符）,,not_checked,https://praventaventures.com/,Parked Domain name on Hostinger DNS system,,,独立后缀与名称通道：传统后缀（.com）；可读字符形态探索；固定哈希次序第107名，组实际配额1350。未要求命中行业词根；名称线索不是意义或机会确认。,未核实
singulith.net,2026-09-07,传统后缀,未取得可用页面,当前未取得可用HTTPS页面：network_error,,not_checked,https://singulith.net/,,,,独立后缀与名称通道：传统后缀（.net）；可读字符形态探索；固定哈希次序第108名，组实际配额1350。未要求命中行业词根；名称线索不是意义或机会确认。,未核实
totesinatrailer.com,2026-09-24,传统后缀,未取得可用页面,当前未取得可用HTTPS页面：network_error,,not_checked,https://totesinatrailer.com/,,,,独立后缀与名称通道：传统后缀（.com）；通用词典完整分词；固定哈希次序第109名，组实际配额1350。未要求命中行业词根；名称线索不是意义或机会确认。,未核实
erichulmer.com,2026-09-06,传统后缀,未取得可用页面,当前未取得可用HTTPS页面：network_error,,not_checked,https://erichulmer.com/,,,,独立后缀与名称通道：传统后缀（.com）；可读字符形态探索；固定哈希次序第110名，组实际配额1350。未要求命中行业词根；名称线索不是意义或机会确认。,未核实
galvaneportfolio.com,2026-09-20,传统后缀,未取得可用页面,当前未取得可用HTTPS页面：http_error,,not_checked,https://galvaneportfolio.com/,,,,独立后缀与名称通道：传统后缀（.com）；通用词典完整分词；固定哈希次序第111名，组实际配额1350。未要求命中行业词根；名称线索不是意义或机会确认。,未核实
lisawilde.com,2026-09-24,传统后缀,未取得可用页面,当前未取得可用HTTPS页面：network_error,,not_checked,https://lisawilde.com/,,,,独立后缀与名称通道：传统后缀（.com）；可读字符形态探索；固定哈希次序第112名，组实际配额1350。未要求命中行业词根；名称线索不是意义或机会确认。,未核实
fastcrews.com,2026-09-09,传统后缀,页面内容不足,未同时达到正文160字符且（description≥40字符或非通用H1≥8字符）,,not_checked,https://fastcrews.com/,,,,独立后缀与名称通道：传统后缀（.com）；可读字符形态探索；固定哈希次序第113名，组实际配额1350。未要求命中行业词根；名称线索不是意义或机会确认。,未核实
oktastudio.com,2026-09-20,传统后缀,停放或未正式开放,标题/H1/description 或域名式标题对应的正文开头命中停放/未开放标记：Domain for sale,,not_checked,https://oktastudio.com/,OktaStudio.com for sale | Spaceship.com,OktaStudio.com is for sale on Spaceship. Secure checkout and quick transfer. See all purchase options. No hidden fees.,OktaStudio.com,独立后缀与名称通道：传统后缀（.com）；可读字符形态探索；固定哈希次序第114名，组实际配额1350。未要求命中行业词根；名称线索不是意义或机会确认。,未核实
lwqkt.com,2026-08-27,传统后缀,未取得可用页面,当前未取得可用HTTPS页面：network_error,,not_checked,https://lwqkt.com/,,,,独立后缀与名称通道：传统后缀（.com）；短缩写探索；固定哈希次序第115名，组实际配额1350。未要求命中行业词根；名称线索不是意义或机会确认。,未核实
born-in-greece.com,2026-08-28,传统后缀,未取得可用页面,当前未取得可用HTTPS页面：network_error,,not_checked,https://born-in-greece.com/,,,,独立后缀与名称通道：传统后缀（.com）；可读字符形态探索；固定哈希次序第116名，组实际配额1350。未要求命中行业词根；名称线索不是意义或机会确认。,未核实
speakingboard.com,2026-09-18,传统后缀,未取得可用页面,当前未取得可用HTTPS页面：http_error,,not_checked,https://speakingboard.com/,,,,独立后缀与名称通道：传统后缀（.com）；通用词典完整分词；固定哈希次序第117名，组实际配额1350。未要求命中行业词根；名称线索不是意义或机会确认。,未核实
naguibselimhome.com,2026-09-17,传统后缀,页面内容不足,未同时达到正文160字符且（description≥40字符或非通用H1≥8字符）,,not_checked,https://naguibselimhome.com/,,,,独立后缀与名称通道：传统后缀（.com）；可读字符形态探索；固定哈希次序第118名，组实际配额1350。未要求命中行业词根；名称线索不是意义或机会确认。,未核实
ourbusinessletters.com,2026-09-25,传统后缀,未取得可用页面,当前未取得可用HTTPS页面：network_error,,not_checked,https://ourbusinessletters.com/,,,,独立后缀与名称通道：传统后缀（.com）；通用词典完整分词；固定哈希次序第119名，组实际配额1350。未要求命中行业词根；名称线索不是意义或机会确认。,未核实
hyizjw.com,2026-09-12,传统后缀,未取得可用页面,当前未取得可用HTTPS页面：network_error,,not_checked,https://hyizjw.com/,,,,独立后缀与名称通道：传统后缀（.com）；可读字符形态探索；固定哈希次序第120名，组实际配额1350。未要求命中行业词根；名称线索不是意义或机会确认。,未核实
siriuservice.com,2026-09-25,传统后缀,未取得可用页面,当前未取得可用HTTPS页面：too_large,,not_checked,https://www.siriuservice.com/,,,,独立后缀与名称通道：传统后缀（.com）；可读字符形态探索；固定哈希次序第121名，组实际配额1350。未要求命中行业词根；名称线索不是意义或机会确认。,未核实
mystiquebookshop.com,2026-09-10,传统后缀,页面内容不足,未同时达到正文160字符且（description≥40字符或非通用H1≥8字符）,,not_checked,https://www.mystiquebookshop.com/,Mystique Bookshop - Romance bookstore in Red Bank TN | Mystique Bookshop,"Shop romance books, crystals, tarot & metaphysical goods at Mystique Bookshop in Red Bank, TN, serving the Chattanooga area.",,独立后缀与名称通道：传统后缀（.com）；可读字符形态探索；固定哈希次序第122名，组实际配额1350。未要求命中行业词根；名称线索不是意义或机会确认。,未核实
stayperfect.net,2026-09-02,传统后缀,未取得可用页面,当前未取得可用HTTPS页面：http_error,,not_checked,https://stayperfect.net/,,,,独立后缀与名称通道：传统后缀（.net）；通用词典完整分词；固定哈希次序第123名，组实际配额1350。未要求命中行业词根；名称线索不是意义或机会确认。,未核实
consultudeuda.net,2026-09-09,传统后缀,页面内容不足,未同时达到正文160字符且（description≥40字符或非通用H1≥8字符）,,not_checked,https://consultudeuda.net/,,,,独立后缀与名称通道：传统后缀（.net）；可读字符形态探索；固定哈希次序第124名，组实际配额1350。未要求命中行业词根；名称线索不是意义或机会确认。,未核实
halalresidence.com,2026-08-28,传统后缀,未取得可用页面,当前未取得可用HTTPS页面：network_error,,not_checked,https://halalresidence.com/,,,,独立后缀与名称通道：传统后缀（.com）；通用词典完整分词；固定哈希次序第125名，组实际配额1350。未要求命中行业词根；名称线索不是意义或机会确认。,未核实
ewmreputation.com,2026-09-21,传统后缀,近期注册且有内容,RDAP registration 位于近30天窗口；当前HTTPS页面通过实质内容规则,2026-09-19T15:40:23Z,verified_recent,https://ewmreputation.com/,EWM Now | Los Angeles Reputation Management,"Confidential reputation management for entertainers, executives, public figures, and brands in Los Angeles and worldwide.",Protect the Name Behind the Spotlight.,独立后缀与名称通道：传统后缀（.com）；可读字符形态探索；固定哈希次序第126名，组实际配额1350。未要求命中行业词根；名称线索不是意义或机会确认。,未核实
madetoshinephoto.com,2026-09-10,传统后缀,未取得可用页面,当前未取得可用HTTPS页面：too_large,,not_checked,https://www.madetoshinephoto.com/,,,,独立后缀与名称通道：传统后缀（.com）；可读字符形态探索；固定哈希次序第127名，组实际配额1350。未要求命中行业词根；名称线索不是意义或机会确认。,未核实
eynz7z.com,2026-09-12,传统后缀,页面内容不足,未同时达到正文160字符且（description≥40字符或非通用H1≥8字符）,,not_checked,https://eynz7z.com/,,,,独立后缀与名称通道：传统后缀（.com）；少量数字名称探索；固定哈希次序第128名，组实际配额1350。未要求命中行业词根；名称线索不是意义或机会确认。,未核实
dinverolario.com,2026-09-16,传统后缀,近期注册且有内容,RDAP registration 位于近30天窗口；当前HTTPS页面通过实质内容规则,2026-09-14T21:03:04Z,verified_recent,https://dinverolario.com/,Dinverolario | Estabilidad financiera para México,Consultoría de finanzas personales y orientación sobre apoyos gubernamentales para ciudadanos mexicanos. Asesoría gratuita con expertos certificados.,Apoyo financiero disponible para ciudadanos mexicanos.,独立后缀与名称通道：传统后缀（.com）；可读字符形态探索；固定哈希次序第129名，组实际配额1350。未要求命中行业词根；名称线索不是意义或机会确认。,未核实
somethingbleuu.com,2026-08-27,传统后缀,未取得可用页面,当前未取得可用HTTPS页面：network_error,,not_checked,https://somethingbleuu.com/,,,,独立后缀与名称通道：传统后缀（.com）；可读字符形态探索；固定哈希次序第130名，组实际配额1350。未要求命中行业词根；名称线索不是意义或机会确认。,未核实
johnsonsprotech.com,2026-09-24,传统后缀,页面内容不足,未同时达到正文160字符且（description≥40字符或非通用H1≥8字符）,,not_checked,https://www.johnsonsprotech.com/,Johnson's Pro Tech,Handyman services in Houston and Surrounding areas. Johnson's Pro Tech provides reliable service for homeowners and businesses,,独立后缀与名称通道：传统后缀（.com）；通用词典完整分词；固定哈希次序第131名，组实际配额1350。未要求命中行业词根；名称线索不是意义或机会确认。,未核实
lavariablehumana.com,2026-09-08,传统后缀,近期注册且有内容,RDAP registration 位于近30天窗口；当前HTTPS页面通过实质内容规则,2026-09-06T20:06:51Z,verified_recent,https://lavariablehumana.com/,Dilema 001 · IRH 23 — La Variable Humana,"¿Habrías querido conocer tu futuro profesional a los 9 años? Este futuro todavía no existe. Ayúdanos a pensarlo antes de que llegue. Responde en menos de un minuto, sin registro.",¿Habrías querido conocer tu futuro profesional a los 9 años?,独立后缀与名称通道：传统后缀（.com）；可读字符形态探索；固定哈希次序第132名，组实际配额1350。未要求命中行业词根；名称线索不是意义或机会确认。,未核实
ameliawiygulart.com,2026-09-17,传统后缀,未取得可用页面,当前未取得可用HTTPS页面：too_large,,not_checked,https://www.ameliawiygulart.com/,,,,独立后缀与名称通道：传统后缀（.com）；可读字符形态探索；固定哈希次序第133名，组实际配额1350。未要求命中行业词根；名称线索不是意义或机会确认。,未核实
fhs-cybersecurity.com,2026-08-29,传统后缀,未取得可用页面,当前未取得可用HTTPS页面：network_error,,not_checked,http://ww19.fhs-cybersecurity.com,,,,独立后缀与名称通道：传统后缀（.com）；可读字符形态探索；固定哈希次序第134名，组实际配额1350。未要求命中行业词根；名称线索不是意义或机会确认。,未核实
dkenzarabia.com,2026-08-28,传统后缀,注册超过30天,RDAP registration 早于固定30天窗口,2026-08-26T12:49:01Z,verified_old,https://dkenzarabia.com/,"Dkenz Al Arabia | Jazan, Saudi Arabia","Dkenz Al Arabia in Jazan, Saudi Arabia — travel services, contracting and construction, digital marketing, business support, restaurants and fast food.",Ideas into impact.,独立后缀与名称通道：传统后缀（.com）；可读字符形态探索；固定哈希次序第135名，组实际配额1350。未要求命中行业词根；名称线索不是意义或机会确认。,未核实
mon-orthodontiste.org,2026-09-04,传统后缀,未取得可用页面,当前未取得可用HTTPS页面：network_error,,not_checked,https://mon-orthodontiste.org/,,,,独立后缀与名称通道：传统后缀（.org）；可读字符形态探索；固定哈希次序第136名，组实际配额1350。未要求命中行业词根；名称线索不是意义或机会确认。,未核实
jorecamilo.com,2026-09-24,传统后缀,页面内容不足,未同时达到正文160字符且（description≥40字符或非通用H1≥8字符）,,not_checked,https://jorecamilo.com/,JoreCamilo,,,独立后缀与名称通道：传统后缀（.com）；可读字符形态探索；固定哈希次序第137名，组实际配额1350。未要求命中行业词根；名称线索不是意义或机会确认。,未核实
ethantom.com,2026-08-28,传统后缀,未取得可用页面,当前未取得可用HTTPS页面：network_error,,not_checked,https://ethantom.com/,,,,独立后缀与名称通道：传统后缀（.com）；通用词典完整分词；固定哈希次序第138名，组实际配额1350。未要求命中行业词根；名称线索不是意义或机会确认。,未核实
evautosolutions.com,2026-08-28,传统后缀,未取得可用页面,当前未取得可用HTTPS页面：network_error,,not_checked,https://evautosolutions.com/,,,,独立后缀与名称通道：传统后缀（.com）；可读字符形态探索；固定哈希次序第139名，组实际配额1350。未要求命中行业词根；名称线索不是意义或机会确认。,未核实
ind65.com,2026-09-02,传统后缀,未取得可用页面,当前未取得可用HTTPS页面：network_error,,not_checked,https://ind65.com/,,,,独立后缀与名称通道：传统后缀（.com）；少量数字名称探索；固定哈希次序第140名，组实际配额1350。未要求命中行业词根；名称线索不是意义或机会确认。,未核实
aos.uk.com,2026-09-19,传统后缀,页面内容不足,未同时达到正文160字符且（description≥40字符或非通用H1≥8字符）,,not_checked,https://aos.uk.com/,,,,独立后缀与名称通道：传统后缀（.com）；短缩写探索；固定哈希次序第141名，组实际配额1350。未要求命中行业词根；名称线索不是意义或机会确认。,未核实
acreativeharbor.com,2026-09-14,传统后缀,页面内容不足,未同时达到正文160字符且（description≥40字符或非通用H1≥8字符）,,not_checked,https://acreativeharbor.com/,acreativeharbor.com - Coming Soon,,acreativeharbor.com,独立后缀与名称通道：传统后缀（.com）；可读字符形态探索；固定哈希次序第142名，组实际配额1350。未要求命中行业词根；名称线索不是意义或机会确认。,未核实
toisousmontoit.com,2026-09-15,传统后缀,未取得可用页面,当前未取得可用HTTPS页面：network_error,,not_checked,https://toisousmontoit.com/,,,,独立后缀与名称通道：传统后缀（.com）；可读字符形态探索；固定哈希次序第143名，组实际配额1350。未要求命中行业词根；名称线索不是意义或机会确认。,未核实
joyblan.com,2026-09-14,传统后缀,未取得可用页面,当前未取得可用HTTPS页面：network_error,,not_checked,https://joyblan.com/,,,,独立后缀与名称通道：传统后缀（.com）；通用词典完整分词；固定哈希次序第144名，组实际配额1350。未要求命中行业词根；名称线索不是意义或机会确认。,未核实
sippmi.com,2026-09-25,传统后缀,未取得可用页面,AI内容复核：返回的是仅注册学员/讲师可访问的私有培训报表系统登录页；未取得登录后的可研究内容。 原文：Akses Khusus Pengguna Terdaftar;自动初判：RDAP registration 位于近30天窗口；当前HTTPS页面通过实质内容规则,2026-09-23T02:47:02Z,verified_recent,https://sippmi.com/login,Login - Sistem Pelaporan Kegiatan Pelatihan CPMI Program SMK Go Global 2026 - Politeknik Indonusa Surakarta,,POLITEKNIK INDONUSA,独立后缀与名称通道：传统后缀（.com）；可读字符形态探索；固定哈希次序第145名，组实际配额1350。未要求命中行业词根；名称线索不是意义或机会确认。,未核实
gucsanmetalmakina.com,2026-09-03,传统后缀,页面内容不足,"AI内容复核：关于、项目、团队和文章区域反复使用Lorem Ipsum及模板说明，存在“Süreç Başlık”等占位；未取得足以对应所列业务的实质公司/产品内容。 原文：Hakkımızda Lorem Ipsum, dizgi ve baskı endüstrisinde kullanılan mıgır metinlerdir.;自动初判：RDAP registration 位于近30天窗口；当前HTTPS页面通过实质内容规则",2026-09-01T09:07:04Z,verified_recent,https://gucsanmetalmakina.com/,GÜÇSAN METAL MAKİNA,GÜÇSAN METAL MAKİNA,İNAVASYON;TEKNİK DESTEK,独立后缀与名称通道：传统后缀（.com）；可读字符形态探索；固定哈希次序第146名，组实际配额1350。未要求命中行业词根；名称线索不是意义或机会确认。,未核实
nannahome.com,2026-09-03,传统后缀,未取得可用页面,当前未取得可用HTTPS页面：http_error,,not_checked,https://nannahome.com/,,,,独立后缀与名称通道：传统后缀（.com）；可读字符形态探索；固定哈希次序第147名，组实际配额1350。未要求命中行业词根；名称线索不是意义或机会确认。,未核实
caijor.com,2026-09-04,传统后缀,未取得可用页面,当前未取得可用HTTPS页面：network_error,,not_checked,https://caijor.com/,,,,独立后缀与名称通道：传统后缀（.com）；可读字符形态探索；固定哈希次序第148名，组实际配额1350。未要求命中行业词根；名称线索不是意义或机会确认。,未核实
littleindiatavira.com,2026-08-31,传统后缀,未取得可用页面,当前未取得可用HTTPS页面：too_large,,not_checked,https://www.littleindiatavira.com/,,,,独立后缀与名称通道：传统后缀（.com）；通用词典完整分词；固定哈希次序第149名，组实际配额1350。未要求命中行业词根；名称线索不是意义或机会确认。,未核实
case-of-moments.com,2026-09-04,传统后缀,页面内容不足,未同时达到正文160字符且（description≥40字符或非通用H1≥8字符）,,not_checked,https://case-of-moments.com/,Case of Moments,,,独立后缀与名称通道：传统后缀（.com）；可读字符形态探索；固定哈希次序第150名，组实际配额1350。未要求命中行业词根；名称线索不是意义或机会确认。,未核实
cohyli.com,2026-09-25,传统后缀,页面内容不足,未同时达到正文160字符且（description≥40字符或非通用H1≥8字符）,,not_checked,https://cohyli.com/,,,,独立后缀与名称通道：传统后缀（.com）；可读字符形态探索；固定哈希次序第151名，组实际配额1350。未要求命中行业词根；名称线索不是意义或机会确认。,未核实
alexandrespiga.com,2026-09-17,传统后缀,页面内容不足,未同时达到正文160字符且（description≥40字符或非通用H1≥8字符）,,not_checked,https://alexandrespiga.com/,Parked Domain name on Hostinger DNS system,,,独立后缀与名称通道：传统后缀（.com）；可读字符形态探索；固定哈希次序第152名，组实际配额1350。未要求命中行业词根；名称线索不是意义或机会确认。,未核实
kredi-basvuru-platform.net,2026-08-29,传统后缀,未取得可用页面,当前未取得可用HTTPS页面：network_error,,not_checked,https://kredi-basvuru-platform.net/,,,,独立后缀与名称通道：传统后缀（.net）；可读字符形态探索；固定哈希次序第153名，组实际配额1350。未要求命中行业词根；名称线索不是意义或机会确认。,未核实
horushouse.com,2026-09-01,传统后缀,未取得可用页面,当前未取得可用HTTPS页面：http_error,,not_checked,https://horushouse.com/,,,,独立后缀与名称通道：传统后缀（.com）；可读字符形态探索；固定哈希次序第154名，组实际配额1350。未要求命中行业词根；名称线索不是意义或机会确认。,未核实
smob-advertising.com,2026-08-30,传统后缀,未取得可用页面,当前未取得可用HTTPS页面：network_error,,not_checked,https://smob-advertising.com/,,,,独立后缀与名称通道：传统后缀（.com）；可读字符形态探索；固定哈希次序第155名，组实际配额1350。未要求命中行业词根；名称线索不是意义或机会确认。,未核实
henrygonzalezsystems.com,2026-09-04,传统后缀,未取得可用页面,当前未取得可用HTTPS页面：network_error,,not_checked,https://henrygonzalezsystems.com/,,,,独立后缀与名称通道：传统后缀（.com）；可读字符形态探索；固定哈希次序第156名，组实际配额1350。未要求命中行业词根；名称线索不是意义或机会确认。,未核实
latelierarttherapie.com,2026-09-03,传统后缀,页面内容不足,未同时达到正文160字符且（description≥40字符或非通用H1≥8字符）,,not_checked,https://latelierarttherapie.com/,Parked Domain name on Hostinger DNS system,,,独立后缀与名称通道：传统后缀（.com）；可读字符形态探索；固定哈希次序第157名，组实际配额1350。未要求命中行业词根；名称线索不是意义或机会确认。,未核实
ondajabega.com,2026-09-18,传统后缀,未取得可用页面,当前未取得可用HTTPS页面：network_error,,not_checked,https://ondajabega.com/,,,,独立后缀与名称通道：传统后缀（.com）；可读字符形态探索；固定哈希次序第158名，组实际配额1350。未要求命中行业词根；名称线索不是意义或机会确认。,未核实
palholdings.com,2026-09-08,传统后缀,页面内容不足,未同时达到正文160字符且（description≥40字符或非通用H1≥8字符）,,not_checked,https://palholdings.com/,,,,独立后缀与名称通道：传统后缀（.com）；可读字符形态探索；固定哈希次序第159名，组实际配额1350。未要求命中行业词根；名称线索不是意义或机会确认。,未核实
zion-sougi.com,2026-09-05,传统后缀,页面内容不足,未同时达到正文160字符且（description≥40字符或非通用H1≥8字符）,,not_checked,https://www.zion-sougi.com/,,,,独立后缀与名称通道：传统后缀（.com）；可读字符形态探索；固定哈希次序第160名，组实际配额1350。未要求命中行业词根；名称线索不是意义或机会确认。,未核实
landbuyingsecrets.com,2026-08-30,传统后缀,页面内容不足,未同时达到正文160字符且（description≥40字符或非通用H1≥8字符）,,not_checked,https://landbuyingsecrets.com/,,,,独立后缀与名称通道：传统后缀（.com）；可读字符形态探索；固定哈希次序第161名，组实际配额1350。未要求命中行业词根；名称线索不是意义或机会确认。,未核实
scott-thomas.org,2026-09-07,传统后缀,近期注册且有内容,RDAP registration 位于近30天窗口；当前HTTPS页面通过实质内容规则,2026-09-05T18:54:30.688000Z,verified_recent,https://scott-thomas.org/,Scott Thomas— Trusted Nationwide Cash Buyers,"Scott Thomas helps homeowners across the country sell quickly and with confidence. From foreclosure situations to inherited properties, rental fatigue, or homes needing major repairs, we make the selling process simple and work on your timeline.",Scott Thomas— Trusted Nationwide Cash Buyers,独立后缀与名称通道：传统后缀（.org）；通用词典完整分词；固定哈希次序第162名，组实际配额1350。未要求命中行业词根；名称线索不是意义或机会确认。,未核实
thugunicorn.com,2026-09-22,传统后缀,未取得可用页面,当前未取得可用HTTPS页面：network_error,,not_checked,https://thugunicorn.com/,,,,独立后缀与名称通道：传统后缀（.com）；通用词典完整分词；固定哈希次序第163名，组实际配额1350。未要求命中行业词根；名称线索不是意义或机会确认。,未核实
mobilimodernisale.com,2026-08-28,传统后缀,注册超过30天,RDAP registration 早于固定30天窗口,2026-08-26T11:04:15Z,verified_old,https://mobilimodernisale.com/,Outlet Online - Tutto Per La Tua Casa - Mobili Moderni,"Scopri Arredi Moderni E Soluzioni Di Design Per Ogni Ambiente. Divani, Sedie, Librerie, Complementi D'arredo E Tanto Altro.",,独立后缀与名称通道：传统后缀（.com）；可读字符形态探索；固定哈希次序第164名，组实际配额1350。未要求命中行业词根；名称线索不是意义或机会确认。,未核实
aendyne.com,2026-08-27,传统后缀,未取得可用页面,当前未取得可用HTTPS页面：network_error,,not_checked,https://aendyne.com/,,,,独立后缀与名称通道：传统后缀（.com）；可读字符形态探索；固定哈希次序第165名，组实际配额1350。未要求命中行业词根；名称线索不是意义或机会确认。,未核实
lvxpf.com,2026-09-05,传统后缀,未取得可用页面,当前未取得可用HTTPS页面：network_error,,not_checked,https://lvxpf.com/,,,,独立后缀与名称通道：传统后缀（.com）；短缩写探索；固定哈希次序第166名，组实际配额1350。未要求命中行业词根；名称线索不是意义或机会确认。,未核实
venusmiracle.com,2026-09-24,传统后缀,未取得可用页面,当前未取得可用HTTPS页面：network_error,,not_checked,https://venusmiracle.com/,,,,独立后缀与名称通道：传统后缀（.com）；通用词典完整分词；固定哈希次序第167名，组实际配额1350。未要求命中行业词根；名称线索不是意义或机会确认。,未核实
blogaris.com,2026-08-31,传统后缀,未取得可用页面,当前未取得可用HTTPS页面：network_error,,not_checked,https://blogaris.com/,,,,独立后缀与名称通道：传统后缀（.com）；可读字符形态探索；固定哈希次序第168名，组实际配额1350。未要求命中行业词根；名称线索不是意义或机会确认。,未核实
hzimdesign.com,2026-09-02,传统后缀,停放或未正式开放,标题/H1/description 或域名式标题对应的正文开头命中停放/未开放标记：Future home of,,not_checked,https://hzimdesign.com/,Coming Soon,,Future home of something quite cool.,独立后缀与名称通道：传统后缀（.com）；可读字符形态探索；固定哈希次序第169名，组实际配额1350。未要求命中行业词根；名称线索不是意义或机会确认。,未核实
kongwa2london.com,2026-09-02,传统后缀,跳转到其他域名,来源域名近期注册，但最终页面属于其他域名；目标站上线时间未知,2026-08-27T18:21:06Z,verified_recent,https://expireddomains.com/domain/kongwa2london.com?utm_source=redi,kongwa2london.com — Moz DA 11 aged domain | ED.com,"5,810 sites already link to kongwa2london.com, after 12 years online. Listed at $195 — keep the equity.",Kong Wa2 London .com,独立后缀与名称通道：传统后缀（.com）；少量数字名称探索；固定哈希次序第170名，组实际配额1350。未要求命中行业词根；名称线索不是意义或机会确认。,未核实
headlinetheoryteam.com,2026-09-09,传统后缀,停放或未正式开放,标题/H1/description 或域名式标题对应的正文开头命中停放/未开放标记：domain for sale,,not_checked,https://headlinetheoryteam.com/,porkbun.com | domain for sale,,This domain is for sale.,独立后缀与名称通道：传统后缀（.com）；通用词典完整分词；固定哈希次序第171名，组实际配额1350。未要求命中行业词根；名称线索不是意义或机会确认。,未核实
bussiness-homeworks.org,2026-09-06,传统后缀,未取得可用页面,当前未取得可用HTTPS页面：network_error,,not_checked,https://bussiness-homeworks.org/,,,,独立后缀与名称通道：传统后缀（.org）；通用词典完整分词；固定哈希次序第172名，组实际配额1350。未要求命中行业词根；名称线索不是意义或机会确认。,未核实
acdang.com,2026-09-05,传统后缀,近期注册且有内容,RDAP registration 位于近30天窗口；当前HTTPS页面通过实质内容规则,2026-09-03T08:04:33Z,verified_recent,https://acdang.com/,JRS直播NBA无插件_免费高清NBA在线直播_JRS体育直播平台,JRS直播NBA无插件，提供免费高清NBA在线直播服务，无需安装任何插件，手机电脑均可流畅观看。实时赛事直播、回放、数据统计，尽在JRS体育直播平台。,JRS直播,独立后缀与名称通道：传统后缀（.com）；可读字符形态探索；固定哈希次序第173名，组实际配额1350。未要求命中行业词根；名称线索不是意义或机会确认。,未核实
comboembroidery.com,2026-09-08,传统后缀,近期注册且有内容,RDAP registration 位于近30天窗口；当前HTTPS页面通过实质内容规则,2026-09-06T17:02:16Z,verified_recent,https://comboembroidery.com/,Combo Embroidery | Choose the hoop before the machine,"Independent research on embroidery machines: what each one does well, what it costs to live with, and who it actually suits.",Choose the hoop before the machine,独立后缀与名称通道：传统后缀（.com）；可读字符形态探索；固定哈希次序第174名，组实际配额1350。未要求命中行业词根；名称线索不是意义或机会确认。,未核实
nextworkscore.com,2026-09-18,传统后缀,未取得可用页面,当前未取得可用HTTPS页面：network_error,,not_checked,https://nextworkscore.com/,,,,独立后缀与名称通道：传统后缀（.com）；通用词典完整分词；固定哈希次序第175名，组实际配额1350。未要求命中行业词根；名称线索不是意义或机会确认。,未核实
auralanalysis.com,2026-09-01,传统后缀,页面内容不足,未同时达到正文160字符且（description≥40字符或非通用H1≥8字符）,,not_checked,https://auralanalysis.com/,Audio Analysis & Structured Summary,"Upload audio files to Auris AI for multimodal audio analysis, speech transcription, and structured summary reports.",,独立后缀与名称通道：传统后缀（.com）；通用词典完整分词；固定哈希次序第176名，组实际配额1350。未要求命中行业词根；名称线索不是意义或机会确认。,未核实
molasparaiso.com,2026-09-09,传统后缀,未取得可用页面,当前未取得可用HTTPS页面：http_error,,not_checked,https://molasparaiso.com/,,,,独立后缀与名称通道：传统后缀（.com）；可读字符形态探索；固定哈希次序第177名，组实际配额1350。未要求命中行业词根；名称线索不是意义或机会确认。,未核实
whatislifeabout.org,2026-09-10,传统后缀,近期注册且有内容,RDAP registration 位于近30天窗口；当前HTTPS页面通过实质内容规则,2026-09-08T07:43:22.855000Z,verified_recent,https://whatislifeabout.org/,Explore What Matters Most - Keys Vineyard Church,"WHAT IS LIFE ABOUT? Explore What Matters Most Life brings questions about meaning, purpose, relationships, God, faith, suffering, and what comes next. You do not need to have everything figured out. This is a place to explore honestly, at your own pace. Help Me Find Where to Start Explore the Questions A PLACE TO EXPLORE",Explore What Matters Most,独立后缀与名称通道：传统后缀（.org）；可读字符形态探索；固定哈希次序第178名，组实际配额1350。未要求命中行业词根；名称线索不是意义或机会确认。,未核实
quackstorm.com,2026-09-03,传统后缀,未取得可用页面,当前未取得可用HTTPS页面：network_error,,not_checked,https://quackstorm.com/,,,,独立后缀与名称通道：传统后缀（.com）；通用词典完整分词；固定哈希次序第179名，组实际配额1350。未要求命中行业词根；名称线索不是意义或机会确认。,未核实
bookkargul.com,2026-08-27,传统后缀,注册超过30天,RDAP registration 早于固定30天窗口,2026-08-25T18:04:56Z,verified_old,https://kargul.studio/,Home - kargul.studio,A design and engineering partner for scale-ups and enterprise products.,A design and engineering partner for scale-ups and enterprise products.,独立后缀与名称通道：传统后缀（.com）；可读字符形态探索；固定哈希次序第180名，组实际配额1350。未要求命中行业词根；名称线索不是意义或机会确认。,未核实
cybernine.net,2026-09-06,传统后缀,跳转到其他域名,来源域名近期注册，但最终页面属于其他域名；目标站上线时间未知,2026-09-03T21:58:58Z,verified_recent,https://cyber-nine.gr/,Cyber Nine | Υπηρεσίες κυβερνοασφάλειας στην Ελλάδα,"Υπηρεσίες κυβερνοασφάλειας για οργανισμούς στην Ελλάδα και την ΕΕ: δοκιμές διείσδυσης, αντιμετώπιση περιστατικών, μέτρα ασφάλειας και ανίχνευση απειλών.",Κυβερνοασφάλεια. Από την εκτίμηση στην πράξη.,独立后缀与名称通道：传统后缀（.net）；可读字符形态探索；固定哈希次序第181名，组实际配额1350。未要求命中行业词根；名称线索不是意义或机会确认。,未核实
oximorotech.com,2026-09-04,传统后缀,页面内容不足,未同时达到正文160字符且（description≥40字符或非通用H1≥8字符）,,not_checked,https://www.oximorotech.com/,Oxímoro Tech,Oxímoro Tech — software consulting and landing pages. Turning complexity into simplicity.,,独立后缀与名称通道：传统后缀（.com）；可读字符形态探索；固定哈希次序第182名，组实际配额1350。未要求命中行业词根；名称线索不是意义或机会确认。,未核实
fixlabguide.com,2026-09-13,传统后缀,未取得可用页面,当前未取得可用HTTPS页面：network_error,,not_checked,https://fixlabguide.com/,,,,独立后缀与名称通道：传统后缀（.com）；通用词典完整分词；固定哈希次序第183名，组实际配额1350。未要求命中行业词根；名称线索不是意义或机会确认。,未核实
starfluxko.org,2026-09-09,传统后缀,近期注册且有内容,RDAP registration 位于近30天窗口；当前HTTPS页面通过实质内容规则,2026-09-07T13:32:40.436000Z,verified_recent,https://starfluxko.org/,"starfluxko | Canadian Tech News, Reviews & Digital Media","starfluxko is a Canadian tech blog and digital media outlet covering the latest technology news, product reviews, startups, and digital media insights.",Stay ahead with sharper tech coverage.,独立后缀与名称通道：传统后缀（.org）；可读字符形态探索；固定哈希次序第184名，组实际配额1350。未要求命中行业词根；名称线索不是意义或机会确认。,未核实
wearedesigned.com,2026-09-22,传统后缀,近期注册且有内容,RDAP registration 位于近30天窗口；当前HTTPS页面通过实质内容规则,2026-09-20T23:55:06Z,verified_recent,https://wearedesigned.com/,We Are Designed,"A thousand years of describing a human being, in one place. We say plainly what we calculated and what we simply believe.",You are not an accident.,独立后缀与名称通道：传统后缀（.com）；通用词典完整分词；固定哈希次序第185名，组实际配额1350。未要求命中行业词根；名称线索不是意义或机会确认。,未核实
xoombiotech.com,2026-08-29,传统后缀,未取得可用页面,当前未取得可用HTTPS页面：network_error,,not_checked,https://xoombiotech.com/,,,,独立后缀与名称通道：传统后缀（.com）；可读字符形态探索；固定哈希次序第186名，组实际配额1350。未要求命中行业词根；名称线索不是意义或机会确认。,未核实
dunisan.com,2026-09-18,传统后缀,未取得可用页面,当前未取得可用HTTPS页面：network_error,,not_checked,https://dunisan.com/,,,,独立后缀与名称通道：传统后缀（.com）；可读字符形态探索；固定哈希次序第187名，组实际配额1350。未要求命中行业词根；名称线索不是意义或机会确认。,未核实
fidelisworks.net,2026-09-04,传统后缀,页面内容不足,未同时达到正文160字符且（description≥40字符或非通用H1≥8字符）,,not_checked,https://fidelisworks.net/,fidelisworks.net,,Good Things are Coming.,独立后缀与名称通道：传统后缀（.net）；通用词典完整分词；固定哈希次序第188名，组实际配额1350。未要求命中行业词根；名称线索不是意义或机会确认。,未核实
younesouamari.com,2026-09-16,传统后缀,页面内容不足,未同时达到正文160字符且（description≥40字符或非通用H1≥8字符）,,not_checked,https://younesouamari.com/,Site en construction,,Site en construction,独立后缀与名称通道：传统后缀（.com）；可读字符形态探索；固定哈希次序第189名，组实际配额1350。未要求命中行业词根；名称线索不是意义或机会确认。,未核实
artistsoftheearth.com,2026-09-03,传统后缀,页面内容不足,未同时达到正文160字符且（description≥40字符或非通用H1≥8字符）,,not_checked,https://artistsoftheearth.com/,117影院-窝窝网电影电视剧大全恋爱暴君一起-在线免费国产视频-日本天堂视频导航,117影院，窝窝网电影电视剧大全恋爱暴君一起，在线免费国产视频，日本天堂视频导航，GOGOGO在线高清免费完整板，97色导航，国产免费看视频，国产精品久久Kg，酒色成人网，夫妻一起看的小电视剧,本网站正在升级维护中，由此带来的不便，敬请谅解,独立后缀与名称通道：传统后缀（.com）；可读字符形态探索；固定哈希次序第190名，组实际配额1350。未要求命中行业词根；名称线索不是意义或机会确认。,未核实
ashenro.com,2026-09-16,传统后缀,近期注册且有内容,RDAP registration 位于近30天窗口；当前HTTPS页面通过实质内容规则,2026-09-14T14:25:40Z,verified_recent,https://ashenro.com/,AshenRO — Rekindled from the Ashes,"AshenRO is a classic pre-renewal Ragnarok Online server set in Episode 10.1, with 8× rates and thoughtful quality-of-life systems.","A classic world, rekindled from the ashes.",独立后缀与名称通道：传统后缀（.com）；可读字符形态探索；固定哈希次序第191名，组实际配额1350。未要求命中行业词根；名称线索不是意义或机会确认。,未核实
zfagw.com,2026-09-13,传统后缀,未取得可用页面,当前未取得可用HTTPS页面：network_error,,not_checked,https://zfagw.com/,,,,独立后缀与名称通道：传统后缀（.com）；短缩写探索；固定哈希次序第192名，组实际配额1350。未要求命中行业词根；名称线索不是意义或机会确认。,未核实
saturnoia.net,2026-09-23,传统后缀,页面内容不足,未同时达到正文160字符且（description≥40字符或非通用H1≥8字符）,,not_checked,https://saturnoia.net/,Em breve,,saturnoia.net,独立后缀与名称通道：传统后缀（.net）；可读字符形态探索；固定哈希次序第193名，组实际配额1350。未要求命中行业词根；名称线索不是意义或机会确认。,未核实
livetracing.net,2026-09-15,传统后缀,页面内容不足,未同时达到正文160字符且（description≥40字符或非通用H1≥8字符）,,not_checked,https://livetracing.net/,,,,独立后缀与名称通道：传统后缀（.net）；通用词典完整分词；固定哈希次序第194名，组实际配额1350。未要求命中行业词根；名称线索不是意义或机会确认。,未核实
sponsorintro.com,2026-09-15,传统后缀,近期注册且有内容,RDAP registration 位于近30天窗口；当前HTTPS页面通过实质内容规则,2026-09-13T18:41:36Z,verified_recent,https://sponsorintro.com/,SponsorIntro | Local sponsorships for SEO agencies,"Local sponsorships for local SEO campaigns. We source offers with relevant website links, sponsor listings, and social promotion. No sponsorship markup.",Make your client a local hero.,独立后缀与名称通道：传统后缀（.com）；可读字符形态探索；固定哈希次序第195名，组实际配额1350。未要求命中行业词根；名称线索不是意义或机会确认。,未核实
virtualpetheaven.com,2026-09-20,传统后缀,未取得可用页面,当前未取得可用HTTPS页面：network_error,,not_checked,https://virtualpetheaven.com/,,,,独立后缀与名称通道：传统后缀（.com）；通用词典完整分词；固定哈希次序第196名，组实际配额1350。未要求命中行业词根；名称线索不是意义或机会确认。,未核实
kdbet88.net,2026-09-05,传统后缀,未取得可用页面,当前未取得可用HTTPS页面：network_error,,not_checked,https://kdbet88.net/,,,,独立后缀与名称通道：传统后缀（.net）；少量数字名称探索；固定哈希次序第197名，组实际配额1350。未要求命中行业词根；名称线索不是意义或机会确认。,未核实
brothersroofingbainbridge.com,2026-09-03,传统后缀,页面内容不足,未同时达到正文160字符且（description≥40字符或非通用H1≥8字符）,,not_checked,https://brothersroofingbainbridge.com/,,,,独立后缀与名称通道：传统后缀（.com）；通用词典完整分词；固定哈希次序第198名，组实际配额1350。未要求命中行业词根；名称线索不是意义或机会确认。,未核实
raja-juara.org,2026-08-27,传统后缀,注册超过30天,RDAP registration 早于固定30天窗口,2026-08-25T12:21:40.404000Z,verified_old,https://raja-juara.org/,Raja Juara APK v15.7 (2026) Unduh untuk Android | Raja Juara Login Toggle Menu Scroll to top Scroll to top,"Unduh versi terbaru v15.7 dari Raja Juara Apk untuk smartphone dan tablet Android untuk memainkan slot, poker, permainan tabrakan, dan menembak ikan.",Raja Juara Apk Unduh v15.7 – Android & iOS APK [2026],独立后缀与名称通道：传统后缀（.org）；可读字符形态探索；固定哈希次序第199名，组实际配额1350。未要求命中行业词根；名称线索不是意义或机会确认。,未核实
oouns.com,2026-09-24,传统后缀,未取得可用页面,当前未取得可用HTTPS页面：http_error,,not_checked,https://oouns.com/,,,,独立后缀与名称通道：传统后缀（.com）；短缩写探索；固定哈希次序第200名，组实际配额1350。未要求命中行业词根；名称线索不是意义或机会确认。,未核实
ruby-patrick.com,2026-09-13,传统后缀,未取得可用页面,当前未取得可用HTTPS页面：http_error,,not_checked,https://ruby-patrick.com/,,,,独立后缀与名称通道：传统后缀（.com）；通用词典完整分词；固定哈希次序第201名，组实际配额1350。未要求命中行业词根；名称线索不是意义或机会确认。,未核实
隔离记录-07cb8e37abe2,2026-09-12,传统后缀,注册时间未核实,公开展示暂隔离，原始技术判定保留。,,unknown,,已移出本轮研究范围,,,名称与原文不在公开工作台展示；抽样位置保留于本地审计。,未核实
kimbanktrade.com,2026-09-23,传统后缀,未取得可用页面,当前未取得可用HTTPS页面：network_error,,not_checked,https://kimbanktrade.com/,,,,独立后缀与名称通道：传统后缀（.com）；通用词典完整分词；固定哈希次序第203名，组实际配额1350。未要求命中行业词根；名称线索不是意义或机会确认。,未核实
teroscloud.com,2026-09-16,传统后缀,未取得可用页面,AI内容复核：首页实际返回人机验证壳；必须完成验证才会跳转，当前未取得目标网站内容，也未绕过验证。 原文：Confirm you are human;自动初判：RDAP registration 位于近30天窗口；当前HTTPS页面通过实质内容规则,2026-09-14T08:00:44Z,verified_recent,https://teroscloud.com/,Security check,,Confirm you are human,独立后缀与名称通道：传统后缀（.com）；可读字符形态探索；固定哈希次序第204名，组实际配额1350。未要求命中行业词根；名称线索不是意义或机会确认。,未核实
aaronfishingtackle.com,2026-08-28,传统后缀,未取得可用页面,当前未取得可用HTTPS页面：network_error,,not_checked,https://aaronfishingtackle.com/,,,,独立后缀与名称通道：传统后缀（.com）；通用词典完整分词；固定哈希次序第205名，组实际配额1350。未要求命中行业词根；名称线索不是意义或机会确认。,未核实
tinglersmovie.net,2026-09-16,传统后缀,未取得可用页面,当前未取得可用HTTPS页面：network_error,,not_checked,https://tinglersmovie.net/,,,,独立后缀与名称通道：传统后缀（.net）；可读字符形态探索；固定哈希次序第206名，组实际配额1350。未要求命中行业词根；名称线索不是意义或机会确认。,未核实
kagson.com,2026-08-30,传统后缀,未取得可用页面,当前未取得可用HTTPS页面：network_error,,not_checked,https://kagson.com/,,,,独立后缀与名称通道：传统后缀（.com）；可读字符形态探索；固定哈希次序第207名，组实际配额1350。未要求命中行业词根；名称线索不是意义或机会确认。,未核实
metaintimate.com,2026-09-13,传统后缀,停放或未正式开放,AI内容复核：描述明确为Coming Soon网站，正文仅口号、联系表单及模板页脚；尚无已发布服务内容。 原文：Coming Soon Website;自动初判：RDAP registration 位于近30天窗口；当前HTTPS页面通过实质内容规则,2026-09-11T15:14:51Z,verified_recent,https://metaintimate.com/,𝐦𝐞𝐭𝐚𝐢𝐧𝐭𝐢𝐦𝐚𝐭𝐞.𝐜𝐨𝐦,Meta Intimate - Coming Soon Website for innovative web solutions. Subscribe for updates on our launch!,"𝑾𝒉𝒆𝒓𝒆 𝒍𝒖𝒄𝒊𝒅𝒊𝒕𝒚, 𝒊𝒏𝒕𝒊𝒎𝒂𝒄𝒚, 𝒂𝒏𝒅 𝑨𝑰 𝒎𝒆𝒆𝒕.;𝑾𝒉𝒆𝒓𝒆 𝒍𝒖𝒄𝒊𝒅𝒊𝒕𝒚, 𝒊𝒏𝒕𝒊𝒎𝒂𝒄𝒚, 𝒂𝒏𝒅 𝑨𝑰 𝒎𝒆𝒆𝒕.",独立后缀与名称通道：传统后缀（.com）；通用词典完整分词；固定哈希次序第208名，组实际配额1350。未要求命中行业词根；名称线索不是意义或机会确认。,未核实
muskanqureshi.com,2026-09-14,传统后缀,未取得可用页面,当前未取得可用HTTPS页面：http_error,,not_checked,https://muskanqureshi.com/,,,,独立后缀与名称通道：传统后缀（.com）；可读字符形态探索；固定哈希次序第209名，组实际配额1350。未要求命中行业词根；名称线索不是意义或机会确认。,未核实
cabinetmz.com,2026-09-21,传统后缀,页面内容不足,未同时达到正文160字符且（description≥40字符或非通用H1≥8字符）,,not_checked,https://cabinetmz.com/,Cabinet MZ — Esthétique & bien-être,,,独立后缀与名称通道：传统后缀（.com）；可读字符形态探索；固定哈希次序第210名，组实际配额1350。未要求命中行业词根；名称线索不是意义或机会确认。,未核实
bwlegales.com,2026-09-24,传统后缀,未取得可用页面,当前未取得可用HTTPS页面：network_error,,not_checked,https://bwlegales.com/,,,,独立后缀与名称通道：传统后缀（.com）；可读字符形态探索；固定哈希次序第211名，组实际配额1350。未要求命中行业词根；名称线索不是意义或机会确认。,未核实
artashobbies.com,2026-09-13,传统后缀,近期注册且有内容,RDAP registration 位于近30天窗口；当前HTTPS页面通过实质内容规则,2026-09-11T01:12:53Z,verified_recent,https://artashobbies.com/,Arta’s Hobbies — Beyond Medicine,"Beyond medicine: Persian baking, sewing, floral arrangements and book club picks, collected by Arta.",Beyond Medicine,独立后缀与名称通道：传统后缀（.com）；可读字符形态探索；固定哈希次序第212名，组实际配额1350。未要求命中行业词根；名称线索不是意义或机会确认。,未核实
asom-sa.com,2026-08-27,传统后缀,未取得可用页面,当前未取得可用HTTPS页面：http_error,,not_checked,https://asom-sa.com/,,,,独立后缀与名称通道：传统后缀（.com）；可读字符形态探索；固定哈希次序第213名，组实际配额1350。未要求命中行业词根；名称线索不是意义或机会确认。,未核实
prashantavillabali.com,2026-09-10,传统后缀,近期注册且有内容,RDAP registration 位于近30天窗口；当前HTTPS页面通过实质内容规则,2026-09-08T08:18:06Z,verified_recent,https://prashantavillabali.com/,Prashanta Villa Bali | Investasi Villa Leasehold Eksklusif,"Prashanta Villa Bali - villa eksklusif untuk hunian dan investasi. Unduh Buyer Pack untuk detail villa, floor plan, lokasi, struktur leasehold, dan harga.",Miliki Villa Impian di Bali seharga $299.000 leasehold 26 tahun;Miliki Villa Impian di Bali seharga $299.000 leasehold 26 tahun,独立后缀与名称通道：传统后缀（.com）；可读字符形态探索；固定哈希次序第214名，组实际配额1350。未要求命中行业词根；名称线索不是意义或机会确认。,未核实
proalarmascolombia.com,2026-09-02,传统后缀,近期注册且有内容,RDAP registration 位于近30天窗口；当前HTTPS页面通过实质内容规则,2026-08-31T23:21:40Z,verified_recent,https://proalarmascolombia.com/,Prosegur Alarmas Colombia | Agente Autorizado WhatsApp,"Agente autorizado de Prosegur Alarmas en Colombia. Alarmas para hogares y negocios, monitoreo 24/7 e instalación en 48 horas. Cotiza ahora.",,独立后缀与名称通道：传统后缀（.com）；可读字符形态探索；固定哈希次序第215名，组实际配额1350。未要求命中行业词根；名称线索不是意义或机会确认。,未核实
join-wfp.org,2026-09-02,传统后缀,未取得可用页面,当前未取得可用HTTPS页面：http_error,,not_checked,https://join-wfp.org/,,,,独立后缀与名称通道：传统后缀（.org）；可读字符形态探索；固定哈希次序第216名，组实际配额1350。未要求命中行业词根；名称线索不是意义或机会确认。,未核实
wheelsupmarketing.com,2026-09-17,传统后缀,未取得可用页面,当前未取得可用HTTPS页面：too_large,,not_checked,https://www.wheelsupcollective.com/,,,,独立后缀与名称通道：传统后缀（.com）；通用词典完整分词；固定哈希次序第217名，组实际配额1350。未要求命中行业词根；名称线索不是意义或机会确认。,未核实
usesentryai.com,2026-09-01,传统后缀,未取得可用页面,当前未取得可用HTTPS页面：network_error,,not_checked,https://usesentryai.com/,,,,独立后缀与名称通道：传统后缀（.com）；可读字符形态探索；固定哈希次序第218名，组实际配额1350。未要求命中行业词根；名称线索不是意义或机会确认。,未核实
zorgzaamleuven.com,2026-09-18,传统后缀,未取得可用页面,当前未取得可用HTTPS页面：too_large,,not_checked,https://www.zorgzaamleuven.com/,,,,独立后缀与名称通道：传统后缀（.com）；可读字符形态探索；固定哈希次序第219名，组实际配额1350。未要求命中行业词根；名称线索不是意义或机会确认。,未核实
toyotacibuburmurah.com,2026-09-08,传统后缀,近期注册且有内容,RDAP registration 位于近30天窗口；当前HTTPS页面通过实质内容规则,2026-09-06T13:27:35Z,verified_recent,https://toyotacibuburmurah.com/,Best Toyota Deals Today! - toyota murah,"Explore amazing deals on Toyota cars! Get the best prices, discounts, and exciting promotions today at Toyota Cibubur.",GReat Deals. Great Cars.,独立后缀与名称通道：传统后缀（.com）；可读字符形态探索；固定哈希次序第220名，组实际配额1350。未要求命中行业词根；名称线索不是意义或机会确认。,未核实
memestockcap.com,2026-09-02,传统后缀,未取得可用页面,当前未取得可用HTTPS页面：http_error,,not_checked,https://memestockcap.com/,,,,独立后缀与名称通道：传统后缀（.com）；可读字符形态探索；固定哈希次序第221名，组实际配额1350。未要求命中行业词根；名称线索不是意义或机会确认。,未核实
ahpxy.com,2026-09-06,传统后缀,未取得可用页面,当前未取得可用HTTPS页面：network_error,,not_checked,https://ahpxy.com/,,,,独立后缀与名称通道：传统后缀（.com）；短缩写探索；固定哈希次序第222名，组实际配额1350。未要求命中行业词根；名称线索不是意义或机会确认。,未核实
bozamo.com,2026-09-07,传统后缀,近期注册且有内容,RDAP registration 位于近30天窗口；当前HTTPS页面通过实质内容规则,2026-09-05T01:47:31Z,verified_recent,https://bozamo.com/,"BOZAMO — Technology, Automation, Security & Growth","Independent technology studio for product engineering, automation, application security and QA, digital marketing, outsourcing and technical strategy. Choose one capability or connect several when it helps.",From blank page to business engine.,独立后缀与名称通道：传统后缀（.com）；可读字符形态探索；固定哈希次序第223名，组实际配额1350。未要求命中行业词根；名称线索不是意义或机会确认。,未核实
stabilewohnwagen.com,2026-09-03,传统后缀,未取得可用页面,当前未取得可用HTTPS页面：too_large,,not_checked,https://stabilewohnwagen.com/,,,,独立后缀与名称通道：传统后缀（.com）；可读字符形态探索；固定哈希次序第224名，组实际配额1350。未要求命中行业词根；名称线索不是意义或机会确认。,未核实
sjsreetours.com,2026-09-13,传统后缀,近期注册且有内容,RDAP registration 位于近30天窗口；当前HTTPS页面通过实质内容规则,2026-09-11T19:00:35Z,verified_recent,https://sjsreetours.com/,"SJ Sree's Tours & Travels | Kodaikanal Tours, Taxi & Rooms","Book Kodaikanal tours, sightseeing taxis, Tempo Travellers and comfortable rooms with SJ Sree's Tours & Travels.",Come for the hills. Stay for the feeling.,独立后缀与名称通道：传统后缀（.com）；可读字符形态探索；固定哈希次序第225名，组实际配额1350。未要求命中行业词根；名称线索不是意义或机会确认。,未核实
getatmis.com,2026-09-02,传统后缀,未取得可用页面,当前未取得可用HTTPS页面：network_error,,not_checked,https://getatmis.com/,,,,独立后缀与名称通道：传统后缀（.com）；可读字符形态探索；固定哈希次序第226名，组实际配额1350。未要求命中行业词根；名称线索不是意义或机会确认。,未核实
ijeriomitogun.com,2026-09-10,传统后缀,页面内容不足,未同时达到正文160字符且（description≥40字符或非通用H1≥8字符）,,not_checked,https://ijeriomitogun.com/,Ijeri Omitogun | Software Engineer,"Ijeri Omitogun — full-stack software engineer building enterprise applications, accessible interfaces, and reliable digital products.",,独立后缀与名称通道：传统后缀（.com）；可读字符形态探索；固定哈希次序第227名，组实际配额1350。未要求命中行业词根；名称线索不是意义或机会确认。,未核实
fieldsavant.com,2026-08-29,传统后缀,未取得可用页面,当前未取得可用HTTPS页面：network_error,,not_checked,https://fieldsavant.com/,,,,独立后缀与名称通道：传统后缀（.com）；通用词典完整分词；固定哈希次序第228名，组实际配额1350。未要求命中行业词根；名称线索不是意义或机会确认。,未核实
vestprism.com,2026-09-22,传统后缀,未取得可用页面,当前未取得可用HTTPS页面：http_error,,not_checked,https://vestprism.com/,,,,独立后缀与名称通道：传统后缀（.com）；通用词典完整分词；固定哈希次序第229名，组实际配额1350。未要求命中行业词根；名称线索不是意义或机会确认。,未核实
zeroautoglass.com,2026-09-16,传统后缀,页面内容不足,未同时达到正文160字符且（description≥40字符或非通用H1≥8字符）,,not_checked,https://zeroautoglass.com/,,,,独立后缀与名称通道：传统后缀（.com）；通用词典完整分词；固定哈希次序第230名，组实际配额1350。未要求命中行业词根；名称线索不是意义或机会确认。,未核实
pocanalysis.com,2026-08-29,传统后缀,未取得可用页面,当前未取得可用HTTPS页面：network_error,,not_checked,https://pocanalysis.com/,,,,独立后缀与名称通道：传统后缀（.com）；可读字符形态探索；固定哈希次序第231名，组实际配额1350。未要求命中行业词根；名称线索不是意义或机会确认。,未核实
brodyjuntunen.com,2026-08-28,传统后缀,页面内容不足,未同时达到正文160字符且（description≥40字符或非通用H1≥8字符）,,not_checked,https://brodyjuntunen.com/,,,,独立后缀与名称通道：传统后缀（.com）；可读字符形态探索；固定哈希次序第232名，组实际配额1350。未要求命中行业词根；名称线索不是意义或机会确认。,未核实
soccerstalker.com,2026-09-08,传统后缀,页面内容不足,未同时达到正文160字符且（description≥40字符或非通用H1≥8字符）,,not_checked,https://www.soccerstalker.com/,Soccer Stalker,,,独立后缀与名称通道：传统后缀（.com）；通用词典完整分词；固定哈希次序第233名，组实际配额1350。未要求命中行业词根；名称线索不是意义或机会确认。,未核实
thepreserveprivate.com,2026-09-08,传统后缀,未取得可用页面,当前未取得可用HTTPS页面：network_error,,not_checked,https://thepreserveprivate.com/,,,,独立后缀与名称通道：传统后缀（.com）；通用词典完整分词；固定哈希次序第234名，组实际配额1350。未要求命中行业词根；名称线索不是意义或机会确认。,未核实
helicoilinserts.com,2026-09-16,传统后缀,注册超过30天,RDAP registration 早于固定30天窗口,2023-07-05T09:29:08Z,verified_old,https://helicoilinserts.com/,Helicoil Inserts & Thread Repair Products | Taiyi Expand Expand Toggle Menu Expand Expand,"Taiyi manufactures helicoil type wire thread inserts and supplies matched repair kits, STI taps, installation tools and OEM packaging for industrial buyers.",Helicoil Type Wire Thread Inserts for Metal Thread Repair,独立后缀与名称通道：传统后缀（.com）；可读字符形态探索；固定哈希次序第235名，组实际配额1350。未要求命中行业词根；名称线索不是意义或机会确认。,未核实
隔离记录-9165613efb55,2026-09-13,传统后缀,近期注册且有内容,本轮暂跳过成人与博彩内容；此项不改变页面是否存在的事实判定。,2026-09-11T15:20:12Z,verified_recent,,已移出本轮研究范围,,,名称与原文不在公开工作台展示；抽样位置保留于本地审计。,未核实
metalabventures.org,2026-09-22,传统后缀,停放或未正式开放,标题/H1/description 或域名式标题对应的正文开头命中停放/未开放标记：under construction,,not_checked,https://metalabventures.org/,Coming Soon,,metalabventures.org,独立后缀与名称通道：传统后缀（.org）；可读字符形态探索；固定哈希次序第237名，组实际配额1350。未要求命中行业词根；名称线索不是意义或机会确认。,未核实
namatius.com,2026-08-27,传统后缀,未取得可用页面,当前未取得可用HTTPS页面：network_error,,not_checked,https://namatius.com/,,,,独立后缀与名称通道：传统后缀（.com）；可读字符形态探索；固定哈希次序第238名，组实际配额1350。未要求命中行业词根；名称线索不是意义或机会确认。,未核实
kapitalki.com,2026-09-12,传统后缀,近期注册且有内容,RDAP registration 位于近30天窗口；当前HTTPS页面通过实质内容规则,2026-09-10T16:38:02Z,verified_recent,https://kapitalki.com/,Kapital KI — KI-Plattform für intelligente Kapitalsteuerung,"Kapital KI: KI-gestützte Risikoanalyse und Echtzeit-Marktüberwachung für fundierte Kapitalentscheidungen. Optimieren Sie Ihr Nebeneinkommen mit einem nachvollziehbaren, datenbasierten Ansatz.",Intelligente Kapitalsteuerung für die Gig-Economy,独立后缀与名称通道：传统后缀（.com）；可读字符形态探索；固定哈希次序第239名，组实际配额1350。未要求命中行业词根；名称线索不是意义或机会确认。,未核实
jhopkinsart.com,2026-09-17,传统后缀,页面内容不足,未同时达到正文160字符且（description≥40字符或非通用H1≥8字符）,,not_checked,https://jhopkinsart.com/,,,,独立后缀与名称通道：传统后缀（.com）；可读字符形态探索；固定哈希次序第240名，组实际配额1350。未要求命中行业词根；名称线索不是意义或机会确认。,未核实
islandbiscuit.com,2026-09-05,传统后缀,近期注册且有内容,RDAP registration 位于近30天窗口；当前HTTPS页面通过实质内容规则,2026-09-03T03:27:49Z,verified_recent,https://islandbiscuit.com/,"ISLAND BISCUIT Inc. | Hapi Cow, Yum-Yum & More! – Island Biscuit Inc.","Discover Island Biscuit Inc., a Filipino biscuit manufacturer creating delicious cookies, biscuits, and snacks made for every occasion. From beloved childhood favorites to tasty treats for kids and families, Island Biscuit brings a little joy to every bite, perfect for sharing, enjoying, and making sweet moments.",,独立后缀与名称通道：传统后缀（.com）；通用词典完整分词；固定哈希次序第241名，组实际配额1350。未要求命中行业词根；名称线索不是意义或机会确认。,未核实
radiophiloxenia.com,2026-09-21,传统后缀,跳转到其他域名,来源域名近期注册，但最终页面属于其他域名；目标站上线时间未知,2026-09-19T20:07:03Z,verified_recent,https://paulmichaelbrowne.com/,Paul Michael Browne,"Artist using text, sound and ordinary objects to explore human nature, conversation and the incessant internal dialogue. Often deconstructing before reconstructing, listening, recording, reinterpreting and reminding myself that I stand in the moment, so to please act accordingly.",,独立后缀与名称通道：传统后缀（.com）；可读字符形态探索；固定哈希次序第242名，组实际配额1350。未要求命中行业词根；名称线索不是意义或机会确认。,未核实
strike-tips.com,2026-08-31,传统后缀,未取得可用页面,当前未取得可用HTTPS页面：http_error,,not_checked,https://strike-tips.com/,,,,独立后缀与名称通道：传统后缀（.com）；可读字符形态探索；固定哈希次序第243名，组实际配额1350。未要求命中行业词根；名称线索不是意义或机会确认。,未核实
blocksdash.com,2026-09-12,传统后缀,未取得可用页面,AI内容复核：首页实际返回人机验证壳；必须完成验证才会跳转，当前未取得目标网站内容，也未绕过验证。 原文：Confirm you are human;自动初判：RDAP registration 位于近30天窗口；当前HTTPS页面通过实质内容规则,2026-09-10T16:06:55Z,verified_recent,https://blocksdash.com/,Security check,,Confirm you are human,独立后缀与名称通道：传统后缀（.com）；可读字符形态探索；固定哈希次序第244名，组实际配额1350。未要求命中行业词根；名称线索不是意义或机会确认。,未核实
ryzflooring.com,2026-08-28,传统后缀,未取得可用页面,当前未取得可用HTTPS页面：http_error,,not_checked,https://ryzflooring.com/,,,,独立后缀与名称通道：传统后缀（.com）；可读字符形态探索；固定哈希次序第245名，组实际配额1350。未要求命中行业词根；名称线索不是意义或机会确认。,未核实
bamboonb.com,2026-08-30,传统后缀,未取得可用页面,当前未取得可用HTTPS页面：network_error,,not_checked,https://bamboonb.com/,,,,独立后缀与名称通道：传统后缀（.com）；可读字符形态探索；固定哈希次序第246名，组实际配额1350。未要求命中行业词根；名称线索不是意义或机会确认。,未核实
claytonfortworth.com,2026-09-03,传统后缀,页面内容不足,未同时达到正文160字符且（description≥40字符或非通用H1≥8字符）,,not_checked,https://claytonfortworth.com/,,,,独立后缀与名称通道：传统后缀（.com）；通用词典完整分词；固定哈希次序第247名，组实际配额1350。未要求命中行业词根；名称线索不是意义或机会确认。,未核实
mpifin.com,2026-09-08,传统后缀,未取得可用页面,当前未取得可用HTTPS页面：network_error,,not_checked,https://mpifin.com/,,,,独立后缀与名称通道：传统后缀（.com）；可读字符形态探索；固定哈希次序第248名，组实际配额1350。未要求命中行业词根；名称线索不是意义或机会确认。,未核实
bostonavhub.com,2026-09-06,传统后缀,近期注册且有内容,RDAP registration 位于近30天窗口；当前HTTPS页面通过实质内容规则,2026-09-04T21:09:06Z,verified_recent,https://bostonavhub.com/,Boston AV Hub | Premium Indoor & Outdoor Cinema Rentals,Boston's premier home AV rentals. Courier-delivered indoor and backyard cinema packages featuring 4K projectors and easy DIY setup.,Boston’s Premier Cinema Rental Service,独立后缀与名称通道：传统后缀（.com）；可读字符形态探索；固定哈希次序第249名，组实际配额1350。未要求命中行业词根；名称线索不是意义或机会确认。,未核实
rebootsf.com,2026-09-23,传统后缀,未取得可用页面,当前未取得可用HTTPS页面：http_error,,not_checked,https://rebootsf.com/,,,,独立后缀与名称通道：传统后缀（.com）；可读字符形态探索；固定哈希次序第250名，组实际配额1350。未要求命中行业词根；名称线索不是意义或机会确认。,未核实
thunderchickens.com,2026-09-15,传统后缀,页面内容不足,未同时达到正文160字符且（description≥40字符或非通用H1≥8字符）,,not_checked,https://thunderchickens.com/,,,,独立后缀与名称通道：传统后缀（.com）；通用词典完整分词；固定哈希次序第251名，组实际配额1350。未要求命中行业词根；名称线索不是意义或机会确认。,未核实
lexolmec.com,2026-09-25,传统后缀,页面内容不足,未同时达到正文160字符且（description≥40字符或非通用H1≥8字符）,,not_checked,https://lexolmec.com/,,,,独立后缀与名称通道：传统后缀（.com）；可读字符形态探索；固定哈希次序第252名，组实际配额1350。未要求命中行业词根；名称线索不是意义或机会确认。,未核实
fajassfit.com,2026-09-04,传统后缀,页面内容不足,未同时达到正文160字符且（description≥40字符或非通用H1≥8字符）,,not_checked,https://fajassfit.com/,,,,独立后缀与名称通道：传统后缀（.com）；可读字符形态探索；固定哈希次序第253名，组实际配额1350。未要求命中行业词根；名称线索不是意义或机会确认。,未核实
stivil.com,2026-08-29,传统后缀,页面内容不足,未同时达到正文160字符且（description≥40字符或非通用H1≥8字符）,,not_checked,https://stivil.com/,,,,独立后缀与名称通道：传统后缀（.com）；可读字符形态探索；固定哈希次序第254名，组实际配额1350。未要求命中行业词根；名称线索不是意义或机会确认。,未核实
auntsarieshouse.com,2026-09-22,传统后缀,未取得可用页面,当前未取得可用HTTPS页面：http_error,,not_checked,https://auntsarieshouse.com/,,,,独立后缀与名称通道：传统后缀（.com）；可读字符形态探索；固定哈希次序第255名，组实际配额1350。未要求命中行业词根；名称线索不是意义或机会确认。,未核实
kiphocreativos.com,2026-09-18,传统后缀,近期注册且有内容,RDAP registration 位于近30天窗口；当前HTTPS页面通过实质内容规则,2026-09-16T03:22:44Z,verified_recent,https://kiphocreativos.com/,"KIPHO — Diseño, marketing digital y contenido","KIPHO: agencia de audiovisual, diseño gráfico, redes sociales y diseño web. Más de 10 años ayudando a marcas a crecer.",Que bueno que estés aquí,独立后缀与名称通道：传统后缀（.com）；可读字符形态探索；固定哈希次序第256名，组实际配额1350。未要求命中行业词根；名称线索不是意义或机会确认。,未核实
collabidea.com,2026-09-12,传统后缀,未取得可用页面,当前未取得可用HTTPS页面：network_error,,not_checked,https://collabidea.com/,,,,独立后缀与名称通道：传统后缀（.com）；通用词典完整分词；固定哈希次序第257名，组实际配额1350。未要求命中行业词根；名称线索不是意义或机会确认。,未核实
ddigilink.com,2026-08-27,传统后缀,未取得可用页面,当前未取得可用HTTPS页面：network_error,,not_checked,https://ddigilink.com/,,,,独立后缀与名称通道：传统后缀（.com）；可读字符形态探索；固定哈希次序第258名，组实际配额1350。未要求命中行业词根；名称线索不是意义或机会确认。,未核实
xgame89.com,2026-09-08,传统后缀,未取得可用页面,当前未取得可用HTTPS页面：http_error,,not_checked,https://xgame89.com/,,,,独立后缀与名称通道：传统后缀（.com）；少量数字名称探索；固定哈希次序第259名，组实际配额1350。未要求命中行业词根；名称线索不是意义或机会确认。,未核实
wxgravitydesign.com,2026-09-18,传统后缀,未取得可用页面,当前未取得可用HTTPS页面：network_error,,not_checked,https://wxgravitydesign.com/,,,,独立后缀与名称通道：传统后缀（.com）；可读字符形态探索；固定哈希次序第260名，组实际配额1350。未要求命中行业词根；名称线索不是意义或机会确认。,未核实
shoesup.org,2026-09-24,传统后缀,未取得可用页面,当前未取得可用HTTPS页面：network_error,,not_checked,https://shoesup.org/,,,,独立后缀与名称通道：传统后缀（.org）；通用词典完整分词；固定哈希次序第261名，组实际配额1350。未要求命中行业词根；名称线索不是意义或机会确认。,未核实
trytdmech.com,2026-08-28,传统后缀,未取得可用页面,当前未取得可用HTTPS页面：network_error,,not_checked,https://trytdmech.com/,,,,独立后缀与名称通道：传统后缀（.com）；可读字符形态探索；固定哈希次序第262名，组实际配额1350。未要求命中行业词根；名称线索不是意义或机会确认。,未核实
communitykin.com,2026-08-29,传统后缀,页面内容不足,未同时达到正文160字符且（description≥40字符或非通用H1≥8字符）,,not_checked,https://communitykin.com/,,,,独立后缀与名称通道：传统后缀（.com）；通用词典完整分词；固定哈希次序第263名，组实际配额1350。未要求命中行业词根；名称线索不是意义或机会确认。,未核实
officialkakiyu.com,2026-09-22,传统后缀,未取得可用页面,当前未取得可用HTTPS页面：network_error,,not_checked,https://officialkakiyu.com/,,,,独立后缀与名称通道：传统后缀（.com）；可读字符形态探索；固定哈希次序第264名，组实际配额1350。未要求命中行业词根；名称线索不是意义或机会确认。,未核实
xumbase.com,2026-09-15,传统后缀,页面内容不足,未同时达到正文160字符且（description≥40字符或非通用H1≥8字符）,,not_checked,https://xumbase.com/,,,,独立后缀与名称通道：传统后缀（.com）；可读字符形态探索；固定哈希次序第265名，组实际配额1350。未要求命中行业词根；名称线索不是意义或机会确认。,未核实
trafficazizi.com,2026-09-24,传统后缀,未取得可用页面,当前未取得可用HTTPS页面：network_error,,not_checked,https://trafficazizi.com/,,,,独立后缀与名称通道：传统后缀（.com）；可读字符形态探索；固定哈希次序第266名，组实际配额1350。未要求命中行业词根；名称线索不是意义或机会确认。,未核实
mitubao.com,2026-09-17,传统后缀,未取得可用页面,当前未取得可用HTTPS页面：network_error,,not_checked,https://mitubao.com/,,,,独立后缀与名称通道：传统后缀（.com）；可读字符形态探索；固定哈希次序第267名，组实际配额1350。未要求命中行业词根；名称线索不是意义或机会确认。,未核实
tradeyro.com,2026-09-01,传统后缀,未取得可用页面,当前未取得可用HTTPS页面：network_error,,not_checked,https://tradeyro.com/,,,,独立后缀与名称通道：传统后缀（.com）；可读字符形态探索；固定哈希次序第268名，组实际配额1350。未要求命中行业词根；名称线索不是意义或机会确认。,未核实
dataledgerhub.com,2026-09-05,传统后缀,跳转到其他域名,来源域名近期注册，但最终页面属于其他域名；目标站上线时间未知,2026-09-03T02:43:19Z,verified_recent,https://dataledger.uk/,DataLedger - Find the Exact UK Companies You're Looking For | Data and API,"Tailored UK company data built from Companies House filings. Financial data, PSC beneficial ownership, and corporate structure - as custom datasets from £295 or via API with 25 free credits.",Find the exact companies you're looking for.,独立后缀与名称通道：传统后缀（.com）；通用词典完整分词；固定哈希次序第269名，组实际配额1350。未要求命中行业词根；名称线索不是意义或机会确认。,未核实
snackmarvel.com,2026-09-01,传统后缀,页面内容不足,未同时达到正文160字符且（description≥40字符或非通用H1≥8字符）,,not_checked,https://snackmarvel.com/,,,,独立后缀与名称通道：传统后缀（.com）；通用词典完整分词；固定哈希次序第270名，组实际配额1350。未要求命中行业词根；名称线索不是意义或机会确认。,未核实
xlocksocial.org,2026-09-02,传统后缀,未取得可用页面,当前未取得可用HTTPS页面：network_error,,not_checked,https://xlocksocial.org/,,,,独立后缀与名称通道：传统后缀（.org）；可读字符形态探索；固定哈希次序第271名，组实际配额1350。未要求命中行业词根；名称线索不是意义或机会确认。,未核实
bisencare.com,2026-09-04,传统后缀,页面内容不足,未同时达到正文160字符且（description≥40字符或非通用H1≥8字符）,,not_checked,https://bisencare.com/,,,,独立后缀与名称通道：传统后缀（.com）；可读字符形态探索；固定哈希次序第272名，组实际配额1350。未要求命中行业词根；名称线索不是意义或机会确认。,未核实
healthpolicyservice.com,2026-09-10,传统后缀,未取得可用页面,当前未取得可用HTTPS页面：network_error,,not_checked,https://healthpolicyservice.com/,,,,独立后缀与名称通道：传统后缀（.com）；通用词典完整分词；固定哈希次序第273名，组实际配额1350。未要求命中行业词根；名称线索不是意义或机会确认。,未核实
sundaycoffeestudios.com,2026-09-06,传统后缀,近期注册且有内容,RDAP registration 位于近30天窗口；当前HTTPS页面通过实质内容规则,2026-09-11T07:11:26Z,verified_recent,https://sundaycoffeestudios.com/,sunday coffee studios,,Sunday Coffee Studios,独立后缀与名称通道：传统后缀（.com）；可读字符形态探索；固定哈希次序第274名，组实际配额1350。未要求命中行业词根；名称线索不是意义或机会确认。,未核实
yourdentalbestie.com,2026-09-12,传统后缀,停放或未正式开放,AI内容复核：H1明确为Launching Soon；正文为通用联系表单/Cookie模板，不应自动认定为已有实质内容的新站。 原文：Launching Soon;自动初判：RDAP registration 位于近30天窗口；当前HTTPS页面通过实质内容规则,2026-09-10T14:15:33Z,verified_recent,https://yourdentalbestie.com/,yourdentalbestie.com,,Launching Soon;Launching Soon,独立后缀与名称通道：传统后缀（.com）；通用词典完整分词；固定哈希次序第275名，组实际配额1350。未要求命中行业词根；名称线索不是意义或机会确认。,未核实
demoslotwiltoto.com,2026-09-14,传统后缀,页面内容不足,未同时达到正文160字符且（description≥40字符或非通用H1≥8字符）,,not_checked,https://demoslotwiltoto.com/,Index of /,,Index of /,独立后缀与名称通道：传统后缀（.com）；通用词典完整分词；固定哈希次序第276名，组实际配额1350。未要求命中行业词根；名称线索不是意义或机会确认。,未核实
brassringgolfclub.com,2026-08-29,传统后缀,未取得可用页面,当前未取得可用HTTPS页面：network_error,,not_checked,https://brassringgolfclub.com/,,,,独立后缀与名称通道：传统后缀（.com）；通用词典完整分词；固定哈希次序第277名，组实际配额1350。未要求命中行业词根；名称线索不是意义或机会确认。,未核实
jacksonjerseys.com,2026-09-22,传统后缀,停放或未正式开放,AI内容复核：商店显示Opening soon及订阅/密码入口，当前未开放商品内容。 原文：Opening soon;自动初判：RDAP registration 位于近30天窗口；当前HTTPS页面通过实质内容规则,2026-09-20T09:47:11Z,verified_recent,https://jacksonjerseys.com/password,– Jackson’s Jerseys & Memorabilia,,Opening soon,独立后缀与名称通道：传统后缀（.com）；可读字符形态探索；固定哈希次序第278名，组实际配额1350。未要求命中行业词根；名称线索不是意义或机会确认。,未核实
xuxp.org,2026-09-02,传统后缀,页面内容不足,未同时达到正文160字符且（description≥40字符或非通用H1≥8字符）,,not_checked,https://xuxp.org/,LvXp,,,独立后缀与名称通道：传统后缀（.org）；短缩写探索；固定哈希次序第279名，组实际配额1350。未要求命中行业词根；名称线索不是意义或机会确认。,未核实
sachimike.com,2026-09-16,传统后缀,未取得可用页面,当前未取得可用HTTPS页面：http_error,,not_checked,https://www.sachimike.com/,,,,独立后缀与名称通道：传统后缀（.com）；通用词典完整分词；固定哈希次序第280名，组实际配额1350。未要求命中行业词根；名称线索不是意义或机会确认。,未核实
indochinavoyagers.com,2026-09-10,传统后缀,近期注册且有内容,RDAP registration 位于近30天窗口；当前HTTPS页面通过实质内容规则,2026-09-08T05:58:56Z,verified_recent,https://indochinavoyagers.com/,Indochina Voyagers,"Private journeys of 14 to 28 days across Vietnam, Cambodia, Laos and Thailand. A driver and a national guide in every country, hotels named in the quote.","Long private journeys across four countries , drawn one party at a time",独立后缀与名称通道：传统后缀（.com）；可读字符形态探索；固定哈希次序第281名，组实际配额1350。未要求命中行业词根；名称线索不是意义或机会确认。,未核实
gregoryhost.com,2026-09-05,传统后缀,未取得可用页面,当前未取得可用HTTPS页面：network_error,,not_checked,https://gregoryhost.com/,,,,独立后缀与名称通道：传统后缀（.com）；通用词典完整分词；固定哈希次序第282名，组实际配额1350。未要求命中行业词根；名称线索不是意义或机会确认。,未核实
tradescale-marketing.com,2026-08-31,传统后缀,页面内容不足,未同时达到正文160字符且（description≥40字符或非通用H1≥8字符）,,not_checked,https://tradescale-marketing.com/,Tradescale — Paid Ads for Trades & Construction in Melbourne & Geelong,"Tradescale runs Meta and Google ads for trades and construction businesses across Melbourne, Geelong and the Surf Coast, capturing, qualifying and booking every enquiry 24/7 so you stay on the tools.",,独立后缀与名称通道：传统后缀（.com）；通用词典完整分词；固定哈希次序第283名，组实际配额1350。未要求命中行业词根；名称线索不是意义或机会确认。,未核实
隔离记录-df7925b59516,2026-09-09,传统后缀,近期注册且有内容,本轮暂跳过成人与博彩内容；此项不改变页面是否存在的事实判定。,2026-09-07T13:00:10Z,verified_recent,,已移出本轮研究范围,,,名称与原文不在公开工作台展示；抽样位置保留于本地审计。,未核实
enterprisebehavioralhealth.com,2026-09-25,传统后缀,未取得可用页面,当前未取得可用HTTPS页面：network_error,,not_checked,https://enterprisebehavioralhealth.com/,,,,独立后缀与名称通道：传统后缀（.com）；通用词典完整分词；固定哈希次序第285名，组实际配额1350。未要求命中行业词根；名称线索不是意义或机会确认。,未核实
naturalhealthyksa.com,2026-09-23,传统后缀,近期注册且有内容,RDAP registration 位于近30天窗口；当前HTTPS页面通过实质内容规则,2026-09-21T15:06:05Z,verified_recent,https://naturalhealthyksa.com/,طبيعي وصحي,,الباقات;الباقة المقترحة,独立后缀与名称通道：传统后缀（.com）；可读字符形态探索；固定哈希次序第286名，组实际配额1350。未要求命中行业词根；名称线索不是意义或机会确认。,未核实
boostadas.com,2026-09-15,传统后缀,未取得可用页面,当前未取得可用HTTPS页面：network_error,,not_checked,https://boostadas.com/,,,,独立后缀与名称通道：传统后缀（.com）；可读字符形态探索；固定哈希次序第287名，组实际配额1350。未要求命中行业词根；名称线索不是意义或机会确认。,未核实
jnnyu.com,2026-09-19,传统后缀,未取得可用页面,当前未取得可用HTTPS页面：network_error,,not_checked,https://jnnyu.com/,,,,独立后缀与名称通道：传统后缀（.com）；短缩写探索；固定哈希次序第288名，组实际配额1350。未要求命中行业词根；名称线索不是意义或机会确认。,未核实
futhillpainting.com,2026-09-04,传统后缀,页面内容不足,未同时达到正文160字符且（description≥40字符或非通用H1≥8字符）,,not_checked,https://futhillpainting.com/,"Futhill Painting | Residential & Commercial Painter in Foothill Ranch, CA","Futhill Painting provides residential and small-business painting in Foothill Ranch, California. Interior, exterior, trim, accent walls, and commercial repainting. Request an estimate or call 949-847-9512.",,独立后缀与名称通道：传统后缀（.com）；通用词典完整分词；固定哈希次序第289名，组实际配额1350。未要求命中行业词根；名称线索不是意义或机会确认。,未核实
veloraaccessories.com,2026-09-23,传统后缀,近期注册且有内容,RDAP registration 位于近30天窗口；当前HTTPS页面通过实质内容规则,2026-09-21T18:49:31Z,verified_recent,https://www.veloraaccessories.com/,VELORA | Fashion Accessory,"Mağazanız için kolye, küpe, bileklik, yüzük, broş ve aksesuar koleksiyonlarında hızlı ve güvenilir toptan tedarik. WhatsApp ile kolay sipariş.",VELORA — Toptan Bijuteri ve Aksesuar,独立后缀与名称通道：传统后缀（.com）；可读字符形态探索；固定哈希次序第290名，组实际配额1350。未要求命中行业词根；名称线索不是意义或机会确认。,未核实
quistjewelry.com,2026-09-13,传统后缀,未取得可用页面,当前未取得可用HTTPS页面：network_error,,not_checked,https://quistjewelry.com/,,,,独立后缀与名称通道：传统后缀（.com）；可读字符形态探索；固定哈希次序第291名，组实际配额1350。未要求命中行业词根；名称线索不是意义或机会确认。,未核实
ikonasvet.org,2026-08-30,传统后缀,近期注册且有内容,RDAP registration 位于近30天窗口；当前HTTPS页面通过实质内容规则,2026-08-28T13:59:44.583000Z,verified_recent,https://www.ikonasvet.org/,"Приходская иконописная школа в Москве - иконопись, славянские шрифты, литургика - руководитель Наталья Петровна Маслова callback_icon callback_icon icon icon icon icon",Иконописная школа в Москве при храме Святителя Митрофана Воронежского под руководством Наталии Петровны Масловой. Уроки иконописи и факультативы для учащихся школы.,Иконописная школа храма Свт.Митрофана Воронежского г.Москва,独立后缀与名称通道：传统后缀（.org）；可读字符形态探索；固定哈希次序第292名，组实际配额1350。未要求命中行业词根；名称线索不是意义或机会确认。,未核实
myvipnet.com,2026-09-10,传统后缀,跳转到其他域名,来源域名近期注册，但最终页面属于其他域名；目标站上线时间未知,2026-09-07T18:26:35Z,verified_recent,https://expireddomains.com/domain/myvipnet.com?utm_source=redi,myvipnet.com for sale — memorable .com domain | ED.com,"3 sites already link to myvipnet.com, after 2 years online. Listed at $195 — keep the equity.",My Vip Net .com,独立后缀与名称通道：传统后缀（.com）；可读字符形态探索；固定哈希次序第293名，组实际配额1350。未要求命中行业词根；名称线索不是意义或机会确认。,未核实
truelint.com,2026-09-09,传统后缀,近期注册且有内容,RDAP registration 位于近30天窗口；当前HTTPS页面通过实质内容规则,2026-09-07T23:56:29Z,verified_recent,https://truelint.com/,"Truelint — technical SEO crawler for macOS, terminal and browser","Truelint audits your website like a linter audits code: 125 technical SEO checks with fix guidance, a million URLs on a laptop, free up to 1,000 URLs. The calm alternative to Screaming Frog.",A linter for your website.,独立后缀与名称通道：传统后缀（.com）；通用词典完整分词；固定哈希次序第294名，组实际配额1350。未要求命中行业词根；名称线索不是意义或机会确认。,未核实
prescribedautomation.com,2026-09-12,传统后缀,跳转到其他域名,来源域名近期注册，但最终页面属于其他域名；目标站上线时间未知,2026-09-10T01:14:10Z,verified_recent,https://prescribedautomation.ai/,Tell Us Where It Hurts. | prescribedautomation Prescribedautomation AI prescription bottle with three connected nodes inside open brackets,"Connected business automation built around you, your tools, and the way you prefer to work.",Tell Us Where It Hurts.,独立后缀与名称通道：传统后缀（.com）；可读字符形态探索；固定哈希次序第295名，组实际配额1350。未要求命中行业词根；名称线索不是意义或机会确认。,未核实
data-av.com,2026-09-16,传统后缀,未取得可用页面,当前未取得可用HTTPS页面：http_error,,not_checked,https://data-av.com/,,,,独立后缀与名称通道：传统后缀（.com）；可读字符形态探索；固定哈希次序第296名，组实际配额1350。未要求命中行业词根；名称线索不是意义或机会确认。,未核实
senlitefabric.com,2026-09-17,传统后缀,未取得可用页面,当前未取得可用HTTPS页面：network_error,,not_checked,https://senlitefabric.com/,,,,独立后缀与名称通道：传统后缀（.com）；通用词典完整分词；固定哈希次序第297名，组实际配额1350。未要求命中行业词根；名称线索不是意义或机会确认。,未核实
exuhix.com,2026-08-29,传统后缀,未取得可用页面,当前未取得可用HTTPS页面：network_error,,not_checked,https://exuhix.com/,,,,独立后缀与名称通道：传统后缀（.com）；可读字符形态探索；固定哈希次序第298名，组实际配额1350。未要求命中行业词根；名称线索不是意义或机会确认。,未核实
qingdaoart.com,2026-09-16,传统后缀,未取得可用页面,当前未取得可用HTTPS页面：http_error,,not_checked,https://qingdaoart.com/,,,,独立后缀与名称通道：传统后缀（.com）；可读字符形态探索；固定哈希次序第299名，组实际配额1350。未要求命中行业词根；名称线索不是意义或机会确认。,未核实
reedrop.com,2026-08-27,传统后缀,未取得可用页面,当前未取得可用HTTPS页面：network_error,,not_checked,https://reedrop.com/,,,,独立后缀与名称通道：传统后缀（.com）；通用词典完整分词；固定哈希次序第300名，组实际配额1350。未要求命中行业词根；名称线索不是意义或机会确认。,未核实
vinmice.com,2026-08-31,传统后缀,未取得可用页面,当前未取得可用HTTPS页面：network_error,,not_checked,https://vinmice.com/,,,,独立后缀与名称通道：传统后缀（.com）；可读字符形态探索；固定哈希次序第301名，组实际配额1350。未要求命中行业词根；名称线索不是意义或机会确认。,未核实
adjacentcorp.com,2026-09-12,传统后缀,停放或未正式开放,AI内容复核：描述明确尚待网站发布，正文只有通用宣传口号与联系模板。 原文：Launching Soon - Stay tuned for our exciting website launch.;自动初判：RDAP registration 位于近30天窗口；当前HTTPS页面通过实质内容规则,2026-09-10T10:48:46Z,verified_recent,https://adjacentcorp.com/,Adjacent Corp,Launching Soon - Stay tuned for our exciting website launch. Subscribe for updates and connect via our contact form!,Innovate. Optimize. Grow.;Innovate. Optimize. Grow.,独立后缀与名称通道：传统后缀（.com）；通用词典完整分词；固定哈希次序第302名，组实际配额1350。未要求命中行业词根；名称线索不是意义或机会确认。,未核实
attestlyhq.com,2026-09-23,传统后缀,近期注册且有内容,RDAP registration 位于近30天窗口；当前HTTPS页面通过实质内容规则,2026-09-21T23:45:34Z,verified_recent,https://attestlyhq.com/,Attestly — AI tools for regulated firms,,Compare AI tools before your compliance team has to explain them,独立后缀与名称通道：传统后缀（.com）；可读字符形态探索；固定哈希次序第303名，组实际配额1350。未要求命中行业词根；名称线索不是意义或机会确认。,未核实
mendozagrp.com,2026-09-04,传统后缀,未取得可用页面,当前未取得可用HTTPS页面：too_large,,not_checked,https://www.mendozagrp.com/,,,,独立后缀与名称通道：传统后缀（.com）；可读字符形态探索；固定哈希次序第304名，组实际配额1350。未要求命中行业词根；名称线索不是意义或机会确认。,未核实
awozad.com,2026-09-19,传统后缀,未取得可用页面,当前未取得可用HTTPS页面：http_error,,not_checked,https://awozad.com/,,,,独立后缀与名称通道：传统后缀（.com）；可读字符形态探索；固定哈希次序第305名，组实际配额1350。未要求命中行业词根；名称线索不是意义或机会确认。,未核实
delijah.com,2026-09-24,传统后缀,页面内容不足,未同时达到正文160字符且（description≥40字符或非通用H1≥8字符）,,not_checked,https://www.delijah.com/,Home | DELIJAH BOUTIQUE,"Fashion boutique, eclectic mix of affordable & unique clothing, shoes & accessories for women",,独立后缀与名称通道：传统后缀（.com）；可读字符形态探索；固定哈希次序第306名，组实际配额1350。未要求命中行业词根；名称线索不是意义或机会确认。,未核实
betsrecord.net,2026-09-05,传统后缀,页面内容不足,未同时达到正文160字符且（description≥40字符或非通用H1≥8字符）,,not_checked,https://betsrecord.net/,,,,独立后缀与名称通道：传统后缀（.net）；可读字符形态探索；固定哈希次序第307名，组实际配额1350。未要求命中行业词根；名称线索不是意义或机会确认。,未核实
tlntx.com,2026-09-18,传统后缀,停放或未正式开放,AI内容复核：LWS注册商默认域名创建成功页，面向域名所有者推销托管服务；不是该域名自身的业务内容。 原文：Vous êtes le propriétaire de ce domaine ?;自动初判：RDAP registration 位于近30天窗口；当前HTTPS页面通过实质内容规则,2026-09-16T13:42:38Z,verified_recent,https://tlntx.com/,Bravo ! Votre domaine tlntx.com a bien été créé avec LWS !,"LWS est un hébergeur web et registrat de nom de domaine : hébergement, nom de domaine, serveur dédié, serveur cloud, stockage en ligne",,独立后缀与名称通道：传统后缀（.com）；短缩写探索；固定哈希次序第308名，组实际配额1350。未要求命中行业词根；名称线索不是意义或机会确认。,未核实
conniecleveland.com,2026-09-23,传统后缀,跳转到其他域名,来源域名近期注册，但最终页面属于其他域名；目标站上线时间未知,2026-09-21T18:49:18Z,verified_recent,https://www.obedienceroad.com/,Online Obedience Training,"Train your dog from home with Connie Cleveland's online dog training. Courses and programs for your puppy or dog at home, plus expert competitive obedience training inside Obedience Road.",,独立后缀与名称通道：传统后缀（.com）；通用词典完整分词；固定哈希次序第309名，组实际配额1350。未要求命中行业词根；名称线索不是意义或机会确认。,未核实
locationplansuk.com,2026-08-31,传统后缀,未取得可用页面,当前未取得可用HTTPS页面：network_error,,not_checked,https://locationplansuk.com/,,,,独立后缀与名称通道：传统后缀（.com）；通用词典完整分词；固定哈希次序第310名，组实际配额1350。未要求命中行业词根；名称线索不是意义或机会确认。,未核实
forma-net.com,2026-09-22,传统后缀,停放或未正式开放,标题/H1/description 或域名式标题对应的正文开头命中停放/未开放标记：under construction,,not_checked,https://forma-net.com/,Coming Soon,,forma-net.com,独立后缀与名称通道：传统后缀（.com）；可读字符形态探索；固定哈希次序第311名，组实际配额1350。未要求命中行业词根；名称线索不是意义或机会确认。,未核实
rbzsa.com,2026-09-06,传统后缀,未取得可用页面,当前未取得可用HTTPS页面：blocked_url,,not_checked,https://rbzsa.com/,,,,独立后缀与名称通道：传统后缀（.com）；短缩写探索；固定哈希次序第312名，组实际配额1350。未要求命中行业词根；名称线索不是意义或机会确认。,未核实
amschools.com,2026-09-12,传统后缀,近期注册且有内容,RDAP registration 位于近30天窗口；当前HTTPS页面通过实质内容规则,2026-09-10T15:41:22Z,verified_recent,https://www.amschools.com/,A.M School | الرئيسية,A.M School — منصة تعلّم برمجة بالعربي خطوة بخطوة. كورسات بفيديو وسلايدات وأسئلة وتمارين كود، مع متابعة تقدمك.,اتعلم البرمجة خطوة بخطوة وبالعربي,独立后缀与名称通道：传统后缀（.com）；可读字符形态探索；固定哈希次序第313名，组实际配额1350。未要求命中行业词根；名称线索不是意义或机会确认。,未核实
dadar88win.com,2026-09-14,传统后缀,未取得可用页面,当前未取得可用HTTPS页面：network_error,,not_checked,https://dadar88win.com/,,,,独立后缀与名称通道：传统后缀（.com）；少量数字名称探索；固定哈希次序第314名，组实际配额1350。未要求命中行业词根；名称线索不是意义或机会确认。,未核实
xavreniq.com,2026-08-28,传统后缀,未取得可用页面,当前未取得可用HTTPS页面：network_error,,not_checked,https://xavreniq.com/,,,,独立后缀与名称通道：传统后缀（.com）；可读字符形态探索；固定哈希次序第315名，组实际配额1350。未要求命中行业词根；名称线索不是意义或机会确认。,未核实
provizealmanya.com,2026-09-22,传统后缀,近期注册且有内容,RDAP registration 位于近30天窗口；当前HTTPS页面通过实质内容规则,2026-09-20T14:23:19Z,verified_recent,https://provizealmanya.com/,Pro Vize Almanya,Almanya'da eğitim ve kariyer hedeflerinize ulaşmanız için başvurudan vizeye kadar yanınızdayız.,Yurt dışındaki geleceğinizi birlikte planlayalım,独立后缀与名称通道：传统后缀（.com）；可读字符形态探索；固定哈希次序第316名，组实际配额1350。未要求命中行业词根；名称线索不是意义或机会确认。,未核实
galvanrevenue.com,2026-09-07,传统后缀,近期注册且有内容,RDAP registration 位于近30天窗口；当前HTTPS页面通过实质内容规则,2026-09-05T18:48:36Z,verified_recent,https://galvanrevenue.com/,"GRO Partners | Operations audit, and we fix it with you","We look at how your business runs, not just what it earns. An operations audit, sized on your call, and we hold your hand from the first fix to the last.","We look at how the business runs, not just what it earns.",独立后缀与名称通道：传统后缀（.com）；通用词典完整分词；固定哈希次序第317名，组实际配额1350。未要求命中行业词根；名称线索不是意义或机会确认。,未核实
afterwork30min.com,2026-09-03,传统后缀,页面内容不足,AI内容复核：只有WordPress初始Hello world文章及默认侧栏，尚无与副业/时间管理主题对应的原创站点内容。 原文：Hello world! WordPress へようこそ。こちらは最初の投稿です。編集または削除し、コンテンツ作成を始めてください。;自动初判：RDAP registration 位于近30天窗口；当前HTTPS页面通过实质内容规则,2026-09-01T13:18:27Z,verified_recent,https://afterwork30min.com/,After Work 30min | 会社員が30分で始める副業と時間術,会社員が30分で始める副業と時間術,After Work 30min,独立后缀与名称通道：传统后缀（.com）；少量数字名称探索；固定哈希次序第318名，组实际配额1350。未要求命中行业词根；名称线索不是意义或机会确认。,未核实
skalbarbers.com,2026-09-03,传统后缀,停放或未正式开放,标题/H1/description 或域名式标题对应的正文开头命中停放/未开放标记：under construction,,not_checked,https://skalbarbers.com/,Coming Soon,,skalbarbers.com,独立后缀与名称通道：传统后缀（.com）；通用词典完整分词；固定哈希次序第319名，组实际配额1350。未要求命中行业词根；名称线索不是意义或机会确认。,未核实
sbkfactory.com,2026-09-12,传统后缀,页面内容不足,未同时达到正文160字符且（description≥40字符或非通用H1≥8字符）,,not_checked,https://sbkfactory.com/,,,,独立后缀与名称通道：传统后缀（.com）；可读字符形态探索；固定哈希次序第320名，组实际配额1350。未要求命中行业词根；名称线索不是意义或机会确认。,未核实
rustomjeecama.com,2026-09-25,传统后缀,未取得可用页面,当前未取得可用HTTPS页面：network_error,,not_checked,https://rustomjeecama.com/,,,,独立后缀与名称通道：传统后缀（.com）；可读字符形态探索；固定哈希次序第321名，组实际配额1350。未要求命中行业词根；名称线索不是意义或机会确认。,未核实
sulkhanpapashvili.com,2026-08-29,传统后缀,停放或未正式开放,AI内容复核：H1明确为Launching Soon；正文为通用联系表单/Cookie模板，不应自动认定为已有实质内容的新站。 原文：Launching Soon;自动初判：RDAP registration 位于近30天窗口；当前HTTPS页面通过实质内容规则,2026-08-27T11:03:12Z,verified_recent,https://sulkhanpapashvili.com/,sulkhanpapashvili.com,,Launching Soon;Launching Soon,独立后缀与名称通道：传统后缀（.com）；通用词典完整分词；固定哈希次序第322名，组实际配额1350。未要求命中行业词根；名称线索不是意义或机会确认。,未核实
restartuy.com,2026-09-07,传统后缀,近期注册且有内容,RDAP registration 位于近30天窗口；当前HTTPS页面通过实质内容规则,2026-09-05T23:03:13Z,verified_recent,https://www.restartuy.com/,RE-START — Ropa de segunda mano,,Cada prenda tiene una historia,独立后缀与名称通道：传统后缀（.com）；可读字符形态探索；固定哈希次序第323名，组实际配额1350。未要求命中行业词根；名称线索不是意义或机会确认。,未核实
3dinsta.com,2026-09-22,传统后缀,未取得可用页面,当前未取得可用HTTPS页面：network_error,,not_checked,https://3dinsta.com/,,,,独立后缀与名称通道：传统后缀（.com）；少量数字名称探索；固定哈希次序第324名，组实际配额1350。未要求命中行业词根；名称线索不是意义或机会确认。,未核实
aljoworld.com,2026-09-08,传统后缀,未取得可用页面,当前未取得可用HTTPS页面：network_error,,not_checked,https://aljoworld.com/,,,,独立后缀与名称通道：传统后缀（.com）；可读字符形态探索；固定哈希次序第325名，组实际配额1350。未要求命中行业词根；名称线索不是意义或机会确认。,未核实
shopdustlab.com,2026-09-18,传统后缀,未取得可用页面,当前未取得可用HTTPS页面：network_error,,not_checked,https://shopdustlab.com/,,,,独立后缀与名称通道：传统后缀（.com）；通用词典完整分词；固定哈希次序第326名，组实际配额1350。未要求命中行业词根；名称线索不是意义或机会确认。,未核实
cass-en.com,2026-09-17,传统后缀,未取得可用页面,当前未取得可用HTTPS页面：network_error,,not_checked,https://cass-en.com/,,,,独立后缀与名称通道：传统后缀（.com）；可读字符形态探索；固定哈希次序第327名，组实际配额1350。未要求命中行业词根；名称线索不是意义或机会确认。,未核实
doorstowillingness.org,2026-09-19,传统后缀,未取得可用页面,当前未取得可用HTTPS页面：network_error,,not_checked,https://doorstowillingness.org/,,,,独立后缀与名称通道：传统后缀（.org）；通用词典完整分词；固定哈希次序第328名，组实际配额1350。未要求命中行业词根；名称线索不是意义或机会确认。,未核实
jt-techdesign.com,2026-09-12,传统后缀,未取得可用页面,当前未取得可用HTTPS页面：http_error,,not_checked,https://jt-techdesign.com/,,,,独立后缀与名称通道：传统后缀（.com）；可读字符形态探索；固定哈希次序第329名，组实际配额1350。未要求命中行业词根；名称线索不是意义或机会确认。,未核实
passionzbypat.com,2026-09-03,传统后缀,页面内容不足,未同时达到正文160字符且（description≥40字符或非通用H1≥8字符）,,not_checked,https://passionzbypat.com/,,,,独立后缀与名称通道：传统后缀（.com）；可读字符形态探索；固定哈希次序第330名，组实际配额1350。未要求命中行业词根；名称线索不是意义或机会确认。,未核实
classicbrandsrebate.com,2026-09-16,传统后缀,未取得可用页面,当前未取得可用HTTPS页面：network_error,,not_checked,https://classicbrandsrebate.com/,,,,独立后缀与名称通道：传统后缀（.com）；可读字符形态探索；固定哈希次序第331名，组实际配额1350。未要求命中行业词根；名称线索不是意义或机会确认。,未核实
sourceplus.net,2026-09-01,传统后缀,停放或未正式开放,标题/H1/description 或域名式标题对应的正文开头命中停放/未开放标记：Under Construction,,not_checked,https://sourceplus.net/,SourcePlus Industrial Corp — Site Under Construction,SourcePlus Industrial Corp is preparing its new website. Coming soon.,SourcePlus Industrial Corp,独立后缀与名称通道：传统后缀（.net）；通用词典完整分词；固定哈希次序第332名，组实际配额1350。未要求命中行业词根；名称线索不是意义或机会确认。,未核实
cgcustomconstruction.com,2026-08-27,传统后缀,注册超过30天,RDAP registration 早于固定30天窗口,2026-08-25T20:51:22Z,verified_old,https://www.cgcustomconstruction.com/,Cody Gomez Construction,,Cody Gomez Construction;Construction Services;Start With a Free Consultation;About Cody Gomez;Let’s Discuss Your Project,独立后缀与名称通道：传统后缀（.com）；可读字符形态探索；固定哈希次序第333名，组实际配额1350。未要求命中行业词根；名称线索不是意义或机会确认。,未核实
braintreedentistry.com,2026-09-13,传统后缀,未取得可用页面,当前未取得可用HTTPS页面：network_error,,not_checked,https://braintreedentistry.com/,,,,独立后缀与名称通道：传统后缀（.com）；通用词典完整分词；固定哈希次序第334名，组实际配额1350。未要求命中行业词根；名称线索不是意义或机会确认。,未核实
andesitebridge.com,2026-08-30,传统后缀,未取得可用页面,当前未取得可用HTTPS页面：network_error,,not_checked,https://andesitebridge.com/,,,,独立后缀与名称通道：传统后缀（.com）；通用词典完整分词；固定哈希次序第335名，组实际配额1350。未要求命中行业词根；名称线索不是意义或机会确认。,未核实
jrgua34.com,2026-09-10,传统后缀,未取得可用页面,当前未取得可用HTTPS页面：network_error,,not_checked,https://jrgua34.com/,,,,独立后缀与名称通道：传统后缀（.com）；少量数字名称探索；固定哈希次序第336名，组实际配额1350。未要求命中行业词根；名称线索不是意义或机会确认。,未核实
liensons.com,2026-09-09,传统后缀,未取得可用页面,当前未取得可用HTTPS页面：network_error,,not_checked,https://liensons.com/,,,,独立后缀与名称通道：传统后缀（.com）；通用词典完整分词；固定哈希次序第337名，组实际配额1350。未要求命中行业词根；名称线索不是意义或机会确认。,未核实
goldsniper-webinaire.com,2026-09-23,传统后缀,未取得可用页面,当前未取得可用HTTPS页面：network_error,,not_checked,https://goldsniper-webinaire.com/,,,,独立后缀与名称通道：传统后缀（.com）；可读字符形态探索；固定哈希次序第338名，组实际配额1350。未要求命中行业词根；名称线索不是意义或机会确认。,未核实
rymlite.com,2026-09-07,传统后缀,近期注册且有内容,RDAP registration 位于近30天窗口；当前HTTPS页面通过实质内容规则,2026-09-04T18:27:34Z,verified_recent,https://rymlite.com/,畅看片库 - 2026好看的高清免费完整版全集在线观看视频 - 无广告电影高清完整版合集 - 手机百度电视剧免费观看网站大全日韩欧美 - 完整高清版本在线观看流畅不卡顿,畅看片库每日更新2026好看的高清免费完整版全集在线观看视频，精选无广告电影高清完整版合集与手机百度电视剧免费观看网站大全日韩欧美片源，支持完整高清版本在线观看流畅不卡顿，还有好看的免费动画电影综艺、国产剧免费全集在线观看任选。,畅看片库 - 2026好看的高清免费完整版全集在线观看视频,独立后缀与名称通道：传统后缀（.com）；可读字符形态探索；固定哈希次序第339名，组实际配额1350。未要求命中行业词根；名称线索不是意义或机会确认。,未核实
iworxincubator.com,2026-09-02,传统后缀,页面内容不足,未同时达到正文160字符且（description≥40字符或非通用H1≥8字符）,,not_checked,https://iworxincubator.com/,,,,独立后缀与名称通道：传统后缀（.com）；可读字符形态探索；固定哈希次序第340名，组实际配额1350。未要求命中行业词根；名称线索不是意义或机会确认。,未核实
othalla.com,2026-09-14,传统后缀,未取得可用页面,当前未取得可用HTTPS页面：network_error,,not_checked,https://othalla.com/,,,,独立后缀与名称通道：传统后缀（.com）；可读字符形态探索；固定哈希次序第341名，组实际配额1350。未要求命中行业词根；名称线索不是意义或机会确认。,未核实
flokitotomacau.com,2026-09-08,传统后缀,未取得可用页面,当前未取得可用HTTPS页面：too_large,,not_checked,https://flokitotomacau.com/,,,,独立后缀与名称通道：传统后缀（.com）；可读字符形态探索；固定哈希次序第342名，组实际配额1350。未要求命中行业词根；名称线索不是意义或机会确认。,未核实
lowpolycharacters.com,2026-09-09,传统后缀,近期注册且有内容,RDAP registration 位于近30天窗口；当前HTTPS页面通过实质内容规则,2026-09-07T18:53:21Z,verified_recent,https://lowpolycharacters.com/,Low Poly Characters | AI 3D Character Generator,"Create low poly characters from a text prompt with advanced AI. Add optional rigging and custom animations, preview in 3D, and save your files in a private library.",Create low poly characters.,独立后缀与名称通道：传统后缀（.com）；通用词典完整分词；固定哈希次序第343名，组实际配额1350。未要求命中行业词根；名称线索不是意义或机会确认。,未核实
gteexve.com,2026-09-02,传统后缀,未取得可用页面,当前未取得可用HTTPS页面：network_error,,not_checked,https://gteexve.com/,,,,独立后缀与名称通道：传统后缀（.com）；可读字符形态探索；固定哈希次序第344名，组实际配额1350。未要求命中行业词根；名称线索不是意义或机会确认。,未核实
hubembaixadores.com,2026-09-14,传统后缀,近期注册且有内容,RDAP registration 位于近30天窗口；当前HTTPS页面通过实质内容规则,2026-09-12T21:21:32Z,verified_recent,https://www.hubembaixadores.com/,Hub Embaixadores,Plataforma de afiliadas e embaixadoras,"Sua marca, suas embaixadoras, comissões no automático.",独立后缀与名称通道：传统后缀（.com）；可读字符形态探索；固定哈希次序第345名，组实际配额1350。未要求命中行业词根；名称线索不是意义或机会确认。,未核实
carry-maison.com,2026-09-18,传统后缀,未取得可用页面,当前未取得可用HTTPS页面：http_error,,not_checked,https://carry-maison.com/,,,,独立后缀与名称通道：传统后缀（.com）；可读字符形态探索；固定哈希次序第346名，组实际配额1350。未要求命中行业词根；名称线索不是意义或机会确认。,未核实
natlandgaragesystems.com,2026-09-08,传统后缀,近期注册且有内容,RDAP registration 位于近30天窗口；当前HTTPS页面通过实质内容规则,2026-09-06T23:16:07Z,verified_recent,https://www.natlandgaragesystems.com/,"Natland Garage Systems | Epoxy Flooring Charlotte, NC","Natland Garage Systems provides professional garage epoxy flooring, polyaspartic coatings, and flake systems in Charlotte, NC and surrounding areas. Get a free quote today!",,独立后缀与名称通道：传统后缀（.com）；可读字符形态探索；固定哈希次序第347名，组实际配额1350。未要求命中行业词根；名称线索不是意义或机会确认。,未核实
austwaygroup.com,2026-08-27,传统后缀,未取得可用页面,当前未取得可用HTTPS页面：http_error,,not_checked,https://austwaygroup.com/,,,,独立后缀与名称通道：传统后缀（.com）；通用词典完整分词；固定哈希次序第348名，组实际配额1350。未要求命中行业词根；名称线索不是意义或机会确认。,未核实
yrrahsys.com,2026-09-03,传统后缀,近期注册且有内容,RDAP registration 位于近30天窗口；当前HTTPS页面通过实质内容规则,2026-09-01T14:06:51Z,verified_recent,https://yrrahsys.com/,YrrahSys | Systems that flow. Results that work.,"YrrahSys is a business systems and technology solutions company helping organizations simplify operations, automate repetitive work, and connect their tools.",Systems that flow. Results that work.,独立后缀与名称通道：传统后缀（.com）；可读字符形态探索；固定哈希次序第349名，组实际配额1350。未要求命中行业词根；名称线索不是意义或机会确认。,未核实
tryshopvanta.com,2026-09-21,传统后缀,页面内容不足,AI内容复核：首页大量保留轮播、比较表、图标和结果模块的编辑指引占位，未展示对应实际商品的完整首页内容。 原文：Tell your brand's story through images Button label;自动初判：RDAP registration 位于近30天窗口；当前HTTPS页面通过实质内容规则,2026-09-19T11:36:33Z,verified_recent,https://tryshopvanta.com/,ShopVanta American Express Apple Pay Diners Club Discover Google Pay Mastercard PayPal Shop Pay Visa American Express Apple Pay Diners Club Discover Google Pay Mastercard PayPal Shop Pay Visa,,ShopVanta,独立后缀与名称通道：传统后缀（.com）；可读字符形态探索；固定哈希次序第350名，组实际配额1350。未要求命中行业词根；名称线索不是意义或机会确认。,未核实
seasontenband.com,2026-09-25,传统后缀,未取得可用页面,当前未取得可用HTTPS页面：network_error,,not_checked,https://seasontenband.com/,,,,独立后缀与名称通道：传统后缀（.com）；通用词典完整分词；固定哈希次序第351名，组实际配额1350。未要求命中行业词根；名称线索不是意义或机会确认。,未核实
dianafruscio.com,2026-08-30,传统后缀,未取得可用页面,当前未取得可用HTTPS页面：network_error,,not_checked,https://dianafruscio.com/,,,,独立后缀与名称通道：传统后缀（.com）；可读字符形态探索；固定哈希次序第352名，组实际配额1350。未要求命中行业词根；名称线索不是意义或机会确认。,未核实
panchamukhianjaneya.com,2026-09-24,传统后缀,页面内容不足,未同时达到正文160字符且（description≥40字符或非通用H1≥8字符）,,not_checked,https://panchamukhianjaneya.com/,"Jai Veera Abhaya Panchamukhi Shakthi Anjaneya Swamy Devalaya | Gundlupet, Karnataka","Official website of Jai Veera Abhaya Panchamukhi Shakthi Anjaneya Swamy Devalaya, Thenkala Hundi, Gundlupet, Chamarajanagar, Karnataka. Experience 3D Darshan, interactive 5 Faces of Hanuman, Pooja timings, Annadhanam, and temple history.",,独立后缀与名称通道：传统后缀（.com）；可读字符形态探索；固定哈希次序第353名，组实际配额1350。未要求命中行业词根；名称线索不是意义或机会确认。,未核实
totallywizardstudio.com,2026-08-28,传统后缀,页面内容不足,未同时达到正文160字符且（description≥40字符或非通用H1≥8字符）,,not_checked,https://totallywizardstudio.com/,James Soares,,,独立后缀与名称通道：传统后缀（.com）；通用词典完整分词；固定哈希次序第354名，组实际配额1350。未要求命中行业词根；名称线索不是意义或机会确认。,未核实
purebeautycollective.com,2026-09-12,传统后缀,未取得可用页面,当前未取得可用HTTPS页面：network_error,,not_checked,https://purebeautycollective.com/,,,,独立后缀与名称通道：传统后缀（.com）；通用词典完整分词；固定哈希次序第355名，组实际配额1350。未要求命中行业词根；名称线索不是意义或机会确认。,未核实
americaneaglecertification.com,2026-09-16,传统后缀,近期注册且有内容,RDAP registration 位于近30天窗口；当前HTTPS页面通过实质内容规则,2026-09-14T10:45:25Z,verified_recent,https://americaneaglecertification.com/,Trading Card Grading & Certification – AMERICAN EAGLE CERTIFICATION,"American Eagle Certification offers trading card grading, secure encapsulation, Art Seal services, and online AEC certification lookup.",Trading Card Grading & Certification,独立后缀与名称通道：传统后缀（.com）；通用词典完整分词；固定哈希次序第356名，组实际配额1350。未要求命中行业词根；名称线索不是意义或机会确认。,未核实
triallawyall.com,2026-09-13,传统后缀,未取得可用页面,当前未取得可用HTTPS页面：network_error,,not_checked,https://triallawyall.com/,,,,独立后缀与名称通道：传统后缀（.com）；可读字符形态探索；固定哈希次序第357名，组实际配额1350。未要求命中行业词根；名称线索不是意义或机会确认。,未核实
isaacmtz.com,2026-09-22,传统后缀,未取得可用页面,当前未取得可用HTTPS页面：network_error,,not_checked,https://isaacmtz.com/,,,,独立后缀与名称通道：传统后缀（.com）；可读字符形态探索；固定哈希次序第358名，组实际配额1350。未要求命中行业词根；名称线索不是意义或机会确认。,未核实
oceanstatedoglot.com,2026-09-05,传统后缀,未取得可用页面,当前未取得可用HTTPS页面：network_error,,not_checked,https://oceanstatedoglot.com/,,,,独立后缀与名称通道：传统后缀（.com）；通用词典完整分词；固定哈希次序第359名，组实际配额1350。未要求命中行业词根；名称线索不是意义或机会确认。,未核实
ghostdemand.com,2026-09-03,传统后缀,页面内容不足,未同时达到正文160字符且（description≥40字符或非通用H1≥8字符）,,not_checked,https://ghostdemand.com/,,,,独立后缀与名称通道：传统后缀（.com）；通用词典完整分词；固定哈希次序第360名，组实际配额1350。未要求命中行业词根；名称线索不是意义或机会确认。,未核实
sujataindustry.com,2026-09-23,传统后缀,未取得可用页面,当前未取得可用HTTPS页面：network_error,,not_checked,https://sujataindustry.com/,,,,独立后缀与名称通道：传统后缀（.com）；可读字符形态探索；固定哈希次序第361名，组实际配额1350。未要求命中行业词根；名称线索不是意义或机会确认。,未核实
winify-spzoo.com,2026-09-15,传统后缀,未取得可用页面,当前未取得可用HTTPS页面：too_large,,not_checked,https://www.winify-spzoo.com/,,,,独立后缀与名称通道：传统后缀（.com）；可读字符形态探索；固定哈希次序第362名，组实际配额1350。未要求命中行业词根；名称线索不是意义或机会确认。,未核实
azendla.com,2026-08-27,传统后缀,页面内容不足,未同时达到正文160字符且（description≥40字符或非通用H1≥8字符）,,not_checked,https://azendla.com/,,,,独立后缀与名称通道：传统后缀（.com）；可读字符形态探索；固定哈希次序第363名，组实际配额1350。未要求命中行业词根；名称线索不是意义或机会确认。,未核实
sadaio.com,2026-09-06,传统后缀,未取得可用页面,当前未取得可用HTTPS页面：network_error,,not_checked,https://sadaio.com/,,,,独立后缀与名称通道：传统后缀（.com）；可读字符形态探索；固定哈希次序第364名，组实际配额1350。未要求命中行业词根；名称线索不是意义或机会确认。,未核实
prodiptotextiles.com,2026-09-07,传统后缀,未取得可用页面,当前未取得可用HTTPS页面：http_error,,not_checked,https://prodiptotextiles.com/,,,,独立后缀与名称通道：传统后缀（.com）；可读字符形态探索；固定哈希次序第365名，组实际配额1350。未要求命中行业词根；名称线索不是意义或机会确认。,未核实
strategoswatches.com,2026-09-10,传统后缀,未取得可用页面,当前未取得可用HTTPS页面：network_error,,not_checked,https://strategoswatches.com/,,,,独立后缀与名称通道：传统后缀（.com）；可读字符形态探索；固定哈希次序第366名，组实际配额1350。未要求命中行业词根；名称线索不是意义或机会确认。,未核实
omidkarimi.com,2026-09-10,传统后缀,未取得可用页面,当前未取得可用HTTPS页面：http_error,,not_checked,https://omidkarimi.com/,,,,独立后缀与名称通道：传统后缀（.com）；可读字符形态探索；固定哈希次序第367名，组实际配额1350。未要求命中行业词根；名称线索不是意义或机会确认。,未核实
amtalento.com,2026-09-02,传统后缀,页面内容不足,未同时达到正文160字符且（description≥40字符或非通用H1≥8字符）,,not_checked,https://amtalento.com/,Próximamente,,amtalento.com,独立后缀与名称通道：传统后缀（.com）；可读字符形态探索；固定哈希次序第368名，组实际配额1350。未要求命中行业词根；名称线索不是意义或机会确认。,未核实
meaningmakingcounselling.com,2026-09-04,传统后缀,页面内容不足,未同时达到正文160字符且（description≥40字符或非通用H1≥8字符）,,not_checked,https://www.meaningmakingcounselling.com/,Meaning Making Counselling - Welcome.,Existential Counselling,Welcome.,独立后缀与名称通道：传统后缀（.com）；通用词典完整分词；固定哈希次序第369名，组实际配额1350。未要求命中行业词根；名称线索不是意义或机会确认。,未核实
namqul.org,2026-09-15,传统后缀,页面内容不足,未同时达到正文160字符且（description≥40字符或非通用H1≥8字符）,,not_checked,https://namqul.org/,NAMQUL Nigeria Limited,,NAMQUL,独立后缀与名称通道：传统后缀（.org）；可读字符形态探索；固定哈希次序第370名，组实际配额1350。未要求命中行业词根；名称线索不是意义或机会确认。,未核实
blueridgebutterflies.org,2026-09-22,传统后缀,页面内容不足,未同时达到正文160字符且（description≥40字符或非通用H1≥8字符）,,not_checked,https://blueridgebutterflies.org/,,,,独立后缀与名称通道：传统后缀（.org）；可读字符形态探索；固定哈希次序第371名，组实际配额1350。未要求命中行业词根；名称线索不是意义或机会确认。,未核实
ohche.com,2026-08-27,传统后缀,未取得可用页面,当前未取得可用HTTPS页面：network_error,,not_checked,https://ohche.com/,,,,独立后缀与名称通道：传统后缀（.com）；短缩写探索；固定哈希次序第372名，组实际配额1350。未要求命中行业词根；名称线索不是意义或机会确认。,未核实
tauheavyindustries.com,2026-09-12,传统后缀,停放或未正式开放,标题/H1/description 或域名式标题对应的正文开头命中停放/未开放标记：under construction,,not_checked,https://tauheavyindustries.com/,Coming Soon,,tauheavyindustries.com,独立后缀与名称通道：传统后缀（.com）；可读字符形态探索；固定哈希次序第373名，组实际配额1350。未要求命中行业词根；名称线索不是意义或机会确认。,未核实
datahk6dpaito.com,2026-09-09,传统后缀,跳转到其他域名,来源域名近期注册，但最终页面属于其他域名；目标站上线时间未知,2026-09-07T06:05:23Z,verified_recent,https://hk88togel.com/,HK Togel Hari Ini ~ Pengeluaran HK Pools ~ Keluaran HK Prize ~ Data HK 2026 ~ Result HK Terpercaya Clear Search Search Filter Options,Pengeluaran HK Pools selalu menjadi pusat perhatian bagi para penggemar keluaran hk yang ingin mendapatkan informasi akurat togel hk terbaru setiap harinya.,HK Togel Hari Ini ~ Pengeluaran HK Pools ~ Keluaran HK Prize ~ Data HK 2026 ~ Result HK Terpercaya;HK Togel Hari Ini ~ Pengeluaran HK Pools ~ Keluaran HK Prize ~ Data HK 2026 ~ Result HK Terpercaya,独立后缀与名称通道：传统后缀（.com）；少量数字名称探索；固定哈希次序第374名，组实际配额1350。未要求命中行业词根；名称线索不是意义或机会确认。,未核实
triple-nipple-slot.com,2026-08-27,传统后缀,未取得可用页面,当前未取得可用HTTPS页面：network_error,,not_checked,https://triple-nipple-slot.com/,,,,独立后缀与名称通道：传统后缀（.com）；通用词典完整分词；固定哈希次序第375名，组实际配额1350。未要求命中行业词根；名称线索不是意义或机会确认。,未核实
sfcfood.com,2026-09-25,传统后缀,页面内容不足,未同时达到正文160字符且（description≥40字符或非通用H1≥8字符）,,not_checked,https://sfcfood.com/,,,,独立后缀与名称通道：传统后缀（.com）；可读字符形态探索；固定哈希次序第376名，组实际配额1350。未要求命中行业词根；名称线索不是意义或机会确认。,未核实
forma-kot.com,2026-09-10,传统后缀,未取得可用页面,当前未取得可用HTTPS页面：network_error,,not_checked,https://forma-kot.com/,,,,独立后缀与名称通道：传统后缀（.com）；可读字符形态探索；固定哈希次序第377名，组实际配额1350。未要求命中行业词根；名称线索不是意义或机会确认。,未核实
forgedsource.com,2026-09-14,传统后缀,页面内容不足,未同时达到正文160字符且（description≥40字符或非通用H1≥8字符）,,not_checked,https://forgedsource.com/,,,,独立后缀与名称通道：传统后缀（.com）；通用词典完整分词；固定哈希次序第378名，组实际配额1350。未要求命中行业词根；名称线索不是意义或机会确认。,未核实
mulhemacademy.com,2026-09-16,传统后缀,页面内容不足,未同时达到正文160字符且（description≥40字符或非通用H1≥8字符）,,not_checked,https://mulhemacademy.com/,,,,独立后缀与名称通道：传统后缀（.com）；可读字符形态探索；固定哈希次序第379名，组实际配额1350。未要求命中行业词根；名称线索不是意义或机会确认。,未核实
luneqos.com,2026-09-07,传统后缀,未取得可用页面,当前未取得可用HTTPS页面：network_error,,not_checked,https://luneqos.com/,,,,独立后缀与名称通道：传统后缀（.com）；可读字符形态探索；固定哈希次序第380名，组实际配额1350。未要求命中行业词根；名称线索不是意义或机会确认。,未核实
spellingsuccess.org,2026-09-15,传统后缀,停放或未正式开放,标题/H1/description 或域名式标题对应的正文开头命中停放/未开放标记：domain for sale,,not_checked,https://spellingsuccess.org/,porkbun.com | domain for sale,,This domain is for sale.,独立后缀与名称通道：传统后缀（.org）；通用词典完整分词；固定哈希次序第381名，组实际配额1350。未要求命中行业词根；名称线索不是意义或机会确认。,未核实
sensyko.com,2026-09-21,传统后缀,未取得可用页面,当前未取得可用HTTPS页面：network_error,,not_checked,https://sensyko.com/,,,,独立后缀与名称通道：传统后缀（.com）；可读字符形态探索；固定哈希次序第382名，组实际配额1350。未要求命中行业词根；名称线索不是意义或机会确认。,未核实
heybellabelles.com,2026-08-29,传统后缀,未取得可用页面,AI内容复核：返回内容只有年龄确认/长按进入入口；未取得门槛之后的实际页面内容。 原文：18+ Age Verification This content is restricted.;自动初判：RDAP registration 位于近30天窗口；当前HTTPS页面通过实质内容规则,2026-08-27T07:29:24Z,verified_recent,https://heybellabelles.com/,Bella Belles Official Website,,BELLA BELLES,独立后缀与名称通道：传统后缀（.com）；通用词典完整分词；固定哈希次序第383名，组实际配额1350。未要求命中行业词根；名称线索不是意义或机会确认。,未核实
crownedhairsolutions.com,2026-08-31,传统后缀,近期注册且有内容,RDAP registration 位于近30天窗口；当前HTTPS页面通过实质内容规则,2026-08-29T18:09:23Z,verified_recent,https://crownedhairsolutions.com/,Crowned Hair Solutions — Mobile Hair Replacement for Men in Nashville,"Nashville's premier mobile hair replacement service for men. We come to you — discreet, professional, and transformative. Book your free consultation today.",Your Crown. Delivered.,独立后缀与名称通道：传统后缀（.com）；可读字符形态探索；固定哈希次序第384名，组实际配额1350。未要求命中行业词根；名称线索不是意义或机会确认。,未核实
behavioralvantage.com,2026-09-04,传统后缀,近期注册且有内容,RDAP registration 位于近30天窗口；当前HTTPS页面通过实质内容规则,2026-09-02T18:29:44Z,verified_recent,https://behavioralvantage.com/,Behavioral Vantage — Your Reimbursement Intelligence and Growth Strategy Partner,"See exactly how your behavioral health rates stack up against true peers, then get a growth roadmap built and executed by BH payer executives.","We help you with your margins, so you can focus on your mission.",独立后缀与名称通道：传统后缀（.com）；通用词典完整分词；固定哈希次序第385名，组实际配额1350。未要求命中行业词根；名称线索不是意义或机会确认。,未核实
thebluebutterflyemporium.com,2026-08-31,传统后缀,未取得可用页面,当前未取得可用HTTPS页面：network_error,,not_checked,https://thebluebutterflyemporium.com/,,,,独立后缀与名称通道：传统后缀（.com）；通用词典完整分词；固定哈希次序第386名，组实际配额1350。未要求命中行业词根；名称线索不是意义或机会确认。,未核实
thewallflix.com,2026-09-14,传统后缀,页面内容不足,未同时达到正文160字符且（description≥40字符或非通用H1≥8字符）,,not_checked,https://thewallflix.com/,,,,独立后缀与名称通道：传统后缀（.com）；通用词典完整分词；固定哈希次序第387名，组实际配额1350。未要求命中行业词根；名称线索不是意义或机会确认。,未核实
krispyholdings.com,2026-09-22,传统后缀,页面内容不足,未同时达到正文160字符且（description≥40字符或非通用H1≥8字符）,,not_checked,https://krispyholdings.com/,,,,独立后缀与名称通道：传统后缀（.com）；可读字符形态探索；固定哈希次序第388名，组实际配额1350。未要求命中行业词根；名称线索不是意义或机会确认。,未核实
reakarelectric.com,2026-09-08,传统后缀,页面内容不足,未同时达到正文160字符且（description≥40字符或非通用H1≥8字符）,,not_checked,https://vercel.com/login?next=%2Fsso-api%3Furl%3Dhttps%253A%252F%252Freakarelectric.com%252F%26nonce%3D15a7835b364e38ac25262ccde2401a5a18a9ff27bf0cbf70de0699b6b08c3838,Login – Vercel,,,独立后缀与名称通道：传统后缀（.com）；可读字符形态探索；固定哈希次序第389名，组实际配额1350。未要求命中行业词根；名称线索不是意义或机会确认。,未核实
vermilion-cove.com,2026-09-12,传统后缀,近期注册且有内容,RDAP registration 位于近30天窗口；当前HTTPS页面通过实质内容规则,2026-09-10T13:50:40Z,verified_recent,https://vermilion-cove.com/,vermilion-cove,Kulturelle Erlebnisse und museale Dienstleistungen für Bildungseinrichtungen und Besucher,Kultur lebendig erleben und verstehen,独立后缀与名称通道：传统后缀（.com）；通用词典完整分词；固定哈希次序第390名，组实际配额1350。未要求命中行业词根；名称线索不是意义或机会确认。,未核实
blu-wave-network.com,2026-09-01,传统后缀,近期注册且有内容,RDAP registration 位于近30天窗口；当前HTTPS页面通过实质内容规则,2026-08-30T12:28:46Z,verified_recent,https://blu-wave-network.com/,Blu-Wave Network | International Business Directory & Verified Partners,"Discover top-rated businesses, services, and verified partners worldwide on Blu-Wave Network. Verified directory listings and global connections.",THE GLOBAL BUSINESS HUB,独立后缀与名称通道：传统后缀（.com）；可读字符形态探索；固定哈希次序第391名，组实际配额1350。未要求命中行业词根；名称线索不是意义或机会确认。,未核实
elementexterieur.com,2026-08-31,传统后缀,近期注册且有内容,RDAP registration 位于近30天窗口；当前HTTPS页面通过实质内容规则,2026-08-29T09:40:22Z,verified_recent,https://elementexterieur.com/,Élément Extérieur,,Clips;Concerts;Théâtre & Danse;Photographies,独立后缀与名称通道：传统后缀（.com）；可读字符形态探索；固定哈希次序第392名，组实际配额1350。未要求命中行业词根；名称线索不是意义或机会确认。,未核实
withscoopanalytics.com,2026-09-23,传统后缀,未取得可用页面,当前未取得可用HTTPS页面：http_error,,not_checked,https://withscoopanalytics.com/,,,,独立后缀与名称通道：传统后缀（.com）；通用词典完整分词；固定哈希次序第393名，组实际配额1350。未要求命中行业词根；名称线索不是意义或机会确认。,未核实
agentmarginrouter.com,2026-09-13,传统后缀,注册时间未核实,页面有内容，但RDAP未取得有效且位于窗口内的registration事件,,unknown,https://agentmarginrouter.com/,Agent Margin Router — Data infrastructure for autonomous AI agents,"Web search & extraction, PDF text, SEO, market data, gas fees, DeFi yields, wallet balances and more — 50 endpoints paid with x402 micropayments in USDC or USDT on Base.",Agent Margin Router Data infrastructure for autonomous AI agents,独立后缀与名称通道：传统后缀（.com）；通用词典完整分词；固定哈希次序第394名，组实际配额1350。未要求命中行业词根；名称线索不是意义或机会确认。,未核实
ldgevents.com,2026-09-16,传统后缀,跳转到其他域名,来源域名近期注册，但最终页面属于其他域名；目标站上线时间未知,2026-09-14T08:29:16Z,verified_recent,https://linktr.ee/ldgevents,LDG Events Official: Instagram | Linktree LDG Events Instagram Subscribe to our email list for more! Regional British Open 2026 DUALITION - 31/10/26 Instagram TikTok LinkedIn X Instagram TikTok Facebook Pinterest LinkedIn Threads Youtube,🏋️‍♂️ Sports Competitions & Events | Fitness Seminars & Workshops 🌟,LDG Events,独立后缀与名称通道：传统后缀（.com）；可读字符形态探索；固定哈希次序第395名，组实际配额1350。未要求命中行业词根；名称线索不是意义或机会确认。,未核实
roastcasters.com,2026-08-30,传统后缀,未取得可用页面,当前未取得可用HTTPS页面：network_error,,not_checked,https://roastcasters.com/,,,,独立后缀与名称通道：传统后缀（.com）；通用词典完整分词；固定哈希次序第396名，组实际配额1350。未要求命中行业词根；名称线索不是意义或机会确认。,未核实
mactomacllc.com,2026-08-29,传统后缀,页面内容不足,未同时达到正文160字符且（description≥40字符或非通用H1≥8字符）,,not_checked,https://mactomacllc.com/,Parked Domain name on Hostinger DNS system,,,独立后缀与名称通道：传统后缀（.com）；可读字符形态探索；固定哈希次序第397名，组实际配额1350。未要求命中行业词根；名称线索不是意义或机会确认。,未核实
tyrellss.com,2026-09-06,传统后缀,页面内容不足,未同时达到正文160字符且（description≥40字符或非通用H1≥8字符）,,not_checked,https://tyrellss.com/,,,,独立后缀与名称通道：传统后缀（.com）；可读字符形态探索；固定哈希次序第398名，组实际配额1350。未要求命中行业词根；名称线索不是意义或机会确认。,未核实
52luoqin.com,2026-09-04,传统后缀,未取得可用页面,当前未取得可用HTTPS页面：network_error,,not_checked,https://52luoqin.com/,,,,独立后缀与名称通道：传统后缀（.com）；少量数字名称探索；固定哈希次序第399名，组实际配额1350。未要求命中行业词根；名称线索不是意义或机会确认。,未核实
miaohk.com,2026-09-06,传统后缀,未取得可用页面,当前未取得可用HTTPS页面：network_error,,not_checked,https://miaohk.com/,,,,独立后缀与名称通道：传统后缀（.com）；可读字符形态探索；固定哈希次序第400名，组实际配额1350。未要求命中行业词根；名称线索不是意义或机会确认。,未核实
usofamily.com,2026-09-14,传统后缀,页面内容不足,未同时达到正文160字符且（description≥40字符或非通用H1≥8字符）,,not_checked,https://usofamily.com/,Uso Family,,,独立后缀与名称通道：传统后缀（.com）；可读字符形态探索；固定哈希次序第401名，组实际配额1350。未要求命中行业词根；名称线索不是意义或机会确认。,未核实
api-coinbase.com,2026-08-28,传统后缀,未取得可用页面,标题/H1提示验证、访问限制或软404；未绕过,,not_checked,https://api-coinbase.com/,Security Verification,,,独立后缀与名称通道：传统后缀（.com）；可读字符形态探索；固定哈希次序第402名，组实际配额1350。未要求命中行业词根；名称线索不是意义或机会确认。,未核实
2nwp.com,2026-09-01,传统后缀,页面内容不足,未同时达到正文160字符且（description≥40字符或非通用H1≥8字符）,,not_checked,https://4881.6exv.com/,,,,独立后缀与名称通道：传统后缀（.com）；少量数字名称探索；固定哈希次序第403名，组实际配额1350。未要求命中行业词根；名称线索不是意义或机会确认。,未核实
marierosephoto.com,2026-08-27,传统后缀,页面内容不足,未同时达到正文160字符且（description≥40字符或非通用H1≥8字符）,,not_checked,https://marierosephoto.com/,Lavinia Marie-Rose — Photography,Photography by Lavinia Marie-Rose.,Lavinia Marie-Rose,独立后缀与名称通道：传统后缀（.com）；通用词典完整分词；固定哈希次序第404名，组实际配额1350。未要求命中行业词根；名称线索不是意义或机会确认。,未核实
ab3f8.com,2026-08-30,传统后缀,页面内容不足,未同时达到正文160字符且（description≥40字符或非通用H1≥8字符）,,not_checked,https://ab3f8.com/,在线观看免费高清_高清完整在线视频每日更新-高清电影,高清电影专注收录在线观看免费高清完整版电视剧，在线观看免费高清电视剧推荐、在线观看免费高清视频大全电视剧、在线观看全集免费完整版、在线观看国产免费的电视剧、在。,,独立后缀与名称通道：传统后缀（.com）；少量数字名称探索；固定哈希次序第405名，组实际配额1350。未要求命中行业词根；名称线索不是意义或机会确认。,未核实
pawpeludo.com,2026-09-13,传统后缀,页面内容不足,未同时达到正文160字符且（description≥40字符或非通用H1≥8字符）,,not_checked,https://pawpeludo.com/,,,,独立后缀与名称通道：传统后缀（.com）；通用词典完整分词；固定哈希次序第406名，组实际配额1350。未要求命中行业词根；名称线索不是意义或机会确认。,未核实
aosentextile.com,2026-09-10,传统后缀,未取得可用页面,当前未取得可用HTTPS页面：network_error,,not_checked,https://aosentextile.com/,,,,独立后缀与名称通道：传统后缀（.com）；可读字符形态探索；固定哈希次序第407名，组实际配额1350。未要求命中行业词根；名称线索不是意义或机会确认。,未核实
clarks-life.com,2026-09-08,传统后缀,页面内容不足,未同时达到正文160字符且（description≥40字符或非通用H1≥8字符）,,not_checked,https://clarks-life.com/,,,,独立后缀与名称通道：传统后缀（.com）；可读字符形态探索；固定哈希次序第408名，组实际配额1350。未要求命中行业词根；名称线索不是意义或机会确认。,未核实
brfp.net,2026-08-29,传统后缀,未取得可用页面,当前未取得可用HTTPS页面：too_large,,not_checked,https://www.brfp.net/,,,,独立后缀与名称通道：传统后缀（.net）；短缩写探索；固定哈希次序第409名，组实际配额1350。未要求命中行业词根；名称线索不是意义或机会确认。,未核实
confetextextil.com,2026-09-13,传统后缀,近期注册且有内容,RDAP registration 位于近30天窗口；当前HTTPS页面通过实质内容规则,2026-09-11T14:15:17Z,verified_recent,https://confetextextil.com/,CONFETEX | TEXTIL - Telas por Metros y Rollos en Colombia,"Telas por metro y rollos cerrados en Colombia. Linos, satines, antifluidos, driles y tejidos técnicos para moda, dotación, deportivo y hogar. 23 años de experiencia, envíos a todo el país.",Soluciones Textiles que Dan Vida a sus Diseños,独立后缀与名称通道：传统后缀（.com）；可读字符形态探索；固定哈希次序第410名，组实际配额1350。未要求命中行业词根；名称线索不是意义或机会确认。,未核实
vorqqen.com,2026-09-07,传统后缀,未取得可用页面,当前未取得可用HTTPS页面：network_error,,not_checked,https://vorqqen.com/,,,,独立后缀与名称通道：传统后缀（.com）；可读字符形态探索；固定哈希次序第411名，组实际配额1350。未要求命中行业词根；名称线索不是意义或机会确认。,未核实
nsendas.com,2026-09-07,传统后缀,未取得可用页面,当前未取得可用HTTPS页面：network_error,,not_checked,https://nsendas.com/,,,,独立后缀与名称通道：传统后缀（.com）；可读字符形态探索；固定哈希次序第412名，组实际配额1350。未要求命中行业词根；名称线索不是意义或机会确认。,未核实
timiboissiere.com,2026-09-15,传统后缀,近期注册且有内容,RDAP registration 位于近30天窗口；当前HTTPS页面通过实质内容规则,2026-09-13T19:00:17Z,verified_recent,https://timiboissiere.com/,Timi’s Home Solutions— Trusted Nationwide Cash Buyers,"Timi’s Home Solutions helps homeowners across the country sell quickly and with confidence. From foreclosure situations to inherited properties, rental fatigue, or homes needing major repairs, we make the selling process simple and work on your timeline.",Timi’s Home Solutions— Trusted Nationwide Cash Buyers,独立后缀与名称通道：传统后缀（.com）；可读字符形态探索；固定哈希次序第413名，组实际配额1350。未要求命中行业词根；名称线索不是意义或机会确认。,未核实
lp-verajohn-8.net,2026-09-14,传统后缀,未取得可用页面,当前未取得可用HTTPS页面：network_error,,not_checked,https://lp-verajohn-8.net/,,,,独立后缀与名称通道：传统后缀（.net）；少量数字名称探索；固定哈希次序第414名，组实际配额1350。未要求命中行业词根；名称线索不是意义或机会确认。,未核实
arianatp.com,2026-09-09,传统后缀,近期注册且有内容,RDAP registration 位于近30天窗口；当前HTTPS页面通过实质内容规则,2026-09-07T19:07:06Z,verified_recent,https://arianatp.com/,Ariana T.P. - Ropa Infantil,Ropa infantil online. Mirá el catálogo y hacé tu pedido por WhatsApp.,ARIANA T. P.,独立后缀与名称通道：传统后缀（.com）；可读字符形态探索；固定哈希次序第415名，组实际配额1350。未要求命中行业词根；名称线索不是意义或机会确认。,未核实
controllerdiagnose.com,2026-09-10,传统后缀,近期注册且有内容,RDAP registration 位于近30天窗口；当前HTTPS页面通过实质内容规则,2026-09-08T05:46:21Z,verified_recent,https://controllerdiagnose.com/,Controller testen & Stick Drift prüfen | ControllerDiagnose,"Teste deinen Controller direkt im Browser: Prüfe Tasten, Analogsticks, Trigger, Stick Drift und Deadzone bei PS5-, Xbox- und kompatiblen PC-Gamepads.",Controller online testen,独立后缀与名称通道：传统后缀（.com）；通用词典完整分词；固定哈希次序第416名，组实际配额1350。未要求命中行业词根；名称线索不是意义或机会确认。,未核实
kappaconnections.com,2026-09-10,传统后缀,未取得可用页面,当前未取得可用HTTPS页面：network_error,,not_checked,https://kappaconnections.com/,,,,独立后缀与名称通道：传统后缀（.com）；可读字符形态探索；固定哈希次序第417名，组实际配额1350。未要求命中行业词根；名称线索不是意义或机会确认。,未核实
hiredentertainment.com,2026-09-08,传统后缀,页面内容不足,未同时达到正文160字符且（description≥40字符或非通用H1≥8字符）,,not_checked,https://hiredentertainment.com/,,,,独立后缀与名称通道：传统后缀（.com）；通用词典完整分词；固定哈希次序第418名，组实际配额1350。未要求命中行业词根；名称线索不是意义或机会确认。,未核实
miniwalks.com,2026-09-09,传统后缀,页面内容不足,未同时达到正文160字符且（description≥40字符或非通用H1≥8字符）,,not_checked,https://miniwalks.com/,,,,独立后缀与名称通道：传统后缀（.com）；可读字符形态探索；固定哈希次序第419名，组实际配额1350。未要求命中行业词根；名称线索不是意义或机会确认。,未核实
yachthacker.com,2026-09-06,传统后缀,页面内容不足,未同时达到正文160字符且（description≥40字符或非通用H1≥8字符）,,not_checked,https://yachthacker.com/,,,,独立后缀与名称通道：传统后缀（.com）；通用词典完整分词；固定哈希次序第420名，组实际配额1350。未要求命中行业词根；名称线索不是意义或机会确认。,未核实
kumiare.com,2026-09-20,传统后缀,未取得可用页面,当前未取得可用HTTPS页面：network_error,,not_checked,https://kumiare.com/,,,,独立后缀与名称通道：传统后缀（.com）；可读字符形态探索；固定哈希次序第421名，组实际配额1350。未要求命中行业词根；名称线索不是意义或机会确认。,未核实
lovablymade.com,2026-09-01,传统后缀,未取得可用页面,当前未取得可用HTTPS页面：network_error,,not_checked,https://lovablymade.com/,,,,独立后缀与名称通道：传统后缀（.com）；通用词典完整分词；固定哈希次序第422名，组实际配额1350。未要求命中行业词根；名称线索不是意义或机会确认。,未核实
minimaltext.com,2026-08-29,传统后缀,页面内容不足,未同时达到正文160字符且（description≥40字符或非通用H1≥8字符）,,not_checked,https://minimaltext-com.l.ink/,A Brand New Domain!,Brought to you by Porkbun.,A Brand New Domain!,独立后缀与名称通道：传统后缀（.com）；通用词典完整分词；固定哈希次序第423名，组实际配额1350。未要求命中行业词根；名称线索不是意义或机会确认。,未核实
staystitchedatx.com,2026-09-16,传统后缀,停放或未正式开放,标题/H1/description 或域名式标题对应的正文开头命中停放/未开放标记：under construction,,not_checked,https://staystitchedatx.com/,Coming Soon,,staystitchedatx.com,独立后缀与名称通道：传统后缀（.com）；可读字符形态探索；固定哈希次序第424名，组实际配额1350。未要求命中行业词根；名称线索不是意义或机会确认。,未核实
tarubo-works.com,2026-09-19,传统后缀,近期注册且有内容,RDAP registration 位于近30天窗口；当前HTTPS页面通过实质内容规则,2026-09-17T01:43:57Z,verified_recent,https://tarubo-works.com/,たる坊ワークス — 暮らしの小さな道具をつくる場所,暮らしの中の「ちょっと面倒」を片付ける小さな道具を作って置いています。どれも無料で、入力したものは端末のブラウザ内だけで処理されます。,たる坊ワークス,独立后缀与名称通道：传统后缀（.com）；可读字符形态探索；固定哈希次序第425名，组实际配额1350。未要求命中行业词根；名称线索不是意义或机会确认。,未核实
bandaiholdings.com,2026-09-24,传统后缀,停放或未正式开放,标题/H1/description 或域名式标题对应的正文开头命中停放/未开放标记：under construction,,not_checked,https://bandaiholdings.com/,Coming Soon,,bandaiholdings.com,独立后缀与名称通道：传统后缀（.com）；可读字符形态探索；固定哈希次序第426名，组实际配额1350。未要求命中行业词根；名称线索不是意义或机会确认。,未核实
hqsovereign.com,2026-08-27,传统后缀,未取得可用页面,当前未取得可用HTTPS页面：http_error,,not_checked,https://hqsovereign.com/,,,,独立后缀与名称通道：传统后缀（.com）；可读字符形态探索；固定哈希次序第427名，组实际配额1350。未要求命中行业词根；名称线索不是意义或机会确认。,未核实
01collections.com,2026-08-27,传统后缀,未取得可用页面,当前未取得可用HTTPS页面：network_error,,not_checked,http://ww38.01collections.com/,,,,独立后缀与名称通道：传统后缀（.com）；少量数字名称探索；固定哈希次序第428名，组实际配额1350。未要求命中行业词根；名称线索不是意义或机会确认。,未核实
kiddokits.net,2026-09-14,传统后缀,页面内容不足,未同时达到正文160字符且（description≥40字符或非通用H1≥8字符）,,not_checked,https://kiddokits.net/,,,,独立后缀与名称通道：传统后缀（.net）；可读字符形态探索；固定哈希次序第429名，组实际配额1350。未要求命中行业词根；名称线索不是意义或机会确认。,未核实
隔离记录-c38555901eea,2026-09-10,传统后缀,近期注册且有内容,本轮暂跳过成人与博彩内容；此项不改变页面是否存在的事实判定。,2026-09-08T07:56:42Z,verified_recent,,已移出本轮研究范围,,,名称与原文不在公开工作台展示；抽样位置保留于本地审计。,未核实
myhappyplace24.com,2026-09-10,传统后缀,未取得可用页面,当前未取得可用HTTPS页面：network_error,,not_checked,https://myhappyplace24.com/,,,,独立后缀与名称通道：传统后缀（.com）；少量数字名称探索；固定哈希次序第431名，组实际配额1350。未要求命中行业词根；名称线索不是意义或机会确认。,未核实
5fc.org,2026-09-18,传统后缀,页面内容不足,AI内容复核：只是品牌短链接域名的默认说明页；配置了重定向用途，但首页未展示独立网站产品或内容。 原文：5fc.org is configured for link redirection.;自动初判：RDAP registration 位于近30天窗口；当前HTTPS页面通过实质内容规则,2026-09-16T19:01:32.664000Z,verified_recent,https://5fc.org/,5fc.org is a custom short domain,,Branded Short Domain,独立后缀与名称通道：传统后缀（.org）；少量数字名称探索；固定哈希次序第432名，组实际配额1350。未要求命中行业词根；名称线索不是意义或机会确认。,未核实
nexorksystem-ai.com,2026-08-28,传统后缀,注册超过30天,RDAP registration 早于固定30天窗口,2026-08-26T10:49:50Z,verified_old,https://nexorksystem-ai.com/,Nexork System - sito ufficiale della piattaforma in Italia,"Nexork System presenta strumenti AI e crypto per l'analisi dei dati, l'elaborazione di informazioni digitali e la lettura di processi operativi.",Nexork System - un nuovo modo di leggere i mercati,独立后缀与名称通道：传统后缀（.com）；可读字符形态探索；固定哈希次序第433名，组实际配额1350。未要求命中行业词根；名称线索不是意义或机会确认。,未核实
halonanowhub.com,2026-09-07,传统后缀,未取得可用页面,当前未取得可用HTTPS页面：network_error,,not_checked,https://halonanowhub.com/,,,,独立后缀与名称通道：传统后缀（.com）；通用词典完整分词；固定哈希次序第434名，组实际配额1350。未要求命中行业词根；名称线索不是意义或机会确认。,未核实
they-lied.com,2026-09-03,传统后缀,未取得可用页面,当前未取得可用HTTPS页面：network_error,,not_checked,https://they-lied.com/,,,,独立后缀与名称通道：传统后缀（.com）；通用词典完整分词；固定哈希次序第435名，组实际配额1350。未要求命中行业词根；名称线索不是意义或机会确认。,未核实
nicolemoorecreative.com,2026-09-18,传统后缀,未取得可用页面,当前未取得可用HTTPS页面：network_error,,not_checked,https://nicolemoorecreative.com/,,,,独立后缀与名称通道：传统后缀（.com）；可读字符形态探索；固定哈希次序第436名，组实际配额1350。未要求命中行业词根；名称线索不是意义或机会确认。,未核实
canadianleadershipcollective.com,2026-08-27,传统后缀,页面内容不足,未同时达到正文160字符且（description≥40字符或非通用H1≥8字符）,,not_checked,https://canadianleadershipcollective.com/,,,,独立后缀与名称通道：传统后缀（.com）；通用词典完整分词；固定哈希次序第437名，组实际配额1350。未要求命中行业词根；名称线索不是意义或机会确认。,未核实
shahrokhifood.com,2026-09-10,传统后缀,未取得可用页面,当前未取得可用HTTPS页面：network_error,,not_checked,https://shahrokhifood.com/,,,,独立后缀与名称通道：传统后缀（.com）；可读字符形态探索；固定哈希次序第438名，组实际配额1350。未要求命中行业词根；名称线索不是意义或机会确认。,未核实
pjv64.com,2026-08-31,传统后缀,页面内容不足,未同时达到正文160字符且（description≥40字符或非通用H1≥8字符）,,not_checked,https://www.pjv64.com/,"金年会 - 金字招牌,信誉至上",,,独立后缀与名称通道：传统后缀（.com）；少量数字名称探索；固定哈希次序第439名，组实际配额1350。未要求命中行业词根；名称线索不是意义或机会确认。,未核实
fernoka.com,2026-09-23,传统后缀,页面内容不足,未同时达到正文160字符且（description≥40字符或非通用H1≥8字符）,,not_checked,https://www.fernoka.com/password,Fernoka,,Fernoka,独立后缀与名称通道：传统后缀（.com）；通用词典完整分词；固定哈希次序第440名，组实际配额1350。未要求命中行业词根；名称线索不是意义或机会确认。,未核实
siiwxx.com,2026-09-19,传统后缀,未取得可用页面,当前未取得可用HTTPS页面：network_error,,not_checked,https://siiwxx.com/,,,,独立后缀与名称通道：传统后缀（.com）；可读字符形态探索；固定哈希次序第441名，组实际配额1350。未要求命中行业词根；名称线索不是意义或机会确认。,未核实
timefortails.com,2026-09-20,传统后缀,未取得可用页面,当前未取得可用HTTPS页面：network_error,,not_checked,https://timefortails.com/,,,,独立后缀与名称通道：传统后缀（.com）；可读字符形态探索；固定哈希次序第442名，组实际配额1350。未要求命中行业词根；名称线索不是意义或机会确认。,未核实
crissmath.com,2026-08-28,传统后缀,注册超过30天,RDAP registration 早于固定30天窗口,2021-07-30T12:11:47Z,verified_old,https://www.crissmath.com/,Cristian Ramírez,"Personal website of Cristian Ramírez, PhD in Computer Science, focused on AI, embedded systems, high-performance computing, RISC-V, machine learning, and applied research.",Cristian Ramírez,独立后缀与名称通道：传统后缀（.com）；通用词典完整分词；固定哈希次序第443名，组实际配额1350。未要求命中行业词根；名称线索不是意义或机会确认。,未核实
frt-industry.com,2026-09-22,传统后缀,近期注册且有内容,RDAP registration 位于近30天窗口；当前HTTPS页面通过实质内容规则,2026-09-20T14:57:47Z,verified_recent,https://frt-industry.com/fr,FRT Industry — Des solutions d'emballage industriel de haute performance,"FRT Industry conçoit et fabrique des sacs tissés et laminés pour l'industrie minérale, agroalimentaire et chimique. Usine basée à Larbaa, Blida, Algérie.",Des solutions d'emballage conçues pour l'industrie.,独立后缀与名称通道：传统后缀（.com）；可读字符形态探索；固定哈希次序第444名，组实际配额1350。未要求命中行业词根；名称线索不是意义或机会确认。,未核实
ashriverhearth.com,2026-09-23,传统后缀,页面内容不足,未同时达到正文160字符且（description≥40字符或非通用H1≥8字符）,,not_checked,https://ashriverhearth-com.l.ink/,A Brand New Domain!,Brought to you by Porkbun.,A Brand New Domain!,独立后缀与名称通道：传统后缀（.com）；通用词典完整分词；固定哈希次序第445名，组实际配额1350。未要求命中行业词根；名称线索不是意义或机会确认。,未核实
annagarnant.com,2026-09-13,传统后缀,未取得可用页面,当前未取得可用HTTPS页面：network_error,,not_checked,https://annagarnant.com/,,,,独立后缀与名称通道：传统后缀（.com）；通用词典完整分词；固定哈希次序第446名，组实际配额1350。未要求命中行业词根；名称线索不是意义或机会确认。,未核实
b4usign.org,2026-09-25,传统后缀,未取得可用页面,当前未取得可用HTTPS页面：network_error,,not_checked,https://b4usign.org/,,,,独立后缀与名称通道：传统后缀（.org）；少量数字名称探索；固定哈希次序第447名，组实际配额1350。未要求命中行业词根；名称线索不是意义或机会确认。,未核实
lifedeservesmore.org,2026-08-31,传统后缀,跳转到其他域名,来源域名近期注册，但最终页面属于其他域名；目标站上线时间未知,2026-08-29T22:56:54.102000Z,verified_recent,https://starfishfloat.org/,StarfishFloat.org | What You Bring Matters,"70 Emerging Initiatives across 12 Connected Ecosystems, one shared way to find help, and 347 Protected Digital Identities preserving pathways for what may grow.",What if what is in you could change everything?,独立后缀与名称通道：传统后缀（.org）；通用词典完整分词；固定哈希次序第448名，组实际配额1350。未要求命中行业词根；名称线索不是意义或机会确认。,未核实
pr-propertycheck.com,2026-08-27,传统后缀,注册超过30天,RDAP registration 早于固定30天窗口,2026-08-25T23:40:07Z,verified_old,https://pr-propertycheck.com/,PR Home Check · Can you buy a home in Singapore as a PR?,A free 30 second check for Singapore PRs who are renting. A straight answer on what you can buy and what it will cost.,Can you buy a home in Singapore as a PR?,独立后缀与名称通道：传统后缀（.com）；可读字符形态探索；固定哈希次序第449名，组实际配额1350。未要求命中行业词根；名称线索不是意义或机会确认。,未核实
harmonywithincleaning.com,2026-09-05,传统后缀,页面内容不足,未同时达到正文160字符且（description≥40字符或非通用H1≥8字符）,,not_checked,https://harmonywithincleaning.com/,Próximamente,,harmonywithincleaning.com,独立后缀与名称通道：传统后缀（.com）；通用词典完整分词；固定哈希次序第450名，组实际配额1350。未要求命中行业词根；名称线索不是意义或机会确认。,未核实
jkpowernest.com,2026-09-03,传统后缀,页面内容不足,未同时达到正文160字符且（description≥40字符或非通用H1≥8字符）,,not_checked,https://www.jkpowernest.com/,JingKunZhaoMing,,,独立后缀与名称通道：传统后缀（.com）；可读字符形态探索；固定哈希次序第451名，组实际配额1350。未要求命中行业词根；名称线索不是意义或机会确认。,未核实
elsofadigital.com,2026-09-21,传统后缀,页面内容不足,未同时达到正文160字符且（description≥40字符或非通用H1≥8字符）,,not_checked,https://elsofadigital.com/,,,,独立后缀与名称通道：传统后缀（.com）；可读字符形态探索；固定哈希次序第452名，组实际配额1350。未要求命中行业词根；名称线索不是意义或机会确认。,未核实
georgeberlincreative.com,2026-09-10,传统后缀,未取得可用页面,当前未取得可用HTTPS页面：too_large,,not_checked,https://www.georgeberlincreative.com/,,,,独立后缀与名称通道：传统后缀（.com）；通用词典完整分词；固定哈希次序第453名，组实际配额1350。未要求命中行业词根；名称线索不是意义或机会确认。,未核实
anchoredupboats.com,2026-09-13,传统后缀,近期注册且有内容,RDAP registration 位于近30天窗口；当前HTTPS页面通过实质内容规则,2026-09-11T20:52:12Z,verified_recent,https://www.anchoredupboats.com/,"ski, wake and surf boat experts—Get Your Boat Ready!","Specializing in ski, wake, and surf boats, we offer expert services including winterization, engine diagnostics, and mobile boat repair. Your tow boat specialists.","Ski, wake and Surf Boats;Bulding customers for life;lets get your boat running!",独立后缀与名称通道：传统后缀（.com）；可读字符形态探索；固定哈希次序第454名，组实际配额1350。未要求命中行业词根；名称线索不是意义或机会确认。,未核实
oampzl.com,2026-09-10,传统后缀,未取得可用页面,当前未取得可用HTTPS页面：network_error,,not_checked,https://oampzl.com/,,,,独立后缀与名称通道：传统后缀（.com）；可读字符形态探索；固定哈希次序第455名，组实际配额1350。未要求命中行业词根；名称线索不是意义或机会确认。,未核实
nerdygeekyintrovert.com,2026-09-02,传统后缀,近期注册且有内容,RDAP registration 位于近30天窗口；当前HTTPS页面通过实质内容规则,2026-08-31T08:22:52Z,verified_recent,https://www.nerdygeekyintrovert.com/,Nerdy Geeky Introvert Daily,,Nerdy Geeky Introvert Daily;Welcome to Nerdy Geeky Introvert Daily,独立后缀与名称通道：传统后缀（.com）；可读字符形态探索；固定哈希次序第456名，组实际配额1350。未要求命中行业词根；名称线索不是意义或机会确认。,未核实
brainfucks.com,2026-09-01,传统后缀,页面内容不足,未同时达到正文160字符且（description≥40字符或非通用H1≥8字符）,,not_checked,https://brainfucks.com/,,,,独立后缀与名称通道：传统后缀（.com）；可读字符形态探索；固定哈希次序第457名，组实际配额1350。未要求命中行业词根；名称线索不是意义或机会确认。,未核实
yttsf.com,2026-08-31,传统后缀,未取得可用页面,当前未取得可用HTTPS页面：network_error,,not_checked,https://yttsf.com/,,,,独立后缀与名称通道：传统后缀（.com）；短缩写探索；固定哈希次序第458名，组实际配额1350。未要求命中行业词根；名称线索不是意义或机会确认。,未核实
hlb-lystra.com,2026-09-24,传统后缀,未取得可用页面,当前未取得可用HTTPS页面：network_error,,not_checked,https://hlb-lystra.com/,,,,独立后缀与名称通道：传统后缀（.com）；可读字符形态探索；固定哈希次序第459名，组实际配额1350。未要求命中行业词根；名称线索不是意义或机会确认。,未核实
daleclic.net,2026-09-25,传统后缀,未取得可用页面,当前未取得可用HTTPS页面：http_error,,not_checked,https://daleclic.net/,,,,独立后缀与名称通道：传统后缀（.net）；可读字符形态探索；固定哈希次序第460名，组实际配额1350。未要求命中行业词根；名称线索不是意义或机会确认。,未核实
scenariostack.com,2026-09-14,传统后缀,未取得可用页面,当前未取得可用HTTPS页面：network_error,,not_checked,https://scenariostack.com/,,,,独立后缀与名称通道：传统后缀（.com）；通用词典完整分词；固定哈希次序第461名，组实际配额1350。未要求命中行业词根；名称线索不是意义或机会确认。,未核实
隔离记录-08e4ed5d60eb,2026-09-05,传统后缀,近期注册且有内容,本轮暂跳过成人与博彩内容；此项不改变页面是否存在的事实判定。,2026-09-03T10:27:54Z,verified_recent,,已移出本轮研究范围,,,名称与原文不在公开工作台展示；抽样位置保留于本地审计。,未核实
atelierpurus.com,2026-08-27,传统后缀,注册超过30天,RDAP registration 早于固定30天窗口,2026-08-25T00:14:16Z,verified_old,https://atelierpurus.com/,Atelier Purus,Atelier Purus - Launching Soon! Stay tuned for updates and subscribe to our newsletter for exciting news. Contact us now!,Ignite Your Creative Spirit;Ignite Your Creative Spirit,独立后缀与名称通道：传统后缀（.com）；可读字符形态探索；固定哈希次序第463名，组实际配额1350。未要求命中行业词根；名称线索不是意义或机会确认。,未核实
gotocog.com,2026-09-14,传统后缀,未取得可用页面,当前未取得可用HTTPS页面：http_error,,not_checked,https://gotocog.com/,,,,独立后缀与名称通道：传统后缀（.com）；可读字符形态探索；固定哈希次序第464名，组实际配额1350。未要求命中行业词根；名称线索不是意义或机会确认。,未核实
rentend.net,2026-09-22,传统后缀,页面内容不足,未同时达到正文160字符且（description≥40字符或非通用H1≥8字符）,,not_checked,https://rentend.net/,,,,独立后缀与名称通道：传统后缀（.net）；通用词典完整分词；固定哈希次序第465名，组实际配额1350。未要求命中行业词根；名称线索不是意义或机会确认。,未核实
mitchyvalentino.com,2026-09-21,传统后缀,页面内容不足,未同时达到正文160字符且（description≥40字符或非通用H1≥8字符）,,not_checked,https://mitchyvalentino.com/,MitchyValentino.com,One Crown. Many Kingdoms. CONSTRUCTION · MEDIA · LUXURY · CULTURE,,独立后缀与名称通道：传统后缀（.com）；可读字符形态探索；固定哈希次序第466名，组实际配额1350。未要求命中行业词根；名称线索不是意义或机会确认。,未核实
chinaluhaotex.com,2026-09-04,传统后缀,未取得可用页面,当前未取得可用HTTPS页面：network_error,,not_checked,https://chinaluhaotex.com/,,,,独立后缀与名称通道：传统后缀（.com）；可读字符形态探索；固定哈希次序第467名，组实际配额1350。未要求命中行业词根；名称线索不是意义或机会确认。,未核实
newsbuillion.com,2026-09-10,传统后缀,近期注册且有内容,RDAP registration 位于近30天窗口；当前HTTPS页面通过实质内容规则,2026-09-08T08:11:36Z,verified_recent,https://newsbuillion.com/,NewsBuillion,,NewsBuillion,独立后缀与名称通道：传统后缀（.com）；可读字符形态探索；固定哈希次序第468名，组实际配额1350。未要求命中行业词根；名称线索不是意义或机会确认。,未核实
chaosinsweatpants.com,2026-09-07,传统后缀,未取得可用页面,当前未取得可用HTTPS页面：network_error,,not_checked,https://chaosinsweatpants.com/,,,,独立后缀与名称通道：传统后缀（.com）；通用词典完整分词；固定哈希次序第469名，组实际配额1350。未要求命中行业词根；名称线索不是意义或机会确认。,未核实
inferencepad.com,2026-09-19,传统后缀,页面内容不足,未同时达到正文160字符且（description≥40字符或非通用H1≥8字符）,,not_checked,https://inferencepad.com/,,,,独立后缀与名称通道：传统后缀（.com）；通用词典完整分词；固定哈希次序第470名，组实际配额1350。未要求命中行业词根；名称线索不是意义或机会确认。,未核实
fuelitgarage.com,2026-08-27,传统后缀,注册超过30天,RDAP registration 早于固定30天窗口,2026-08-25T07:05:10Z,verified_old,https://fuelitgarage.com/,"FuelIT Garage | Vehicle servicing & repairs, Ndola","FuelIT Garage Limited. Professional vehicle servicing, repairs, diagnostics, panel beating and heavy duty equipment repair at TOTAL Filling Station, Kansenshi, Ndola.",Love your car? So do we.,独立后缀与名称通道：传统后缀（.com）；可读字符形态探索；固定哈希次序第471名，组实际配额1350。未要求命中行业词根；名称线索不是意义或机会确认。,未核实
heastra.com,2026-09-05,传统后缀,页面内容不足,未同时达到正文160字符且（description≥40字符或非通用H1≥8字符）,,not_checked,https://heastra.com/,Heastra Marketing,,,独立后缀与名称通道：传统后缀（.com）；可读字符形态探索；固定哈希次序第472名，组实际配额1350。未要求命中行业词根；名称线索不是意义或机会确认。,未核实
jmsconstruction.org,2026-09-20,传统后缀,近期注册且有内容,RDAP registration 位于近30天窗口；当前HTTPS页面通过实质内容规则,2026-09-18T16:17:17.311000Z,verified_recent,https://jmsconstruction.org/,JMS Construction Limited Liability,JMS Construction offers top-notch construction services for all your building needs. Contact us today for your next project!,Transform Your Space;Transform Your Space,独立后缀与名称通道：传统后缀（.org）；可读字符形态探索；固定哈希次序第473名，组实际配额1350。未要求命中行业词根；名称线索不是意义或机会确认。,未核实
inovafuels.com,2026-09-22,传统后缀,未取得可用页面,当前未取得可用HTTPS页面：network_error,,not_checked,https://inovafuels.com/,,,,独立后缀与名称通道：传统后缀（.com）；可读字符形态探索；固定哈希次序第474名，组实际配额1350。未要求命中行业词根；名称线索不是意义或机会确认。,未核实
adventurefortwo.com,2026-08-30,传统后缀,未取得可用页面,当前未取得可用HTTPS页面：network_error,,not_checked,https://adventurefortwo.com/,,,,独立后缀与名称通道：传统后缀（.com）；通用词典完整分词；固定哈希次序第475名，组实际配额1350。未要求命中行业词根；名称线索不是意义或机会确认。,未核实
amernitro.com,2026-09-18,传统后缀,未取得可用页面,当前未取得可用HTTPS页面：http_error,,not_checked,https://domains.atom.com/lpd/name/amernitro.com,,,,独立后缀与名称通道：传统后缀（.com）；可读字符形态探索；固定哈希次序第476名，组实际配额1350。未要求命中行业词根；名称线索不是意义或机会确认。,未核实
axeericandersenaig.org,2026-09-18,传统后缀,未取得可用页面,当前未取得可用HTTPS页面：network_error,,not_checked,https://axeericandersenaig.org/,,,,独立后缀与名称通道：传统后缀（.org）；通用词典完整分词；固定哈希次序第477名，组实际配额1350。未要求命中行业词根；名称线索不是意义或机会确认。,未核实
helpmekaarnetbal.com,2026-09-03,传统后缀,页面内容不足,未同时达到正文160字符且（description≥40字符或非通用H1≥8字符）,,not_checked,https://helpmekaarnetbal.com/,Tafeluitleg,,,独立后缀与名称通道：传统后缀（.com）；可读字符形态探索；固定哈希次序第478名，组实际配额1350。未要求命中行业词根；名称线索不是意义或机会确认。,未核实
隔离记录-56a3f69b167e,2026-09-21,传统后缀,跳转到其他域名,公开展示暂隔离，原始技术判定保留。,2026-09-19T10:56:16Z,verified_recent,,已移出本轮研究范围,,,名称与原文不在公开工作台展示；抽样位置保留于本地审计。,未核实
sefalib.com,2026-09-07,传统后缀,未取得可用页面,当前未取得可用HTTPS页面：network_error,,not_checked,https://sefalib.com/,,,,独立后缀与名称通道：传统后缀（.com）；可读字符形态探索；固定哈希次序第480名，组实际配额1350。未要求命中行业词根；名称线索不是意义或机会确认。,未核实
zhifuller.com,2026-09-18,传统后缀,页面内容不足,AI内容复核：作品集主体仍为方括号编辑占位，包括角色、项目、年份与技能；没有实际作品或履历内容。 原文：[Add a one-line introduction] [Write a short introduction about yourself and the work you want to share.];自动初判：RDAP registration 位于近30天窗口；当前HTTPS页面通过实质内容规则,2026-09-16T14:08:01Z,verified_recent,https://www.zhifuller.com/,Zhi Fuller — Portfolio,Zhi Fuller’s personal portfolio.,Zhi Fuller .,独立后缀与名称通道：传统后缀（.com）；可读字符形态探索；固定哈希次序第481名，组实际配额1350。未要求命中行业词根；名称线索不是意义或机会确认。,未核实
lingggo.com,2026-09-10,传统后缀,未取得可用页面,当前未取得可用HTTPS页面：network_error,,not_checked,https://lingggo.com/,,,,独立后缀与名称通道：传统后缀（.com）；可读字符形态探索；固定哈希次序第482名，组实际配额1350。未要求命中行业词根；名称线索不是意义或机会确认。,未核实
keeporatech.net,2026-09-12,传统后缀,未取得可用页面,当前未取得可用HTTPS页面：network_error,,not_checked,https://keeporatech.net/,,,,独立后缀与名称通道：传统后缀（.net）；通用词典完整分词；固定哈希次序第483名，组实际配额1350。未要求命中行业词根；名称线索不是意义或机会确认。,未核实
inboundfuse.com,2026-09-23,传统后缀,未取得可用页面,当前未取得可用HTTPS页面：network_error,,not_checked,https://inboundfuse.com/,,,,独立后缀与名称通道：传统后缀（.com）；通用词典完整分词；固定哈希次序第484名，组实际配额1350。未要求命中行业词根；名称线索不是意义或机会确认。,未核实
strat-plus.com,2026-09-03,传统后缀,未取得可用页面,当前未取得可用HTTPS页面：http_error,,not_checked,https://strat-plus.com/,,,,独立后缀与名称通道：传统后缀（.com）；可读字符形态探索；固定哈希次序第485名，组实际配额1350。未要求命中行业词根；名称线索不是意义或机会确认。,未核实
koplowin.com,2026-09-10,传统后缀,未取得可用页面,当前未取得可用HTTPS页面：network_error,,not_checked,https://koplowin.com/,,,,独立后缀与名称通道：传统后缀（.com）；可读字符形态探索；固定哈希次序第486名，组实际配额1350。未要求命中行业词根；名称线索不是意义或机会确认。,未核实
lifetrustlending.com,2026-09-09,传统后缀,近期注册且有内容,RDAP registration 位于近30天窗口；当前HTTPS页面通过实质内容规则,2026-09-06T18:36:08Z,verified_recent,https://lifetrustlending.com/,爱游戏·网站登入官网-爱游戏online(中国),爱游戏官网登录入口-首页⊰爱游戏在线登录官网入口⊱是连接用户与平台的重要基础入口，爱游戏官方网站登录入口能够帮助大家轻松访问官方网站首页。通过爱游戏官网首页登录入口，用户可以迅速查看平台更新、活动通知、功能介绍以及其他实用资料，信息呈现清晰有序。平台在首页布局上强调层级分明和重点突出，让用户可以更加轻松地完成浏览。爱游戏官方网站登录入口也注重稳定性和体验感，使登录和跳转过程更加流畅。爱游戏官网首页登录入口则为用户提供了更完整的首页导览，让信息获取更加高效、清楚、方便。,,独立后缀与名称通道：传统后缀（.com）；通用词典完整分词；固定哈希次序第487名，组实际配额1350。未要求命中行业词根；名称线索不是意义或机会确认。,未核实
easytriptogether.com,2026-09-12,传统后缀,未取得可用页面,当前未取得可用HTTPS页面：network_error,,not_checked,https://easytriptogether.com/,,,,独立后缀与名称通道：传统后缀（.com）；通用词典完整分词；固定哈希次序第488名，组实际配额1350。未要求命中行业词根；名称线索不是意义或机会确认。,未核实
bedwyr.org,2026-09-16,传统后缀,未取得可用页面,当前未取得可用HTTPS页面：network_error,,not_checked,https://bedwyr.org/,,,,独立后缀与名称通道：传统后缀（.org）；可读字符形态探索；固定哈希次序第489名，组实际配额1350。未要求命中行业词根；名称线索不是意义或机会确认。,未核实
freehuntarena.com,2026-09-10,传统后缀,未取得可用页面,当前未取得可用HTTPS页面：network_error,,not_checked,https://freehuntarena.com/,,,,独立后缀与名称通道：传统后缀（.com）；通用词典完整分词；固定哈希次序第490名，组实际配额1350。未要求命中行业词根；名称线索不是意义或机会确认。,未核实
tribungo.com,2026-09-16,传统后缀,未取得可用页面,当前未取得可用HTTPS页面：network_error,,not_checked,https://tribungo.com/,,,,独立后缀与名称通道：传统后缀（.com）；通用词典完整分词；固定哈希次序第491名，组实际配额1350。未要求命中行业词根；名称线索不是意义或机会确认。,未核实
homelessrealtors.com,2026-08-28,传统后缀,页面内容不足,未同时达到正文160字符且（description≥40字符或非通用H1≥8字符）,,not_checked,https://homelessrealtors.com/,,,,独立后缀与名称通道：传统后缀（.com）；可读字符形态探索；固定哈希次序第492名，组实际配额1350。未要求命中行业词根；名称线索不是意义或机会确认。,未核实
farpointenergy.com,2026-09-14,传统后缀,近期注册且有内容,RDAP registration 位于近30天窗口；当前HTTPS页面通过实质内容规则,2026-09-12T22:26:04Z,verified_recent,https://farpointenergy.com/,"Farpoint Energy — Power transformers, engineered to your specification","Power transformers to 250 MVA and 230 kV for utility, renewable, storage, data center, and industrial projects. IEEE C57 design and test, three-year warranty, 100 units per year.","Power transformers, engineered to your specification.",独立后缀与名称通道：传统后缀（.com）；通用词典完整分词；固定哈希次序第493名，组实际配额1350。未要求命中行业词根；名称线索不是意义或机会确认。,未核实
bitterbloodmovie.com,2026-09-02,传统后缀,近期注册且有内容,RDAP registration 位于近30天窗口；当前HTTPS页面通过实质内容规则,2026-08-31T16:35:36Z,verified_recent,https://www.bitterbloodmovie.com/,BITTER BLOOD — A Film by Danielle Terrelonge,"Bitter Blood — Two lives betrayed. Two homes divided. One secret buried beneath the current. A true Jamaican family mystery, directed by Danielle Terrelonge.",Bitter Blood,独立后缀与名称通道：传统后缀（.com）；通用词典完整分词；固定哈希次序第494名，组实际配额1350。未要求命中行业词根；名称线索不是意义或机会确认。,未核实
jessicagrindon.com,2026-09-05,传统后缀,未取得可用页面,当前未取得可用HTTPS页面：network_error,,not_checked,https://jessicagrindon.com/,,,,独立后缀与名称通道：传统后缀（.com）；通用词典完整分词；固定哈希次序第495名，组实际配额1350。未要求命中行业词根；名称线索不是意义或机会确认。,未核实
kefildar.com,2026-09-14,传统后缀,近期注册且有内容,RDAP registration 位于近30天窗口；当前HTTPS页面通过实质内容规则,2026-09-12T23:53:08Z,verified_recent,https://kefildar.com/,Bağımsız işlem güven altyapısı · Kefildar,Dışarıda anlaşılmış ticareti güvenli bir işleme dönüştürün.,"Birbirinize değil, işlemin kurallarına güvenin.",独立后缀与名称通道：传统后缀（.com）；可读字符形态探索；固定哈希次序第496名，组实际配额1350。未要求命中行业词根；名称线索不是意义或机会确认。,未核实
gridhra.com,2026-08-27,传统后缀,注册超过30天,RDAP registration 早于固定30天窗口,2026-08-25T15:56:53Z,verified_old,https://gridhra.com/,只当漂流在異郷,只当漂流在異郷 ― Aquila Takayamaのプロフィールサイト。IT Engineer / Scholar / Swimmer。,Aquila Takayama,独立后缀与名称通道：传统后缀（.com）；可读字符形态探索；固定哈希次序第497名，组实际配额1350。未要求命中行业词根；名称线索不是意义或机会确认。,未核实
hislovehisglory.com,2026-09-07,传统后缀,近期注册且有内容,RDAP registration 位于近30天窗口；当前HTTPS页面通过实质内容规则,2026-09-05T23:30:02Z,verified_recent,https://hislovehisglory.com/,"His Love,His Glory | Suéter Cristiano – His Love, His Glory American Express Apple Pay Diners Club Discover Google Pay Mastercard PayPal Shop Pay Visa",Una sudadera con capucha diseñada para llevar tu fe con estilo. decorada con detalles de pedrería brillante que aportan un toque distintivo y elegante.,,独立后缀与名称通道：传统后缀（.com）；通用词典完整分词；固定哈希次序第498名，组实际配额1350。未要求命中行业词根；名称线索不是意义或机会确认。,未核实
mekoum.com,2026-08-28,传统后缀,未取得可用页面,当前未取得可用HTTPS页面：http_error,,not_checked,https://mekoum.com/,,,,独立后缀与名称通道：传统后缀（.com）；可读字符形态探索；固定哈希次序第499名，组实际配额1350。未要求命中行业词根；名称线索不是意义或机会确认。,未核实
paxaurora.com,2026-09-22,传统后缀,未取得可用页面,当前未取得可用HTTPS页面：network_error,,not_checked,https://paxaurora.com/,,,,独立后缀与名称通道：传统后缀（.com）；通用词典完整分词；固定哈希次序第500名，组实际配额1350。未要求命中行业词根；名称线索不是意义或机会确认。,未核实
icciistanbul.com,2026-09-23,传统后缀,未取得可用页面,当前未取得可用HTTPS页面：http_error,,not_checked,https://icciistanbul.com/,,,,独立后缀与名称通道：传统后缀（.com）；可读字符形态探索；固定哈希次序第501名，组实际配额1350。未要求命中行业词根；名称线索不是意义或机会确认。,未核实
royred-metals.com,2026-09-06,传统后缀,未取得可用页面,当前未取得可用HTTPS页面：network_error,,not_checked,https://royred-metals.com/,,,,独立后缀与名称通道：传统后缀（.com）；可读字符形态探索；固定哈希次序第502名，组实际配额1350。未要求命中行业词根；名称线索不是意义或机会确认。,未核实
deathstar2.com,2026-09-24,传统后缀,停放或未正式开放,AI内容复核：描述明确咖啡店尚待开业，当前正文为通用口号及联系模板。 原文：coffee shop launch coming soon;自动初判：RDAP registration 位于近30天窗口；当前HTTPS页面通过实质内容规则,2026-09-22T15:07:55Z,verified_recent,https://deathstar2.com/,Death Star 2,Exciting coffee shop launch coming soon! Stay updated by joining our email list for the latest news and promotions. Contact us for inquiries.,Unleash Your Inner Hero;Unleash Your Inner Hero,独立后缀与名称通道：传统后缀（.com）；少量数字名称探索；固定哈希次序第503名，组实际配额1350。未要求命中行业词根；名称线索不是意义或机会确认。,未核实
mary-services.com,2026-09-15,传统后缀,页面内容不足,未同时达到正文160字符且（description≥40字符或非通用H1≥8字符）,,not_checked,https://mary-services.com/,"MARY SERVICES | Entretien, Nettoyage & Espaces Verts","MARY SERVICES accompagne particuliers et professionnels pour l'entretien des espaces verts, le nettoyage extérieur, la remise en état et les interventions sur mesure. Demandez votre devis gratuit.",,独立后缀与名称通道：传统后缀（.com）；可读字符形态探索；固定哈希次序第504名，组实际配额1350。未要求命中行业词根；名称线索不是意义或机会确认。,未核实
onthespotautobodyfl.com,2026-09-02,传统后缀,跳转到其他域名,来源域名近期注册，但最终页面属于其他域名；目标站上线时间未知,2026-08-29T18:22:01Z,verified_recent,https://expireddomains.com/domain/onthespotautobodyfl.com?utm_source=redi,onthespotautobodyfl.com · budget-friendly .com listing,onthespotautobodyfl.com is a seasoned .com domain (2 years) hitting the marketplace listing. Listed at $195 with money-back guarantee.,On The Spot Auto Body Fl .com,独立后缀与名称通道：传统后缀（.com）；可读字符形态探索；固定哈希次序第505名，组实际配额1350。未要求命中行业词根；名称线索不是意义或机会确认。,未核实
gms-solution.net,2026-09-21,传统后缀,停放或未正式开放,标题/H1/description 或域名式标题对应的正文开头命中停放/未开放标记：under construction,,not_checked,https://gms-solution.net/,Coming Soon,,gms-solution.net,独立后缀与名称通道：传统后缀（.net）；可读字符形态探索；固定哈希次序第506名，组实际配额1350。未要求命中行业词根；名称线索不是意义或机会确认。,未核实
krystalcrow.com,2026-09-18,传统后缀,页面内容不足,未同时达到正文160字符且（description≥40字符或非通用H1≥8字符）,,not_checked,https://krystalcrow.com/,,,,独立后缀与名称通道：传统后缀（.com）；可读字符形态探索；固定哈希次序第507名，组实际配额1350。未要求命中行业词根；名称线索不是意义或机会确认。,未核实
annasoemarmo.com,2026-09-09,传统后缀,未取得可用页面,当前未取得可用HTTPS页面：http_error,,not_checked,https://annasoemarmo.com/,,,,独立后缀与名称通道：传统后缀（.com）；可读字符形态探索；固定哈希次序第508名，组实际配额1350。未要求命中行业词根；名称线索不是意义或机会确认。,未核实
broomfieldportapottyrental.com,2026-09-15,传统后缀,未取得可用页面,当前未取得可用HTTPS页面：network_error,,not_checked,https://broomfieldportapottyrental.com/,,,,独立后缀与名称通道：传统后缀（.com）；通用词典完整分词；固定哈希次序第509名，组实际配额1350。未要求命中行业词根；名称线索不是意义或机会确认。,未核实
hatchastra.com,2026-09-03,传统后缀,页面内容不足,未同时达到正文160字符且（description≥40字符或非通用H1≥8字符）,,not_checked,https://hatchastra.com/,,,,独立后缀与名称通道：传统后缀（.com）；通用词典完整分词；固定哈希次序第510名，组实际配额1350。未要求命中行业词根；名称线索不是意义或机会确认。,未核实
skillfulsales.com,2026-09-24,传统后缀,未取得可用页面,当前未取得可用HTTPS页面：network_error,,not_checked,https://skillfulsales.com/,,,,独立后缀与名称通道：传统后缀（.com）；可读字符形态探索；固定哈希次序第511名，组实际配额1350。未要求命中行业词根；名称线索不是意义或机会确认。,未核实
marilenelisboa.com,2026-09-17,传统后缀,未取得可用页面,当前未取得可用HTTPS页面：http_error,,not_checked,https://marilenelisboa.com/,,,,独立后缀与名称通道：传统后缀（.com）；通用词典完整分词；固定哈希次序第512名，组实际配额1350。未要求命中行业词根；名称线索不是意义或机会确认。,未核实
ygkghyy.com,2026-09-12,传统后缀,未取得可用页面,当前未取得可用HTTPS页面：network_error,,not_checked,https://ygkghyy.com/,,,,独立后缀与名称通道：传统后缀（.com）；可读字符形态探索；固定哈希次序第513名，组实际配额1350。未要求命中行业词根；名称线索不是意义或机会确认。,未核实
makaias.com,2026-08-29,传统后缀,未取得可用页面,当前未取得可用HTTPS页面：network_error,,not_checked,https://makaias.com/,,,,独立后缀与名称通道：传统后缀（.com）；可读字符形态探索；固定哈希次序第514名，组实际配额1350。未要求命中行业词根；名称线索不是意义或机会确认。,未核实
crownspinom.org,2026-09-04,传统后缀,未取得可用页面,当前未取得可用HTTPS页面：http_error,,not_checked,https://crownspinom.org/,,,,独立后缀与名称通道：传统后缀（.org）；可读字符形态探索；固定哈希次序第515名，组实际配额1350。未要求命中行业词根；名称线索不是意义或机会确认。,未核实
yoonil.com,2026-08-31,传统后缀,停放或未正式开放,标题/H1/description 或域名式标题对应的正文开头命中停放/未开放标记：Domain for sale,,not_checked,https://yoonil.com/,yoonil.com for sale | Spaceship.com,yoonil.com is for sale on Spaceship. Secure checkout and quick transfer. See all purchase options. No hidden fees.,yoonil.com,独立后缀与名称通道：传统后缀（.com）；可读字符形态探索；固定哈希次序第516名，组实际配额1350。未要求命中行业词根；名称线索不是意义或机会确认。,未核实
nataliyomtov.com,2026-09-09,传统后缀,页面内容不足,未同时达到正文160字符且（description≥40字符或非通用H1≥8字符）,,not_checked,https://nataliyomtov.com/,Natali yom tov – portfoli – Natali yom tov – portfoli,,,独立后缀与名称通道：传统后缀（.com）；可读字符形态探索；固定哈希次序第517名，组实际配额1350。未要求命中行业词根；名称线索不是意义或机会确认。,未核实
cesarthefit.com,2026-09-04,传统后缀,未取得可用页面,当前未取得可用HTTPS页面：http_error,,not_checked,https://cesarthefit.com/,,,,独立后缀与名称通道：传统后缀（.com）；可读字符形态探索；固定哈希次序第518名，组实际配额1350。未要求命中行业词根；名称线索不是意义或机会确认。,未核实
sobolvb.com,2026-09-23,传统后缀,未取得可用页面,当前未取得可用HTTPS页面：network_error,,not_checked,https://sobolvb.com/,,,,独立后缀与名称通道：传统后缀（.com）；可读字符形态探索；固定哈希次序第519名，组实际配额1350。未要求命中行业词根；名称线索不是意义或机会确认。,未核实
mynextinning.org,2026-09-24,传统后缀,未取得可用页面,当前未取得可用HTTPS页面：network_error,,not_checked,https://mynextinning.org/,,,,独立后缀与名称通道：传统后缀（.org）；可读字符形态探索；固定哈希次序第520名，组实际配额1350。未要求命中行业词根；名称线索不是意义或机会确认。,未核实
ist-escorts-bayn.com,2026-09-21,传统后缀,未取得可用页面,当前未取得可用HTTPS页面：network_error,,not_checked,https://ist-escorts-bayn.com/,,,,独立后缀与名称通道：传统后缀（.com）；可读字符形态探索；固定哈希次序第521名，组实际配额1350。未要求命中行业词根；名称线索不是意义或机会确认。,未核实
igottagent.com,2026-09-18,传统后缀,页面内容不足,未同时达到正文160字符且（description≥40字符或非通用H1≥8字符）,,not_checked,https://igottagent.com/,,,,独立后缀与名称通道：传统后缀（.com）；可读字符形态探索；固定哈希次序第522名，组实际配额1350。未要求命中行业词根；名称线索不是意义或机会确认。,未核实
spropolis.com,2026-09-04,传统后缀,页面内容不足,未同时达到正文160字符且（description≥40字符或非通用H1≥8字符）,,not_checked,https://spropolis.com/,spropolis.com – My WordPress Blog,,Blog,独立后缀与名称通道：传统后缀（.com）；可读字符形态探索；固定哈希次序第523名，组实际配额1350。未要求命中行业词根；名称线索不是意义或机会确认。,未核实
dianamariageorgescu.com,2026-09-09,传统后缀,页面内容不足,未同时达到正文160字符且（description≥40字符或非通用H1≥8字符）,,not_checked,https://dianamariageorgescu.com/,Diana-Maria Georgescu – Business Optimization Expert,,,独立后缀与名称通道：传统后缀（.com）；可读字符形态探索；固定哈希次序第524名，组实际配额1350。未要求命中行业词根；名称线索不是意义或机会确认。,未核实
byardev.com,2026-09-16,传统后缀,页面内容不足,未同时达到正文160字符且（description≥40字符或非通用H1≥8字符）,,not_checked,https://byardev.com/,Parked Domain name on Hostinger DNS system,,,独立后缀与名称通道：传统后缀（.com）；可读字符形态探索；固定哈希次序第525名，组实际配额1350。未要求命中行业词根；名称线索不是意义或机会确认。,未核实
gacormiminbet.com,2026-08-27,传统后缀,页面内容不足,未同时达到正文160字符且（description≥40字符或非通用H1≥8字符）,,not_checked,https://gacormiminbet.com/,Index of /,,Index of /,独立后缀与名称通道：传统后缀（.com）；可读字符形态探索；固定哈希次序第526名，组实际配额1350。未要求命中行业词根；名称线索不是意义或机会确认。,未核实
tarifinkapinda.com,2026-08-31,传统后缀,页面内容不足,未同时达到正文160字符且（description≥40字符或非通用H1≥8字符）,,not_checked,https://tarifinkapinda.com/,,,,独立后缀与名称通道：传统后缀（.com）；可读字符形态探索；固定哈希次序第527名，组实际配额1350。未要求命中行业词根；名称线索不是意义或机会确认。,未核实
kabupiyo.com,2026-08-31,传统后缀,页面内容不足,未同时达到正文160字符且（description≥40字符或非通用H1≥8字符）,,not_checked,https://kabupiyo.com/,近日中に公開,,kabupiyo.com,独立后缀与名称通道：传统后缀（.com）；可读字符形态探索；固定哈希次序第528名，组实际配额1350。未要求命中行业词根；名称线索不是意义或机会确认。,未核实
hysxp.com,2026-08-31,传统后缀,未取得可用页面,当前未取得可用HTTPS页面：network_error,,not_checked,https://hysxp.com/,,,,独立后缀与名称通道：传统后缀（.com）；短缩写探索；固定哈希次序第529名，组实际配额1350。未要求命中行业词根；名称线索不是意义或机会确认。,未核实
pantallaviva.com,2026-09-24,传统后缀,未取得可用页面,当前未取得可用HTTPS页面：http_error,,not_checked,https://pantallaviva.com/,,,,独立后缀与名称通道：传统后缀（.com）；可读字符形态探索；固定哈希次序第530名，组实际配额1350。未要求命中行业词根；名称线索不是意义或机会确认。,未核实
fuckerathon.com,2026-09-03,传统后缀,页面内容不足,未同时达到正文160字符且（description≥40字符或非通用H1≥8字符）,,not_checked,https://www.fuckerathon.com/,The Subtember Fuckerathon,,,独立后缀与名称通道：传统后缀（.com）；可读字符形态探索；固定哈希次序第531名，组实际配额1350。未要求命中行业词根；名称线索不是意义或机会确认。,未核实
charlottedidit.com,2026-09-03,传统后缀,近期注册且有内容,RDAP registration 位于近30天窗口；当前HTTPS页面通过实质内容规则,2026-09-01T22:43:49Z,verified_recent,https://charlottedidit.com/,Charlotte Did It,"Charlotte Did It offers expert event planning services, including party organization and wedding coordination. Subscribe for updates!",Decor Inspired by Adventure;Decor Inspired by Adventure,独立后缀与名称通道：传统后缀（.com）；可读字符形态探索；固定哈希次序第532名，组实际配额1350。未要求命中行业词根；名称线索不是意义或机会确认。,未核实
paseocosta.com,2026-08-29,传统后缀,注册超过30天,RDAP registration 早于固定30天窗口,2026-08-27T02:35:17Z,verified_old,https://paseocosta.com/,Paseo de la Costa Neuquén — Guía de visita,"Guía de visita gratuita al Paseo de la Costa en Neuquén, junto al Río Limay. Cómo llegar, estacionamiento, servicios, clima en vivo y rutas para recorrer la costanera.",Paseo de la Costa (Neuquén),独立后缀与名称通道：传统后缀（.com）；可读字符形态探索；固定哈希次序第533名，组实际配额1350。未要求命中行业词根；名称线索不是意义或机会确认。,未核实
morrowmadehome.com,2026-08-31,传统后缀,近期注册且有内容,RDAP registration 位于近30天窗口；当前HTTPS页面通过实质内容规则,2026-08-29T20:03:23Z,verified_recent,https://morrowmadehome.com/,MorrowMade,Explore the latest in home decor with Morrow Made Home. Discover decor trends and elevate your interior design style.,Crafting Cozy Living Spaces;Crafting Cozy Living Spaces,独立后缀与名称通道：传统后缀（.com）；通用词典完整分词；固定哈希次序第534名，组实际配额1350。未要求命中行业词根；名称线索不是意义或机会确认。,未核实
miwabungu.com,2026-09-20,传统后缀,近期注册且有内容,RDAP registration 位于近30天窗口；当前HTTPS页面通过实质内容规则,2026-09-18T08:10:19Z,verified_recent,https://miwabungu.com/,みわ文具｜アートと紙の文具店 — 名画カレンダー・年賀状・スマホインナーシート,みわ文具は、ゴッホ・モネ・ルノワール・セザンヌ・クリムト・葛飾北斎・歌川広重など19人の巨匠の名画卓上カレンダー、年賀状・寒中見舞い、スマホインナーシートKISETTSなど、アートと紙にこだわった文具をお届けします。,机の上に、 美術館を。,独立后缀与名称通道：传统后缀（.com）；可读字符形态探索；固定哈希次序第535名，组实际配额1350。未要求命中行业词根；名称线索不是意义或机会确认。,未核实
justsellthecar.com,2026-09-13,传统后缀,未取得可用页面,当前未取得可用HTTPS页面：network_error,,not_checked,https://justsellthecar.com/,,,,独立后缀与名称通道：传统后缀（.com）；通用词典完整分词；固定哈希次序第536名，组实际配额1350。未要求命中行业词根；名称线索不是意义或机会确认。,未核实
fanoora.com,2026-08-30,传统后缀,未取得可用页面,当前未取得可用HTTPS页面：network_error,,not_checked,https://fanoora.com/,,,,独立后缀与名称通道：传统后缀（.com）；可读字符形态探索；固定哈希次序第537名，组实际配额1350。未要求命中行业词根；名称线索不是意义或机会确认。,未核实
t-5a.com,2026-09-13,传统后缀,未取得可用页面,当前未取得可用HTTPS页面：network_error,,not_checked,https://t-5a.com/,,,,独立后缀与名称通道：传统后缀（.com）；少量数字名称探索；固定哈希次序第538名，组实际配额1350。未要求命中行业词根；名称线索不是意义或机会确认。,未核实
cqtongba.com,2026-09-01,传统后缀,未取得可用页面,当前未取得可用HTTPS页面：network_error,,not_checked,https://cqtongba.com/,,,,独立后缀与名称通道：传统后缀（.com）；可读字符形态探索；固定哈希次序第539名，组实际配额1350。未要求命中行业词根；名称线索不是意义或机会确认。,未核实
labtecnico.com,2026-09-15,传统后缀,未取得可用页面,当前未取得可用HTTPS页面：http_error,,not_checked,https://labtecnico.com/,,,,独立后缀与名称通道：传统后缀（.com）；可读字符形态探索；固定哈希次序第540名，组实际配额1350。未要求命中行业词根；名称线索不是意义或机会确认。,未核实
solidlinesafety.com,2026-09-25,传统后缀,近期注册且有内容,RDAP registration 位于近30天窗口；当前HTTPS页面通过实质内容规则,2026-09-23T12:54:45Z,verified_recent,https://solidlinesafety.com/,"SolidLine Safety Consulting | Brooklyn, NY",SolidLine Safety Consulting LLC. Construction safety consulting in Brooklyn and New York City. Contact us about your project.,A stronger line on safety.,独立后缀与名称通道：传统后缀（.com）；通用词典完整分词；固定哈希次序第541名，组实际配额1350。未要求命中行业词根；名称线索不是意义或机会确认。,未核实
saiedsimplifies.com,2026-09-12,传统后缀,未取得可用页面,当前未取得可用HTTPS页面：network_error,,not_checked,https://saiedsimplifies.com/,,,,独立后缀与名称通道：传统后缀（.com）；可读字符形态探索；固定哈希次序第542名，组实际配额1350。未要求命中行业词根；名称线索不是意义或机会确认。,未核实
ichbinfine.com,2026-09-01,传统后缀,未取得可用页面,当前未取得可用HTTPS页面：network_error,,not_checked,https://ichbinfine.com/,,,,独立后缀与名称通道：传统后缀（.com）；通用词典完整分词；固定哈希次序第543名，组实际配额1350。未要求命中行业词根；名称线索不是意义或机会确认。,未核实
ilcuoco.com,2026-09-14,传统后缀,页面内容不足,未同时达到正文160字符且（description≥40字符或非通用H1≥8字符）,,not_checked,https://ilcuoco.com/,,,,独立后缀与名称通道：传统后缀（.com）；可读字符形态探索；固定哈希次序第544名，组实际配额1350。未要求命中行业词根；名称线索不是意义或机会确认。,未核实
sigardas.com,2026-09-06,传统后缀,未取得可用页面,当前未取得可用HTTPS页面：network_error,,not_checked,https://sigardas.com/,,,,独立后缀与名称通道：传统后缀（.com）；可读字符形态探索；固定哈希次序第545名，组实际配额1350。未要求命中行业词根；名称线索不是意义或机会确认。,未核实
隔离记录-6383b9ed3056,2026-09-06,传统后缀,近期注册且有内容,本轮暂跳过成人与博彩内容；此项不改变页面是否存在的事实判定。,2026-09-04T10:56:47.756000Z,verified_recent,,已移出本轮研究范围,,,名称与原文不在公开工作台展示；抽样位置保留于本地审计。,未核实
careconnextion.com,2026-09-17,传统后缀,页面内容不足,未同时达到正文160字符且（description≥40字符或非通用H1≥8字符）,,not_checked,https://careconnextion.com/,CareConnextion,,,独立后缀与名称通道：传统后缀（.com）；通用词典完整分词；固定哈希次序第547名，组实际配额1350。未要求命中行业词根；名称线索不是意义或机会确认。,未核实
airecursiveselfimprovement.com,2026-09-07,传统后缀,未取得可用页面,当前未取得可用HTTPS页面：network_error,,not_checked,https://airecursiveselfimprovement.com/,,,,独立后缀与名称通道：传统后缀（.com）；通用词典完整分词；固定哈希次序第548名，组实际配额1350。未要求命中行业词根；名称线索不是意义或机会确认。,未核实
bimcat-tja.com,2026-09-13,传统后缀,近期注册且有内容,RDAP registration 位于近30天窗口；当前HTTPS页面通过实质内容规则,2026-09-11T16:27:36Z,verified_recent,https://bimcat-tja.com/,"BIMCAT SRL | Tecnología, IA, Automatización y Formación en Tarija","BIMCAT SRL impulsa empresas, instituciones y profesionales con inteligencia artificial, automatización, desarrollo, datos, formación y transformación digital desde Tarija, Bolivia.",Transformamos ideas en soluciones que funcionan.,独立后缀与名称通道：传统后缀（.com）；可读字符形态探索；固定哈希次序第549名，组实际配额1350。未要求命中行业词根；名称线索不是意义或机会确认。,未核实
jimswansonrealtor.com,2026-09-02,传统后缀,页面内容不足,未同时达到正文160字符且（description≥40字符或非通用H1≥8字符）,,not_checked,https://jimswansonrealtor.com/,,,,独立后缀与名称通道：传统后缀（.com）；通用词典完整分词；固定哈希次序第550名，组实际配额1350。未要求命中行业词根；名称线索不是意义或机会确认。,未核实
soyotechnologies.com,2026-09-20,传统后缀,未取得可用页面,当前未取得可用HTTPS页面：network_error,,not_checked,https://soyotechnologies.com/,,,,独立后缀与名称通道：传统后缀（.com）；可读字符形态探索；固定哈希次序第551名，组实际配额1350。未要求命中行业词根；名称线索不是意义或机会确认。,未核实
eliteitad.com,2026-08-27,传统后缀,停放或未正式开放,标题/H1/description 或域名式标题对应的正文开头命中停放/未开放标记：under construction,,not_checked,https://eliteitad.com/,Coming Soon,,eliteitad.com,独立后缀与名称通道：传统后缀（.com）；可读字符形态探索；固定哈希次序第552名，组实际配额1350。未要求命中行业词根；名称线索不是意义或机会确认。,未核实
flykellaire.com,2026-08-28,传统后缀,停放或未正式开放,标题/H1/description 或域名式标题对应的正文开头命中停放/未开放标记：under construction,,not_checked,https://flykellaire.com/,Coming Soon,,flykellaire.com,独立后缀与名称通道：传统后缀（.com）；通用词典完整分词；固定哈希次序第553名，组实际配额1350。未要求命中行业词根；名称线索不是意义或机会确认。,未核实
alolimousine.net,2026-09-23,传统后缀,页面内容不足,未同时达到正文160字符且（description≥40字符或非通用H1≥8字符）,,not_checked,https://alolimousine.net/,Alo Limousine – Hotline: 0589.672.672,,,独立后缀与名称通道：传统后缀（.net）；通用词典完整分词；固定哈希次序第554名，组实际配额1350。未要求命中行业词根；名称线索不是意义或机会确认。,未核实
caribbeanfoundry.org,2026-09-03,传统后缀,近期注册且有内容,RDAP registration 位于近30天窗口；当前HTTPS页面通过实质内容规则,2026-09-01T13:43:15.801000Z,verified_recent,https://caribbeanfoundry.org/,Caribbean Foundry,"Caribbean Foundry, powered by CZITT (Carbon Zero Institute of Trinidad & Tobago). Trusted energy data, AI, customer information, energy management and the Caribbean UEnergyHub.",Trusted energy intelligence for the Caribbean.,独立后缀与名称通道：传统后缀（.org）；通用词典完整分词；固定哈希次序第555名，组实际配额1350。未要求命中行业词根；名称线索不是意义或机会确认。,未核实
mz88s.org,2026-09-20,传统后缀,页面内容不足,未同时达到正文160字符且（description≥40字符或非通用H1≥8字符）,,not_checked,https://mz88s.org/,mz88s.org,,Blog,独立后缀与名称通道：传统后缀（.org）；少量数字名称探索；固定哈希次序第556名，组实际配额1350。未要求命中行业词根；名称线索不是意义或机会确认。,未核实
ninosdelamemoria.com,2026-08-30,传统后缀,未取得可用页面,当前未取得可用HTTPS页面：http_error,,not_checked,https://ninosdelamemoria.com/,,,,独立后缀与名称通道：传统后缀（.com）；可读字符形态探索；固定哈希次序第557名，组实际配额1350。未要求命中行业词根；名称线索不是意义或机会确认。,未核实
akabservice.com,2026-08-29,传统后缀,页面内容不足,未同时达到正文160字符且（description≥40字符或非通用H1≥8字符）,,not_checked,https://akabservice.com/,Akabservice,,,独立后缀与名称通道：传统后缀（.com）；可读字符形态探索；固定哈希次序第558名，组实际配额1350。未要求命中行业词根；名称线索不是意义或机会确认。,未核实
getgiftgroup.com,2026-09-22,传统后缀,页面内容不足,未同时达到正文160字符且（description≥40字符或非通用H1≥8字符）,,not_checked,https://getgiftgroup.com/,Gift Group,,,独立后缀与名称通道：传统后缀（.com）；通用词典完整分词；固定哈希次序第559名，组实际配额1350。未要求命中行业词根；名称线索不是意义或机会确认。,未核实
niceplaceviagens.com,2026-09-10,传统后缀,页面内容不足,未同时达到正文160字符且（description≥40字符或非通用H1≥8字符）,,not_checked,https://niceplaceviagens.com/,Em breve,,niceplaceviagens.com,独立后缀与名称通道：传统后缀（.com）；通用词典完整分词；固定哈希次序第560名，组实际配额1350。未要求命中行业词根；名称线索不是意义或机会确认。,未核实
richrelay.com,2026-09-07,传统后缀,未取得可用页面,当前未取得可用HTTPS页面：http_error,,not_checked,https://www.atom.com/name/RichRelay,,,,独立后缀与名称通道：传统后缀（.com）；通用词典完整分词；固定哈希次序第561名，组实际配额1350。未要求命中行业词根；名称线索不是意义或机会确认。,未核实
ninoroute.com,2026-09-09,传统后缀,页面内容不足,未同时达到正文160字符且（description≥40字符或非通用H1≥8字符）,,not_checked,https://ninoroute.com/,API 开发文档,,,独立后缀与名称通道：传统后缀（.com）；可读字符形态探索；固定哈希次序第562名，组实际配额1350。未要求命中行业词根；名称线索不是意义或机会确认。,未核实
rgseal.com,2026-09-03,传统后缀,未取得可用页面,当前未取得可用HTTPS页面：network_error,,not_checked,https://rgseal.com/,,,,独立后缀与名称通道：传统后缀（.com）；可读字符形态探索；固定哈希次序第563名，组实际配额1350。未要求命中行业词根；名称线索不是意义或机会确认。,未核实
tidelodeco.com,2026-09-04,传统后缀,未取得可用页面,当前未取得可用HTTPS页面：network_error,,not_checked,https://tidelodeco.com/,,,,独立后缀与名称通道：传统后缀（.com）；可读字符形态探索；固定哈希次序第564名，组实际配额1350。未要求命中行业词根；名称线索不是意义或机会确认。,未核实
hossanaperfum.com,2026-09-08,传统后缀,页面内容不足,未同时达到正文160字符且（description≥40字符或非通用H1≥8字符）,,not_checked,https://hossanaperfum.com/,,,,独立后缀与名称通道：传统后缀（.com）；可读字符形态探索；固定哈希次序第565名，组实际配额1350。未要求命中行业词根；名称线索不是意义或机会确认。,未核实
sunmatw.com,2026-09-25,传统后缀,未取得可用页面,当前未取得可用HTTPS页面：network_error,,not_checked,https://sunmatw.com/,,,,独立后缀与名称通道：传统后缀（.com）；可读字符形态探索；固定哈希次序第566名，组实际配额1350。未要求命中行业词根；名称线索不是意义或机会确认。,未核实
隔离记录-351183128298,2026-09-05,传统后缀,近期注册且有内容,本轮暂跳过成人与博彩内容；此项不改变页面是否存在的事实判定。,2026-09-02T01:35:09Z,verified_recent,,已移出本轮研究范围,,,名称与原文不在公开工作台展示；抽样位置保留于本地审计。,未核实
strictosensu5.com,2026-08-31,传统后缀,未取得可用页面,当前未取得可用HTTPS页面：network_error,,not_checked,https://strictosensu5.com/,,,,独立后缀与名称通道：传统后缀（.com）；少量数字名称探索；固定哈希次序第568名，组实际配额1350。未要求命中行业词根；名称线索不是意义或机会确认。,未核实
mizanac.net,2026-09-02,传统后缀,页面内容不足,未同时达到正文160字符且（description≥40字符或非通用H1≥8字符）,,not_checked,https://mizanac.net/,MIZAN Staging | ميزان التجريبي,MIZAN Staging — بيئة اختبار معزولة لنظام ميزان للأعمال والمحاسبة.,,独立后缀与名称通道：传统后缀（.net）；可读字符形态探索；固定哈希次序第569名，组实际配额1350。未要求命中行业词根；名称线索不是意义或机会确认。,未核实
assemblora.org,2026-09-25,传统后缀,未取得可用页面,当前未取得可用HTTPS页面：network_error,,not_checked,https://assemblora.org/,,,,独立后缀与名称通道：传统后缀（.org）；可读字符形态探索；固定哈希次序第570名，组实际配额1350。未要求命中行业词根；名称线索不是意义或机会确认。,未核实
xomzolmd.com,2026-09-01,传统后缀,页面内容不足,未同时达到正文160字符且（description≥40字符或非通用H1≥8字符）,,not_checked,https://xomzolmd.com/,,,,独立后缀与名称通道：传统后缀（.com）；可读字符形态探索；固定哈希次序第571名，组实际配额1350。未要求命中行业词根；名称线索不是意义或机会确认。,未核实
vpsnotes.com,2026-09-17,传统后缀,近期注册且有内容,RDAP registration 位于近30天窗口；当前HTTPS页面通过实质内容规则,2026-09-15T00:59:51Z,verified_recent,https://vpsnotes.com/,VPS Notes — VPS で AI エージェントとセルフホストを動かすエンジニアの実践記録,VPS で AI エージェントとセルフホストを動かすエンジニアの実践記録,VPS Notes,独立后缀与名称通道：传统后缀（.com）；可读字符形态探索；固定哈希次序第572名，组实际配额1350。未要求命中行业词根；名称线索不是意义或机会确认。,未核实
momentumvizco.com,2026-09-23,传统后缀,未取得可用页面,当前未取得可用HTTPS页面：http_error,,not_checked,https://momentumvizco.com/,,,,独立后缀与名称通道：传统后缀（.com）；可读字符形态探索；固定哈希次序第573名，组实际配额1350。未要求命中行业词根；名称线索不是意义或机会确认。,未核实
bestjuicemakers.com,2026-08-29,传统后缀,未取得可用页面,当前未取得可用HTTPS页面：too_large,,not_checked,https://www.avavknife.de/,,,,独立后缀与名称通道：传统后缀（.com）；可读字符形态探索；固定哈希次序第574名，组实际配额1350。未要求命中行业词根；名称线索不是意义或机会确认。,未核实
thesquareprotocol.com,2026-09-09,传统后缀,未取得可用页面,当前未取得可用HTTPS页面：network_error,,not_checked,https://thesquareprotocol.com/,,,,独立后缀与名称通道：传统后缀（.com）；通用词典完整分词；固定哈希次序第575名，组实际配额1350。未要求命中行业词根；名称线索不是意义或机会确认。,未核实
88jupiter.org,2026-09-19,传统后缀,页面内容不足,未同时达到正文160字符且（description≥40字符或非通用H1≥8字符）,,not_checked,https://88jupiter.org/,Jupiter — numerológia a reflexia,"Jupiter: osobné numerologické výklady od Miry. Tichá mapa pre obdobia, keď potrebujete vidieť súvislosti.",,独立后缀与名称通道：传统后缀（.org）；少量数字名称探索；固定哈希次序第576名，组实际配额1350。未要求命中行业词根；名称线索不是意义或机会确认。,未核实
nubek.com,2026-09-14,传统后缀,页面内容不足,未同时达到正文160字符且（description≥40字符或非通用H1≥8字符）,,not_checked,https://nubek.com/,,,,独立后缀与名称通道：传统后缀（.com）；短缩写探索；固定哈希次序第577名，组实际配额1350。未要求命中行业词根；名称线索不是意义或机会确认。,未核实
geniusjev.com,2026-09-20,传统后缀,页面内容不足,未同时达到正文160字符且（description≥40字符或非通用H1≥8字符）,,not_checked,https://geniusjev.com/,,,,独立后缀与名称通道：传统后缀（.com）；可读字符形态探索；固定哈希次序第578名，组实际配额1350。未要求命中行业词根；名称线索不是意义或机会确认。,未核实
nightfoldarchives.com,2026-09-24,传统后缀,未取得可用页面,当前未取得可用HTTPS页面：network_error,,not_checked,https://nightfoldarchives.com/,,,,独立后缀与名称通道：传统后缀（.com）；通用词典完整分词；固定哈希次序第579名，组实际配额1350。未要求命中行业词根；名称线索不是意义或机会确认。,未核实
borganizations.com,2026-09-21,传统后缀,未取得可用页面,当前未取得可用HTTPS页面：network_error,,not_checked,https://borganizations.com/,,,,独立后缀与名称通道：传统后缀（.com）；通用词典完整分词；固定哈希次序第580名，组实际配额1350。未要求命中行业词根；名称线索不是意义或机会确认。,未核实
10metabhss.com,2026-09-25,传统后缀,未取得可用页面,当前未取得可用HTTPS页面：http_error,,not_checked,https://10metabhss.com/,,,,独立后缀与名称通道：传统后缀（.com）；少量数字名称探索；固定哈希次序第581名，组实际配额1350。未要求命中行业词根；名称线索不是意义或机会确认。,未核实
隔离记录-6f98d0a6daa5,2026-08-30,传统后缀,近期注册且有内容,本轮暂跳过成人与博彩内容；此项不改变页面是否存在的事实判定。,2026-08-28T15:28:14Z,verified_recent,,已移出本轮研究范围,,,名称与原文不在公开工作台展示；抽样位置保留于本地审计。,未核实
ijicse.org,2026-09-05,传统后缀,未取得可用页面,当前未取得可用HTTPS页面：network_error,,not_checked,https://ijicse.org/index.php/ijicse,,,,独立后缀与名称通道：传统后缀（.org）；可读字符形态探索；固定哈希次序第583名，组实际配额1350。未要求命中行业词根；名称线索不是意义或机会确认。,未核实
walkerproperties.net,2026-09-20,传统后缀,停放或未正式开放,标题/H1/description 或域名式标题对应的正文开头命中停放/未开放标记：under construction,,not_checked,https://walkerproperties.net/,Coming Soon,,walkerproperties.net,独立后缀与名称通道：传统后缀（.net）；可读字符形态探索；固定哈希次序第584名，组实际配额1350。未要求命中行业词根；名称线索不是意义或机会确认。,未核实
nomoremisternicehyde.com,2026-09-14,传统后缀,未取得可用页面,当前未取得可用HTTPS页面：network_error,,not_checked,https://nomoremisternicehyde.com/,,,,独立后缀与名称通道：传统后缀（.com）；可读字符形态探索；固定哈希次序第585名，组实际配额1350。未要求命中行业词根；名称线索不是意义或机会确认。,未核实
misterportable.com,2026-09-10,传统后缀,近期注册且有内容,RDAP registration 位于近30天窗口；当前HTTPS页面通过实质内容规则,2026-09-08T16:23:17Z,verified_recent,https://misterportable.com/,Mister Portable: portable gear tested by a real dad,"Reviews and buying guides for portable gear: grills, power stations, folding furniture and the rest of what fits in a mini-van.",,独立后缀与名称通道：传统后缀（.com）；通用词典完整分词；固定哈希次序第586名，组实际配额1350。未要求命中行业词根；名称线索不是意义或机会确认。,未核实
mofashubancaii.com,2026-09-16,传统后缀,未取得可用页面,当前未取得可用HTTPS页面：network_error,,not_checked,https://mofashubancaii.com/,,,,独立后缀与名称通道：传统后缀（.com）；可读字符形态探索；固定哈希次序第587名，组实际配额1350。未要求命中行业词根；名称线索不是意义或机会确认。,未核实
indigoffspaces.com,2026-08-27,传统后缀,页面内容不足,未同时达到正文160字符且（description≥40字符或非通用H1≥8字符）,,not_checked,https://indigoff.com/,"Home - Indigoff | Custom Acoustic Panels, Baffles & Sound Solutions",,,独立后缀与名称通道：传统后缀（.com）；可读字符形态探索；固定哈希次序第588名，组实际配额1350。未要求命中行业词根；名称线索不是意义或机会确认。,未核实
pingpongx-intl.com,2026-09-23,传统后缀,未取得可用页面,当前未取得可用HTTPS页面：network_error,,not_checked,https://pingpongx-intl.com/,,,,独立后缀与名称通道：传统后缀（.com）；可读字符形态探索；固定哈希次序第589名，组实际配额1350。未要求命中行业词根；名称线索不是意义或机会确认。,未核实
maishck.com,2026-08-29,传统后缀,未取得可用页面,当前未取得可用HTTPS页面：http_error,,not_checked,https://maishck.com/,,,,独立后缀与名称通道：传统后缀（.com）；可读字符形态探索；固定哈希次序第590名，组实际配额1350。未要求命中行业词根；名称线索不是意义或机会确认。,未核实
truth-line.org,2026-09-09,传统后缀,未取得可用页面,当前未取得可用HTTPS页面：too_large,,not_checked,https://www.truth-line.org/,,,,独立后缀与名称通道：传统后缀（.org）；通用词典完整分词；固定哈希次序第591名，组实际配额1350。未要求命中行业词根；名称线索不是意义或机会确认。,未核实
serathil.com,2026-09-18,传统后缀,未取得可用页面,当前未取得可用HTTPS页面：network_error,,not_checked,https://serathil.com/,,,,独立后缀与名称通道：传统后缀（.com）；可读字符形态探索；固定哈希次序第592名，组实际配额1350。未要求命中行业词根；名称线索不是意义或机会确认。,未核实
reneenino.com,2026-09-04,传统后缀,页面内容不足,未同时达到正文160字符且（description≥40字符或非通用H1≥8字符）,,not_checked,https://reneenino.com/,,,,独立后缀与名称通道：传统后缀（.com）；可读字符形态探索；固定哈希次序第593名，组实际配额1350。未要求命中行业词根；名称线索不是意义或机会确认。,未核实
useytno.com,2026-09-09,传统后缀,近期注册且有内容,RDAP registration 位于近30天窗口；当前HTTPS页面通过实质内容规则,2026-09-07T14:05:42Z,verified_recent,https://useytno.com/,"ytno | Own the door, not the chaos","Ytno is the guest management platform that owns the full guest lifecycle — RSVP, check-in, and the door — built for Nigerian events.","Own your guest list, from invite to the door.",独立后缀与名称通道：传统后缀（.com）；可读字符形态探索；固定哈希次序第594名，组实际配额1350。未要求命中行业词根；名称线索不是意义或机会确认。,未核实
dedicasela.com,2026-08-31,传统后缀,近期注册且有内容,RDAP registration 位于近30天窗口；当前HTTPS页面通过实质内容规则,2026-08-29T18:26:47Z,verified_recent,https://dedicasela.com/,Dedícasela — Canciones originales hechas con lo que tú cuentes,"Una canción original, hecha con lo que tú nos cuentes. Entrega en menos de 24 horas.",SE CANTAN ♪,独立后缀与名称通道：传统后缀（.com）；可读字符形态探索；固定哈希次序第595名，组实际配额1350。未要求命中行业词根；名称线索不是意义或机会确认。,未核实
3javtogel.com,2026-09-12,传统后缀,页面内容不足,未同时达到正文160字符且（description≥40字符或非通用H1≥8字符）,,not_checked,https://3javtogel.com/,,,,独立后缀与名称通道：传统后缀（.com）；少量数字名称探索；固定哈希次序第596名，组实际配额1350。未要求命中行业词根；名称线索不是意义或机会确认。,未核实
calicrunchco.com,2026-09-24,传统后缀,页面内容不足,未同时达到正文160字符且（description≥40字符或非通用H1≥8字符）,,not_checked,https://calicrunchco.com/,,,,独立后缀与名称通道：传统后缀（.com）；可读字符形态探索；固定哈希次序第597名，组实际配额1350。未要求命中行业词根；名称线索不是意义或机会确认。,未核实
thecharcoalbox.com,2026-08-29,传统后缀,页面内容不足,未同时达到正文160字符且（description≥40字符或非通用H1≥8字符）,,not_checked,https://thecharcoalbox.com/,,,,独立后缀与名称通道：传统后缀（.com）；通用词典完整分词；固定哈希次序第598名，组实际配额1350。未要求命中行业词根；名称线索不是意义或机会确认。,未核实
ivanbatesformayor.com,2026-09-05,传统后缀,页面内容不足,未同时达到正文160字符且（description≥40字符或非通用H1≥8字符）,,not_checked,https://ivanbatesformayor.com/,,,,独立后缀与名称通道：传统后缀（.com）；可读字符形态探索；固定哈希次序第599名，组实际配额1350。未要求命中行业词根；名称线索不是意义或机会确认。,未核实
deploeehello.com,2026-09-03,传统后缀,跳转到其他域名,来源域名近期注册，但最终页面属于其他域名；目标站上线时间未知,2026-09-01T06:07:08Z,verified_recent,https://www.deploee.com/bg,Deploee — Custom софтуер за сложни бизнес проблеми,"Бутик, founder-led софтуерна компания, която помага на бизнеси да решават специализирани оперативни и технически предизвикателства чрез custom софтуер, smart системна архитектура и софтуер-хардуер интеграции.","Когато стандартният софтуер не пасва, ние изграждаме решението.",独立后缀与名称通道：传统后缀（.com）；可读字符形态探索；固定哈希次序第600名，组实际配额1350。未要求命中行业词根；名称线索不是意义或机会确认。,未核实
brinetasting.com,2026-09-01,传统后缀,未取得可用页面,当前未取得可用HTTPS页面：network_error,,not_checked,https://brinetasting.com/,,,,独立后缀与名称通道：传统后缀（.com）；通用词典完整分词；固定哈希次序第601名，组实际配额1350。未要求命中行业词根；名称线索不是意义或机会确认。,未核实
novawellnessusa.com,2026-09-06,传统后缀,未取得可用页面,当前未取得可用HTTPS页面：network_error,,not_checked,https://novawellnessusa.com/,,,,独立后缀与名称通道：传统后缀（.com）；可读字符形态探索；固定哈希次序第602名，组实际配额1350。未要求命中行业词根；名称线索不是意义或机会确认。,未核实
milestone-infra.com,2026-09-08,传统后缀,近期注册且有内容,RDAP registration 位于近30天窗口；当前HTTPS页面通过实质内容规则,2026-09-06T16:00:16Z,verified_recent,https://milestone-infra.com/,Milestone Infra,Milestone Infrastructure offers expert website launch services to enhance your online presence and infrastructure capabilities. Contact us today!,Building Tomorrow's Infrastructure;Building Tomorrow's Infrastructure,独立后缀与名称通道：传统后缀（.com）；通用词典完整分词；固定哈希次序第603名，组实际配额1350。未要求命中行业词根；名称线索不是意义或机会确认。,未核实
wildliferaleigh.com,2026-09-15,传统后缀,近期注册且有内容,RDAP registration 位于近30天窗口；当前HTTPS页面通过实质内容规则,2026-09-13T11:37:21Z,verified_recent,https://wildliferaleigh.com/,GAN89 Panduan Pengendalian dan Penanganan Satwa Liar,"GAN89 membahas pengendalian dan penanganan satwa liar, pemeriksaan risiko, pencegahan akses, keselamatan, serta pemilihan bantuan profesional.",GAN89 Panduan Pengendalian dan Penanganan Satwa Liar &,独立后缀与名称通道：传统后缀（.com）；通用词典完整分词；固定哈希次序第604名，组实际配额1350。未要求命中行业词根；名称线索不是意义或机会确认。,未核实
leynartech.com,2026-08-31,传统后缀,未取得可用页面,当前未取得可用HTTPS页面：http_error,,not_checked,https://leynartech.com/,,,,独立后缀与名称通道：传统后缀（.com）；通用词典完整分词；固定哈希次序第605名，组实际配额1350。未要求命中行业词根；名称线索不是意义或机会确认。,未核实
currentstead.com,2026-09-15,传统后缀,页面内容不足,未同时达到正文160字符且（description≥40字符或非通用H1≥8字符）,,not_checked,https://currentstead.com/,,,,独立后缀与名称通道：传统后缀（.com）；通用词典完整分词；固定哈希次序第606名，组实际配额1350。未要求命中行业词根；名称线索不是意义或机会确认。,未核实
augustusnoha.com,2026-09-07,传统后缀,近期注册且有内容,RDAP registration 位于近30天窗口；当前HTTPS页面通过实质内容规则,2026-09-05T22:42:11Z,verified_recent,https://augustusnoha.com/,Augustus Charles Noha — Institutional Deal Flow Portal,"Curated real estate, private debt, equity, and alternative asset opportunities for family offices and institutional investors. Rigorous vetting. Exclusive access.",Institutional-Grade Opportunities. Curated for Discerning Capital.,独立后缀与名称通道：传统后缀（.com）；可读字符形态探索；固定哈希次序第607名，组实际配额1350。未要求命中行业词根；名称线索不是意义或机会确认。,未核实
隔离记录-88fd29179641,2026-09-12,传统后缀,近期注册且有内容,本轮暂跳过成人与博彩内容；此项不改变页面是否存在的事实判定。,2026-09-09T18:26:06Z,verified_recent,,已移出本轮研究范围,,,名称与原文不在公开工作台展示；抽样位置保留于本地审计。,未核实
stockofertas.com,2026-09-01,传统后缀,近期注册且有内容,RDAP registration 位于近30天窗口；当前HTTPS页面通过实质内容规则,2026-08-30T03:57:43Z,verified_recent,https://stockofertas.com/,StockOfertas | Ofertas y Comparador de Productos Amazon,Descubre las mejores ofertas verificadas y comparativas técnicas en Amazon.com. Ahorra dinero con nuestros análisis diarios en StockOfertas.,StockOfertas: Las Mejores Ofertas y Comparador de Productos en Amazon,独立后缀与名称通道：传统后缀（.com）；可读字符形态探索；固定哈希次序第609名，组实际配额1350。未要求命中行业词根；名称线索不是意义或机会确认。,未核实
nimanmfinancial.com,2026-09-02,传统后缀,近期注册且有内容,RDAP registration 位于近30天窗口；当前HTTPS页面通过实质内容规则,2026-08-31T14:24:57Z,verified_recent,https://nimanmfinancial.com/,,,Fill out the form to see how I've helped hundreds of foreign nationals in your exact position.,独立后缀与名称通道：传统后缀（.com）；可读字符形态探索；固定哈希次序第610名，组实际配额1350。未要求命中行业词根；名称线索不是意义或机会确认。,未核实
tongjunus.net,2026-09-24,传统后缀,未取得可用页面,当前未取得可用HTTPS页面：network_error,,not_checked,https://tongjunus.net/,,,,独立后缀与名称通道：传统后缀（.net）；可读字符形态探索；固定哈希次序第611名，组实际配额1350。未要求命中行业词根；名称线索不是意义或机会确认。,未核实
multidsb.com,2026-09-12,传统后缀,未取得可用页面,当前未取得可用HTTPS页面：http_error,,not_checked,https://multidsb.com/,,,,独立后缀与名称通道：传统后缀（.com）；可读字符形态探索；固定哈希次序第612名，组实际配额1350。未要求命中行业词根；名称线索不是意义或机会确认。,未核实
stormthebody.com,2026-09-14,传统后缀,近期注册且有内容,RDAP registration 位于近30天窗口；当前HTTPS页面通过实质内容规则,2026-09-12T17:26:00Z,verified_recent,https://stormthebody.com/,"Diany — Tattoo Artist, Jersey City NJ | Storm The Body","Storm (@stormthebody): black and grey realism, color, script and cybersigilism tattoos in Jersey City, booking NJ + PA. Text (201) 936-3230. Se habla Español.",Looking to book?,独立后缀与名称通道：传统后缀（.com）；通用词典完整分词；固定哈希次序第613名，组实际配额1350。未要求命中行业词根；名称线索不是意义或机会确认。,未核实
hiddenhivemeadery.com,2026-09-01,传统后缀,未取得可用页面,当前未取得可用HTTPS页面：network_error,,not_checked,https://hiddenhivemeadery.com/,,,,独立后缀与名称通道：传统后缀（.com）；可读字符形态探索；固定哈希次序第614名，组实际配额1350。未要求命中行业词根；名称线索不是意义或机会确认。,未核实
launchstagesix.com,2026-09-25,传统后缀,未取得可用页面,AI内容复核：首页实际返回人机验证壳；必须完成验证才会跳转，当前未取得目标网站内容，也未绕过验证。 原文：Confirm you are human;自动初判：RDAP registration 位于近30天窗口；当前HTTPS页面通过实质内容规则,2026-09-23T14:07:34Z,verified_recent,https://launchstagesix.com/,Security check,,Confirm you are human,独立后缀与名称通道：传统后缀（.com）；通用词典完整分词；固定哈希次序第615名，组实际配额1350。未要求命中行业词根；名称线索不是意义或机会确认。,未核实
useverifik.com,2026-09-15,传统后缀,近期注册且有内容,RDAP registration 位于近30天窗口；当前HTTPS页面通过实质内容规则,2026-09-13T03:39:45Z,verified_recent,https://useverifik.com/,"Verifik, phone and email validation","Check whether a phone number or email address is real and whether it carries fraud risk, over a credit metered API.",Get instant insights on any phone number,独立后缀与名称通道：传统后缀（.com）；可读字符形态探索；固定哈希次序第616名，组实际配额1350。未要求命中行业词根；名称线索不是意义或机会确认。,未核实
tryherscan.com,2026-09-23,传统后缀,页面内容不足,未同时达到正文160字符且（description≥40字符或非通用H1≥8字符）,,not_checked,https://tryherscan-com.l.ink/,A Brand New Domain!,Brought to you by Porkbun.,A Brand New Domain!,独立后缀与名称通道：传统后缀（.com）；通用词典完整分词；固定哈希次序第617名，组实际配额1350。未要求命中行业词根；名称线索不是意义或机会确认。,未核实
rifq4cats.com,2026-09-06,传统后缀,未取得可用页面,当前未取得可用HTTPS页面：http_error,,not_checked,https://rifq4cats.com/,,,,独立后缀与名称通道：传统后缀（.com）；少量数字名称探索；固定哈希次序第618名，组实际配额1350。未要求命中行业词根；名称线索不是意义或机会确认。,未核实
yolocleanco.com,2026-09-20,传统后缀,未取得可用页面,当前未取得可用HTTPS页面：network_error,,not_checked,https://yolocleanco.com/,,,,独立后缀与名称通道：传统后缀（.com）；可读字符形态探索；固定哈希次序第619名，组实际配额1350。未要求命中行业词根；名称线索不是意义或机会确认。,未核实
abelfung-designs.com,2026-08-30,传统后缀,未取得可用页面,当前未取得可用HTTPS页面：http_error,,not_checked,https://abelfung-designs.com/,,,,独立后缀与名称通道：传统后缀（.com）；可读字符形态探索；固定哈希次序第620名，组实际配额1350。未要求命中行业词根；名称线索不是意义或机会确认。,未核实
plumblinewip.com,2026-09-10,传统后缀,近期注册且有内容,RDAP registration 位于近30天窗口；当前HTTPS页面通过实质内容规则,2026-09-08T18:04:40Z,verified_recent,https://plumblinewip.com/,Plumbline,Surety-grade WIP schedules for contractors between QuickBooks and an ERP.,"Surety-grade WIP schedules, in the time it takes to type two cells.",独立后缀与名称通道：传统后缀（.com）；可读字符形态探索；固定哈希次序第621名，组实际配额1350。未要求命中行业词根；名称线索不是意义或机会确认。,未核实
nestlyven.com,2026-09-10,传统后缀,近期注册且有内容,RDAP registration 位于近30天窗口；当前HTTPS页面通过实质内容规则,2026-09-08T09:59:01Z,verified_recent,https://www.nestlyven.com/,Nestlyven | Artisan Woven Bags & Accessories Visa Mastercard American Express JCB Discover Apple Pay PayPal,"Nestlyven offers artisan woven bags and accessories, blending heritage patterns with modern style. Quality checked, low prices, worldwide shipping.",,独立后缀与名称通道：传统后缀（.com）；可读字符形态探索；固定哈希次序第622名，组实际配额1350。未要求命中行业词根；名称线索不是意义或机会确认。,未核实
premierheatingservice.com,2026-09-03,传统后缀,页面内容不足,未同时达到正文160字符且（description≥40字符或非通用H1≥8字符）,,not_checked,https://premierheatingservice.com/,,,,独立后缀与名称通道：传统后缀（.com）；通用词典完整分词；固定哈希次序第623名，组实际配额1350。未要求命中行业词根；名称线索不是意义或机会确认。,未核实
jetour-germany.com,2026-09-18,传统后缀,未取得可用页面,当前未取得可用HTTPS页面：network_error,,not_checked,https://jetour-germany.com/,,,,独立后缀与名称通道：传统后缀（.com）；通用词典完整分词；固定哈希次序第624名，组实际配额1350。未要求命中行业词根；名称线索不是意义或机会确认。,未核实
隔离记录-bb943a5802fa,2026-09-10,传统后缀,近期注册且有内容,本轮暂跳过成人与博彩内容；此项不改变页面是否存在的事实判定。,2026-09-07T13:00:17Z,verified_recent,,已移出本轮研究范围,,,名称与原文不在公开工作台展示；抽样位置保留于本地审计。,未核实
verzamelmessendirect.com,2026-09-02,传统后缀,页面内容不足,未同时达到正文160字符且（description≥40字符或非通用H1≥8字符）,,not_checked,https://verzamelmessendirect.com/,Home - Verzamelmessendirect,,,独立后缀与名称通道：传统后缀（.com）；可读字符形态探索；固定哈希次序第626名，组实际配额1350。未要求命中行业词根；名称线索不是意义或机会确认。,未核实
sidakofficial.com,2026-09-18,传统后缀,近期注册且有内容,RDAP registration 位于近30天窗口；当前HTTPS页面通过实质内容规则,2026-09-16T07:47:15Z,verified_recent,https://sidakofficial.com/,Sidak Official | ਹੱਕ ਸੱਚ ਦੀ ਆਵਾਜ਼,"Punjabi news, information and entertainment from Sidak Official.",ਹੱਕ ਸੱਚ ਦੀ ਆਵਾਜ਼,独立后缀与名称通道：传统后缀（.com）；可读字符形态探索；固定哈希次序第627名，组实际配额1350。未要求命中行业词根；名称线索不是意义或机会确认。,未核实
dallascardshop.com,2026-09-01,传统后缀,近期注册且有内容,RDAP registration 位于近30天窗口；当前HTTPS页面通过实质内容规则,2026-08-30T20:33:01Z,verified_recent,https://www.dallascardshop.com/,Dallas Card Shop | Pokémon Singles & PSA Graded Cards — Dallas card shop,,Find the card. Finish the set.,独立后缀与名称通道：传统后缀（.com）；通用词典完整分词；固定哈希次序第628名，组实际配额1350。未要求命中行业词根；名称线索不是意义或机会确认。,未核实
heybutterbee.com,2026-09-08,传统后缀,页面内容不足,未同时达到正文160字符且（description≥40字符或非通用H1≥8字符）,,not_checked,https://heybutterbee.com/,,,,独立后缀与名称通道：传统后缀（.com）；通用词典完整分词；固定哈希次序第629名，组实际配额1350。未要求命中行业词根；名称线索不是意义或机会确认。,未核实
olhblogspot.com,2026-09-21,传统后缀,近期注册且有内容,RDAP registration 位于近30天窗口；当前HTTPS页面通过实质内容规则,2026-09-24T14:39:40Z,verified_recent,https://olhblogspot.com/,olhblogspot.com-高清动漫番剧大全-最新热门日本动漫国漫在线观看,olhblogspot.com是一家无弹窗的高清动漫在线观看网站，为您提供最新日本动漫新番、国创国漫、剧场版动画片，画质高清，每日极速更新！,olhblogspot.com,独立后缀与名称通道：传统后缀（.com）；可读字符形态探索；固定哈希次序第630名，组实际配额1350。未要求命中行业词根；名称线索不是意义或机会确认。,未核实
mashomeinteriors.com,2026-09-09,传统后缀,未取得可用页面,当前未取得可用HTTPS页面：network_error,,not_checked,https://mashomeinteriors.com/,,,,独立后缀与名称通道：传统后缀（.com）；可读字符形态探索；固定哈希次序第631名，组实际配额1350。未要求命中行业词根；名称线索不是意义或机会确认。,未核实
johnnyfan.com,2026-09-25,传统后缀,页面内容不足,未同时达到正文160字符且（description≥40字符或非通用H1≥8字符）,,not_checked,https://johnnyfan.com/,,,,独立后缀与名称通道：传统后缀（.com）；通用词典完整分词；固定哈希次序第632名，组实际配额1350。未要求命中行业词根；名称线索不是意义或机会确认。,未核实
rmonticonsulting.com,2026-09-24,传统后缀,页面内容不足,未同时达到正文160字符且（description≥40字符或非通用H1≥8字符）,,not_checked,https://rmonticonsulting.com/,,,,独立后缀与名称通道：传统后缀（.com）；可读字符形态探索；固定哈希次序第633名，组实际配额1350。未要求命中行业词根；名称线索不是意义或机会确认。,未核实
newqar.com,2026-09-10,传统后缀,未取得可用页面,当前未取得可用HTTPS页面：network_error,,not_checked,https://newqar.com/,,,,独立后缀与名称通道：传统后缀（.com）；可读字符形态探索；固定哈希次序第634名，组实际配额1350。未要求命中行业词根；名称线索不是意义或机会确认。,未核实
woodphoenix.com,2026-08-30,传统后缀,页面内容不足,未同时达到正文160字符且（description≥40字符或非通用H1≥8字符）,,not_checked,https://woodphoenix.com/,,,,独立后缀与名称通道：传统后缀（.com）；通用词典完整分词；固定哈希次序第635名，组实际配额1350。未要求命中行业词根；名称线索不是意义或机会确认。,未核实
3xb8lb.com,2026-09-01,传统后缀,未取得可用页面,当前未取得可用HTTPS页面：network_error,,not_checked,https://3xb8lb.com/,,,,独立后缀与名称通道：传统后缀（.com）；少量数字名称探索；固定哈希次序第636名，组实际配额1350。未要求命中行业词根；名称线索不是意义或机会确认。,未核实
vinosylicoressilva.com,2026-09-25,传统后缀,页面内容不足,未同时达到正文160字符且（description≥40字符或非通用H1≥8字符）,,not_checked,https://vinosylicoressilva.com/,,,,独立后缀与名称通道：传统后缀（.com）；可读字符形态探索；固定哈希次序第637名，组实际配额1350。未要求命中行业词根；名称线索不是意义或机会确认。,未核实
kiwirecords.org,2026-09-01,传统后缀,未取得可用页面,当前未取得可用HTTPS页面：network_error,,not_checked,https://kiwirecords.org/,,,,独立后缀与名称通道：传统后缀（.org）；可读字符形态探索；固定哈希次序第638名，组实际配额1350。未要求命中行业词根；名称线索不是意义或机会确认。,未核实
midnighttapehouse.com,2026-09-15,传统后缀,停放或未正式开放,AI内容复核：H1明确为Launching Soon；正文为通用联系表单/Cookie模板，不应自动认定为已有实质内容的新站。 原文：Launching Soon;自动初判：RDAP registration 位于近30天窗口；当前HTTPS页面通过实质内容规则,2026-09-13T19:15:28Z,verified_recent,https://midnighttapehouse.com/,midnighttapehouse.com,,Launching Soon;Launching Soon,独立后缀与名称通道：传统后缀（.com）；通用词典完整分词；固定哈希次序第639名，组实际配额1350。未要求命中行业词根；名称线索不是意义或机会确认。,未核实
camoufy.com,2026-09-25,传统后缀,近期注册且有内容,RDAP registration 位于近30天窗口；当前HTTPS页面通过实质内容规则,2026-09-23T14:51:53Z,verified_recent,https://camoufy.com/,Camoufy: local antidetect browser and profile manager,"Camoufy is a local antidetect browser and profile manager for Windows, built on Camoufox. Stable fingerprints, a proxy or Tor per profile, no cloud.",The antidetect browser that keeps everything on your PC.,独立后缀与名称通道：传统后缀（.com）；可读字符形态探索；固定哈希次序第640名，组实际配额1350。未要求命中行业词根；名称线索不是意义或机会确认。,未核实
artistsinworld.com,2026-09-25,传统后缀,页面内容不足,未同时达到正文160字符且（description≥40字符或非通用H1≥8字符）,,not_checked,https://artistsinworld.com/,,,,独立后缀与名称通道：传统后缀（.com）；通用词典完整分词；固定哈希次序第641名，组实际配额1350。未要求命中行业词根；名称线索不是意义或机会确认。,未核实
honestbanner.com,2026-08-31,传统后缀,跳转到其他域名,来源域名近期注册，但最终页面属于其他域名；目标站上线时间未知,2026-08-29T18:46:15Z,verified_recent,https://mailscale.ai/,Mailscale,An autonomous agentic platform that automates high-volume B2B cold email prospecting while keeping the user in full control of their outreach strategy.,Mailscale,独立后缀与名称通道：传统后缀（.com）；通用词典完整分词；固定哈希次序第642名，组实际配额1350。未要求命中行业词根；名称线索不是意义或机会确认。,未核实
eliteofficeaustralia.com,2026-09-09,传统后缀,近期注册且有内容,RDAP registration 位于近30天窗口；当前HTTPS页面通过实质内容规则,2026-09-07T01:16:17Z,verified_recent,https://eliteofficeaustralia.com/,Elite Office,,Elite Office,独立后缀与名称通道：传统后缀（.com）；通用词典完整分词；固定哈希次序第643名，组实际配额1350。未要求命中行业词根；名称线索不是意义或机会确认。,未核实
隔离记录-76cca1c5c739,2026-09-17,传统后缀,近期注册且有内容,本轮暂跳过成人与博彩内容；此项不改变页面是否存在的事实判定。,2026-09-15T09:37:07Z,verified_recent,,已移出本轮研究范围,,,名称与原文不在公开工作台展示；抽样位置保留于本地审计。,未核实
scraacademy.com,2026-08-27,传统后缀,页面内容不足,未同时达到正文160字符且（description≥40字符或非通用H1≥8字符）,,not_checked,https://scraacademy.com/,This service is suspended. Powered by GO54,,This website has been Suspended,独立后缀与名称通道：传统后缀（.com）；可读字符形态探索；固定哈希次序第645名，组实际配额1350。未要求命中行业词根；名称线索不是意义或机会确认。,未核实
claimedromance.com,2026-09-25,传统后缀,页面内容不足,未同时达到正文160字符且（description≥40字符或非通用H1≥8字符）,,not_checked,https://claimedromance.com/,,,,独立后缀与名称通道：传统后缀（.com）；可读字符形态探索；固定哈希次序第646名，组实际配额1350。未要求命中行业词根；名称线索不是意义或机会确认。,未核实
recuperacionefectiva.com,2026-09-10,传统后缀,页面内容不足,未同时达到正文160字符且（description≥40字符或非通用H1≥8字符）,,not_checked,https://recuperacionefectiva.com/,Parked Domain name on Hostinger DNS system,,,独立后缀与名称通道：传统后缀（.com）；可读字符形态探索；固定哈希次序第647名，组实际配额1350。未要求命中行业词根；名称线索不是意义或机会确认。,未核实
cradlefeed.com,2026-09-18,传统后缀,页面内容不足,未同时达到正文160字符且（description≥40字符或非通用H1≥8字符）,,not_checked,https://cradlefeed.com/,,,,独立后缀与名称通道：传统后缀（.com）；通用词典完整分词；固定哈希次序第648名，组实际配额1350。未要求命中行业词根；名称线索不是意义或机会确认。,未核实
somospractiko.com,2026-09-10,传统后缀,近期注册且有内容,RDAP registration 位于近30天窗口；当前HTTPS页面通过实质内容规则,2026-09-08T17:27:16Z,verified_recent,https://somospractiko.com/,Somos Practiko,,Somos Practiko;Productos más vendidos;Favoritos,独立后缀与名称通道：传统后缀（.com）；可读字符形态探索；固定哈希次序第649名，组实际配额1350。未要求命中行业词根；名称线索不是意义或机会确认。,未核实
sportsmanclub.org,2026-09-20,传统后缀,未取得可用页面,当前未取得可用HTTPS页面：too_large,,not_checked,https://sportsmanclub.org/,,,,独立后缀与名称通道：传统后缀（.org）；通用词典完整分词；固定哈希次序第650名，组实际配额1350。未要求命中行业词根；名称线索不是意义或机会确认。,未核实
capitalprohub.com,2026-09-01,传统后缀,未取得可用页面,当前未取得可用HTTPS页面：network_error,,not_checked,https://capitalprohub.com/,,,,独立后缀与名称通道：传统后缀（.com）；通用词典完整分词；固定哈希次序第651名，组实际配额1350。未要求命中行业词根；名称线索不是意义或机会确认。,未核实
levindentist.com,2026-09-23,传统后缀,页面内容不足,未同时达到正文160字符且（description≥40字符或非通用H1≥8字符）,,not_checked,https://levindentist.com/,,,,独立后缀与名称通道：传统后缀（.com）；通用词典完整分词；固定哈希次序第652名，组实际配额1350。未要求命中行业词根；名称线索不是意义或机会确认。,未核实
salasarmedia.com,2026-09-15,传统后缀,近期注册且有内容,RDAP registration 位于近30天窗口；当前HTTPS页面通过实质内容规则,2026-09-13T06:53:36Z,verified_recent,https://salasarmedia.com/,सालासर मीडिया .com (SalasarMedia.com) | Business News &…,"सालासर मीडिया.com - सच कहेंगे सालासर मीडिया | देश, राज्य, राजनीति, खेल, मनोरंजन, बिजनेस और दुनिया की ताज़ा खबरें सबसे पहले।",सालासर मीडिया .com - सत्य एवं निष्पक्ष समाचार | हिंदी न्यूज़ पोर्टल,独立后缀与名称通道：传统后缀（.com）；可读字符形态探索；固定哈希次序第653名，组实际配额1350。未要求命中行业词根；名称线索不是意义或机会确认。,未核实
techsaasblogs.com,2026-09-24,传统后缀,近期注册且有内容,RDAP registration 位于近30天窗口；当前HTTPS页面通过实质内容规则,2026-09-22T12:43:51Z,verified_recent,https://techsaasblogs.com/,"TechSaaSBlogs | AI, SaaS, E-Commerce & Tech Insights","Explore the latest AI, SaaS, e-commerce, and technology insights. Discover trends, innovations, practical guides, and expert perspectives at TechSaaSBlogs.",,独立后缀与名称通道：传统后缀（.com）；可读字符形态探索；固定哈希次序第654名，组实际配额1350。未要求命中行业词根；名称线索不是意义或机会确认。,未核实
steven-salazar.com,2026-08-29,传统后缀,未取得可用页面,当前未取得可用HTTPS页面：network_error,,not_checked,https://steven-salazar.com/,,,,独立后缀与名称通道：传统后缀（.com）；可读字符形态探索；固定哈希次序第655名，组实际配额1350。未要求命中行业词根；名称线索不是意义或机会确认。,未核实
gearsprout.com,2026-09-12,传统后缀,未取得可用页面,当前未取得可用HTTPS页面：http_error,,not_checked,https://gearsprout.com/,,,,独立后缀与名称通道：传统后缀（.com）；通用词典完整分词；固定哈希次序第656名，组实际配额1350。未要求命中行业词根；名称线索不是意义或机会确认。,未核实
tebibir.org,2026-09-22,传统后缀,页面内容不足,未同时达到正文160字符且（description≥40字符或非通用H1≥8字符）,,not_checked,https://tebibir.org/,,,,独立后缀与名称通道：传统后缀（.org）；可读字符形态探索；固定哈希次序第657名，组实际配额1350。未要求命中行业词根；名称线索不是意义或机会确认。,未核实
losfaraonse.com,2026-09-01,传统后缀,停放或未正式开放,AI内容复核：返回Namecheap托管账号初始化默认页；正文说明托管/DNS配置完成，未展示域名自己的业务网站。 原文：Namecheap Parking Page;自动初判：RDAP registration 位于近30天窗口；当前HTTPS页面通过实质内容规则,2026-08-30T17:55:14Z,verified_recent,https://losfaraonse.com/,Namecheap Parking Page,,Your website is ready to go!,独立后缀与名称通道：传统后缀（.com）；可读字符形态探索；固定哈希次序第658名，组实际配额1350。未要求命中行业词根；名称线索不是意义或机会确认。,未核实
growors.com,2026-09-17,传统后缀,未取得可用页面,当前未取得可用HTTPS页面：network_error,,not_checked,https://growors.com/,,,,独立后缀与名称通道：传统后缀（.com）；可读字符形态探索；固定哈希次序第659名，组实际配额1350。未要求命中行业词根；名称线索不是意义或机会确认。,未核实
wjmaiff.com,2026-09-12,传统后缀,未取得可用页面,当前未取得可用HTTPS页面：network_error,,not_checked,https://wjmaiff.com/,,,,独立后缀与名称通道：传统后缀（.com）；可读字符形态探索；固定哈希次序第660名，组实际配额1350。未要求命中行业词根；名称线索不是意义或机会确认。,未核实
theelementprofile.com,2026-09-15,传统后缀,跳转到其他域名,来源域名近期注册，但最终页面属于其他域名；目标站上线时间未知,2026-09-13T15:40:58Z,verified_recent,https://care360survey.com/?product=element,In Good Company — CARE 360 & The Element Profile,"Two connected tools for growing companies: CARE 360 for 360-degree leadership feedback, and The Element Profile for behavioral talent insight.","See how your leaders actually show up. Then help them grow.;Know whether someone's in their element, before you spend a year finding out.",独立后缀与名称通道：传统后缀（.com）；通用词典完整分词；固定哈希次序第661名，组实际配额1350。未要求命中行业词根；名称线索不是意义或机会确认。,未核实
relbei.com,2026-09-23,传统后缀,页面内容不足,未同时达到正文160字符且（description≥40字符或非通用H1≥8字符）,,not_checked,https://relbei.com/,,,,独立后缀与名称通道：传统后缀（.com）；可读字符形态探索；固定哈希次序第662名，组实际配额1350。未要求命中行业词根；名称线索不是意义或机会确认。,未核实
kontiva.net,2026-09-15,传统后缀,未取得可用页面,AI内容复核：虽然标签提供了运营管理用途简介，实际取得的正文为账号登录/注册入口；工作区内容未公开取得，不应算作已核实实质应用页面。 原文：Çalışma alanınıza giriş yapın. E-posta Şifre;自动初判：RDAP registration 位于近30天窗口；当前HTTPS页面通过实质内容规则,2026-09-12T13:07:55Z,verified_recent,https://kontiva.net/giris?return_to=%2F,"KONTİVA | Denetim, bakım ve operasyon yönetimi","Denetim bulguları, bakım işleri, taşeronlar ve malzeme kullanımı tek çalışma alanında.",İşlerinizi kontrol altında tutun.,独立后缀与名称通道：传统后缀（.net）；可读字符形态探索；固定哈希次序第663名，组实际配额1350。未要求命中行业词根；名称线索不是意义或机会确认。,未核实
salishcriminaldefense.com,2026-09-24,传统后缀,未取得可用页面,当前未取得可用HTTPS页面：too_large,,not_checked,https://www.salishcriminaldefense.com/,,,,独立后缀与名称通道：传统后缀（.com）；通用词典完整分词；固定哈希次序第664名，组实际配额1350。未要求命中行业词根；名称线索不是意义或机会确认。,未核实
iprivacysusie.com,2026-09-22,传统后缀,未取得可用页面,当前未取得可用HTTPS页面：network_error,,not_checked,https://iprivacysusie.com/,,,,独立后缀与名称通道：传统后缀（.com）；可读字符形态探索；固定哈希次序第665名，组实际配额1350。未要求命中行业词根；名称线索不是意义或机会确认。,未核实
隔离记录-dc9b81fc319f,2026-09-02,传统后缀,近期注册且有内容,本轮暂跳过成人与博彩内容；此项不改变页面是否存在的事实判定。,2026-08-31T16:07:02Z,verified_recent,,已移出本轮研究范围,,,名称与原文不在公开工作台展示；抽样位置保留于本地审计。,未核实
citrabangunamanah.com,2026-09-05,传统后缀,未取得可用页面,当前未取得可用HTTPS页面：network_error,,not_checked,https://citrabangunamanah.com/,,,,独立后缀与名称通道：传统后缀（.com）；可读字符形态探索；固定哈希次序第667名，组实际配额1350。未要求命中行业词根；名称线索不是意义或机会确认。,未核实
ancestralsealions.org,2026-08-30,传统后缀,未取得可用页面,当前未取得可用HTTPS页面：http_error,,not_checked,https://ancestralsealions.org/,,,,独立后缀与名称通道：传统后缀（.org）；可读字符形态探索；固定哈希次序第668名，组实际配额1350。未要求命中行业词根；名称线索不是意义或机会确认。,未核实
rahboud.com,2026-09-04,传统后缀,近期注册且有内容,RDAP registration 位于近30天窗口；当前HTTPS页面通过实质内容规则,2026-09-02T13:18:13Z,verified_recent,https://rahboud.com/,,,رَحْب للعود;من بين الكثير، اخترنا ما يستحق,独立后缀与名称通道：传统后缀（.com）；通用词典完整分词；固定哈希次序第669名，组实际配额1350。未要求命中行业词根；名称线索不是意义或机会确认。,未核实
clefcapital.com,2026-08-27,传统后缀,未取得可用页面,当前未取得可用HTTPS页面：network_error,,not_checked,https://clefcapital.com/,,,,独立后缀与名称通道：传统后缀（.com）；通用词典完整分词；固定哈希次序第670名，组实际配额1350。未要求命中行业词根；名称线索不是意义或机会确认。,未核实
zyqenta.com,2026-08-31,传统后缀,未取得可用页面,当前未取得可用HTTPS页面：network_error,,not_checked,https://zyqenta.com/,,,,独立后缀与名称通道：传统后缀（.com）；可读字符形态探索；固定哈希次序第671名，组实际配额1350。未要求命中行业词根；名称线索不是意义或机会确认。,未核实
foragebit.com,2026-09-04,传统后缀,页面内容不足,未同时达到正文160字符且（description≥40字符或非通用H1≥8字符）,,not_checked,https://foragebit.com/,foragebit.com | Coming Soon,,Foragebit,独立后缀与名称通道：传统后缀（.com）；通用词典完整分词；固定哈希次序第672名，组实际配额1350。未要求命中行业词根；名称线索不是意义或机会确认。,未核实
propedius.com,2026-08-30,传统后缀,页面内容不足,未同时达到正文160字符且（description≥40字符或非通用H1≥8字符）,,not_checked,https://propedius.com/,Propedius,,,独立后缀与名称通道：传统后缀（.com）；可读字符形态探索；固定哈希次序第673名，组实际配额1350。未要求命中行业词根；名称线索不是意义或机会确认。,未核实
solofrachemicalleather.com,2026-09-08,传统后缀,未取得可用页面,当前未取得可用HTTPS页面：http_error,,not_checked,https://solofrachemicalleather.com/,,,,独立后缀与名称通道：传统后缀（.com）；通用词典完整分词；固定哈希次序第674名，组实际配额1350。未要求命中行业词根；名称线索不是意义或机会确认。,未核实
sanfordleakdetection.com,2026-09-17,传统后缀,近期注册且有内容,RDAP registration 位于近30天窗口；当前HTTPS页面通过实质内容规则,2026-09-15T20:20:00Z,verified_recent,https://sanfordleakdetection.com/,Leak Detection Sanford NC | #1 Plumber | Call (919) 887-1911,"Sanford Plumbing Pro — #1 leak detection in Sanford NC. Water, slab, gas & pipe leaks found fast. Licensed & insured. Call (919) 887-1911 for free estimate!","Expert Leak Detection Sanford, NC",独立后缀与名称通道：传统后缀（.com）；通用词典完整分词；固定哈希次序第675名，组实际配额1350。未要求命中行业词根；名称线索不是意义或机会确认。,未核实
orslowuk.com,2026-09-16,传统后缀,未取得可用页面,当前未取得可用HTTPS页面：http_error,,not_checked,https://orslowuk.com/,,,,独立后缀与名称通道：传统后缀（.com）；可读字符形态探索；固定哈希次序第676名，组实际配额1350。未要求命中行业词根；名称线索不是意义或机会确认。,未核实
hyngyoungbrit.com,2026-09-04,传统后缀,页面内容不足,未同时达到正文160字符且（description≥40字符或非通用H1≥8字符）,,not_checked,https://hyngyoungbrit.com/,hungyoungbrit,,,独立后缀与名称通道：传统后缀（.com）；可读字符形态探索；固定哈希次序第677名，组实际配额1350。未要求命中行业词根；名称线索不是意义或机会确认。,未核实
precisioncontrollers.com,2026-09-23,传统后缀,页面内容不足,未同时达到正文160字符且（description≥40字符或非通用H1≥8字符）,,not_checked,https://precisioncontrollers.com/,Precision Controllers,"The premier digital forge for bespoke gaming controllers, offering a professional-grade 3D configurator for precision hardware personalization.",,独立后缀与名称通道：传统后缀（.com）；通用词典完整分词；固定哈希次序第678名，组实际配额1350。未要求命中行业词根；名称线索不是意义或机会确认。,未核实
priteshpatelceramics.com,2026-08-31,传统后缀,未取得可用页面,当前未取得可用HTTPS页面：http_error,,not_checked,https://www.priteshpatelceramics.com/,,,,独立后缀与名称通道：传统后缀（.com）；可读字符形态探索；固定哈希次序第679名，组实际配额1350。未要求命中行业词根；名称线索不是意义或机会确认。,未核实
hollytea.org,2026-09-12,传统后缀,未取得可用页面,当前未取得可用HTTPS页面：network_error,,not_checked,https://hollytea.org/,,,,独立后缀与名称通道：传统后缀（.org）；通用词典完整分词；固定哈希次序第680名，组实际配额1350。未要求命中行业词根；名称线索不是意义或机会确认。,未核实
lithuaris.com,2026-09-22,传统后缀,注册超过30天,RDAP registration 早于固定30天窗口,2025-09-07T10:41:26Z,verified_old,https://lithuaris.com/,porkbun.com | expired domain,,This domain is expired.,独立后缀与名称通道：传统后缀（.com）；可读字符形态探索；固定哈希次序第681名，组实际配额1350。未要求命中行业词根；名称线索不是意义或机会确认。,未核实
certibob.com,2026-09-19,传统后缀,近期注册且有内容,RDAP registration 位于近30天窗口；当前HTTPS页面通过实质内容规则,2026-09-17T03:40:49Z,verified_recent,https://www.certibob.com/,"CertiBOB™ — Audit Readiness, Engineered.",Get audit-ready before the auditor. A multi-framework audit preparation and coordination product by Pralka Tech.,"Audit Readiness, Engineered.",独立后缀与名称通道：传统后缀（.com）；可读字符形态探索；固定哈希次序第682名，组实际配额1350。未要求命中行业词根；名称线索不是意义或机会确认。,未核实
sphpacom.com,2026-08-27,传统后缀,未取得可用页面,当前未取得可用HTTPS页面：network_error,,not_checked,https://sphpacom.com/,,,,独立后缀与名称通道：传统后缀（.com）；可读字符形态探索；固定哈希次序第683名，组实际配额1350。未要求命中行业词根；名称线索不是意义或机会确认。,未核实
microscapemedical.com,2026-08-29,传统后缀,未取得可用页面,当前未取得可用HTTPS页面：network_error,,not_checked,https://microscapemedical.com/,,,,独立后缀与名称通道：传统后缀（.com）；通用词典完整分词；固定哈希次序第684名，组实际配额1350。未要求命中行业词根；名称线索不是意义或机会确认。,未核实
geospatialarchive.org,2026-09-21,传统后缀,页面内容不足,未同时达到正文160字符且（description≥40字符或非通用H1≥8字符）,,not_checked,https://geospatialarchive.org/,,,,独立后缀与名称通道：传统后缀（.org）；通用词典完整分词；固定哈希次序第685名，组实际配额1350。未要求命中行业词根；名称线索不是意义或机会确认。,未核实
horizonnected.net,2026-09-01,传统后缀,未取得可用页面,当前未取得可用HTTPS页面：network_error,,not_checked,https://horizonnected.net/,,,,独立后缀与名称通道：传统后缀（.net）；可读字符形态探索；固定哈希次序第686名，组实际配额1350。未要求命中行业词根；名称线索不是意义或机会确认。,未核实
toteclutch.com,2026-09-25,传统后缀,页面内容不足,未同时达到正文160字符且（description≥40字符或非通用H1≥8字符）,,not_checked,https://toteclutch.com/,,,,独立后缀与名称通道：传统后缀（.com）；通用词典完整分词；固定哈希次序第687名，组实际配额1350。未要求命中行业词根；名称线索不是意义或机会确认。,未核实
creativosmexicanos.net,2026-09-13,传统后缀,页面内容不足,未同时达到正文160字符且（description≥40字符或非通用H1≥8字符）,,not_checked,https://creativosmexicanos.net/,,,,独立后缀与名称通道：传统后缀（.net）；可读字符形态探索；固定哈希次序第688名，组实际配额1350。未要求命中行业词根；名称线索不是意义或机会确认。,未核实
bwprotact.com,2026-09-20,传统后缀,未取得可用页面,当前未取得可用HTTPS页面：network_error,,not_checked,https://bwprotact.com/,,,,独立后缀与名称通道：传统后缀（.com）；可读字符形态探索；固定哈希次序第689名，组实际配额1350。未要求命中行业词根；名称线索不是意义或机会确认。,未核实
spinagopokies.net,2026-09-17,传统后缀,未取得可用页面,当前未取得可用HTTPS页面：network_error,,not_checked,https://spinagopokies.net/,,,,独立后缀与名称通道：传统后缀（.net）；可读字符形态探索；固定哈希次序第690名，组实际配额1350。未要求命中行业词根；名称线索不是意义或机会确认。,未核实
arividhai.com,2026-09-06,传统后缀,页面内容不足,未同时达到正文160字符且（description≥40字符或非通用H1≥8字符）,,not_checked,https://arividhai.com/,arividhai.com,,Good Things are Coming.,独立后缀与名称通道：传统后缀（.com）；可读字符形态探索；固定哈希次序第691名，组实际配额1350。未要求命中行业词根；名称线索不是意义或机会确认。,未核实
asilialtd.com,2026-09-10,传统后缀,未取得可用页面,当前未取得可用HTTPS页面：network_error,,not_checked,https://asilialtd.com/,,,,独立后缀与名称通道：传统后缀（.com）；可读字符形态探索；固定哈希次序第692名，组实际配额1350。未要求命中行业词根；名称线索不是意义或机会确认。,未核实
museexecutive.com,2026-09-13,传统后缀,页面内容不足,未同时达到正文160字符且（description≥40字符或非通用H1≥8字符）,,not_checked,https://museexecutive.com/,,,,独立后缀与名称通道：传统后缀（.com）；通用词典完整分词；固定哈希次序第693名，组实际配额1350。未要求命中行业词根；名称线索不是意义或机会确认。,未核实
qualityeliteenterprise.com,2026-09-22,传统后缀,页面内容不足,未同时达到正文160字符且（description≥40字符或非通用H1≥8字符）,,not_checked,https://qualityeliteenterprise.com/,,,,独立后缀与名称通道：传统后缀（.com）；通用词典完整分词；固定哈希次序第694名，组实际配额1350。未要求命中行业词根；名称线索不是意义或机会确认。,未核实
icsorganics.com,2026-09-14,传统后缀,未取得可用页面,当前未取得可用HTTPS页面：network_error,,not_checked,https://icsorganics.com/,,,,独立后缀与名称通道：传统后缀（.com）；可读字符形态探索；固定哈希次序第695名，组实际配额1350。未要求命中行业词根；名称线索不是意义或机会确认。,未核实
wconsen-syslj.com,2026-09-23,传统后缀,未取得可用页面,当前未取得可用HTTPS页面：network_error,,not_checked,https://wconsen-syslj.com/,,,,独立后缀与名称通道：传统后缀（.com）；可读字符形态探索；固定哈希次序第696名，组实际配额1350。未要求命中行业词根；名称线索不是意义或机会确认。,未核实
mabstexchemind.com,2026-09-16,传统后缀,未取得可用页面,当前未取得可用HTTPS页面：network_error,,not_checked,https://mabstexchemind.com/,,,,独立后缀与名称通道：传统后缀（.com）；可读字符形态探索；固定哈希次序第697名，组实际配额1350。未要求命中行业词根；名称线索不是意义或机会确认。,未核实
vittaenterprise.com,2026-08-28,传统后缀,未取得可用页面,当前未取得可用HTTPS页面：network_error,,not_checked,https://vittaenterprise.com/,,,,独立后缀与名称通道：传统后缀（.com）；通用词典完整分词；固定哈希次序第698名，组实际配额1350。未要求命中行业词根；名称线索不是意义或机会确认。,未核实
danifriedman.com,2026-09-10,传统后缀,未取得可用页面,当前未取得可用HTTPS页面：network_error,,not_checked,https://danifriedman.com/,,,,独立后缀与名称通道：传统后缀（.com）；通用词典完整分词；固定哈希次序第699名，组实际配额1350。未要求命中行业词根；名称线索不是意义或机会确认。,未核实
diggingbeagle.com,2026-09-18,传统后缀,近期注册且有内容,RDAP registration 位于近30天窗口；当前HTTPS页面通过实质内容规则,2026-09-16T01:58:14Z,verified_recent,https://diggingbeagle.com/,AI security evidence / Signal Desk · DiggingBeagle,"Evidence-linked AI incident intelligence: Cases, Claims, Sources, scope and what remains unknown.","Follow the failure, not the hype.",独立后缀与名称通道：传统后缀（.com）；通用词典完整分词；固定哈希次序第700名，组实际配额1350。未要求命中行业词根；名称线索不是意义或机会确认。,未核实
anticspragency.com,2026-09-18,传统后缀,注册超过30天,RDAP registration 早于固定30天窗口,2026-08-14T22:27:51Z,verified_old,https://anticspragency.com/,AnticsPRAgency,Scale your company and amplify your ROI with our in-house marketing and brand awareness campaigns that not only excite but create culture. We're not just a PR and Marketing agency; we're a guarantee-where success isn't an anomaly; it's our antic.,ANTICS PR,独立后缀与名称通道：传统后缀（.com）；可读字符形态探索；固定哈希次序第701名，组实际配额1350。未要求命中行业词根；名称线索不是意义或机会确认。,未核实
hydrobloks.com,2026-08-28,传统后缀,未取得可用页面,当前未取得可用HTTPS页面：network_error,,not_checked,https://hydrobloks.com/,,,,独立后缀与名称通道：传统后缀（.com）；可读字符形态探索；固定哈希次序第702名，组实际配额1350。未要求命中行业词根；名称线索不是意义或机会确认。,未核实
annafriedlein.com,2026-09-19,传统后缀,未取得可用页面,当前未取得可用HTTPS页面：http_error,,not_checked,https://annafriedlein.com/,,,,独立后缀与名称通道：传统后缀（.com）；可读字符形态探索；固定哈希次序第703名，组实际配额1350。未要求命中行业词根；名称线索不是意义或机会确认。,未核实
aetherkw.com,2026-09-14,传统后缀,未取得可用页面,当前未取得可用HTTPS页面：network_error,,not_checked,https://aetherkw.com/,,,,独立后缀与名称通道：传统后缀（.com）；可读字符形态探索；固定哈希次序第704名，组实际配额1350。未要求命中行业词根；名称线索不是意义或机会确认。,未核实
vanguardscaling.com,2026-08-27,传统后缀,注册超过30天,RDAP registration 早于固定30天窗口,2026-08-25T05:01:27Z,verified_old,https://www.vanguardscaling.com/,Vanguard Scaling Group — Digital Marketing Agency,"Vanguard Scaling Group is a digital marketing agency that builds paid acquisition, search, and conversion systems for companies ready to scale past word of mouth.",We build the acquisition engine your growth has been waiting on.,独立后缀与名称通道：传统后缀（.com）；通用词典完整分词；固定哈希次序第705名，组实际配额1350。未要求命中行业词根；名称线索不是意义或机会确认。,未核实
lesbelhus.com,2026-09-13,传统后缀,未取得可用页面,当前未取得可用HTTPS页面：network_error,,not_checked,https://lesbelhus.com/,,,,独立后缀与名称通道：传统后缀（.com）；可读字符形态探索；固定哈希次序第706名，组实际配额1350。未要求命中行业词根；名称线索不是意义或机会确认。,未核实
nivovista.com,2026-09-06,传统后缀,未取得可用页面,当前未取得可用HTTPS页面：network_error,,not_checked,https://nivovista.com/,,,,独立后缀与名称通道：传统后缀（.com）；可读字符形态探索；固定哈希次序第707名，组实际配额1350。未要求命中行业词根；名称线索不是意义或机会确认。,未核实
bryandeaneexteriors.com,2026-08-27,传统后缀,未取得可用页面,当前未取得可用HTTPS页面：network_error,,not_checked,https://bryandeaneexteriors.com/,,,,独立后缀与名称通道：传统后缀（.com）；可读字符形态探索；固定哈希次序第708名，组实际配额1350。未要求命中行业词根；名称线索不是意义或机会确认。,未核实
dexmova.com,2026-09-24,传统后缀,未取得可用页面,当前未取得可用HTTPS页面：http_error,,not_checked,https://www.atom.com/name/DexMova,,,,独立后缀与名称通道：传统后缀（.com）；可读字符形态探索；固定哈希次序第709名，组实际配额1350。未要求命中行业词根；名称线索不是意义或机会确认。,未核实
smartconnectint.com,2026-08-31,传统后缀,近期注册且有内容,RDAP registration 位于近30天窗口；当前HTTPS页面通过实质内容规则,2026-08-29T18:44:14Z,verified_recent,https://smartconnectint.com/,SMART CONNECT E-COMMERCE INTERNATIONAL LIMITED. - Easy to buy,Elevate your home with our curated collection of stylish and functional decor pieces...😊😊,,独立后缀与名称通道：传统后缀（.com）；可读字符形态探索；固定哈希次序第710名，组实际配额1350。未要求命中行业词根；名称线索不是意义或机会确认。,未核实
pgsimdemo.com,2026-09-16,传统后缀,页面内容不足,AI内容复核：标题与描述宣称PG试玩，正文却是学校院系招生、师资与竞赛模板，并出现“中国社会科PG模拟器”等明显字符串替换痕迹；当前内容不能支持其宣称的产品用途，故不从这类替换词提炼实际产品关键词。 原文：中国社会科PG模拟器;自动初判：RDAP registration 位于近30天窗口；当前HTTPS页面通过实质内容规则,2026-09-14T05:49:35Z,verified_recent,http://www.pgsimdemo.com/,PG模拟器官网-最齐全的PG电子试玩,PG模拟器官网(pgsimdemo.com)融合前沿电子、数字交互与智能技术，持续探索电子科技在模拟娱乐与互动体验中的创新应用，汇聚丰富多样的PG电子试玩内容。PG模拟器以技术创新优化游戏运行与交互体验，为用户提供便捷、流畅、多元的在线试玩服务。,PG模拟器,独立后缀与名称通道：传统后缀（.com）；可读字符形态探索；固定哈希次序第711名，组实际配额1350。未要求命中行业词根；名称线索不是意义或机会确认。,未核实
informedblends.com,2026-08-27,传统后缀,未取得可用页面,当前未取得可用HTTPS页面：network_error,,not_checked,https://informedblends.com/,,,,独立后缀与名称通道：传统后缀（.com）；可读字符形态探索；固定哈希次序第712名，组实际配额1350。未要求命中行业词根；名称线索不是意义或机会确认。,未核实
wmcxx.com,2026-09-10,传统后缀,未取得可用页面,当前未取得可用HTTPS页面：http_error,,not_checked,https://wmcxx.com/,,,,独立后缀与名称通道：传统后缀（.com）；短缩写探索；固定哈希次序第713名，组实际配额1350。未要求命中行业词根；名称线索不是意义或机会确认。,未核实
scopevaro.com,2026-09-02,传统后缀,近期注册且有内容,RDAP registration 位于近30天窗口；当前HTTPS页面通过实质内容规则,2026-08-31T03:13:22Z,verified_recent,https://www.scopevaro.com/,ScopeVaro — Construction Bid Intelligence,ScopeVaro construction estimating and bid intelligence platform,Dashboard,独立后缀与名称通道：传统后缀（.com）；可读字符形态探索；固定哈希次序第714名，组实际配额1350。未要求命中行业词根；名称线索不是意义或机会确认。,未核实
ukosog.com,2026-09-01,传统后缀,未取得可用页面,当前未取得可用HTTPS页面：http_error,,not_checked,https://ukosog.com/,,,,独立后缀与名称通道：传统后缀（.com）；可读字符形态探索；固定哈希次序第715名，组实际配额1350。未要求命中行业词根；名称线索不是意义或机会确认。,未核实
tallerviejo.com,2026-09-18,传统后缀,页面内容不足,未同时达到正文160字符且（description≥40字符或非通用H1≥8字符）,,not_checked,https://tallerviejo.com/,,,,独立后缀与名称通道：传统后缀（.com）；可读字符形态探索；固定哈希次序第716名，组实际配额1350。未要求命中行业词根；名称线索不是意义或机会确认。,未核实
mypelicanbeach.com,2026-08-28,传统后缀,注册超过30天,RDAP registration 早于固定30天窗口,2026-08-26T18:07:15Z,verified_old,https://www.mypelicanbeach.com/,Pelican Beach Resort Condo Guide: Units 707 & 1006,"Compare Pelican Beach Resort Units 707 and 1006 by floor, Gulf view, layout, comfort, amenities and exact-unit details before choosing your stay.",My Pelican Beach — A Memory You Take Home.,独立后缀与名称通道：传统后缀（.com）；可读字符形态探索；固定哈希次序第717名，组实际配额1350。未要求命中行业词根；名称线索不是意义或机会确认。,未核实
casasdivinarep.com,2026-09-16,传统后缀,未取得可用页面,当前未取得可用HTTPS页面：network_error,,not_checked,https://casasdivinarep.com/,,,,独立后缀与名称通道：传统后缀（.com）；可读字符形态探索；固定哈希次序第718名，组实际配额1350。未要求命中行业词根；名称线索不是意义或机会确认。,未核实
fairbanksauctions.com,2026-09-10,传统后缀,页面内容不足,未同时达到正文160字符且（description≥40字符或非通用H1≥8字符）,,not_checked,https://fairbanksauctions.com/,,,,独立后缀与名称通道：传统后缀（.com）；可读字符形态探索；固定哈希次序第719名，组实际配额1350。未要求命中行业词根；名称线索不是意义或机会确认。,未核实
awesome-sphere.com,2026-09-03,传统后缀,未取得可用页面,当前未取得可用HTTPS页面：network_error,,not_checked,https://awesome-sphere.com/,,,,独立后缀与名称通道：传统后缀（.com）；通用词典完整分词；固定哈希次序第720名，组实际配额1350。未要求命中行业词根；名称线索不是意义或机会确认。,未核实
haoz7.com,2026-09-23,传统后缀,未取得可用页面,当前未取得可用HTTPS页面：network_error,,not_checked,https://haoz7.com/,,,,独立后缀与名称通道：传统后缀（.com）；少量数字名称探索；固定哈希次序第721名，组实际配额1350。未要求命中行业词根；名称线索不是意义或机会确认。,未核实
gbwho.com,2026-09-10,传统后缀,未取得可用页面,当前未取得可用HTTPS页面：network_error,,not_checked,https://gbwho.com/,,,,独立后缀与名称通道：传统后缀（.com）；短缩写探索；固定哈希次序第722名，组实际配额1350。未要求命中行业词根；名称线索不是意义或机会确认。,未核实
ortoin.com,2026-09-17,传统后缀,未取得可用页面,当前未取得可用HTTPS页面：network_error,,not_checked,https://ortoin.com/,,,,独立后缀与名称通道：传统后缀（.com）；可读字符形态探索；固定哈希次序第723名，组实际配额1350。未要求命中行业词根；名称线索不是意义或机会确认。,未核实
5minutelegacy.com,2026-09-21,传统后缀,停放或未正式开放,标题/H1/description 或域名式标题对应的正文开头命中停放/未开放标记：under construction,,not_checked,https://5minutelegacy.com/,Coming Soon,,5minutelegacy.com,独立后缀与名称通道：传统后缀（.com）；少量数字名称探索；固定哈希次序第724名，组实际配额1350。未要求命中行业词根；名称线索不是意义或机会确认。,未核实
embosser.net,2026-09-03,传统后缀,页面内容不足,未同时达到正文160字符且（description≥40字符或非通用H1≥8字符）,,not_checked,https://embosser.net/,,,,独立后缀与名称通道：传统后缀（.net）；通用词典完整分词；固定哈希次序第725名，组实际配额1350。未要求命中行业词根；名称线索不是意义或机会确认。,未核实
anhappliance.com,2026-09-02,传统后缀,未取得可用页面,当前未取得可用HTTPS页面：too_large,,not_checked,https://anhappliance.com/,,,,独立后缀与名称通道：传统后缀（.com）；可读字符形态探索；固定哈希次序第726名，组实际配额1350。未要求命中行业词根；名称线索不是意义或机会确认。,未核实
stoker-braedsel.com,2026-09-17,传统后缀,未取得可用页面,当前未取得可用HTTPS页面：http_error,,not_checked,https://stoker-braedsel.com/,,,,独立后缀与名称通道：传统后缀（.com）；可读字符形态探索；固定哈希次序第727名，组实际配额1350。未要求命中行业词根；名称线索不是意义或机会确认。,未核实
moeymetals.com,2026-09-20,传统后缀,未取得可用页面,当前未取得可用HTTPS页面：redirect_error,,not_checked,https://pocketoption.com/smart/pfMXdXN0Ukn8QP,,,,独立后缀与名称通道：传统后缀（.com）；可读字符形态探索；固定哈希次序第728名，组实际配额1350。未要求命中行业词根；名称线索不是意义或机会确认。,未核实
metaplannet.com,2026-09-14,传统后缀,未取得可用页面,当前未取得可用HTTPS页面：http_error,,not_checked,https://metaplannet.com/,,,,独立后缀与名称通道：传统后缀（.com）；通用词典完整分词；固定哈希次序第729名，组实际配额1350。未要求命中行业词根；名称线索不是意义或机会确认。,未核实
ecovueltareciclaje.com,2026-09-15,传统后缀,页面内容不足,未同时达到正文160字符且（description≥40字符或非通用H1≥8字符）,,not_checked,https://ecovueltareciclaje.com/,Próximamente,,ecovueltareciclaje.com,独立后缀与名称通道：传统后缀（.com）；可读字符形态探索；固定哈希次序第730名，组实际配额1350。未要求命中行业词根；名称线索不是意义或机会确认。,未核实
guardianbasetransportation.com,2026-09-25,传统后缀,未取得可用页面,当前未取得可用HTTPS页面：http_error,,not_checked,https://guardianbasetransportation.com/,,,,独立后缀与名称通道：传统后缀（.com）；通用词典完整分词；固定哈希次序第731名，组实际配额1350。未要求命中行业词根；名称线索不是意义或机会确认。,未核实
brewcentre.com,2026-09-01,传统后缀,未取得可用页面,当前未取得可用HTTPS页面：network_error,,not_checked,https://brewcentre.com/,,,,独立后缀与名称通道：传统后缀（.com）；可读字符形态探索；固定哈希次序第732名，组实际配额1350。未要求命中行业词根；名称线索不是意义或机会确认。,未核实
homecaremedicalokc.net,2026-09-23,传统后缀,未取得可用页面,当前未取得可用HTTPS页面：http_error,,not_checked,https://www.homecaremedicalokc.net/,,,,独立后缀与名称通道：传统后缀（.net）；可读字符形态探索；固定哈希次序第733名，组实际配额1350。未要求命中行业词根；名称线索不是意义或机会确认。,未核实
tbamandateam.com,2026-09-17,传统后缀,未取得可用页面,AI内容复核：首页实际返回人机验证壳；必须完成验证才会跳转，当前未取得目标网站内容，也未绕过验证。 原文：Confirm you are human;自动初判：RDAP registration 位于近30天窗口；当前HTTPS页面通过实质内容规则,2026-09-15T00:48:31Z,verified_recent,https://tbamandateam.com/,Security check,,Confirm you are human,独立后缀与名称通道：传统后缀（.com）；可读字符形态探索；固定哈希次序第734名，组实际配额1350。未要求命中行业词根；名称线索不是意义或机会确认。,未核实
societyaap.com,2026-09-23,传统后缀,页面内容不足,未同时达到正文160字符且（description≥40字符或非通用H1≥8字符）,,not_checked,https://societyaap.com/,,,,独立后缀与名称通道：传统后缀（.com）；可读字符形态探索；固定哈希次序第735名，组实际配额1350。未要求命中行业词根；名称线索不是意义或机会确认。,未核实
victoiremeneur.com,2026-09-09,传统后缀,未取得可用页面,当前未取得可用HTTPS页面：network_error,,not_checked,https://victoiremeneur.com/,,,,独立后缀与名称通道：传统后缀（.com）；可读字符形态探索；固定哈希次序第736名，组实际配额1350。未要求命中行业词根；名称线索不是意义或机会确认。,未核实
lt-line-parts.com,2026-09-04,传统后缀,未取得可用页面,当前未取得可用HTTPS页面：network_error,,not_checked,https://lt-line-parts.com/,,,,独立后缀与名称通道：传统后缀（.com）；可读字符形态探索；固定哈希次序第737名，组实际配额1350。未要求命中行业词根；名称线索不是意义或机会确认。,未核实
colegiobb.com,2026-09-06,传统后缀,未取得可用页面,当前未取得可用HTTPS页面：network_error,,not_checked,https://colegiobb.com/,,,,独立后缀与名称通道：传统后缀（.com）；可读字符形态探索；固定哈希次序第738名，组实际配额1350。未要求命中行业词根；名称线索不是意义或机会确认。,未核实
usapulse.net,2026-09-01,传统后缀,页面内容不足,未同时达到正文160字符且（description≥40字符或非通用H1≥8字符）,,not_checked,https://usapulse.net/,USAPulse.net — Explore the Pulse of America,,,独立后缀与名称通道：传统后缀（.net）；可读字符形态探索；固定哈希次序第739名，组实际配额1350。未要求命中行业词根；名称线索不是意义或机会确认。,未核实
ferder.net,2026-09-17,传统后缀,未取得可用页面,当前未取得可用HTTPS页面：network_error,,not_checked,https://ferder.net/,,,,独立后缀与名称通道：传统后缀（.net）；可读字符形态探索；固定哈希次序第740名，组实际配额1350。未要求命中行业词根；名称线索不是意义或机会确认。,未核实
gzyuronfu.com,2026-09-02,传统后缀,未取得可用页面,当前未取得可用HTTPS页面：network_error,,not_checked,https://gzyuronfu.com/,,,,独立后缀与名称通道：传统后缀（.com）；可读字符形态探索；固定哈希次序第741名，组实际配额1350。未要求命中行业词根；名称线索不是意义或机会确认。,未核实
隔离记录-c81ac72208bf,2026-08-28,传统后缀,注册时间未核实,公开展示暂隔离，原始技术判定保留。,,unknown,,已移出本轮研究范围,,,名称与原文不在公开工作台展示；抽样位置保留于本地审计。,未核实
onpointapresentacoes.com,2026-08-30,传统后缀,未取得可用页面,当前未取得可用HTTPS页面：network_error,,not_checked,https://onpointapresentacoes.com/,,,,独立后缀与名称通道：传统后缀（.com）；可读字符形态探索；固定哈希次序第743名，组实际配额1350。未要求命中行业词根；名称线索不是意义或机会确认。,未核实
studiok22.com,2026-09-08,传统后缀,停放或未正式开放,标题/H1/description 或域名式标题对应的正文开头命中停放/未开放标记：under construction,,not_checked,https://studiok22.com/,Coming Soon,,studiok22.com,独立后缀与名称通道：传统后缀（.com）；少量数字名称探索；固定哈希次序第744名，组实际配额1350。未要求命中行业词根；名称线索不是意义或机会确认。,未核实
mindandlogicbooks.com,2026-09-15,传统后缀,未取得可用页面,当前未取得可用HTTPS页面：http_error,,not_checked,https://mindandlogicbooks.com/,,,,独立后缀与名称通道：传统后缀（.com）；可读字符形态探索；固定哈希次序第745名，组实际配额1350。未要求命中行业词根；名称线索不是意义或机会确认。,未核实
paintingguidehub.com,2026-09-09,传统后缀,近期注册且有内容,RDAP registration 位于近30天窗口；当前HTTPS页面通过实质内容规则,2026-09-07T04:12:00Z,verified_recent,https://www.paintingguidehub.com/,The Art of Oil Painting,,Mindblown: a blog about philosophy.,独立后缀与名称通道：传统后缀（.com）；通用词典完整分词；固定哈希次序第746名，组实际配额1350。未要求命中行业词根；名称线索不是意义或机会确认。,未核实
portalimportass.com,2026-09-16,传统后缀,未取得可用页面,当前未取得可用HTTPS页面：network_error,,not_checked,https://portalimportass.com/,,,,独立后缀与名称通道：传统后缀（.com）；通用词典完整分词；固定哈希次序第747名，组实际配额1350。未要求命中行业词根；名称线索不是意义或机会确认。,未核实
ifa-st01.com,2026-09-23,传统后缀,未取得可用页面,当前未取得可用HTTPS页面：network_error,,not_checked,https://ifa-st01.com/,,,,独立后缀与名称通道：传统后缀（.com）；少量数字名称探索；固定哈希次序第748名，组实际配额1350。未要求命中行业词根；名称线索不是意义或机会确认。,未核实
myraonly.com,2026-09-15,传统后缀,页面内容不足,未同时达到正文160字符且（description≥40字符或非通用H1≥8字符）,,not_checked,https://myraonly.com/,Myra (@myraonly) on Supalink,Instant Surprise when you joinnn for free,Myra;Myra,独立后缀与名称通道：传统后缀（.com）；通用词典完整分词；固定哈希次序第749名，组实际配额1350。未要求命中行业词根；名称线索不是意义或机会确认。,未核实
trybauapp.com,2026-09-25,传统后缀,未取得可用页面,当前未取得可用HTTPS页面：network_error,,not_checked,https://trybauapp.com/,,,,独立后缀与名称通道：传统后缀（.com）；可读字符形态探索；固定哈希次序第750名，组实际配额1350。未要求命中行业词根；名称线索不是意义或机会确认。,未核实
aig-inspection.com,2026-09-03,传统后缀,页面内容不足,未同时达到正文160字符且（description≥40字符或非通用H1≥8字符）,,not_checked,https://aig-inspection.com/,Parked Domain name on Hostinger DNS system,,,独立后缀与名称通道：传统后缀（.com）；可读字符形态探索；固定哈希次序第751名，组实际配额1350。未要求命中行业词根；名称线索不是意义或机会确认。,未核实
findcto.com,2026-08-31,传统后缀,页面内容不足,未同时达到正文160字符且（description≥40字符或非通用H1≥8字符）,,not_checked,https://findcto.com/,,,,独立后缀与名称通道：传统后缀（.com）；可读字符形态探索；固定哈希次序第752名，组实际配额1350。未要求命中行业词根；名称线索不是意义或机会确认。,未核实
kittycanine.com,2026-09-19,传统后缀,未取得可用页面,当前未取得可用HTTPS页面：network_error,,not_checked,https://kittycanine.com/,,,,独立后缀与名称通道：传统后缀（.com）；通用词典完整分词；固定哈希次序第753名，组实际配额1350。未要求命中行业词根；名称线索不是意义或机会确认。,未核实
islamismartloan.com,2026-08-29,传统后缀,未取得可用页面,当前未取得可用HTTPS页面：network_error,,not_checked,https://islamismartloan.com/,,,,独立后缀与名称通道：传统后缀（.com）；通用词典完整分词；固定哈希次序第754名，组实际配额1350。未要求命中行业词根；名称线索不是意义或机会确认。,未核实
qonqor.com,2026-09-21,传统后缀,页面内容不足,未同时达到正文160字符且（description≥40字符或非通用H1≥8字符）,,not_checked,https://qonqor.com/,,,,独立后缀与名称通道：传统后缀（.com）；可读字符形态探索；固定哈希次序第755名，组实际配额1350。未要求命中行业词根；名称线索不是意义或机会确认。,未核实
makrfab.com,2026-09-01,传统后缀,近期注册且有内容,RDAP registration 位于近30天窗口；当前HTTPS页面通过实质内容规则,2026-08-30T23:58:29Z,verified_recent,https://makrfab.com/,Home | MakrFab,A market where consumers become creators.,,独立后缀与名称通道：传统后缀（.com）；可读字符形态探索；固定哈希次序第756名，组实际配额1350。未要求命中行业词根；名称线索不是意义或机会确认。,未核实
discvara.com,2026-08-30,传统后缀,未取得可用页面,当前未取得可用HTTPS页面：http_error,,not_checked,https://discvara.com/,,,,独立后缀与名称通道：传统后缀（.com）；通用词典完整分词；固定哈希次序第757名，组实际配额1350。未要求命中行业词根；名称线索不是意义或机会确认。,未核实
matadr91.com,2026-09-23,传统后缀,未取得可用页面,当前未取得可用HTTPS页面：http_error,,not_checked,https://matadr91.com/,,,,独立后缀与名称通道：传统后缀（.com）；少量数字名称探索；固定哈希次序第758名，组实际配额1350。未要求命中行业词根；名称线索不是意义或机会确认。,未核实
10nkja.com,2026-08-29,传统后缀,未取得可用页面,当前未取得可用HTTPS页面：network_error,,not_checked,https://10nkja.com/,,,,独立后缀与名称通道：传统后缀（.com）；少量数字名称探索；固定哈希次序第759名，组实际配额1350。未要求命中行业词根；名称线索不是意义或机会确认。,未核实
protegemyrtw.com,2026-09-09,传统后缀,近期注册且有内容,RDAP registration 位于近30天窗口；当前HTTPS页面通过实质内容规则,2026-09-07T07:11:57Z,verified_recent,https://protegemyrtw.com/,PROTÉGÉ - Professional Training & Education for Growing Entrepreneurs,,Bina Masa Depan Kerjaya & Keusahawanan Anda,独立后缀与名称通道：传统后缀（.com）；可读字符形态探索；固定哈希次序第760名，组实际配额1350。未要求命中行业词根；名称线索不是意义或机会确认。,未核实
bppar.com,2026-09-13,传统后缀,未取得可用页面,当前未取得可用HTTPS页面：network_error,,not_checked,https://bppar.com/,,,,独立后缀与名称通道：传统后缀（.com）；短缩写探索；固定哈希次序第761名，组实际配额1350。未要求命中行业词根；名称线索不是意义或机会确认。,未核实
37quotes.com,2026-08-28,传统后缀,未取得可用页面,当前未取得可用HTTPS页面：network_error,,not_checked,https://37quotes.com/,,,,独立后缀与名称通道：传统后缀（.com）；少量数字名称探索；固定哈希次序第762名，组实际配额1350。未要求命中行业词根；名称线索不是意义或机会确认。,未核实
craneconcretepolishing.com,2026-09-16,传统后缀,跳转到其他域名,来源域名近期注册，但最终页面属于其他域名；目标站上线时间未知,2026-09-14T12:15:15Z,verified_recent,https://craneconcretepolish.com//,"Crane Concrete Polishing | Residential, Commercial & Industrial Floors in SC","Transform your concrete floors with Crane Concrete Polishing in South Carolina. We specialize in residential, commercial, and industrial polished concrete for durable, low-maintenance, high-gloss results.",,独立后缀与名称通道：传统后缀（.com）；通用词典完整分词；固定哈希次序第763名，组实际配额1350。未要求命中行业词根；名称线索不是意义或机会确认。,未核实
levrix-agency.com,2026-09-10,传统后缀,未取得可用页面,当前未取得可用HTTPS页面：network_error,,not_checked,https://levrix-agency.com/,,,,独立后缀与名称通道：传统后缀（.com）；通用词典完整分词；固定哈希次序第764名，组实际配额1350。未要求命中行业词根；名称线索不是意义或机会确认。,未核实
bookspud.com,2026-09-15,传统后缀,未取得可用页面,当前未取得可用HTTPS页面：http_error,,not_checked,https://bookspud.com/,,,,独立后缀与名称通道：传统后缀（.com）；通用词典完整分词；固定哈希次序第765名，组实际配额1350。未要求命中行业词根；名称线索不是意义或机会确认。,未核实
athleteimpactsystem.com,2026-09-09,传统后缀,未取得可用页面,当前未取得可用HTTPS页面：network_error,,not_checked,https://athleteimpactsystem.com/,,,,独立后缀与名称通道：传统后缀（.com）；通用词典完整分词；固定哈希次序第766名，组实际配额1350。未要求命中行业词根；名称线索不是意义或机会确认。,未核实
atdena.com,2026-09-12,传统后缀,未取得可用页面,当前未取得可用HTTPS页面：network_error,,not_checked,https://atdena.com/,,,,独立后缀与名称通道：传统后缀（.com）；可读字符形态探索；固定哈希次序第767名，组实际配额1350。未要求命中行业词根；名称线索不是意义或机会确认。,未核实
xinhengyitech.com,2026-09-21,传统后缀,未取得可用页面,当前未取得可用HTTPS页面：network_error,,not_checked,https://xinhengyitech.com/,,,,独立后缀与名称通道：传统后缀（.com）；可读字符形态探索；固定哈希次序第768名，组实际配额1350。未要求命中行业词根；名称线索不是意义或机会确认。,未核实
cavuapplication.com,2026-08-30,传统后缀,未取得可用页面,当前未取得可用HTTPS页面：network_error,,not_checked,https://cavuapplication.com/,,,,独立后缀与名称通道：传统后缀（.com）；可读字符形态探索；固定哈希次序第769名，组实际配额1350。未要求命中行业词根；名称线索不是意义或机会确认。,未核实
98xoo.com,2026-09-12,传统后缀,页面内容不足,未同时达到正文160字符且（description≥40字符或非通用H1≥8字符）,,not_checked,https://202608.urldance.com/7d/?98xoo.com,welcome,,,独立后缀与名称通道：传统后缀（.com）；少量数字名称探索；固定哈希次序第770名，组实际配额1350。未要求命中行业词根；名称线索不是意义或机会确认。,未核实
wayang4d.com,2026-09-12,传统后缀,未取得可用页面,当前未取得可用HTTPS页面：network_error,,not_checked,http://ww38.wayang4d.com/,,,,独立后缀与名称通道：传统后缀（.com）；少量数字名称探索；固定哈希次序第771名，组实际配额1350。未要求命中行业词根；名称线索不是意义或机会确认。,未核实
gelpolishsupplyco.com,2026-08-30,传统后缀,近期注册且有内容,RDAP registration 位于近30天窗口；当前HTTPS页面通过实质内容规则,2026-08-28T01:36:46Z,verified_recent,https://www.gelpolishsupplyco.com/,"Gel Polish, Dip Powder and Nail Art Supplies for Every Nail Salon","Shop gel polish, dip powder, acrylic powder, nail art, custom nail products, and professional nail supplies for every nail salon. Quality products from trusted brands. Fast shipping. Shop now.",,独立后缀与名称通道：传统后缀（.com）；可读字符形态探索；固定哈希次序第772名，组实际配额1350。未要求命中行业词根；名称线索不是意义或机会确认。,未核实
nadiaapp.com,2026-08-31,传统后缀,未取得可用页面,当前未取得可用HTTPS页面：network_error,,not_checked,https://nadiaapp.com/,,,,独立后缀与名称通道：传统后缀（.com）；可读字符形态探索；固定哈希次序第773名，组实际配额1350。未要求命中行业词根；名称线索不是意义或机会确认。,未核实
edgaromarmusic.com,2026-09-06,传统后缀,跳转到其他域名,来源域名近期注册，但最终页面属于其他域名；目标站上线时间未知,2026-09-04T08:16:34Z,verified_recent,https://thevocalguy.com/,The Vocal Guy · Edgar Omar,"The Vocal Guy — Edgar Omar. The voice behind the voices: studio background vocals, live vocal direction, vocal playback tracks and coaching. NBC The Sing-Off champion with NOTA · Sonido Tré · Los Hispanos. Puerto Rico.",Edgar Omar The Vocal Guy La voz detrás de las voces The voice behind the voices,独立后缀与名称通道：传统后缀（.com）；通用词典完整分词；固定哈希次序第774名，组实际配额1350。未要求命中行业词根；名称线索不是意义或机会确认。,未核实
alasante.org,2026-09-06,传统后缀,页面内容不足,未同时达到正文160字符且（description≥40字符或非通用H1≥8字符）,,not_checked,https://alasante.org/,,,,独立后缀与名称通道：传统后缀（.org）；通用词典完整分词；固定哈希次序第775名，组实际配额1350。未要求命中行业词根；名称线索不是意义或机会确认。,未核实
planbetsrilanka.com,2026-08-29,传统后缀,页面内容不足,未同时达到正文160字符且（description≥40字符或非通用H1≥8字符）,,not_checked,https://planbetsrilanka.com/,Website planbetsrilanka.com is ready. The content is to be added,,,独立后缀与名称通道：传统后缀（.com）；可读字符形态探索；固定哈希次序第776名，组实际配额1350。未要求命中行业词根；名称线索不是意义或机会确认。,未核实
panditsairamji.com,2026-09-24,传统后缀,未取得可用页面,当前未取得可用HTTPS页面：http_error,,not_checked,https://panditsairamji.com/,,,,独立后缀与名称通道：传统后缀（.com）；可读字符形态探索；固定哈希次序第777名，组实际配额1350。未要求命中行业词根；名称线索不是意义或机会确认。,未核实
inverodecisions.com,2026-08-28,传统后缀,未取得可用页面,当前未取得可用HTTPS页面：http_error,,not_checked,https://inverodecisions.com/,,,,独立后缀与名称通道：传统后缀（.com）；可读字符形态探索；固定哈希次序第778名，组实际配额1350。未要求命中行业词根；名称线索不是意义或机会确认。,未核实
cityoutcomes.com,2026-08-29,传统后缀,近期注册且有内容,RDAP registration 位于近30天窗口；当前HTTPS页面通过实质内容规则,2026-08-27T17:58:27Z,verified_recent,https://cityoutcomes.com/,NYC Comparator Lab NYC relative to comparator cities · conventional DiD,"Interactively test claims about NYC crime, jobs, housing, evictions, transit, and air travel against selectable comparator panels.",Are the “Mamdani effects” actually unusual?,独立后缀与名称通道：传统后缀（.com）；通用词典完整分词；固定哈希次序第779名，组实际配额1350。未要求命中行业词根；名称线索不是意义或机会确认。,未核实
theprotagonistcoach.com,2026-09-12,传统后缀,未取得可用页面,当前未取得可用HTTPS页面：http_error,,not_checked,https://theprotagonistcoach.com/,,,,独立后缀与名称通道：传统后缀（.com）；通用词典完整分词；固定哈希次序第780名，组实际配额1350。未要求命中行业词根；名称线索不是意义或机会确认。,未核实
futurewithsage.com,2026-09-15,传统后缀,未取得可用页面,当前未取得可用HTTPS页面：network_error,,not_checked,https://futurewithsage.com/,,,,独立后缀与名称通道：传统后缀（.com）；通用词典完整分词；固定哈希次序第781名，组实际配额1350。未要求命中行业词根；名称线索不是意义或机会确认。,未核实
vuathammy.com,2026-09-07,传统后缀,未取得可用页面,当前未取得可用HTTPS页面：network_error,,not_checked,https://vuathammy.com/,,,,独立后缀与名称通道：传统后缀（.com）；可读字符形态探索；固定哈希次序第782名，组实际配额1350。未要求命中行业词根；名称线索不是意义或机会确认。,未核实
houseofrevivaltn.com,2026-09-12,传统后缀,近期注册且有内容,RDAP registration 位于近30天窗口；当前HTTPS页面通过实质内容规则,2026-09-10T21:55:21Z,verified_recent,https://houseofrevivaltn.com/,"House of Revival | Curated Furniture in Knoxville, TN","Shop curated and refinished furniture from House of Revival in Knoxville, Tennessee. One-of-a-kind furnishings thoughtfully designed for distinctive interiors.",House of Revival,独立后缀与名称通道：传统后缀（.com）；可读字符形态探索；固定哈希次序第783名，组实际配额1350。未要求命中行业词根；名称线索不是意义或机会确认。,未核实
taivoxtienda.com,2026-09-13,传统后缀,近期注册且有内容,RDAP registration 位于近30天窗口；当前HTTPS页面通过实质内容规则,2026-09-11T23:13:28Z,verified_recent,https://taivoxtienda.com/,Tienda Online de TAIVOX,Comprá productos de TAIVOX por internet. Tenemos lo que buscas en Termocontraibles con Estaño . Hacé tu pedido y pagalo online.,,独立后缀与名称通道：传统后缀（.com）；可读字符形态探索；固定哈希次序第784名，组实际配额1350。未要求命中行业词根；名称线索不是意义或机会确认。,未核实
agentesports.net,2026-09-14,传统后缀,近期注册且有内容,RDAP registration 位于近30天窗口；当前HTTPS页面通过实质内容规则,2026-09-11T09:02:21Z,verified_recent,https://agentesports.net/,"agentesports भारत – क्रिकेट और कबड्डी जानकारी, मुफ्त अभ्यास खेल","agentesports पर क्रिकेट, फुटबॉल, कबड्डी और सिम्युलेटेड गेम की जानकारी पाएं। UPI, बैंक ट्रांसफर, IMPS केवल संदर्भ हेतु। लागू भारतीय कानून के अधीन।","agentesports — क्रिकेट, खेल और गेम की पूरी जानकारी एक जगह",独立后缀与名称通道：传统后缀（.net）；可读字符形态探索；固定哈希次序第785名，组实际配额1350。未要求命中行业词根；名称线索不是意义或机会确认。,未核实
cerverus.org,2026-09-06,传统后缀,未取得可用页面,当前未取得可用HTTPS页面：network_error,,not_checked,https://cerverus.org/,,,,独立后缀与名称通道：传统后缀（.org）；可读字符形态探索；固定哈希次序第786名，组实际配额1350。未要求命中行业词根；名称线索不是意义或机会确认。,未核实
thebrainbarn.com,2026-09-04,传统后缀,页面内容不足,未同时达到正文160字符且（description≥40字符或非通用H1≥8字符）,,not_checked,https://thebrainbarn.com/,,,,独立后缀与名称通道：传统后缀（.com）；通用词典完整分词；固定哈希次序第787名，组实际配额1350。未要求命中行业词根；名称线索不是意义或机会确认。,未核实
oneberwyn.org,2026-09-22,传统后缀,页面内容不足,未同时达到正文160字符且（description≥40字符或非通用H1≥8字符）,,not_checked,https://oneberwyn.org/,,,,独立后缀与名称通道：传统后缀（.org）；通用词典完整分词；固定哈希次序第788名，组实际配额1350。未要求命中行业词根；名称线索不是意义或机会确认。,未核实
oakphone.com,2026-09-08,传统后缀,未取得可用页面,当前未取得可用HTTPS页面：network_error,,not_checked,https://oakphone.com/,,,,独立后缀与名称通道：传统后缀（.com）；通用词典完整分词；固定哈希次序第789名，组实际配额1350。未要求命中行业词根；名称线索不是意义或机会确认。,未核实
ifechukwunwani.com,2026-09-13,传统后缀,未取得可用页面,当前未取得可用HTTPS页面：network_error,,not_checked,https://ifechukwunwani.com/,,,,独立后缀与名称通道：传统后缀（.com）；可读字符形态探索；固定哈希次序第790名，组实际配额1350。未要求命中行业词根；名称线索不是意义或机会确认。,未核实
brandchosen.com,2026-09-24,传统后缀,页面内容不足,未同时达到正文160字符且（description≥40字符或非通用H1≥8字符）,,not_checked,https://brandchosen.com/,,,,独立后缀与名称通道：传统后缀（.com）；通用词典完整分词；固定哈希次序第791名，组实际配额1350。未要求命中行业词根；名称线索不是意义或机会确认。,未核实
growthflaregains.com,2026-09-05,传统后缀,跳转到其他域名,来源域名近期注册，但最终页面属于其他域名；目标站上线时间未知,2026-09-03T12:19:10Z,verified_recent,https://growthflare.io/,GrowthFlare | Full-Funnel Growth Systems for B2B Sales Teams,"We build and run the complete system that turns cold outreach into closed deals. Offer, outbound, conversion infrastructure, and an assigned appointment setter.",F u ll-Funnel Gr o wth Systems Built To Acc e ss Your Entire M a rket,独立后缀与名称通道：传统后缀（.com）；通用词典完整分词；固定哈希次序第792名，组实际配额1350。未要求命中行业词根；名称线索不是意义或机会确认。,未核实
core4vitality.com,2026-09-15,传统后缀,未取得可用页面,当前未取得可用HTTPS页面：http_error,,not_checked,https://core4vitality.com/,,,,独立后缀与名称通道：传统后缀（.com）；少量数字名称探索；固定哈希次序第793名，组实际配额1350。未要求命中行业词根；名称线索不是意义或机会确认。,未核实
hslvyou.com,2026-09-10,传统后缀,近期注册且有内容,RDAP registration 位于近30天窗口；当前HTTPS页面通过实质内容规则,2026-09-08T18:40:11Z,verified_recent,https://hslvyou.com/,牛牛影视 - 人气佳片与荧屏热作随时发现|喜剧动作悬疑剧场多题材 | 热播剧集在线观看_影视资讯聚合,牛牛影视为追剧观众聚合热播剧集、经典电影与影视幕后资讯，涵盖国产剧、港剧、日韩剧、欧美剧等多元品类，同步整理演员阵容、剧情看点与拍摄花絮，帮你快速判断一部作品值不值得追。手机、平板、电脑多端自适应浏览，找片与追更新都更省心。欢迎收藏本站，随时回来看最新内容。,牛牛影视 追剧看片，一站就够,独立后缀与名称通道：传统后缀（.com）；可读字符形态探索；固定哈希次序第794名，组实际配额1350。未要求命中行业词根；名称线索不是意义或机会确认。,未核实
dobbelshop.com,2026-09-16,传统后缀,近期注册且有内容,RDAP registration 位于近30天窗口；当前HTTPS页面通过实质内容规则,2026-09-14T06:08:23Z,verified_recent,https://dobbelshop.com/,Dobbelshop | dobbelstenen en dice sets voor bordspellen,"Bij Dobbelshop vind je een breed assortiment aan dobbelstenen, complete sets en accessoires voor bordspellen, rollenspellen en gezelschapsspellen – ontdek je favorieten en bestel eenvoudig online.",Nieuwigheden,独立后缀与名称通道：传统后缀（.com）；通用词典完整分词；固定哈希次序第795名，组实际配额1350。未要求命中行业词根；名称线索不是意义或机会确认。,未核实
ethersisbroadcast.com,2026-09-20,传统后缀,未取得可用页面,当前未取得可用HTTPS页面：network_error,,not_checked,https://ethersisbroadcast.com/,,,,独立后缀与名称通道：传统后缀（.com）；通用词典完整分词；固定哈希次序第796名，组实际配额1350。未要求命中行业词根；名称线索不是意义或机会确认。,未核实
descoteaufluxcore.com,2026-09-17,传统后缀,近期注册且有内容,RDAP registration 位于近30天窗口；当前HTTPS页面通过实质内容规则,2026-09-15T15:22:45Z,verified_recent,https://descoteaufluxcore.com/,DESCOTEAU FLUXCORE TECH LLC | Technology Solutions,"DESCOTEAU FLUXCORE TECH LLC is a Kentucky-based technology company focused on practical, reliable digital solutions.",Building practical technology with clarity and purpose.,独立后缀与名称通道：传统后缀（.com）；可读字符形态探索；固定哈希次序第797名，组实际配额1350。未要求命中行业词根；名称线索不是意义或机会确认。,未核实
abbotsleybureau.com,2026-09-13,传统后缀,跳转到其他域名,来源域名近期注册，但最终页面属于其他域名；目标站上线时间未知,2026-09-11T22:09:50Z,verified_recent,https://www.breezygrowthco.com/,Breezy Growth Co. — B2B Go-To-Market Firm,"A done-for-you go-to-market firm for B2B outbound. We run your entire outbound engine — ICP, infrastructure, messaging, sending, and lead delivery. Access to qualified introductions in one market — a fixed 60-day pilot, then ongoing access.",We work your market and introduce you to the people worth knowing.,独立后缀与名称通道：传统后缀（.com）；通用词典完整分词；固定哈希次序第798名，组实际配额1350。未要求命中行业词根；名称线索不是意义或机会确认。,未核实
coolxvid.net,2026-09-12,传统后缀,停放或未正式开放,标题/H1/description 或域名式标题对应的正文开头命中停放/未开放标记：domain for sale,,not_checked,https://coolxvid.net/,porkbun.com | domain for sale,,This domain is for sale.,独立后缀与名称通道：传统后缀（.net）；可读字符形态探索；固定哈希次序第799名，组实际配额1350。未要求命中行业词根；名称线索不是意义或机会确认。,未核实
calmharborsplacement.com,2026-09-10,传统后缀,未取得可用页面,当前未取得可用HTTPS页面：network_error,,not_checked,https://calmharborsplacement.com/,,,,独立后缀与名称通道：传统后缀（.com）；可读字符形态探索；固定哈希次序第800名，组实际配额1350。未要求命中行业词根；名称线索不是意义或机会确认。,未核实
greenfriday-lacompa.com,2026-09-10,传统后缀,近期注册且有内容,RDAP registration 位于近30天窗口；当前HTTPS页面通过实质内容规则,2026-09-08T21:23:45Z,verified_recent,https://greenfriday-lacompa.com/,Green Friday × La Compassion,,"Ce vendredi-là, on ne consomme pas. On redonne.",独立后缀与名称通道：传统后缀（.com）；可读字符形态探索；固定哈希次序第801名，组实际配额1350。未要求命中行业词根；名称线索不是意义或机会确认。,未核实
vestaravault.com,2026-09-20,传统后缀,近期注册且有内容,RDAP registration 位于近30天窗口；当前HTTPS页面通过实质内容规则,2026-09-18T19:31:01Z,verified_recent,https://vestaravault.com/,Vestara Vault — Apartment Management Software for Move-In & Move-Out Inspections,"Apartment management software for property managers: run the property management checklist room by room, document unit condition at move-in and move-out with time-stamped photos, and collect tenant sign-off.",Every room. On the record.,独立后缀与名称通道：传统后缀（.com）；通用词典完整分词；固定哈希次序第802名，组实际配额1350。未要求命中行业词根；名称线索不是意义或机会确认。,未核实
bigvworks.com,2026-09-17,传统后缀,页面内容不足,未同时达到正文160字符且（description≥40字符或非通用H1≥8字符）,,not_checked,https://bigvworks.com/,,,,独立后缀与名称通道：传统后缀（.com）；可读字符形态探索；固定哈希次序第803名，组实际配额1350。未要求命中行业词根；名称线索不是意义或机会确认。,未核实
richglamskin.com,2026-08-31,传统后缀,未取得可用页面,当前未取得可用HTTPS页面：too_large,,not_checked,https://richauntyskin.com/,,,,独立后缀与名称通道：传统后缀（.com）；通用词典完整分词；固定哈希次序第804名，组实际配额1350。未要求命中行业词根；名称线索不是意义或机会确认。,未核实
thirtydias.com,2026-09-17,传统后缀,页面内容不足,未同时达到正文160字符且（description≥40字符或非通用H1≥8字符）,,not_checked,https://thirtydias.com/,30 Días Language Coach,30 Días Language Coach — built on Replit. Update this description to reflect the app.,,独立后缀与名称通道：传统后缀（.com）；可读字符形态探索；固定哈希次序第805名，组实际配额1350。未要求命中行业词根；名称线索不是意义或机会确认。,未核实
r2wsecurity.com,2026-08-27,传统后缀,未取得可用页面,当前未取得可用HTTPS页面：network_error,,not_checked,https://r2wsecurity.com/,,,,独立后缀与名称通道：传统后缀（.com）；少量数字名称探索；固定哈希次序第806名，组实际配额1350。未要求命中行业词根；名称线索不是意义或机会确认。,未核实
cavalo-p9.com,2026-09-01,传统后缀,页面内容不足,未同时达到正文160字符且（description≥40字符或非通用H1≥8字符）,,not_checked,https://cavalo-p9.com/,,,,独立后缀与名称通道：传统后缀（.com）；少量数字名称探索；固定哈希次序第807名，组实际配额1350。未要求命中行业词根；名称线索不是意义或机会确认。,未核实
anhuineijuan.com,2026-09-08,传统后缀,未取得可用页面,当前未取得可用HTTPS页面：network_error,,not_checked,https://anhuineijuan.com/,,,,独立后缀与名称通道：传统后缀（.com）；可读字符形态探索；固定哈希次序第808名，组实际配额1350。未要求命中行业词根；名称线索不是意义或机会确认。,未核实
somnalys.com,2026-09-09,传统后缀,页面内容不足,未同时达到正文160字符且（description≥40字符或非通用H1≥8字符）,,not_checked,https://www.somnalys.com/,Accueil — Somnalys,Page d'accueil de Somnalys,,独立后缀与名称通道：传统后缀（.com）；可读字符形态探索；固定哈希次序第809名，组实际配额1350。未要求命中行业词根；名称线索不是意义或机会确认。,未核实
syukaholdings.com,2026-09-10,传统后缀,未取得可用页面,当前未取得可用HTTPS页面：network_error,,not_checked,https://syukaholdings.com/,,,,独立后缀与名称通道：传统后缀（.com）；可读字符形态探索；固定哈希次序第810名，组实际配额1350。未要求命中行业词根；名称线索不是意义或机会确认。,未核实
waterdamagerestorationtampaco.com,2026-08-30,传统后缀,近期注册且有内容,RDAP registration 位于近30天窗口；当前HTTPS页面通过实质内容规则,2026-08-28T15:18:04Z,verified_recent,https://waterdamagerestorationtampaco.com/,"Water Damage Restoration Tampa, FL | 24/7 Emergency Response","24/7 water damage restoration in Tampa, FL. Storm, flood, and burst pipe cleanup with IICRC S500 drying protocols. Call 772-291-5749 for immediate help.","Water Damage Restoration in Tampa, FL",独立后缀与名称通道：传统后缀（.com）；通用词典完整分词；固定哈希次序第811名，组实际配额1350。未要求命中行业词根；名称线索不是意义或机会确认。,未核实
nyxbound.net,2026-09-17,传统后缀,近期注册且有内容,RDAP registration 位于近30天窗口；当前HTTPS页面通过实质内容规则,2026-09-15T05:01:11Z,verified_recent,https://nyxbound.net/,nyxbound - HTML5 Free Multiplayer Online Game,"Play nyxbound now, a Free Multiplayer Online HTML5 Game. Play with or meet new friends anywhere, no downloads. Collect items, new game modes, and challenges.",nyxbound - Online Multiplayer Free Game!,独立后缀与名称通道：传统后缀（.net）；可读字符形态探索；固定哈希次序第812名，组实际配额1350。未要求命中行业词根；名称线索不是意义或机会确认。,未核实
railtransholding.com,2026-08-28,传统后缀,未取得可用页面,当前未取得可用HTTPS页面：network_error,,not_checked,https://railtransholding.com/,,,,独立后缀与名称通道：传统后缀（.com）；可读字符形态探索；固定哈希次序第813名，组实际配额1350。未要求命中行业词根；名称线索不是意义或机会确认。,未核实
beritapolitik24.com,2026-09-22,传统后缀,近期注册且有内容,RDAP registration 位于近30天窗口；当前HTTPS页面通过实质内容规则,2026-09-20T01:48:53Z,verified_recent,https://beritapolitik24.com/,Berita Politik 24 – Berita Politik 24,"Berita Politik 24 merupakan media informasi yang menyajikan berita terkini, faktual, dan informatif seputar politik dan berbagai isu publik.",,独立后缀与名称通道：传统后缀（.com）；少量数字名称探索；固定哈希次序第814名，组实际配额1350。未要求命中行业词根；名称线索不是意义或机会确认。,未核实
sauceboxburlesque.com,2026-09-12,传统后缀,未取得可用页面,当前未取得可用HTTPS页面：network_error,,not_checked,https://sauceboxburlesque.com/,,,,独立后缀与名称通道：传统后缀（.com）；通用词典完整分词；固定哈希次序第815名，组实际配额1350。未要求命中行业词根；名称线索不是意义或机会确认。,未核实
assistin.org,2026-09-12,传统后缀,未取得可用页面,当前未取得可用HTTPS页面：network_error,,not_checked,https://assistin.org/,,,,独立后缀与名称通道：传统后缀（.org）；通用词典完整分词；固定哈希次序第816名，组实际配额1350。未要求命中行业词根；名称线索不是意义或机会确认。,未核实
lechigou.com,2026-09-17,传统后缀,未取得可用页面,当前未取得可用HTTPS页面：network_error,,not_checked,https://lechigou.com/,,,,独立后缀与名称通道：传统后缀（.com）；可读字符形态探索；固定哈希次序第817名，组实际配额1350。未要求命中行业词根；名称线索不是意义或机会确认。,未核实
bravoblotter.com,2026-09-22,传统后缀,停放或未正式开放,标题/H1/description 或域名式标题对应的正文开头命中停放/未开放标记：under construction,,not_checked,https://bravoblotter.com/,Coming Soon,,bravoblotter.com,独立后缀与名称通道：传统后缀（.com）；通用词典完整分词；固定哈希次序第818名，组实际配额1350。未要求命中行业词根；名称线索不是意义或机会确认。,未核实
mausilmx.com,2026-09-23,传统后缀,页面内容不足,未同时达到正文160字符且（description≥40字符或非通用H1≥8字符）,,not_checked,https://mausilmx.com/,Inicio,,,独立后缀与名称通道：传统后缀（.com）；可读字符形态探索；固定哈希次序第819名，组实际配额1350。未要求命中行业词根；名称线索不是意义或机会确认。,未核实
mericajobs.com,2026-09-22,传统后缀,页面内容不足,未同时达到正文160字符且（description≥40字符或非通用H1≥8字符）,,not_checked,https://mericajobs.com/,Parked Domain name on Hostinger DNS system,,,独立后缀与名称通道：传统后缀（.com）；可读字符形态探索；固定哈希次序第820名，组实际配额1350。未要求命中行业词根；名称线索不是意义或机会确认。,未核实
pri-vent.com,2026-09-09,传统后缀,未取得可用页面,当前未取得可用HTTPS页面：network_error,,not_checked,https://pri-vent.com/,,,,独立后缀与名称通道：传统后缀（.com）；可读字符形态探索；固定哈希次序第821名，组实际配额1350。未要求命中行业词根；名称线索不是意义或机会确认。,未核实
thebrivara.com,2026-09-01,传统后缀,页面内容不足,未同时达到正文160字符且（description≥40字符或非通用H1≥8字符）,,not_checked,https://thebrivara.com/,Brivara — Purple Colour-Correcting Mouthwash | Gentle Whitening & Fresher Breath,"Meet Brivara™ Purple Mouthwash — the colour-correcting mouthwash that neutralises yellow tones on contact for a visibly brighter smile. Alcohol-free, peroxide-free, 20 pre-measured sachets.",,独立后缀与名称通道：传统后缀（.com）；可读字符形态探索；固定哈希次序第822名，组实际配额1350。未要求命中行业词根；名称线索不是意义或机会确认。,未核实
turizmlab.com,2026-09-16,传统后缀,页面内容不足,未同时达到正文160字符且（description≥40字符或非通用H1≥8字符）,,not_checked,https://turizmlab.com/,,,,独立后缀与名称通道：传统后缀（.com）；可读字符形态探索；固定哈希次序第823名，组实际配额1350。未要求命中行业词根；名称线索不是意义或机会确认。,未核实
pressurewashingcalgary.com,2026-09-13,传统后缀,未取得可用页面,当前未取得可用HTTPS页面：network_error,,not_checked,https://pressurewashingcalgary.com/,,,,独立后缀与名称通道：传统后缀（.com）；通用词典完整分词；固定哈希次序第824名，组实际配额1350。未要求命中行业词根；名称线索不是意义或机会确认。,未核实
bshrutak.com,2026-09-25,传统后缀,页面内容不足,未同时达到正文160字符且（description≥40字符或非通用H1≥8字符）,,not_checked,https://bshrutak.com/,,,,独立后缀与名称通道：传统后缀（.com）；可读字符形态探索；固定哈希次序第825名，组实际配额1350。未要求命中行业词根；名称线索不是意义或机会确认。,未核实
隔离记录-308f67f424c0,2026-09-06,传统后缀,近期注册且有内容,本轮暂跳过成人与博彩内容；此项不改变页面是否存在的事实判定。,2026-09-04T12:13:06.373000Z,verified_recent,,已移出本轮研究范围,,,名称与原文不在公开工作台展示；抽样位置保留于本地审计。,未核实
jetsdetails.com,2026-09-25,传统后缀,页面内容不足,未同时达到正文160字符且（description≥40字符或非通用H1≥8字符）,,not_checked,https://jetsdetails.com/,,,,独立后缀与名称通道：传统后缀（.com）；可读字符形态探索；固定哈希次序第827名，组实际配额1350。未要求命中行业词根；名称线索不是意义或机会确认。,未核实
printomint.com,2026-09-24,传统后缀,页面内容不足,未同时达到正文160字符且（description≥40字符或非通用H1≥8字符）,,not_checked,https://printomint.com/,,,,独立后缀与名称通道：传统后缀（.com）；可读字符形态探索；固定哈希次序第828名，组实际配额1350。未要求命中行业词根；名称线索不是意义或机会确认。,未核实
gtonge.com,2026-09-17,传统后缀,未取得可用页面,当前未取得可用HTTPS页面：network_error,,not_checked,https://gtonge.com/,,,,独立后缀与名称通道：传统后缀（.com）；可读字符形态探索；固定哈希次序第829名，组实际配额1350。未要求命中行业词根；名称线索不是意义或机会确认。,未核实
royall78.com,2026-08-30,传统后缀,页面内容不足,未同时达到正文160字符且（description≥40字符或非通用H1≥8字符）,,not_checked,https://royall78.com/,,,,独立后缀与名称通道：传统后缀（.com）；少量数字名称探索；固定哈希次序第830名，组实际配额1350。未要求命中行业词根；名称线索不是意义或机会确认。,未核实
sidingandroofteam.com,2026-09-12,传统后缀,未取得可用页面,当前未取得可用HTTPS页面：too_large,,not_checked,https://southshorecontractorstampa.com/,,,,独立后缀与名称通道：传统后缀（.com）；通用词典完整分词；固定哈希次序第831名，组实际配额1350。未要求命中行业词根；名称线索不是意义或机会确认。,未核实
digitalcenteriq.com,2026-09-25,传统后缀,近期注册且有内容,RDAP registration 位于近30天窗口；当前HTTPS页面通过实质内容规则,2026-09-23T18:42:17Z,verified_recent,https://digitalcenteriq.com/ar,المركز الرقمي | تصميم وتطوير المواقع والتطبيقات والأنظمة الرقمية,نصمّم ونطوّر المواقع والمتاجر الإلكترونية وتطبيقات الجوال وقواعد البيانات ولوحات التحكم وتجارب UI/UX والهويات البصرية، للشركات والمشاريع في العراق والعالم العربي.,نصمّم ونبني المواقع والتطبيقات والأنظمة الرقمية بدقّة تليق بمشروعك.,独立后缀与名称通道：传统后缀（.com）；可读字符形态探索；固定哈希次序第832名，组实际配额1350。未要求命中行业词根；名称线索不是意义或机会确认。,未核实
patriotmotorsports.net,2026-08-28,传统后缀,页面内容不足,未同时达到正文160字符且（description≥40字符或非通用H1≥8字符）,,not_checked,https://patriotmotorsports.net/,,,,独立后缀与名称通道：传统后缀（.net）；通用词典完整分词；固定哈希次序第833名，组实际配额1350。未要求命中行业词根；名称线索不是意义或机会确认。,未核实
sg-reviewcentp.com,2026-09-21,传统后缀,未取得可用页面,当前未取得可用HTTPS页面：network_error,,not_checked,https://sg-reviewcentp.com/,,,,独立后缀与名称通道：传统后缀（.com）；可读字符形态探索；固定哈希次序第834名，组实际配额1350。未要求命中行业词根；名称线索不是意义或机会确认。,未核实
thetvappv3.com,2026-08-27,传统后缀,未取得可用页面,当前未取得可用HTTPS页面：network_error,,not_checked,http://ww38.thetvappv3.com/,,,,独立后缀与名称通道：传统后缀（.com）；少量数字名称探索；固定哈希次序第835名，组实际配额1350。未要求命中行业词根；名称线索不是意义或机会确认。,未核实
computevo.net,2026-09-10,传统后缀,未取得可用页面,当前未取得可用HTTPS页面：network_error,,not_checked,https://computevo.net/,,,,独立后缀与名称通道：传统后缀（.net）；可读字符形态探索；固定哈希次序第836名，组实际配额1350。未要求命中行业词根；名称线索不是意义或机会确认。,未核实
shopbuxo.com,2026-08-27,传统后缀,注册超过30天,RDAP registration 早于固定30天窗口,2026-08-25T21:19:29Z,verified_old,https://shopbuxo.com/,BUXO,"Contemporary fashion rooted in Africa, designed for everyday life.",,独立后缀与名称通道：传统后缀（.com）；可读字符形态探索；固定哈希次序第837名，组实际配额1350。未要求命中行业词根；名称线索不是意义或机会确认。,未核实
kermeza.com,2026-09-06,传统后缀,停放或未正式开放,AI内容复核：页面明确标为即将发布并让用户加入等待名单；产品流程/示例不足以证明预约市场已开放。 原文：Kermeza is launching soon. Join the waitlist;自动初判：RDAP registration 位于近30天窗口；当前HTTPS页面通过实质内容规则,2026-09-04T15:24:51Z,verified_recent,https://www.kermeza.com/,Kermeza,Kermeza,"Your party, perfectly planned.",独立后缀与名称通道：传统后缀（.com）；可读字符形态探索；固定哈希次序第838名，组实际配额1350。未要求命中行业词根；名称线索不是意义或机会确认。,未核实
puffpufforpass.com,2026-09-01,传统后缀,未取得可用页面,当前未取得可用HTTPS页面：network_error,,not_checked,https://puffpufforpass.com/,,,,独立后缀与名称通道：传统后缀（.com）；可读字符形态探索；固定哈希次序第839名，组实际配额1350。未要求命中行业词根；名称线索不是意义或机会确认。,未核实
southsidesewshop.com,2026-09-16,传统后缀,未取得可用页面,当前未取得可用HTTPS页面：http_error,,not_checked,https://southsidesewshop.com/,,,,独立后缀与名称通道：传统后缀（.com）；通用词典完整分词；固定哈希次序第840名，组实际配额1350。未要求命中行业词根；名称线索不是意义或机会确认。,未核实
godwillwearofficial.com,2026-09-21,传统后缀,页面内容不足,未同时达到正文160字符且（description≥40字符或非通用H1≥8字符）,,not_checked,https://godwillwearofficial.com/,,,,独立后缀与名称通道：传统后缀（.com）；通用词典完整分词；固定哈希次序第841名，组实际配额1350。未要求命中行业词根；名称线索不是意义或机会确认。,未核实
matchitchi.com,2026-09-16,传统后缀,近期注册且有内容,RDAP registration 位于近30天窗口；当前HTTPS页面通过实质内容规则,2026-09-14T07:38:45Z,verified_recent,https://matchitchi.com/,"MATCHITCHI | 경기 전엔, 매치치","주요 야구 경기의 정보와 변수를 정리하고, 경기 후 판단을 결과로 검증하는 한국어 분석 플랫폼입니다.","경기 전엔, 매치치",独立后缀与名称通道：传统后缀（.com）；通用词典完整分词；固定哈希次序第842名，组实际配额1350。未要求命中行业词根；名称线索不是意义或机会确认。,未核实
peltola4alaska.com,2026-08-30,传统后缀,跳转到其他域名,来源域名近期注册，但最终页面属于其他域名；目标站上线时间未知,2026-08-28T14:51:45Z,verified_recent,https://marypeltola.com/,Home - Mary Peltola,"It's simple: The fight for Fish, Family, Freedom depends on fixing the rigged system in DC.","SALMON RUN;CALL FOR ARTISTS;STORE;It's Simple:;REP' THE MOVEMENT;FORGET-ME-NOT MUG;FREEDOM FOR ALASKA HAT;FISH, FAMILY, FREEDOM CREWNECK",独立后缀与名称通道：传统后缀（.com）；少量数字名称探索；固定哈希次序第843名，组实际配额1350。未要求命中行业词根；名称线索不是意义或机会确认。,未核实
master-miles.com,2026-09-08,传统后缀,页面内容不足,未同时达到正文160字符且（description≥40字符或非通用H1≥8字符）,,not_checked,https://master-miles.com/,MasterMiles — GPS Mileage Tracker,"MasterMiles — precise GPS mileage tracking with auto start/end, manual addresses, and gap recovery.",,独立后缀与名称通道：传统后缀（.com）；通用词典完整分词；固定哈希次序第844名，组实际配额1350。未要求命中行业词根；名称线索不是意义或机会确认。,未核实
barelybeta.com,2026-08-27,传统后缀,停放或未正式开放,标题/H1/description 或域名式标题对应的正文开头命中停放/未开放标记：domain for sale,,not_checked,https://barelybeta.com/,porkbun.com | domain for sale,,This domain is for sale.,独立后缀与名称通道：传统后缀（.com）；通用词典完整分词；固定哈希次序第845名，组实际配额1350。未要求命中行业词根；名称线索不是意义或机会确认。,未核实
hok09.net,2026-09-15,传统后缀,未取得可用页面,当前未取得可用HTTPS页面：network_error,,not_checked,https://hok09.net/,,,,独立后缀与名称通道：传统后缀（.net）；少量数字名称探索；固定哈希次序第846名，组实际配额1350。未要求命中行业词根；名称线索不是意义或机会确认。,未核实
reperio-bewerbung.com,2026-09-20,传统后缀,近期注册且有内容,RDAP registration 位于近30天窗口；当前HTTPS页面通过实质内容规则,2026-09-18T18:56:16Z,verified_recent,https://reperio-bewerbung.com/,Reperio AEC — Fachkräfte planbar besetzen,"Recruiting aus der Cloud, von einer KI vorbereitet: weniger Kosten je Einstellung, kürzere Wartezeit und ein Ablauf, den Sie in Ihre Planung schreiben können. Genau dafür ist diese Seite da.",Planbar zu besetzten Stellen.,独立后缀与名称通道：传统后缀（.com）；可读字符形态探索；固定哈希次序第847名，组实际配额1350。未要求命中行业词根；名称线索不是意义或机会确认。,未核实
5ock.com,2026-09-09,传统后缀,停放或未正式开放,标题/H1/description 或域名式标题对应的正文开头命中停放/未开放标记：under construction,,not_checked,https://5ock.com/,Coming Soon,,5ock.com,独立后缀与名称通道：传统后缀（.com）；少量数字名称探索；固定哈希次序第848名，组实际配额1350。未要求命中行业词根；名称线索不是意义或机会确认。,未核实
jamesjg.com,2026-09-01,传统后缀,跳转到其他域名,来源域名近期注册，但最终页面属于其他域名；目标站上线时间未知,2026-08-29T18:06:44Z,verified_recent,https://expireddomains.com/domain/jamesjg.com?utm_source=redi,jamesjg.com — Moz DA 16 aged domain | ExpiredDomains.com,"891 sites already link to jamesjg.com, after 17 years online. Listed at $195 — keep the equity.",James Jg .com,独立后缀与名称通道：传统后缀（.com）；可读字符形态探索；固定哈希次序第849名，组实际配额1350。未要求命中行业词根；名称线索不是意义或机会确认。,未核实
stoneandivyesthetics.com,2026-09-10,传统后缀,近期注册且有内容,RDAP registration 位于近30天窗口；当前HTTPS页面通过实质内容规则,2026-09-08T17:48:02Z,verified_recent,https://www.stoneandivyesthetics.com/,Stone and Ivy,,SHOP SKINCARE;SHOP SKINCARE;Customized;Facials;STONE AND IVY;⦁;STONE AND IVY;STONE AND IVY ⦁ STONE AND IVY,独立后缀与名称通道：传统后缀（.com）；可读字符形态探索；固定哈希次序第850名，组实际配额1350。未要求命中行业词根；名称线索不是意义或机会确认。,未核实
jxgm.net,2026-09-10,传统后缀,未取得可用页面,当前未取得可用HTTPS页面：network_error,,not_checked,https://jxgm.net/,,,,独立后缀与名称通道：传统后缀（.net）；短缩写探索；固定哈希次序第851名，组实际配额1350。未要求命中行业词根；名称线索不是意义或机会确认。,未核实
5hijuew.net,2026-09-05,传统后缀,未取得可用页面,当前未取得可用HTTPS页面：http_error,,not_checked,https://5hijuew.net/,,,,独立后缀与名称通道：传统后缀（.net）；少量数字名称探索；固定哈希次序第852名，组实际配额1350。未要求命中行业词根；名称线索不是意义或机会确认。,未核实
rolandsautospa.com,2026-09-20,传统后缀,停放或未正式开放,AI内容复核：只有通用汽车美容概述及注册商域名登记页脚，没有商家服务、预约、实际价格或联系方式；判为注册商占位介绍页。 原文：This domain is registered with Northwest Registered Agent LLC;自动初判：RDAP registration 位于近30天窗口；当前HTTPS页面通过实质内容规则,2026-09-18T12:59:07Z,verified_recent,https://rolandsautospa.com/,Mobile Auto Detailing Pricing & Services,"Mobile auto detailing services offer on-site cleaning, restoration, and protection for vehicles with transparent pricing tiers. Common packages include exterior wash, interior deep clean, paint correction, and full detailing. Add-ons and travel fees are listed upfront for clarity. When choosing a provider, compare service details, estimated time, and included products. Read customer reviews, look for before-and-after photos, and check rating summaries to assess consistency. Confirm warranties, payment options, and scheduling flexibility to determine best value.",Mobile Auto Detailing Pricing & Services,独立后缀与名称通道：传统后缀（.com）；可读字符形态探索；固定哈希次序第853名，组实际配额1350。未要求命中行业词根；名称线索不是意义或机会确认。,未核实
jtbjx.org,2026-08-27,传统后缀,未取得可用页面,当前未取得可用HTTPS页面：network_error,,not_checked,https://jtbjx.org/,,,,独立后缀与名称通道：传统后缀（.org）；短缩写探索；固定哈希次序第854名，组实际配额1350。未要求命中行业词根；名称线索不是意义或机会确认。,未核实
shoplumierebeauty.net,2026-09-06,传统后缀,未取得可用页面,当前未取得可用HTTPS页面：network_error,,not_checked,https://shoplumierebeauty.net/,,,,独立后缀与名称通道：传统后缀（.net）；可读字符形态探索；固定哈希次序第855名，组实际配额1350。未要求命中行业词根；名称线索不是意义或机会确认。,未核实
jamieeastlake.com,2026-09-15,传统后缀,未取得可用页面,当前未取得可用HTTPS页面：network_error,,not_checked,https://jamieeastlake.com/,,,,独立后缀与名称通道：传统后缀（.com）；通用词典完整分词；固定哈希次序第856名，组实际配额1350。未要求命中行业词根；名称线索不是意义或机会确认。,未核实
waseelnet.com,2026-09-08,传统后缀,页面内容不足,未同时达到正文160字符且（description≥40字符或非通用H1≥8字符）,,not_checked,https://waseelnet.com/,Parked Domain name on Hostinger DNS system,,,独立后缀与名称通道：传统后缀（.com）；通用词典完整分词；固定哈希次序第857名，组实际配额1350。未要求命中行业词根；名称线索不是意义或机会确认。,未核实
montanabeta.com,2026-08-28,传统后缀,停放或未正式开放,标题/H1/description 或域名式标题对应的正文开头命中停放/未开放标记：under construction,,not_checked,https://montanabeta.com/,Coming Soon,,montanabeta.com,独立后缀与名称通道：传统后缀（.com）；通用词典完整分词；固定哈希次序第858名，组实际配额1350。未要求命中行业词根；名称线索不是意义或机会确认。,未核实
royalsalamat.com,2026-09-16,传统后缀,页面内容不足,未同时达到正文160字符且（description≥40字符或非通用H1≥8字符）,,not_checked,https://royalsalamat.com/,رویال سلامت – رویال سلامت,,,独立后缀与名称通道：传统后缀（.com）；可读字符形态探索；固定哈希次序第859名，组实际配额1350。未要求命中行业词根；名称线索不是意义或机会确认。,未核实
besiktasotocek.org,2026-09-18,传统后缀,停放或未正式开放,标题/H1/description 或域名式标题对应的正文开头命中停放/未开放标记：under construction,,not_checked,https://besiktasotocek.org/,Coming Soon,,besiktasotocek.org,独立后缀与名称通道：传统后缀（.org）；可读字符形态探索；固定哈希次序第860名，组实际配额1350。未要求命中行业词根；名称线索不是意义或机会确认。,未核实
canuckfinancecorp.com,2026-09-13,传统后缀,未取得可用页面,当前未取得可用HTTPS页面：too_large,,not_checked,https://www.grasslandsfinance.com/,,,,独立后缀与名称通道：传统后缀（.com）；通用词典完整分词；固定哈希次序第861名，组实际配额1350。未要求命中行业词根；名称线索不是意义或机会确认。,未核实
ktmonitor.com,2026-09-13,传统后缀,未取得可用页面,当前未取得可用HTTPS页面：http_error,,not_checked,https://www.ktmonitor.com/,,,,独立后缀与名称通道：传统后缀（.com）；可读字符形态探索；固定哈希次序第862名，组实际配额1350。未要求命中行业词根；名称线索不是意义或机会确认。,未核实
gangnamdrive.com,2026-08-28,传统后缀,注册超过30天,RDAP registration 早于固定30天窗口,2026-08-26T08:50:14Z,verified_old,https://gangnamdrive.com/,강남운전연수,"강남운전연수는 역삼·대치·삼성·논현·신사·압구정·청담·도곡·개포·수서 등 강남 생활권에서 진행하는 1:1 방문 운전연수입니다. 다차선 도로와 교차로, 생활도로, 지하주차장과 실제 출퇴근 동선을 단계적으로 연습합니다.",강남운전연수 나혼자드라이브,独立后缀与名称通道：传统后缀（.com）；通用词典完整分词；固定哈希次序第863名，组实际配额1350。未要求命中行业词根；名称线索不是意义或机会确认。,未核实
bgw69.com,2026-09-09,传统后缀,未取得可用页面,当前未取得可用HTTPS页面：network_error,,not_checked,http://ww38.bgw69.com/,,,,独立后缀与名称通道：传统后缀（.com）；少量数字名称探索；固定哈希次序第864名，组实际配额1350。未要求命中行业词根；名称线索不是意义或机会确认。,未核实
biscottobellini.com,2026-09-03,传统后缀,页面内容不足,未同时达到正文160字符且（description≥40字符或非通用H1≥8字符）,,not_checked,https://biscottobellini.com/,Domain is Registered,,,独立后缀与名称通道：传统后缀（.com）；可读字符形态探索；固定哈希次序第865名，组实际配额1350。未要求命中行业词根；名称线索不是意义或机会确认。,未核实
ufohome.net,2026-09-22,传统后缀,未取得可用页面,当前未取得可用HTTPS页面：http_error,,not_checked,https://ufohome.net/,,,,独立后缀与名称通道：传统后缀（.net）；可读字符形态探索；固定哈希次序第866名，组实际配额1350。未要求命中行业词根；名称线索不是意义或机会确认。,未核实
deekatoursandtravel.com,2026-09-04,传统后缀,未取得可用页面,当前未取得可用HTTPS页面：blocked_url,,not_checked,https://deekatoursandtravel.com/,,,,独立后缀与名称通道：传统后缀（.com）；通用词典完整分词；固定哈希次序第867名，组实际配额1350。未要求命中行业词根；名称线索不是意义或机会确认。,未核实
annaterrycoaching.com,2026-08-27,传统后缀,注册超过30天,RDAP registration 早于固定30天窗口,2026-08-25T00:39:40Z,verified_old,https://annaterrycoaching.com/,Anna Terry | Movement Health & Holistic Performance,"Anna Terry, Movement Health Specialist and Holistic Performance Coach. Remote coaching for people who want to keep moving well and feel like themselves.",Anna Terry,独立后缀与名称通道：传统后缀（.com）；通用词典完整分词；固定哈希次序第868名，组实际配额1350。未要求命中行业词根；名称线索不是意义或机会确认。,未核实
51zishahu.com,2026-09-01,传统后缀,未取得可用页面,当前未取得可用HTTPS页面：network_error,,not_checked,https://51zishahu.com/,,,,独立后缀与名称通道：传统后缀（.com）；少量数字名称探索；固定哈希次序第869名，组实际配额1350。未要求命中行业词根；名称线索不是意义或机会确认。,未核实
seacoastsignco.com,2026-08-27,传统后缀,注册超过30天,RDAP registration 早于固定30天窗口,2026-08-25T22:26:49Z,verified_old,https://seacoastsignco.com/,,,Visibility Starts Here .,独立后缀与名称通道：传统后缀（.com）；可读字符形态探索；固定哈希次序第870名，组实际配额1350。未要求命中行业词根；名称线索不是意义或机会确认。,未核实
shopapronstrings.com,2026-08-31,传统后缀,未取得可用页面,当前未取得可用HTTPS页面：blocked_url,,not_checked,https://shopapronstrings.com/,,,,独立后缀与名称通道：传统后缀（.com）；可读字符形态探索；固定哈希次序第871名，组实际配额1350。未要求命中行业词根；名称线索不是意义或机会确认。,未核实
primewirelo.net,2026-09-04,传统后缀,未取得可用页面,当前未取得可用HTTPS页面：http_error,,not_checked,https://primewirelo.net/,,,,独立后缀与名称通道：传统后缀（.net）；可读字符形态探索；固定哈希次序第872名，组实际配额1350。未要求命中行业词根；名称线索不是意义或机会确认。,未核实
parfumsvaillant.com,2026-09-22,传统后缀,页面内容不足,未同时达到正文160字符且（description≥40字符或非通用H1≥8字符）,,not_checked,https://parfumsvaillant.com/,,,,独立后缀与名称通道：传统后缀（.com）；可读字符形态探索；固定哈希次序第873名，组实际配额1350。未要求命中行业词根；名称线索不是意义或机会确认。,未核实
shopquangcao.com,2026-09-03,传统后缀,未取得可用页面,当前未取得可用HTTPS页面：http_error,,not_checked,https://shopquangcao.com/,,,,独立后缀与名称通道：传统后缀（.com）；可读字符形态探索；固定哈希次序第874名，组实际配额1350。未要求命中行业词根；名称线索不是意义或机会确认。,未核实
chronicarta.com,2026-09-25,传统后缀,未取得可用页面,当前未取得可用HTTPS页面：network_error,,not_checked,https://chronicarta.com/,,,,独立后缀与名称通道：传统后缀（.com）；可读字符形态探索；固定哈希次序第875名，组实际配额1350。未要求命中行业词根；名称线索不是意义或机会确认。,未核实
studyclassics.com,2026-08-31,传统后缀,未取得可用页面,当前未取得可用HTTPS页面：network_error,,not_checked,https://studyclassics.com/,,,,独立后缀与名称通道：传统后缀（.com）；可读字符形态探索；固定哈希次序第876名，组实际配额1350。未要求命中行业词根；名称线索不是意义或机会确认。,未核实
icfuegopentecostes.org,2026-09-10,传统后缀,停放或未正式开放,AI内容复核：描述说即将推出，正文仅口号、联系与Cookie模板；未出现教会活动或服务的实质页面。 原文：Descubre el próximo lanzamiento;自动初判：RDAP registration 位于近30天窗口；当前HTTPS页面通过实质内容规则,2026-09-08T00:51:08.285000Z,verified_recent,https://icfuegopentecostes.org/,Iglesia Cristiana Fuego Pentecostés,"Descubre el próximo lanzamiento de icfuegopentecostes, la iglesia fuego pentecostés, y mantente actualizado con nuestras actividades y eventos.",Encendido por el Espíritu;Encendido por el Espíritu,独立后缀与名称通道：传统后缀（.org）；可读字符形态探索；固定哈希次序第877名，组实际配额1350。未要求命中行业词根；名称线索不是意义或机会确认。,未核实
checkbackoften.com,2026-09-05,传统后缀,未取得可用页面,当前未取得可用HTTPS页面：network_error,,not_checked,https://checkbackoften.com/,,,,独立后缀与名称通道：传统后缀（.com）；通用词典完整分词；固定哈希次序第878名，组实际配额1350。未要求命中行业词根；名称线索不是意义或机会确认。,未核实
divineloveheals.org,2026-09-03,传统后缀,未取得可用页面,当前未取得可用HTTPS页面：network_error,,not_checked,https://divineloveheals.org/,,,,独立后缀与名称通道：传统后缀（.org）；可读字符形态探索；固定哈希次序第879名，组实际配额1350。未要求命中行业词根；名称线索不是意义或机会确认。,未核实
appararago.com,2026-09-06,传统后缀,跳转到其他域名,来源域名近期注册，但最终页面属于其他域名；目标站上线时间未知,2026-09-04T22:45:59Z,verified_recent,https://mediaararago.com/,Descarga la App AraraGo,Mira peliculas y series en HD. Descarga la app para Android.,AraraGo: Estrenos Recientes,独立后缀与名称通道：传统后缀（.com）；可读字符形态探索；固定哈希次序第880名，组实际配额1350。未要求命中行业词根；名称线索不是意义或机会确认。,未核实
sqmingpo.com,2026-09-07,传统后缀,未取得可用页面,当前未取得可用HTTPS页面：http_error,,not_checked,https://sqmingpo.com/,,,,独立后缀与名称通道：传统后缀（.com）；可读字符形态探索；固定哈希次序第881名，组实际配额1350。未要求命中行业词根；名称线索不是意义或机会确认。,未核实
eliteroyalemortgages.com,2026-09-22,传统后缀,停放或未正式开放,标题/H1/description 或域名式标题对应的正文开头命中停放/未开放标记：under construction,,not_checked,https://eliteroyalemortgages.com/,Coming Soon,,eliteroyalemortgages.com,独立后缀与名称通道：传统后缀（.com）；可读字符形态探索；固定哈希次序第882名，组实际配额1350。未要求命中行业词根；名称线索不是意义或机会确认。,未核实
great-basic.com,2026-09-06,传统后缀,未取得可用页面,当前未取得可用HTTPS页面：http_error,,not_checked,https://great-basic.com/,,,,独立后缀与名称通道：传统后缀（.com）；通用词典完整分词；固定哈希次序第883名，组实际配额1350。未要求命中行业词根；名称线索不是意义或机会确认。,未核实
mid-statemarketing.com,2026-09-07,传统后缀,未取得可用页面,当前未取得可用HTTPS页面：http_error,,not_checked,https://mid-statemarketing.com/,,,,独立后缀与名称通道：传统后缀（.com）；通用词典完整分词；固定哈希次序第884名，组实际配额1350。未要求命中行业词根；名称线索不是意义或机会确认。,未核实
dgjunchen.com,2026-08-30,传统后缀,未取得可用页面,当前未取得可用HTTPS页面：network_error,,not_checked,https://dgjunchen.com/,,,,独立后缀与名称通道：传统后缀（.com）；可读字符形态探索；固定哈希次序第885名，组实际配额1350。未要求命中行业词根；名称线索不是意义或机会确认。,未核实
asterovia.com,2026-09-21,传统后缀,未取得可用页面,当前未取得可用HTTPS页面：network_error,,not_checked,https://asterovia.com/,,,,独立后缀与名称通道：传统后缀（.com）；可读字符形态探索；固定哈希次序第886名，组实际配额1350。未要求命中行业词根；名称线索不是意义或机会确认。,未核实
elimsgroup.com,2026-09-24,传统后缀,停放或未正式开放,AI内容复核：LWS注册商默认域名创建成功页，面向域名所有者推销托管服务；不是该域名自身的业务内容。 原文：Vous êtes le propriétaire de ce domaine ?;自动初判：RDAP registration 位于近30天窗口；当前HTTPS页面通过实质内容规则,2026-09-22T23:06:09Z,verified_recent,https://elimsgroup.com/,Bravo ! Votre domaine elimsgroup.com a bien été créé avec LWS !,"LWS est un hébergeur web et registrat de nom de domaine : hébergement, nom de domaine, serveur dédié, serveur cloud, stockage en ligne",,独立后缀与名称通道：传统后缀（.com）；可读字符形态探索；固定哈希次序第887名，组实际配额1350。未要求命中行业词根；名称线索不是意义或机会确认。,未核实
隔离记录-2c00dcd32d75,2026-08-29,传统后缀,近期注册且有内容,本轮暂跳过成人与博彩内容；此项不改变页面是否存在的事实判定。,2026-08-27T15:26:56Z,verified_recent,,已移出本轮研究范围,,,名称与原文不在公开工作台展示；抽样位置保留于本地审计。,未核实
nextgenediservices.org,2026-09-13,传统后缀,未取得可用页面,当前未取得可用HTTPS页面：network_error,,not_checked,https://nextgenediservices.org/,,,,独立后缀与名称通道：传统后缀（.org）；可读字符形态探索；固定哈希次序第889名，组实际配额1350。未要求命中行业词根；名称线索不是意义或机会确认。,未核实
trueseazn.com,2026-08-29,传统后缀,未取得可用页面,当前未取得可用HTTPS页面：too_large,,not_checked,https://trueseazn.com/,,,,独立后缀与名称通道：传统后缀（.com）；可读字符形态探索；固定哈希次序第890名，组实际配额1350。未要求命中行业词根；名称线索不是意义或机会确认。,未核实
stromyoga.com,2026-09-22,传统后缀,未取得可用页面,当前未取得可用HTTPS页面：network_error,,not_checked,https://stromyoga.com/,,,,独立后缀与名称通道：传统后缀（.com）；通用词典完整分词；固定哈希次序第891名，组实际配额1350。未要求命中行业词根；名称线索不是意义或机会确认。,未核实
buyandbuildabusiness.com,2026-09-20,传统后缀,未取得可用页面,当前未取得可用HTTPS页面：network_error,,not_checked,https://buyandbuildabusiness.com/,,,,独立后缀与名称通道：传统后缀（.com）；可读字符形态探索；固定哈希次序第892名，组实际配额1350。未要求命中行业词根；名称线索不是意义或机会确认。,未核实
minqoraconsulting.com,2026-09-24,传统后缀,页面内容不足,未同时达到正文160字符且（description≥40字符或非通用H1≥8字符）,,not_checked,https://minqoraconsulting.com/,Próximamente,,minqoraconsulting.com,独立后缀与名称通道：传统后缀（.com）；可读字符形态探索；固定哈希次序第893名，组实际配额1350。未要求命中行业词根；名称线索不是意义或机会确认。,未核实
fiercefirearmsdistributor.com,2026-08-30,传统后缀,未取得可用页面,当前未取得可用HTTPS页面：network_error,,not_checked,https://fiercefirearmsdistributor.com/,,,,独立后缀与名称通道：传统后缀（.com）；通用词典完整分词；固定哈希次序第894名，组实际配额1350。未要求命中行业词根；名称线索不是意义或机会确认。,未核实
visestringduet.com,2026-08-31,传统后缀,未取得可用页面,当前未取得可用HTTPS页面：network_error,,not_checked,https://visestringduet.com/,,,,独立后缀与名称通道：传统后缀（.com）；通用词典完整分词；固定哈希次序第895名，组实际配额1350。未要求命中行业词根；名称线索不是意义或机会确认。,未核实
egael.com,2026-09-24,传统后缀,未取得可用页面,当前未取得可用HTTPS页面：network_error,,not_checked,https://egael.com/,,,,独立后缀与名称通道：传统后缀（.com）；短缩写探索；固定哈希次序第896名，组实际配额1350。未要求命中行业词根；名称线索不是意义或机会确认。,未核实
yotepaleww.com,2026-08-27,传统后缀,页面内容不足,未同时达到正文160字符且（description≥40字符或非通用H1≥8字符）,,not_checked,https://yotepaleww.com/,,,,独立后缀与名称通道：传统后缀（.com）；可读字符形态探索；固定哈希次序第897名，组实际配额1350。未要求命中行业词根；名称线索不是意义或机会确认。,未核实
atmospheremass.com,2026-08-29,传统后缀,未取得可用页面,当前未取得可用HTTPS页面：network_error,,not_checked,https://atmospheremass.com/,,,,独立后缀与名称通道：传统后缀（.com）；通用词典完整分词；固定哈希次序第898名，组实际配额1350。未要求命中行业词根；名称线索不是意义或机会确认。,未核实
naviimow.com,2026-09-25,传统后缀,近期注册且有内容,RDAP registration 位于近30天窗口；当前HTTPS页面通过实质内容规则,2026-09-23T18:53:25Z,verified_recent,https://naviimow.com/,Navimow,,Navimow i2 LiDAR Pro robot tondeuse,独立后缀与名称通道：传统后缀（.com）；可读字符形态探索；固定哈希次序第899名，组实际配额1350。未要求命中行业词根；名称线索不是意义或机会确认。,未核实
santosantonia.com,2026-09-15,传统后缀,未取得可用页面,当前未取得可用HTTPS页面：network_error,,not_checked,https://santosantonia.com/,,,,独立后缀与名称通道：传统后缀（.com）；通用词典完整分词；固定哈希次序第900名，组实际配额1350。未要求命中行业词根；名称线索不是意义或机会确认。,未核实
lojagvmobile.com,2026-09-13,传统后缀,页面内容不足,未同时达到正文160字符且（description≥40字符或非通用H1≥8字符）,,not_checked,https://lojagvmobile.com/,Em breve,,lojagvmobile.com,独立后缀与名称通道：传统后缀（.com）；可读字符形态探索；固定哈希次序第901名，组实际配额1350。未要求命中行业词根；名称线索不是意义或机会确认。,未核实
emperamentorship.com,2026-09-04,传统后缀,未取得可用页面,当前未取得可用HTTPS页面：network_error,,not_checked,https://emperamentorship.com/,,,,独立后缀与名称通道：传统后缀（.com）；可读字符形态探索；固定哈希次序第902名，组实际配额1350。未要求命中行业词根；名称线索不是意义或机会确认。,未核实
aiqcontractors.com,2026-09-21,传统后缀,近期注册且有内容,RDAP registration 位于近30天窗口；当前HTTPS页面通过实质内容规则,2026-09-19T17:53:44Z,verified_recent,https://aiqcontractors.com/,,,Never Miss Another Customer!;How AIQ Helps You Capture More Jobs;Ready To Stop Losing Leads?,独立后缀与名称通道：传统后缀（.com）；可读字符形态探索；固定哈希次序第903名，组实际配额1350。未要求命中行业词根；名称线索不是意义或机会确认。,未核实
隔离记录-cafc63e5e96a,2026-09-06,传统后缀,近期注册且有内容,本轮暂跳过成人与博彩内容；此项不改变页面是否存在的事实判定。,2026-09-04T00:11:28Z,verified_recent,,已移出本轮研究范围,,,名称与原文不在公开工作台展示；抽样位置保留于本地审计。,未核实
epahiring.com,2026-08-29,传统后缀,未取得可用页面,当前未取得可用HTTPS页面：too_large,,not_checked,https://www.epatalent.com/,,,,独立后缀与名称通道：传统后缀（.com）；可读字符形态探索；固定哈希次序第905名，组实际配额1350。未要求命中行业词根；名称线索不是意义或机会确认。,未核实
tfepy.com,2026-09-02,传统后缀,未取得可用页面,当前未取得可用HTTPS页面：network_error,,not_checked,https://tfepy.com/,,,,独立后缀与名称通道：传统后缀（.com）；短缩写探索；固定哈希次序第906名，组实际配额1350。未要求命中行业词根；名称线索不是意义或机会确认。,未核实
ourdreamersai18.com,2026-09-03,传统后缀,未取得可用页面,当前未取得可用HTTPS页面：network_error,,not_checked,https://ourdreamersai18.com/,,,,独立后缀与名称通道：传统后缀（.com）；少量数字名称探索；固定哈希次序第907名，组实际配额1350。未要求命中行业词根；名称线索不是意义或机会确认。,未核实
optimismtimes.com,2026-09-16,传统后缀,未取得可用页面,当前未取得可用HTTPS页面：network_error,,not_checked,https://optimismtimes.com/,,,,独立后缀与名称通道：传统后缀（.com）；通用词典完整分词；固定哈希次序第908名，组实际配额1350。未要求命中行业词根；名称线索不是意义或机会确认。,未核实
alljn.com,2026-09-23,传统后缀,未取得可用页面,当前未取得可用HTTPS页面：http_error,,not_checked,https://alljn.com/,,,,独立后缀与名称通道：传统后缀（.com）；短缩写探索；固定哈希次序第909名，组实际配额1350。未要求命中行业词根；名称线索不是意义或机会确认。,未核实
tallypractice.com,2026-09-25,传统后缀,近期注册且有内容,RDAP registration 位于近30天窗口；当前HTTPS页面通过实质内容规则,2026-09-23T19:20:14Z,verified_recent,https://tallypractice.com/,Tally — never bring up money in session again,"Scheduling and balances for private-pay counseling practices. Clients see what they owe in their own portal, so the session stays about the work.",Never bring up money in session again.,独立后缀与名称通道：传统后缀（.com）；通用词典完整分词；固定哈希次序第910名，组实际配额1350。未要求命中行业词根；名称线索不是意义或机会确认。,未核实
golfcartsking.com,2026-09-25,传统后缀,未取得可用页面,当前未取得可用HTTPS页面：http_error,,not_checked,https://golfcartsking.com/,,,,独立后缀与名称通道：传统后缀（.com）；可读字符形态探索；固定哈希次序第911名，组实际配额1350。未要求命中行业词根；名称线索不是意义或机会确认。,未核实
playfarebright.com,2026-08-28,传统后缀,注册超过30天,RDAP registration 早于固定30天窗口,2026-08-26T15:38:48Z,verified_old,https://playfarebright.com/,Farebright — A pixel-art fantasy RPG in development,"Farebright is a pixel-art fantasy RPG in development: explore a world, build a character. Join the mailing list for updates when there's something real to show.",Fare bright,独立后缀与名称通道：传统后缀（.com）；通用词典完整分词；固定哈希次序第912名，组实际配额1350。未要求命中行业词根；名称线索不是意义或机会确认。,未核实
joinlines.org,2026-08-27,传统后缀,未取得可用页面,当前未取得可用HTTPS页面：network_error,,not_checked,https://joinlines.org/,,,,独立后缀与名称通道：传统后缀（.org）；可读字符形态探索；固定哈希次序第913名，组实际配额1350。未要求命中行业词根；名称线索不是意义或机会确认。,未核实
hazelgrovemini.com,2026-09-10,传统后缀,近期注册且有内容,RDAP registration 位于近30天窗口；当前HTTPS页面通过实质内容规则,2026-09-08T22:10:45Z,verified_recent,https://hazelgrovemini.com/,Home | Hazel Grove Mini Market B12,"Hazel Grove Mini Market — your neighbourhood convenience store in Hazel Grove, Stockport. Fresh produce, deli & bakery, everyday essentials and local delivery.","Your Neighbourhood Mini Market , Fresh Every Day",独立后缀与名称通道：传统后缀（.com）；可读字符形态探索；固定哈希次序第914名，组实际配额1350。未要求命中行业词根；名称线索不是意义或机会确认。,未核实
jeremyeclair.com,2026-09-18,传统后缀,跳转到其他域名,来源域名近期注册，但最终页面属于其他域名；目标站上线时间未知,2026-09-16T17:19:33Z,verified_recent,https://x.com/EclairOnArc,Jeremy Eclair (@EclairOnArc) / X,"He put the dollar onchain. We put him on a plate. Jeremy Eclair, Chef Executive Officer, baked fresh on Arc. Zero hair. Maximum glaze.",Jeremy Eclair,独立后缀与名称通道：传统后缀（.com）；通用词典完整分词；固定哈希次序第915名，组实际配额1350。未要求命中行业词根；名称线索不是意义或机会确认。,未核实
huntahype.com,2026-09-07,传统后缀,未取得可用页面,当前未取得可用HTTPS页面：http_error,,not_checked,https://huntahype.com/,,,,独立后缀与名称通道：传统后缀（.com）；可读字符形态探索；固定哈希次序第916名，组实际配额1350。未要求命中行业词根；名称线索不是意义或机会确认。,未核实
linabelleatelier.com,2026-08-28,传统后缀,页面内容不足,未同时达到正文160字符且（description≥40字符或非通用H1≥8字符）,,not_checked,https://linabelleatelier.com/,LinaBelle Atelier American Express Apple Pay Diners Club Discover Google Pay Klarna Maestro Mastercard PayPal Shop Pay Union Pay Visa American Express Apple Pay Diners Club Discover Google Pay Klarna Maestro Mastercard PayPal Shop Pay Union Pay Visa,,,独立后缀与名称通道：传统后缀（.com）；通用词典完整分词；固定哈希次序第917名，组实际配额1350。未要求命中行业词根；名称线索不是意义或机会确认。,未核实
muito3d.com,2026-09-22,传统后缀,未取得可用页面,当前未取得可用HTTPS页面：network_error,,not_checked,https://muito3d.com/,,,,独立后缀与名称通道：传统后缀（.com）；少量数字名称探索；固定哈希次序第918名，组实际配额1350。未要求命中行业词根；名称线索不是意义或机会确认。,未核实
隔离记录-e26ea9f47808,2026-09-23,传统后缀,近期注册且有内容,本轮暂跳过成人与博彩内容；此项不改变页面是否存在的事实判定。,2026-09-21T05:49:53Z,verified_recent,,已移出本轮研究范围,,,名称与原文不在公开工作台展示；抽样位置保留于本地审计。,未核实
usedsilencershop.com,2026-09-10,传统后缀,停放或未正式开放,AI内容复核：H1明确为Launching Soon；正文为通用联系表单/Cookie模板，不应自动认定为已有实质内容的新站。 原文：Launching Soon;自动初判：RDAP registration 位于近30天窗口；当前HTTPS页面通过实质内容规则,2026-09-08T15:08:14Z,verified_recent,https://usedsilencershop.com/,usedsilencershop.com,Explore used silencers at Used Silencer Shop. Buy quality silencers with competitive pricing and excellent service. Sign up for updates!,Launching Soon;Launching Soon,独立后缀与名称通道：传统后缀（.com）；通用词典完整分词；固定哈希次序第920名，组实际配额1350。未要求命中行业词根；名称线索不是意义或机会确认。,未核实
eaheadlightsoc.com,2026-09-06,传统后缀,近期注册且有内容,RDAP registration 位于近30天窗口；当前HTTPS页面通过实质内容规则,2026-09-04T02:52:33Z,verified_recent,https://eaheadlightsoc.com/,EA Headlights OC | Mobile Headlight Restoration,Professional mobile headlight restoration serving Santa Ana and Orange County. Text EA Headlights OC for a personalized quote.,Clear headlights. Sharper drive.,独立后缀与名称通道：传统后缀（.com）；可读字符形态探索；固定哈希次序第921名，组实际配额1350。未要求命中行业词根；名称线索不是意义或机会确认。,未核实
fileacloud.com,2026-09-15,传统后缀,近期注册且有内容,RDAP registration 位于近30天窗口；当前HTTPS页面通过实质内容规则,2026-09-13T04:10:37Z,verified_recent,https://fileacloud.com/,File-A-Cloud — the private drive only you can read,"Move documents and photos into a private, installable drive with device-side encryption, offline access and controlled sharing.",Your files. Your keys. Your cloud.,独立后缀与名称通道：传统后缀（.com）；通用词典完整分词；固定哈希次序第922名，组实际配额1350。未要求命中行业词根；名称线索不是意义或机会确认。,未核实
dodoapparels.com,2026-09-16,传统后缀,近期注册且有内容,RDAP registration 位于近30天窗口；当前HTTPS页面通过实质内容规则,2026-09-14T10:45:59Z,verified_recent,https://dodoapparels.com/,Dodoapparels: Premium Eco-Friendly Fabrics & Supplies,Discover sustainable fabrics and eco-friendly supplies at Dodoapparels. Shop now for quality materials that care for the planet!,Dodoapparels: Premium Eco-Friendly Fabrics & Supplies,独立后缀与名称通道：传统后缀（.com）；可读字符形态探索；固定哈希次序第923名，组实际配额1350。未要求命中行业词根；名称线索不是意义或机会确认。,未核实
tahviehafra.com,2026-08-27,传统后缀,注册超过30天,RDAP registration 早于固定30天窗口,2026-08-25T10:15:24Z,verified_old,https://tahviehafra.com/,خانه تهویه افرا - تهویه افرا,کارگاه تخصصی تهویه افرا در تهران؛ از کانال‌سازی و هود صنعتی رستورانی تا دمپر، دریچه و فلاشینگ — با تولید در کارگاه خود و تیم اجرایی مجرب,خانه تهویه افرا;طراحی، تولید و اجرای سیستم‌های تهویه مطبوع و صنعتی,独立后缀与名称通道：传统后缀（.com）；可读字符形态探索；固定哈希次序第924名，组实际配额1350。未要求命中行业词根；名称线索不是意义或机会确认。,未核实
tierlocked.com,2026-09-01,传统后缀,页面内容不足,未同时达到正文160字符且（description≥40字符或非通用H1≥8字符）,,not_checked,https://tierlocked.com/,,,,独立后缀与名称通道：传统后缀（.com）；通用词典完整分词；固定哈希次序第925名，组实际配额1350。未要求命中行业词根；名称线索不是意义或机会确认。,未核实
biopakfood.com,2026-08-29,传统后缀,未取得可用页面,当前未取得可用HTTPS页面：network_error,,not_checked,https://biopakfood.com/,,,,独立后缀与名称通道：传统后缀（.com）；可读字符形态探索；固定哈希次序第926名，组实际配额1350。未要求命中行业词根；名称线索不是意义或机会确认。,未核实
隔离记录-b11c000f1016,2026-09-10,传统后缀,跳转到其他域名,公开展示暂隔离，原始技术判定保留。,2026-09-08T09:38:48Z,verified_recent,,已移出本轮研究范围,,,名称与原文不在公开工作台展示；抽样位置保留于本地审计。,未核实
votesave.org,2026-09-12,传统后缀,页面内容不足,未同时达到正文160字符且（description≥40字符或非通用H1≥8字符）,,not_checked,https://votesave.org/,,,,独立后缀与名称通道：传统后缀（.org）；通用词典完整分词；固定哈希次序第928名，组实际配额1350。未要求命中行业词根；名称线索不是意义或机会确认。,未核实
bjha.org,2026-08-30,传统后缀,未取得可用页面,当前未取得可用HTTPS页面：network_error,,not_checked,https://bjha.org/,,,,独立后缀与名称通道：传统后缀（.org）；短缩写探索；固定哈希次序第929名，组实际配额1350。未要求命中行业词根；名称线索不是意义或机会确认。,未核实
mervenni.com,2026-09-22,传统后缀,未取得可用页面,当前未取得可用HTTPS页面：network_error,,not_checked,https://mervenni.com/,,,,独立后缀与名称通道：传统后缀（.com）；可读字符形态探索；固定哈希次序第930名，组实际配额1350。未要求命中行业词根；名称线索不是意义或机会确认。,未核实
隔离记录-2533976a0783,2026-09-04,传统后缀,近期注册且有内容,本轮暂跳过成人与博彩内容；此项不改变页面是否存在的事实判定。,2026-09-02T08:55:50Z,verified_recent,,已移出本轮研究范围,,,名称与原文不在公开工作台展示；抽样位置保留于本地审计。,未核实
regenixcellcolombia.com,2026-09-04,传统后缀,停放或未正式开放,AI内容复核：H1明确为Launching Soon；正文为通用联系表单/Cookie模板，不应自动认定为已有实质内容的新站。 原文：Launching Soon;自动初判：RDAP registration 位于近30天窗口；当前HTTPS页面通过实质内容规则,2026-09-02T01:26:58Z,verified_recent,https://regenixcellcolombia.com/,regenixcellcolombia.com,Explore Regenix Cell Colombia for innovative cell therapy and regenerative medicine solutions. Your health services in Colombia await!,Launching Soon;Launching Soon,独立后缀与名称通道：传统后缀（.com）；可读字符形态探索；固定哈希次序第932名，组实际配额1350。未要求命中行业词根；名称线索不是意义或机会确认。,未核实
sggep.com,2026-09-20,传统后缀,未取得可用页面,当前未取得可用HTTPS页面：http_error,,not_checked,https://sggep.com/,,,,独立后缀与名称通道：传统后缀（.com）；短缩写探索；固定哈希次序第933名，组实际配额1350。未要求命中行业词根；名称线索不是意义或机会确认。,未核实
vacsousvide.com,2026-09-25,传统后缀,页面内容不足,未同时达到正文160字符且（description≥40字符或非通用H1≥8字符）,,not_checked,https://vacsousvide.com/,,,,独立后缀与名称通道：传统后缀（.com）；可读字符形态探索；固定哈希次序第934名，组实际配额1350。未要求命中行业词根；名称线索不是意义或机会确认。,未核实
zuccalove.com,2026-09-18,传统后缀,页面内容不足,未同时达到正文160字符且（description≥40字符或非通用H1≥8字符）,,not_checked,http://www.zuccalove.it/,,,,独立后缀与名称通道：传统后缀（.com）；可读字符形态探索；固定哈希次序第935名，组实际配额1350。未要求命中行业词根；名称线索不是意义或机会确认。,未核实
fiebreclub.com,2026-09-10,传统后缀,未取得可用页面,当前未取得可用HTTPS页面：too_large,,not_checked,https://fiebreclub.com/,,,,独立后缀与名称通道：传统后缀（.com）；可读字符形态探索；固定哈希次序第936名，组实际配额1350。未要求命中行业词根；名称线索不是意义或机会确认。,未核实
logistiqs.net,2026-09-23,传统后缀,未取得可用页面,当前未取得可用HTTPS页面：network_error,,not_checked,https://logistiqs.net/,,,,独立后缀与名称通道：传统后缀（.net）；可读字符形态探索；固定哈希次序第937名，组实际配额1350。未要求命中行业词根；名称线索不是意义或机会确认。,未核实
sketchtohome.com,2026-09-25,传统后缀,未取得可用页面,当前未取得可用HTTPS页面：network_error,,not_checked,https://sketchtohome.com/,,,,独立后缀与名称通道：传统后缀（.com）；通用词典完整分词；固定哈希次序第938名，组实际配额1350。未要求命中行业词根；名称线索不是意义或机会确认。,未核实
prettytrippyworld.com,2026-09-06,传统后缀,未取得可用页面,当前未取得可用HTTPS页面：network_error,,not_checked,https://prettytrippyworld.com/,,,,独立后缀与名称通道：传统后缀（.com）；可读字符形态探索；固定哈希次序第939名，组实际配额1350。未要求命中行业词根；名称线索不是意义或机会确认。,未核实
theonlyjuans.com,2026-09-12,传统后缀,停放或未正式开放,AI内容复核：页面明确Coming Soon与等待名单，并自称正在建设的求职板概念；没有当前已发布的岗位内容。 原文：Coming Soon;自动初判：RDAP registration 位于近30天窗口；当前HTTPS页面通过实质内容规则,2026-09-10T00:48:36Z,verified_recent,https://theonlyjuans.com/,OnlyJuans — Coming Soon,OnlyJuans is a bilingual parody job board for hardworking Juans. Subscribe to the grind. Not that site. The job one. Próximamente.,The Only Juans,独立后缀与名称通道：传统后缀（.com）；可读字符形态探索；固定哈希次序第940名，组实际配额1350。未要求命中行业词根；名称线索不是意义或机会确认。,未核实
snackssogood.com,2026-09-18,传统后缀,停放或未正式开放,标题/H1/description 或域名式标题对应的正文开头命中停放/未开放标记：under construction,,not_checked,https://snackssogood.com/,Coming Soon,,snackssogood.com,独立后缀与名称通道：传统后缀（.com）；可读字符形态探索；固定哈希次序第941名，组实际配额1350。未要求命中行业词根；名称线索不是意义或机会确认。,未核实
miravonel.com,2026-09-19,传统后缀,页面内容不足,未同时达到正文160字符且（description≥40字符或非通用H1≥8字符）,,not_checked,https://miravonel.com/,miravonel,,,独立后缀与名称通道：传统后缀（.com）；可读字符形态探索；固定哈希次序第942名，组实际配额1350。未要求命中行业词根；名称线索不是意义或机会确认。,未核实
beradmotos.com,2026-09-24,传统后缀,停放或未正式开放,标题/H1/description 或域名式标题对应的正文开头命中停放/未开放标记：under construction,,not_checked,https://beradmotos.com/,Coming Soon,,beradmotos.com,独立后缀与名称通道：传统后缀（.com）；可读字符形态探索；固定哈希次序第943名，组实际配额1350。未要求命中行业词根；名称线索不是意义或机会确认。,未核实
veminolaw.com,2026-09-16,传统后缀,未取得可用页面,当前未取得可用HTTPS页面：http_error,,not_checked,https://veminolaw.com/,,,,独立后缀与名称通道：传统后缀（.com）；可读字符形态探索；固定哈希次序第944名，组实际配额1350。未要求命中行业词根；名称线索不是意义或机会确认。,未核实
buzzinlabs.com,2026-09-23,传统后缀,未取得可用页面,当前未取得可用HTTPS页面：network_error,,not_checked,https://buzzinlabs.com/,,,,独立后缀与名称通道：传统后缀（.com）；可读字符形态探索；固定哈希次序第945名，组实际配额1350。未要求命中行业词根；名称线索不是意义或机会确认。,未核实
heartswithpeace.com,2026-09-16,传统后缀,未取得可用页面,当前未取得可用HTTPS页面：http_error,,not_checked,https://heartswithpeace.com/,,,,独立后缀与名称通道：传统后缀（.com）；通用词典完整分词；固定哈希次序第946名，组实际配额1350。未要求命中行业词根；名称线索不是意义或机会确认。,未核实
poolremodelingpolkcounty.com,2026-09-12,传统后缀,跳转到其他域名,来源域名近期注册，但最终页面属于其他域名；目标站上线时间未知,2026-09-10T13:57:21Z,verified_recent,https://polkcountypoolremodeling.com/,"Pool Remodeling in Polk County, FL | Polk County Pool Remodeling","Pool remodeling in Polk County, FL, including resurfacing, decks, tile replacement, pool equipment, new pool construction, and outdoor living.","Pool Remodeling in Polk County, Florida",独立后缀与名称通道：传统后缀（.com）；通用词典完整分词；固定哈希次序第947名，组实际配额1350。未要求命中行业词根；名称线索不是意义或机会确认。,未核实
tilestoryindia.com,2026-08-30,传统后缀,近期注册且有内容,RDAP registration 位于近30天窗口；当前HTTPS页面通过实质内容规则,2026-08-28T16:34:47Z,verified_recent,https://tilestoryindia.com/,"Tile Story — Premium Designer Tiles | Nungambakkam, Chennai","Chennai's premier designer tile showroom. Premium flooring, Moroccan, large slab, bathroom and imported tiles. Same-day delivery.",,独立后缀与名称通道：传统后缀（.com）；通用词典完整分词；固定哈希次序第948名，组实际配额1350。未要求命中行业词根；名称线索不是意义或机会确认。,未核实
peterspc.com,2026-08-30,传统后缀,未取得可用页面,当前未取得可用HTTPS页面：network_error,,not_checked,https://peterspc.com/,,,,独立后缀与名称通道：传统后缀（.com）；可读字符形态探索；固定哈希次序第949名，组实际配额1350。未要求命中行业词根；名称线索不是意义或机会确认。,未核实
betokenize.com,2026-09-10,传统后缀,未取得可用页面,当前未取得可用HTTPS页面：network_error,,not_checked,https://betokenize.com/,,,,独立后缀与名称通道：传统后缀（.com）；可读字符形态探索；固定哈希次序第950名，组实际配额1350。未要求命中行业词根；名称线索不是意义或机会确认。,未核实
hireogramnow.com,2026-09-02,传统后缀,未取得可用页面,当前未取得可用HTTPS页面：network_error,,not_checked,https://hireogramnow.com/,,,,独立后缀与名称通道：传统后缀（.com）；可读字符形态探索；固定哈希次序第951名，组实际配额1350。未要求命中行业词根；名称线索不是意义或机会确认。,未核实
billsjumboburgers.com,2026-09-16,传统后缀,跳转到其他域名,来源域名近期注册，但最终页面属于其他域名；目标站上线时间未知,2026-09-14T22:30:38Z,verified_recent,https://billsjumboburger.com/,"Bill’s Jumbo Burger | Clovis, New Mexico","Find Bill’s Jumbo Burger in Clovis, NM. Explore the menu, real guest photos and Google reviews, opening hours, and directions to 2113 N Main Street.",A Clovis stop. A jumbo appetite.,独立后缀与名称通道：传统后缀（.com）；可读字符形态探索；固定哈希次序第952名，组实际配额1350。未要求命中行业词根；名称线索不是意义或机会确认。,未核实
cookandsing.com,2026-09-12,传统后缀,未取得可用页面,当前未取得可用HTTPS页面：http_error,,not_checked,https://cookandsing.com/,,,,独立后缀与名称通道：传统后缀（.com）；通用词典完整分词；固定哈希次序第953名，组实际配额1350。未要求命中行业词根；名称线索不是意义或机会确认。,未核实
appparallel.com,2026-09-21,传统后缀,页面内容不足,未同时达到正文160字符且（description≥40字符或非通用H1≥8字符）,,not_checked,https://appparallel.com/,,,,独立后缀与名称通道：传统后缀（.com）；可读字符形态探索；固定哈希次序第954名，组实际配额1350。未要求命中行业词根；名称线索不是意义或机会确认。,未核实
inxitecorp.com,2026-08-31,传统后缀,近期注册且有内容,RDAP registration 位于近30天窗口；当前HTTPS页面通过实质内容规则,2026-08-29T21:00:42Z,verified_recent,https://inxitecorp.com/,InXite Corporate | Experience. Intelligence. Execution. Outcomes.,"InXite is an outcome-intelligence enterprise built on decades of experience across technology, healthcare, government, enterprise data, information sharing and complex initiatives.",We build what’s next.,独立后缀与名称通道：传统后缀（.com）；可读字符形态探索；固定哈希次序第955名，组实际配额1350。未要求命中行业词根；名称线索不是意义或机会确认。,未核实
betonecable.com,2026-09-15,传统后缀,未取得可用页面,当前未取得可用HTTPS页面：network_error,,not_checked,https://betonecable.com/,,,,独立后缀与名称通道：传统后缀（.com）；通用词典完整分词；固定哈希次序第956名，组实际配额1350。未要求命中行业词根；名称线索不是意义或机会确认。,未核实
valido-crm.com,2026-09-13,传统后缀,近期注册且有内容,RDAP registration 位于近30天窗口；当前HTTPS页面通过实质内容规则,2026-09-11T23:05:52Z,verified_recent,https://valido-crm.com/,Valido Sales OS — Remote SDR Performance Platform,"Live calls, talk time and demos booked for every remote SDR — synced from Close CRM, ranked on a shared leaderboard.",The operating system for your remote SDR floor,独立后缀与名称通道：传统后缀（.com）；可读字符形态探索；固定哈希次序第957名，组实际配额1350。未要求命中行业词根；名称线索不是意义或机会确认。,未核实
thedollhaircollection.com,2026-09-07,传统后缀,未取得可用页面,当前未取得可用HTTPS页面：too_large,,not_checked,https://www.thedollhaircollection.com/,,,,独立后缀与名称通道：传统后缀（.com）；通用词典完整分词；固定哈希次序第958名，组实际配额1350。未要求命中行业词根；名称线索不是意义或机会确认。,未核实
dyrbeauty.com,2026-09-02,传统后缀,未取得可用页面,当前未取得可用HTTPS页面：network_error,,not_checked,https://dyrbeauty.com/,,,,独立后缀与名称通道：传统后缀（.com）；可读字符形态探索；固定哈希次序第959名，组实际配额1350。未要求命中行业词根；名称线索不是意义或机会确认。,未核实
hortamedpolska.com,2026-09-13,传统后缀,未取得可用页面,当前未取得可用HTTPS页面：network_error,,not_checked,https://hortamedpolska.com/,,,,独立后缀与名称通道：传统后缀（.com）；可读字符形态探索；固定哈希次序第960名，组实际配额1350。未要求命中行业词根；名称线索不是意义或机会确认。,未核实
shoptalivo.com,2026-09-08,传统后缀,页面内容不足,未同时达到正文160字符且（description≥40字符或非通用H1≥8字符）,,not_checked,https://shoptalivo.com/,Talivo,,Talivo,独立后缀与名称通道：传统后缀（.com）；可读字符形态探索；固定哈希次序第961名，组实际配额1350。未要求命中行业词根；名称线索不是意义或机会确认。,未核实
emphaticlab.com,2026-09-03,传统后缀,近期注册且有内容,RDAP registration 位于近30天窗口；当前HTTPS页面通过实质内容规则,2026-09-01T07:15:07Z,verified_recent,https://www.emphaticlab.com/,Emphatic Labs,Advancing the integration of AI into consumer software.,Advancing the integration of AI into consumer software.,独立后缀与名称通道：传统后缀（.com）；通用词典完整分词；固定哈希次序第962名，组实际配额1350。未要求命中行业词根；名称线索不是意义或机会确认。,未核实
moderatelyfrugal.com,2026-08-29,传统后缀,页面内容不足,未同时达到正文160字符且（description≥40字符或非通用H1≥8字符）,,not_checked,https://moderatelyfrugal.com/,,,,独立后缀与名称通道：传统后缀（.com）；通用词典完整分词；固定哈希次序第963名，组实际配额1350。未要求命中行业词根；名称线索不是意义或机会确认。,未核实
a84emxycuh.com,2026-08-31,传统后缀,停放或未正式开放,标题/H1/description 或域名式标题对应的正文开头命中停放/未开放标记：domain for sale,,not_checked,https://a84emxycuh.com/,porkbun.com | domain for sale,,This domain is for sale.,独立后缀与名称通道：传统后缀（.com）；少量数字名称探索；固定哈希次序第964名，组实际配额1350。未要求命中行业词根；名称线索不是意义或机会确认。,未核实
takeneedsupplements.com,2026-09-17,传统后缀,未取得可用页面,当前未取得可用HTTPS页面：network_error,,not_checked,https://takeneedsupplements.com/,,,,独立后缀与名称通道：传统后缀（.com）；可读字符形态探索；固定哈希次序第965名，组实际配额1350。未要求命中行业词根；名称线索不是意义或机会确认。,未核实
tradngsolutions.com,2026-08-27,传统后缀,页面内容不足,未同时达到正文160字符且（description≥40字符或非通用H1≥8字符）,,not_checked,https://tradngsolutions.com/,Parked Domain name on Hostinger DNS system,,,独立后缀与名称通道：传统后缀（.com）；可读字符形态探索；固定哈希次序第966名，组实际配额1350。未要求命中行业词根；名称线索不是意义或机会确认。,未核实
humanoidretailer.com,2026-09-05,传统后缀,页面内容不足,未同时达到正文160字符且（description≥40字符或非通用H1≥8字符）,,not_checked,https://humanoidretailer.com/,,,,独立后缀与名称通道：传统后缀（.com）；通用词典完整分词；固定哈希次序第967名，组实际配额1350。未要求命中行业词根；名称线索不是意义或机会确认。,未核实
labchoosekickstart.com,2026-08-27,传统后缀,停放或未正式开放,标题/H1/description 或域名式标题对应的正文开头命中停放/未开放标记：domain for sale,,not_checked,https://labchoosekickstart.com/,porkbun.com | domain for sale,,This domain is for sale.,独立后缀与名称通道：传统后缀（.com）；通用词典完整分词；固定哈希次序第968名，组实际配额1350。未要求命中行业词根；名称线索不是意义或机会确认。,未核实
todayranks.com,2026-08-30,传统后缀,近期注册且有内容,RDAP registration 位于近30天窗口；当前HTTPS页面通过实质内容规则,2026-08-28T21:50:01Z,verified_recent,https://todayranks.com/,오늘의 띠 랭킹,오늘의 12띠 운세 순위와 행운지수를 한눈에 확인하세요.,오늘의 띠 랭킹,独立后缀与名称通道：传统后缀（.com）；可读字符形态探索；固定哈希次序第969名，组实际配额1350。未要求命中行业词根；名称线索不是意义或机会确认。,未核实
mehromahhealth.com,2026-08-28,传统后缀,未取得可用页面,当前未取得可用HTTPS页面：network_error,,not_checked,https://mehromahhealth.com/,,,,独立后缀与名称通道：传统后缀（.com）；可读字符形态探索；固定哈希次序第970名，组实际配额1350。未要求命中行业词根；名称线索不是意义或机会确认。,未核实
pine-frost.com,2026-08-30,传统后缀,未取得可用页面,当前未取得可用HTTPS页面：http_error,,not_checked,https://pine-frost.com/,,,,独立后缀与名称通道：传统后缀（.com）；通用词典完整分词；固定哈希次序第971名，组实际配额1350。未要求命中行业词根；名称线索不是意义或机会确认。,未核实
shabadindia.com,2026-08-27,传统后缀,注册超过30天,RDAP registration 早于固定30天窗口,2026-08-25T09:30:38Z,verified_old,https://shabadindia.com/,SHABAD,"Discover SHABAD in Rajouri Garden, Delhi - a must-visit dining experience offering delectable cuisine in a cozy ambiance. Perfect for food lovers!","SHABAD- Rajouri Garden, Delhi;SHABAD- Rajouri Garden, Delhi",独立后缀与名称通道：传统后缀（.com）；通用词典完整分词；固定哈希次序第972名，组实际配额1350。未要求命中行业词根；名称线索不是意义或机会确认。,未核实
henkaperustore.com,2026-08-28,传统后缀,页面内容不足,未同时达到正文160字符且（description≥40字符或非通用H1≥8字符）,,not_checked,https://henkaperustore.com/,HENKA PERU PayPal,,,独立后缀与名称通道：传统后缀（.com）；可读字符形态探索；固定哈希次序第973名，组实际配额1350。未要求命中行业词根；名称线索不是意义或机会确认。,未核实
blueskyenergysolar.com,2026-09-07,传统后缀,停放或未正式开放,AI内容复核：H1明确Launching Soon，正文为通用联系/Cookie模板；不认定为已经发布实质内容的网站。 原文：Launching Soon;自动初判：RDAP registration 位于近30天窗口；当前HTTPS页面通过实质内容规则,2026-09-05T00:44:53Z,verified_recent,https://blueskyenergysolar.com/,blueskyenergysolar.com,Discover innovative solar energy solutions at Blue Sky Energy Solar. Sign up for updates on our upcoming solar installation services!,Launching Soon;Launching Soon,独立后缀与名称通道：传统后缀（.com）；通用词典完整分词；固定哈希次序第974名，组实际配额1350。未要求命中行业词根；名称线索不是意义或机会确认。,未核实
dreamwalkvisuals.com,2026-09-03,传统后缀,近期注册且有内容,RDAP registration 位于近30天窗口；当前HTTPS页面通过实质内容规则,2026-09-01T22:47:28Z,verified_recent,https://dreamwalkvisuals.com/,Cinematic Real Estate Video & Listing Photography | DreamWalk Visuals,"Cinematic property videos built from your existing photos from $250, plus on-site listing photography from $250. One-time pricing, no subscriptions.",Marketing Visuals That Make a Listing Impossible to Scroll Past.,独立后缀与名称通道：传统后缀（.com）；可读字符形态探索；固定哈希次序第975名，组实际配额1350。未要求命中行业词根；名称线索不是意义或机会确认。,未核实
velaskill.com,2026-08-29,传统后缀,页面内容不足,未同时达到正文160字符且（description≥40字符或非通用H1≥8字符）,,not_checked,https://velaskill-com.l.ink/,A Brand New Domain!,Brought to you by Porkbun.,A Brand New Domain!,独立后缀与名称通道：传统后缀（.com）；通用词典完整分词；固定哈希次序第976名，组实际配额1350。未要求命中行业词根；名称线索不是意义或机会确认。,未核实
yeshambelwoodcarving.com,2026-09-20,传统后缀,近期注册且有内容,RDAP registration 位于近30天窗口；当前HTTPS页面通过实质内容规则,2026-09-18T08:34:14Z,verified_recent,https://yeshambelwoodcarving.com/,Yeshambel Wood Carving | Ethiopian & Habesha Master Carver San Francisco,"Yeshambel Ayicheh — Master Ethiopian Habesha wood carver. Handcrafted church altars, Habesha crosses, throne chairs, church doors & custom woodwork. San Francisco, CA.",Ethiopian Wood Carving Habesha Heritage,独立后缀与名称通道：传统后缀（.com）；通用词典完整分词；固定哈希次序第977名，组实际配额1350。未要求命中行业词根；名称线索不是意义或机会确认。,未核实
streichpoint.com,2026-08-31,传统后缀,跳转到其他域名,来源域名近期注册，但最终页面属于其他域名；目标站上线时间未知,2026-08-29T20:43:58Z,verified_recent,https://streichpointsurveying.com/,StreichPoint Surveying,"Licensed land surveying in Henderson, Nevada. Boundary, topographic, and construction staking across Clark County, signed and sealed by the licensee in respo...",Home;Boundary. Topographic. Construction staking.,独立后缀与名称通道：传统后缀（.com）；通用词典完整分词；固定哈希次序第978名，组实际配额1350。未要求命中行业词根；名称线索不是意义或机会确认。,未核实
getaicos.com,2026-09-21,传统后缀,未取得可用页面,当前未取得可用HTTPS页面：network_error,,not_checked,https://getaicos.com/,,,,独立后缀与名称通道：传统后缀（.com）；可读字符形态探索；固定哈希次序第979名，组实际配额1350。未要求命中行业词根；名称线索不是意义或机会确认。,未核实
kemmsiesbuildco.com,2026-09-02,传统后缀,页面内容不足,未同时达到正文160字符且（description≥40字符或非通用H1≥8字符）,,not_checked,https://kemmsiesbuildco.com/,,,,独立后缀与名称通道：传统后缀（.com）；可读字符形态探索；固定哈希次序第980名，组实际配额1350。未要求命中行业词根；名称线索不是意义或机会确认。,未核实
influxpipe.com,2026-09-06,传统后缀,跳转到其他域名,来源域名近期注册，但最终页面属于其他域名；目标站上线时间未知,2026-09-04T17:31:44Z,verified_recent,https://influxonline.co/,Influx | Done-For-You LinkedIn Authority System for B2B Executives Arrow Right Arrow Down Influx Who This Is For Grid Influx Problem Comparison Table Influx Outcome Grid Influx How It Works Process Grid Arrow Right Influx Ownership Grid Influx Case Study Cards Arrow Right Influx Timeline Grid Influx Trust Grid Arrow Right Arrow Right,"Influx installs a LinkedIn Authority System that turns executive expertise into warm, ICP-qualified commercial interest - content, Media Engine distribution, and reporting, done-for-you.","Turn your Executive Expertise into warm ICP-qualified leads.;We capture your expertise once, turn it into authority-based content on LinkedIn and use our Media Engine to attract high-intent buyers.;Built for Executives who want to turn their LinkedIn presence into an Authority Engine that generates leads, pipeline and growth.;The market cannot buy expertise it cannot see and it will not trust expertise that never shows up where buyers research.;The problem is not a lack of expertise. The problem is invisible authority without a path to warm, high-intent buyers.;What We Do;How the Done-For-You Authority Engine works;Your expertise. Our authority infrastructure.;The executive remains the authority. Influx installs and operates the system that makes that authority commercially visible.;Customer Examples",独立后缀与名称通道：传统后缀（.com）；通用词典完整分词；固定哈希次序第981名，组实际配额1350。未要求命中行业词根；名称线索不是意义或机会确认。,未核实
quakertavernma.com,2026-09-23,传统后缀,近期注册且有内容,RDAP registration 位于近30天窗口；当前HTTPS页面通过实质内容规则,2026-09-21T20:14:17Z,verified_recent,https://quakertavernma.com/,"Quaker Tavern - Uxbridge, MA","Quaker Tavern is a cozy neighborhood spot in Uxbridge where hearty food, refreshing drinks, and good company come together. Our menu brings familiar American and New England favorites to the table, from seafood and steaks to sandwiches, salads, and tavern classics. Whether you're stopping in for a casual lunch, meeting friends for dinner, or settling in for a drink at the bar, we're here to make every visit feel welcoming. With a relaxed atmosphere and a menu made for sharing, Quaker Tavern is a place to gather, unwind, and enjoy the moment.","Quaker Tavern - Uxbridge, MA",独立后缀与名称通道：传统后缀（.com）；可读字符形态探索；固定哈希次序第982名，组实际配额1350。未要求命中行业词根；名称线索不是意义或机会确认。,未核实
litnews24.net,2026-09-01,传统后缀,页面内容不足,未同时达到正文160字符且（description≥40字符或非通用H1≥8字符）,,not_checked,http://ww547.litnews24.net/?tkn=19vnMT3S,Litnews24,,Litnews24,独立后缀与名称通道：传统后缀（.net）；少量数字名称探索；固定哈希次序第983名，组实际配额1350。未要求命中行业词根；名称线索不是意义或机会确认。,未核实
viennasociety.com,2026-09-20,传统后缀,页面内容不足,未同时达到正文160字符且（description≥40字符或非通用H1≥8字符）,,not_checked,https://viennasociety.com/,Parked Domain name on Hostinger DNS system,,,独立后缀与名称通道：传统后缀（.com）；通用词典完整分词；固定哈希次序第984名，组实际配额1350。未要求命中行业词根；名称线索不是意义或机会确认。,未核实
crtagi.com,2026-09-08,传统后缀,页面内容不足,未同时达到正文160字符且（description≥40字符或非通用H1≥8字符）,,not_checked,https://crtagi-com.l.ink/,A Brand New Domain!,Brought to you by Porkbun.,A Brand New Domain!,独立后缀与名称通道：传统后缀（.com）；可读字符形态探索；固定哈希次序第985名，组实际配额1350。未要求命中行业词根；名称线索不是意义或机会确认。,未核实
infrawr.com,2026-09-21,传统后缀,页面内容不足,未同时达到正文160字符且（description≥40字符或非通用H1≥8字符）,,not_checked,https://infrawr.com/,Parked Domain name on Hostinger DNS system,,,独立后缀与名称通道：传统后缀（.com）；可读字符形态探索；固定哈希次序第986名，组实际配额1350。未要求命中行业词根；名称线索不是意义或机会确认。,未核实
peaceofsite.com,2026-09-07,传统后缀,近期注册且有内容,RDAP registration 位于近30天窗口；当前HTTPS页面通过实质内容规则,2026-09-05T22:23:42Z,verified_recent,https://peaceofsite.com/,PeaceOfSite — Know before your client does when something revenue-critical on their website silently fails.,Know before your client does when something revenue-critical on their website silently fails.,Know before your client does when something revenue-critical on their website silently fails.,独立后缀与名称通道：传统后缀（.com）；可读字符形态探索；固定哈希次序第987名，组实际配额1350。未要求命中行业词根；名称线索不是意义或机会确认。,未核实
gravityenterprise.net,2026-08-29,传统后缀,页面内容不足,未同时达到正文160字符且（description≥40字符或非通用H1≥8字符）,,not_checked,https://gravityenterprise.net/,Parked Domain name on Hostinger DNS system,,,独立后缀与名称通道：传统后缀（.net）；通用词典完整分词；固定哈希次序第988名，组实际配额1350。未要求命中行业词根；名称线索不是意义或机会确认。,未核实
theghazal.com,2026-09-13,传统后缀,未取得可用页面,当前未取得可用HTTPS页面：network_error,,not_checked,https://theghazal.com/,,,,独立后缀与名称通道：传统后缀（.com）；可读字符形态探索；固定哈希次序第989名，组实际配额1350。未要求命中行业词根；名称线索不是意义或机会确认。,未核实
theperegrinesperch.com,2026-09-24,传统后缀,停放或未正式开放,标题/H1/description 或域名式标题对应的正文开头命中停放/未开放标记：under construction,,not_checked,https://theperegrinesperch.com/,Coming Soon,,theperegrinesperch.com,独立后缀与名称通道：传统后缀（.com）；可读字符形态探索；固定哈希次序第990名，组实际配额1350。未要求命中行业词根；名称线索不是意义或机会确认。,未核实
websiteproagent.com,2026-08-31,传统后缀,页面内容不足,未同时达到正文160字符且（description≥40字符或非通用H1≥8字符）,,not_checked,https://websiteproagent.com/,,,,独立后缀与名称通道：传统后缀（.com）；通用词典完整分词；固定哈希次序第991名，组实际配额1350。未要求命中行业词根；名称线索不是意义或机会确认。,未核实
homegrownvp.com,2026-09-24,传统后缀,停放或未正式开放,标题/H1/description 或域名式标题对应的正文开头命中停放/未开放标记：under construction,,not_checked,https://homegrownvp.com/,Coming Soon,,homegrownvp.com,独立后缀与名称通道：传统后缀（.com）；可读字符形态探索；固定哈希次序第992名，组实际配额1350。未要求命中行业词根；名称线索不是意义或机会确认。,未核实
rindhira.com,2026-09-15,传统后缀,页面内容不足,未同时达到正文160字符且（description≥40字符或非通用H1≥8字符）,,not_checked,https://rindhira.com/,தமிழ்நாடு அரசு அனைத்து சுகாதார செவிலியர்கள் சங்கம்,,,独立后缀与名称通道：传统后缀（.com）；可读字符形态探索；固定哈希次序第993名，组实际配额1350。未要求命中行业词根；名称线索不是意义或机会确认。,未核实
sanatanlive.com,2026-09-25,传统后缀,页面内容不足,未同时达到正文160字符且（description≥40字符或非通用H1≥8字符）,,not_checked,https://sanatanlive.com/,,,,独立后缀与名称通道：传统后缀（.com）；可读字符形态探索；固定哈希次序第994名，组实际配额1350。未要求命中行业词根；名称线索不是意义或机会确认。,未核实
wurber.com,2026-08-30,传统后缀,未取得可用页面,当前未取得可用HTTPS页面：network_error,,not_checked,https://wurber.com/,,,,独立后缀与名称通道：传统后缀（.com）；通用词典完整分词；固定哈希次序第995名，组实际配额1350。未要求命中行业词根；名称线索不是意义或机会确认。,未核实
qgroupqld.com,2026-08-27,传统后缀,页面内容不足,未同时达到正文160字符且（description≥40字符或非通用H1≥8字符）,,not_checked,https://qgroupqld.com/,,,,独立后缀与名称通道：传统后缀（.com）；可读字符形态探索；固定哈希次序第996名，组实际配额1350。未要求命中行业词根；名称线索不是意义或机会确认。,未核实
隔离记录-53798c7e6778,2026-09-07,传统后缀,近期注册且有内容,本轮暂跳过成人与博彩内容；此项不改变页面是否存在的事实判定。,2026-09-05T04:57:43Z,verified_recent,,已移出本轮研究范围,,,名称与原文不在公开工作台展示；抽样位置保留于本地审计。,未核实
cuccioloeventi.com,2026-08-27,传统后缀,停放或未正式开放,标题/H1/description 或域名式标题对应的正文开头命中停放/未开放标记：under construction,,not_checked,https://cuccioloeventi.com/,Coming Soon,,cuccioloeventi.com,独立后缀与名称通道：传统后缀（.com）；可读字符形态探索；固定哈希次序第998名，组实际配额1350。未要求命中行业词根；名称线索不是意义或机会确认。,未核实
shoppingvix.com,2026-09-02,传统后缀,未取得可用页面,当前未取得可用HTTPS页面：too_large,,not_checked,https://www.shoppingvix.com/,,,,独立后缀与名称通道：传统后缀（.com）；可读字符形态探索；固定哈希次序第999名，组实际配额1350。未要求命中行业词根；名称线索不是意义或机会确认。,未核实
thecinemamultiverse.com,2026-09-23,传统后缀,未取得可用页面,当前未取得可用HTTPS页面：network_error,,not_checked,https://thecinemamultiverse.com/,,,,独立后缀与名称通道：传统后缀（.com）；通用词典完整分词；固定哈希次序第1000名，组实际配额1350。未要求命中行业词根；名称线索不是意义或机会确认。,未核实
babyu8.com,2026-08-31,传统后缀,未取得可用页面,当前未取得可用HTTPS页面：network_error,,not_checked,https://babyu8.com/,,,,独立后缀与名称通道：传统后缀（.com）；少量数字名称探索；固定哈希次序第1001名，组实际配额1350。未要求命中行业词根；名称线索不是意义或机会确认。,未核实
locuniversity.net,2026-09-02,传统后缀,页面内容不足,未同时达到正文160字符且（description≥40字符或非通用H1≥8字符）,,not_checked,https://locuniversity.net/,,,,独立后缀与名称通道：传统后缀（.net）；可读字符形态探索；固定哈希次序第1002名，组实际配额1350。未要求命中行业词根；名称线索不是意义或机会确认。,未核实
byyfos.com,2026-09-09,传统后缀,未取得可用页面,当前未取得可用HTTPS页面：network_error,,not_checked,https://byyfos.com/,,,,独立后缀与名称通道：传统后缀（.com）；可读字符形态探索；固定哈希次序第1003名，组实际配额1350。未要求命中行业词根；名称线索不是意义或机会确认。,未核实
tr01a.com,2026-09-07,传统后缀,页面内容不足,未同时达到正文160字符且（description≥40字符或非通用H1≥8字符）,,not_checked,https://tr01a.com/,NGINX,,,独立后缀与名称通道：传统后缀（.com）；少量数字名称探索；固定哈希次序第1004名，组实际配额1350。未要求命中行业词根；名称线索不是意义或机会确认。,未核实
隔离记录-c89eb9332864,2026-09-02,传统后缀,近期注册且有内容,本轮暂跳过成人与博彩内容；此项不改变页面是否存在的事实判定。,2026-08-31T14:10:11.241000Z,verified_recent,,已移出本轮研究范围,,,名称与原文不在公开工作台展示；抽样位置保留于本地审计。,未核实
mfkigali.com,2026-09-06,传统后缀,近期注册且有内容,RDAP registration 位于近30天窗口；当前HTTPS页面通过实质内容规则,2026-09-04T14:52:41Z,verified_recent,https://www.mfkigali.com/,MFK — Maison de la Francophonie Kigali,"Maison de la Francophonie Kigali (MFK) — examens et apprentissage du français langue étrangère, certifications CECRL A1 à C2.",musical,独立后缀与名称通道：传统后缀（.com）；可读字符形态探索；固定哈希次序第1006名，组实际配额1350。未要求命中行业词根；名称线索不是意义或机会确认。,未核实
slidesbyshaz.com,2026-09-08,传统后缀,未取得可用页面,当前未取得可用HTTPS页面：too_large,,not_checked,https://www.slidesbyshaz.com/,,,,独立后缀与名称通道：传统后缀（.com）；可读字符形态探索；固定哈希次序第1007名，组实际配额1350。未要求命中行业词根；名称线索不是意义或机会确认。,未核实
stroopsequipments.com,2026-09-18,传统后缀,未取得可用页面,当前未取得可用HTTPS页面：network_error,,not_checked,https://stroopsequipments.com/,,,,独立后缀与名称通道：传统后缀（.com）；可读字符形态探索；固定哈希次序第1008名，组实际配额1350。未要求命中行业词根；名称线索不是意义或机会确认。,未核实
ddreamassets.com,2026-09-01,传统后缀,近期注册且有内容,RDAP registration 位于近30天窗口；当前HTTPS页面通过实质内容规则,2026-08-30T14:20:30Z,verified_recent,https://ddreamassets.com/,ddreamAssets — ваши материалы внутри Premiere Pro и After Effects,"Звуки, видео и изображения из ваших папок — в одной панели Adobe. Поиск, превью, избранное и импорт в проект. Для Windows.",Ваши материалы. В вашем редакторе.,独立后缀与名称通道：传统后缀（.com）；可读字符形态探索；固定哈希次序第1009名，组实际配额1350。未要求命中行业词根；名称线索不是意义或机会确认。,未核实
todak-2.net,2026-09-01,传统后缀,近期注册且有内容,RDAP registration 位于近30天窗口；当前HTTPS页面通过实质内容规则,2026-08-30T05:51:06Z,verified_recent,https://todak-2.net/,서울토닥이｜ 여성전용출장마사지 안마 토닥이사이트 안내,"서울토닥이는 별도의 매장 방문 없이 자택·호텔·오피스텔 등 원하는 공간에서 이용하는 여성전용 방문 홈케어입니다. 서울 25개 자치구 이용 지역과 예약 방법, 진행 과정 및 확인사항을 안내합니다.","서울토닥이, 서울 여성전용출장마사지",独立后缀与名称通道：传统后缀（.net）；少量数字名称探索；固定哈希次序第1010名，组实际配额1350。未要求命中行业词根；名称线索不是意义或机会确认。,未核实
newsmediasend.com,2026-09-25,传统后缀,页面内容不足,未同时达到正文160字符且（description≥40字符或非通用H1≥8字符）,,not_checked,https://newsmediasend.com/,,,Reserved for,独立后缀与名称通道：传统后缀（.com）；通用词典完整分词；固定哈希次序第1011名，组实际配额1350。未要求命中行业词根；名称线索不是意义或机会确认。,未核实
newearthpolicy.com,2026-08-29,传统后缀,未取得可用页面,当前未取得可用HTTPS页面：network_error,,not_checked,https://newearthpolicy.com/,,,,独立后缀与名称通道：传统后缀（.com）；通用词典完整分词；固定哈希次序第1012名，组实际配额1350。未要求命中行业词根；名称线索不是意义或机会确认。,未核实
ezbzleadpartners.com,2026-09-18,传统后缀,未取得可用页面,当前未取得可用HTTPS页面：network_error,,not_checked,https://ezbzlead.com/,,,,独立后缀与名称通道：传统后缀（.com）；可读字符形态探索；固定哈希次序第1013名，组实际配额1350。未要求命中行业词根；名称线索不是意义或机会确认。,未核实
authancy.com,2026-09-09,传统后缀,页面内容不足,未同时达到正文160字符且（description≥40字符或非通用H1≥8字符）,,not_checked,https://authancy-com.l.ink/,A Brand New Domain!,Brought to you by Porkbun.,A Brand New Domain!,独立后缀与名称通道：传统后缀（.com）；可读字符形态探索；固定哈希次序第1014名，组实际配额1350。未要求命中行业词根；名称线索不是意义或机会确认。,未核实
valahallafoundation.org,2026-08-31,传统后缀,页面内容不足,未同时达到正文160字符且（description≥40字符或非通用H1≥8字符）,,not_checked,https://valahallafoundation.org/,,,,独立后缀与名称通道：传统后缀（.org）；可读字符形态探索；固定哈希次序第1015名，组实际配额1350。未要求命中行业词根；名称线索不是意义或机会确认。,未核实
wuzuno.com,2026-09-08,传统后缀,页面内容不足,未同时达到正文160字符且（description≥40字符或非通用H1≥8字符）,,not_checked,https://wuzuno-com.l.ink/,A Brand New Domain!,Brought to you by Porkbun.,A Brand New Domain!,独立后缀与名称通道：传统后缀（.com）；可读字符形态探索；固定哈希次序第1016名，组实际配额1350。未要求命中行业词根；名称线索不是意义或机会确认。,未核实
salesafe.org,2026-09-14,传统后缀,近期注册且有内容,RDAP registration 位于近30天窗口；当前HTTPS页面通过实质内容规则,2026-09-12T12:30:45.961000Z,verified_recent,https://salesafe.org/,Private Sale Receipts for Used Items | SaleSafe,"Document the item, condition, price and photos. Let the buyer review it, then keep a timestamped record of your private sale.","Before You Hand It Over, SaleSafe It.",独立后缀与名称通道：传统后缀（.org）；通用词典完整分词；固定哈希次序第1017名，组实际配额1350。未要求命中行业词根；名称线索不是意义或机会确认。,未核实
jet88betkece.com,2026-09-21,传统后缀,未取得可用页面,当前未取得可用HTTPS页面：network_error,,not_checked,https://jet88betkece.com/,,,,独立后缀与名称通道：传统后缀（.com）；少量数字名称探索；固定哈希次序第1018名，组实际配额1350。未要求命中行业词根；名称线索不是意义或机会确认。,未核实
sky-grove.com,2026-08-27,传统后缀,注册超过30天,RDAP registration 早于固定30天窗口,2026-08-25T18:46:30Z,verified_old,https://sky-grove.com/,sky-grove,Professionelle Restaurierung alter Kommoden und Schränke,Ihre Erbstücke verdienen eine zweite Chance,独立后缀与名称通道：传统后缀（.com）；通用词典完整分词；固定哈希次序第1019名，组实际配额1350。未要求命中行业词根；名称线索不是意义或机会确认。,未核实
tracklabrips.com,2026-09-20,传统后缀,页面内容不足,未同时达到正文160字符且（description≥40字符或非通用H1≥8字符）,,not_checked,https://tracklabrips.com/,,,,独立后缀与名称通道：传统后缀（.com）；可读字符形态探索；固定哈希次序第1020名，组实际配额1350。未要求命中行业词根；名称线索不是意义或机会确认。,未核实
babi-grill.com,2026-09-01,传统后缀,未取得可用页面,当前未取得可用HTTPS页面：network_error,,not_checked,https://babi-grill.com/,,,,独立后缀与名称通道：传统后缀（.com）；通用词典完整分词；固定哈希次序第1021名，组实际配额1350。未要求命中行业词根；名称线索不是意义或机会确认。,未核实
generateurdakhla.com,2026-09-13,传统后缀,未取得可用页面,当前未取得可用HTTPS页面：network_error,,not_checked,https://generateurdakhla.com/,,,,独立后缀与名称通道：传统后缀（.com）；可读字符形态探索；固定哈希次序第1022名，组实际配额1350。未要求命中行业词根；名称线索不是意义或机会确认。,未核实
mututoca.com,2026-09-20,传统后缀,页面内容不足,未同时达到正文160字符且（description≥40字符或非通用H1≥8字符）,,not_checked,https://mututoca.com/,TOCA / MUTUALITY — Integrated Development Platform,"TOCA / MUTUALITY is an integrated development platform for building and scaling companies, technologies, and environments.",,独立后缀与名称通道：传统后缀（.com）；可读字符形态探索；固定哈希次序第1023名，组实际配额1350。未要求命中行业词根；名称线索不是意义或机会确认。,未核实
cokertyertire.com,2026-09-17,传统后缀,页面内容不足,未同时达到正文160字符且（description≥40字符或非通用H1≥8字符）,,not_checked,https://cokertyertire.com/,Cokertyer Tire,"Authentic Classic, hotrod & historic tires and wheels. Buy Direct from Cokertyre tire® & Save! World's Leading Supplier of Collector Vehicle Tires & Accessories. Shop Now!",,独立后缀与名称通道：传统后缀（.com）；可读字符形态探索；固定哈希次序第1024名，组实际配额1350。未要求命中行业词根；名称线索不是意义或机会确认。,未核实
endless-worlds.com,2026-09-13,传统后缀,近期注册且有内容,RDAP registration 位于近30天窗口；当前HTTPS页面通过实质内容规则,2026-09-11T04:31:22Z,verified_recent,https://www.endless-worlds.com/,Endless Worlds: play a modern Endless Online in your browser,"Play a modern Endless Online free in your browser. Make a character, explore a pixel-art world, learn a trade and adventure with other players.",Endless Worlds,独立后缀与名称通道：传统后缀（.com）；可读字符形态探索；固定哈希次序第1025名，组实际配额1350。未要求命中行业词根；名称线索不是意义或机会确认。,未核实
mjiaxb.com,2026-09-06,传统后缀,未取得可用页面,当前未取得可用HTTPS页面：network_error,,not_checked,https://mjiaxb.com/,,,,独立后缀与名称通道：传统后缀（.com）；可读字符形态探索；固定哈希次序第1026名，组实际配额1350。未要求命中行业词根；名称线索不是意义或机会确认。,未核实
tiranaairportpickup.com,2026-09-17,传统后缀,近期注册且有内容,RDAP registration 位于近30天窗口；当前HTTPS页面通过实质内容规则,2026-09-15T20:54:59Z,verified_recent,https://tiranaairportpickup.com/,توصيل من مطار تيرانا بسيارة خاصة | tirana airport pickup,احجز توصيلًا خاصًا من مطار تيرانا TIA إلى تيرانا ودوريس وذا ثيث وبيرات وفلورا وساراندا وكساميل ووجهات ألبانيا بسيارة أو فان مع سائق.,توصيل من مطار تيرانا,独立后缀与名称通道：传统后缀（.com）；可读字符形态探索；固定哈希次序第1027名，组实际配额1350。未要求命中行业词根；名称线索不是意义或机会确认。,未核实
ziqepoi.com,2026-09-18,传统后缀,未取得可用页面,当前未取得可用HTTPS页面：network_error,,not_checked,https://ziqepoi.com/,,,,独立后缀与名称通道：传统后缀（.com）；可读字符形态探索；固定哈希次序第1028名，组实际配额1350。未要求命中行业词根；名称线索不是意义或机会确认。,未核实
yourdetaildudeaz.com,2026-08-29,传统后缀,未取得可用页面,当前未取得可用HTTPS页面：too_large,,not_checked,https://yourdetaildudeaz.com/,,,,独立后缀与名称通道：传统后缀（.com）；可读字符形态探索；固定哈希次序第1029名，组实际配额1350。未要求命中行业词根；名称线索不是意义或机会确认。,未核实
unagratia.com,2026-09-06,传统后缀,页面内容不足,未同时达到正文160字符且（description≥40字符或非通用H1≥8字符）,,not_checked,https://unagratia.com/,,,,独立后缀与名称通道：传统后缀（.com）；通用词典完整分词；固定哈希次序第1030名，组实际配额1350。未要求命中行业词根；名称线索不是意义或机会确认。,未核实
edittimer.com,2026-09-20,传统后缀,停放或未正式开放,AI内容复核：网站明确收集等待名单，展示的是示例数据演示；尚不能将待发布软件当作已开放服务。 原文：Join The Edit Timer waitlist.;自动初判：RDAP registration 位于近30天窗口；当前HTTPS页面通过实质内容规则,2026-09-18T06:55:26Z,verified_recent,https://edittimer.com/,Automatic Video Editing Time Tracker | The Edit Timer,"Track Premiere Pro editing hours by project, sequence and editor. Improve video production quotes with real time records. Join The Edit Timer waitlist.",Know what the edit really costs.,独立后缀与名称通道：传统后缀（.com）；通用词典完整分词；固定哈希次序第1031名，组实际配额1350。未要求命中行业词根；名称线索不是意义或机会确认。,未核实
clarksoninjurylaw.com,2026-09-03,传统后缀,未取得可用页面,当前未取得可用HTTPS页面：network_error,,not_checked,https://clarksoninjurylaw.com/,,,,独立后缀与名称通道：传统后缀（.com）；通用词典完整分词；固定哈希次序第1032名，组实际配额1350。未要求命中行业词根；名称线索不是意义或机会确认。,未核实
incentivecroatiadmc.com,2026-09-25,传统后缀,停放或未正式开放,标题/H1/description 或域名式标题对应的正文开头命中停放/未开放标记：under construction,,not_checked,https://incentivecroatiadmc.com/,Coming Soon,,incentivecroatiadmc.com,独立后缀与名称通道：传统后缀（.com）；可读字符形态探索；固定哈希次序第1033名，组实际配额1350。未要求命中行业词根；名称线索不是意义或机会确认。,未核实
qiuzhaowangzhan.com,2026-09-16,传统后缀,未取得可用页面,当前未取得可用HTTPS页面：network_error,,not_checked,https://qiuzhaowangzhan.com/,,,,独立后缀与名称通道：传统后缀（.com）；可读字符形态探索；固定哈希次序第1034名，组实际配额1350。未要求命中行业词根；名称线索不是意义或机会确认。,未核实
p2otoken.com,2026-09-16,传统后缀,未取得可用页面,当前未取得可用HTTPS页面：http_error,,not_checked,https://p2otoken.com/,,,,独立后缀与名称通道：传统后缀（.com）；少量数字名称探索；固定哈希次序第1035名，组实际配额1350。未要求命中行业词根；名称线索不是意义或机会确认。,未核实
itzmecreations.com,2026-09-12,传统后缀,未取得可用页面,当前未取得可用HTTPS页面：network_error,,not_checked,https://itzmecreations.com/,,,,独立后缀与名称通道：传统后缀（.com）；可读字符形态探索；固定哈希次序第1036名，组实际配额1350。未要求命中行业词根；名称线索不是意义或机会确认。,未核实
隔离记录-fc77e137ee11,2026-09-09,传统后缀,近期注册且有内容,本轮暂跳过成人与博彩内容；此项不改变页面是否存在的事实判定。,2026-09-07T21:36:02Z,verified_recent,,已移出本轮研究范围,,,名称与原文不在公开工作台展示；抽样位置保留于本地审计。,未核实
plkinhibitors.com,2026-08-31,传统后缀,近期注册且有内容,RDAP registration 位于近30天窗口；当前HTTPS页面通过实质内容规则,2026-08-29T15:38:08Z,verified_recent,https://plkinhibitors.com/,b体育网-b体育(中国),b体育网官方网站【WWW.KY1.AC】官网认证:手机版、app下载、登录入口、官方网站、网页版、平台、网址、地址、注册、娱乐，b体育网(中国)官方网站欢迎大家选择真正的官方通道，同时我们提供全天候7x24小时在线服务，第一时间处理各类问题，正规集团平台有保障，欢迎体验！,b体育网 带您畅享全球体育盛事,独立后缀与名称通道：传统后缀（.com）；可读字符形态探索；固定哈希次序第1038名，组实际配额1350。未要求命中行业词根；名称线索不是意义或机会确认。,未核实
nexgenlocker.com,2026-09-04,传统后缀,停放或未正式开放,AI内容复核：H1明确Launching Soon，正文为通用联系/Cookie模板；不认定为已经发布实质内容的网站。 原文：Launching Soon;自动初判：RDAP registration 位于近30天窗口；当前HTTPS页面通过实质内容规则,2026-09-02T19:03:10Z,verified_recent,https://nexgenlocker.com/,nexgenlocker.com,,Launching Soon;Launching Soon,独立后缀与名称通道：传统后缀（.com）；可读字符形态探索；固定哈希次序第1039名，组实际配额1350。未要求命中行业词根；名称线索不是意义或机会确认。,未核实
daemsgames.com,2026-09-20,传统后缀,未取得可用页面,当前未取得可用HTTPS页面：http_error,,not_checked,https://daemsgames.com/,,,,独立后缀与名称通道：传统后缀（.com）；可读字符形态探索；固定哈希次序第1040名，组实际配额1350。未要求命中行业词根；名称线索不是意义或机会确认。,未核实
gamemarkshub.com,2026-09-13,传统后缀,未取得可用页面,AI内容复核：抓到的正文停留在打开游戏空间的加载提示与导航；未取得实际书签/资源区内容，可能需要JavaScript渲染，未核验其真实功能。 原文：Opening your game space…;自动初判：RDAP registration 位于近30天窗口；当前HTTPS页面通过实质内容规则,2026-09-11T13:05:23Z,verified_recent,https://gamemarkshub.com/,GameMarksHub — Your personal game library GameMarksHub,"Your games, trusted resources, and personal bookmarks in one local hub.",,独立后缀与名称通道：传统后缀（.com）；可读字符形态探索；固定哈希次序第1041名，组实际配额1350。未要求命中行业词根；名称线索不是意义或机会确认。,未核实
encasulate.com,2026-09-17,传统后缀,未取得可用页面,当前未取得可用HTTPS页面：network_error,,not_checked,https://encasulate.com/,,,,独立后缀与名称通道：传统后缀（.com）；可读字符形态探索；固定哈希次序第1042名，组实际配额1350。未要求命中行业词根；名称线索不是意义或机会确认。,未核实
noblevisionai.com,2026-09-24,传统后缀,未取得可用页面,当前未取得可用HTTPS页面：network_error,,not_checked,https://noblevisionai.com/,,,,独立后缀与名称通道：传统后缀（.com）；可读字符形态探索；固定哈希次序第1043名，组实际配额1350。未要求命中行业词根；名称线索不是意义或机会确认。,未核实
dszdb.com,2026-09-18,传统后缀,近期注册且有内容,RDAP registration 位于近30天窗口；当前HTTPS页面通过实质内容规则,2026-09-16T10:57:08Z,verified_recent,https://dszdb.com/,苹果视频 - 清甜片场收录新片热剧 | 手机观看更轻松，4K超清更新有看点,苹果视频收录免费影视、高清电影、热播剧集和短视频资源，按热度与更新节奏整理片单，新片老片都能快速定位，手机端观看时更轻松自然。综艺节目与明星片单同步收录。内容更丰富。,苹果视频,独立后缀与名称通道：传统后缀（.com）；短缩写探索；固定哈希次序第1044名，组实际配额1350。未要求命中行业词根；名称线索不是意义或机会确认。,未核实
myfamilyhealthpath.com,2026-09-07,传统后缀,页面内容不足,未同时达到正文160字符且（description≥40字符或非通用H1≥8字符）,,not_checked,https://myfamilyhealthpath.com/,,,,独立后缀与名称通道：传统后缀（.com）；可读字符形态探索；固定哈希次序第1045名，组实际配额1350。未要求命中行业词根；名称线索不是意义或机会确认。,未核实
seasidepawsbooks.com,2026-08-28,传统后缀,停放或未正式开放,标题/H1/description 或域名式标题对应的正文开头命中停放/未开放标记：under construction,,not_checked,https://seasidepawsbooks.com/,Coming Soon,,seasidepawsbooks.com,独立后缀与名称通道：传统后缀（.com）；可读字符形态探索；固定哈希次序第1046名，组实际配额1350。未要求命中行业词根；名称线索不是意义或机会确认。,未核实
sportstates.com,2026-09-22,传统后缀,未取得可用页面,当前未取得可用HTTPS页面：network_error,,not_checked,https://sportstates.com/,,,,独立后缀与名称通道：传统后缀（.com）；通用词典完整分词；固定哈希次序第1047名，组实际配额1350。未要求命中行业词根；名称线索不是意义或机会确认。,未核实
coderedpakistan.com,2026-09-14,传统后缀,近期注册且有内容,RDAP registration 位于近30天窗口；当前HTTPS页面通过实质内容规则,2026-09-12T08:40:30Z,verified_recent,https://coderedpakistan.com/,Code Red Energy Drink | Fuel Your Passion,"Discover Code Red Energy Drink—bold taste, instant energy, sharper focus and unstoppable refreshment.",Code Red,独立后缀与名称通道：传统后缀（.com）；可读字符形态探索；固定哈希次序第1048名，组实际配额1350。未要求命中行业词根；名称线索不是意义或机会确认。,未核实
schwablogistik.com,2026-09-02,传统后缀,未取得可用页面,当前未取得可用HTTPS页面：http_error,,not_checked,https://schwablogistik.com/,,,,独立后缀与名称通道：传统后缀（.com）；可读字符形态探索；固定哈希次序第1049名，组实际配额1350。未要求命中行业词根；名称线索不是意义或机会确认。,未核实
topazvendome.com,2026-09-01,传统后缀,页面内容不足,未同时达到正文160字符且（description≥40字符或非通用H1≥8字符）,,not_checked,https://topazvendome.com/,,,,独立后缀与名称通道：传统后缀（.com）；可读字符形态探索；固定哈希次序第1050名，组实际配额1350。未要求命中行业词根；名称线索不是意义或机会确认。,未核实
whisper-throne.com,2026-09-10,传统后缀,未取得可用页面,当前未取得可用HTTPS页面：network_error,,not_checked,https://whisper-throne.com/,,,,独立后缀与名称通道：传统后缀（.com）；通用词典完整分词；固定哈希次序第1051名，组实际配额1350。未要求命中行业词根；名称线索不是意义或机会确认。,未核实
klarotime.com,2026-09-15,传统后缀,停放或未正式开放,AI内容复核：H1明确Launching Soon，正文为通用联系/Cookie模板；不认定为已经发布实质内容的网站。 原文：Launching Soon;自动初判：RDAP registration 位于近30天窗口；当前HTTPS页面通过实质内容规则,2026-09-13T03:38:05Z,verified_recent,https://klarotime.com/,klarotime.com,,Launching Soon;Launching Soon,独立后缀与名称通道：传统后缀（.com）；可读字符形态探索；固定哈希次序第1052名，组实际配额1350。未要求命中行业词根；名称线索不是意义或机会确认。,未核实
wyfuxui.com,2026-09-10,传统后缀,近期注册且有内容,RDAP registration 位于近30天窗口；当前HTTPS页面通过实质内容规则,2026-09-08T09:13:45Z,verified_recent,https://wyfuxui.com/,Budget software tools courses | Wyfuxui,"Online courses on budget software tools covering planning, tracking and reporting features, structured into clear lessons for learners in any country.",Tools that make sense of your numbers,独立后缀与名称通道：传统后缀（.com）；可读字符形态探索；固定哈希次序第1053名，组实际配额1350。未要求命中行业词根；名称线索不是意义或机会确认。,未核实
lucysenselab.com,2026-09-15,传统后缀,未取得可用页面,当前未取得可用HTTPS页面：too_large,,not_checked,https://www.lucysenselab.com/,,,,独立后缀与名称通道：传统后缀（.com）；通用词典完整分词；固定哈希次序第1054名，组实际配额1350。未要求命中行业词根；名称线索不是意义或机会确认。,未核实
yipinjingniang.com,2026-08-27,传统后缀,未取得可用页面,当前未取得可用HTTPS页面：network_error,,not_checked,https://yipinjingniang.com/,,,,独立后缀与名称通道：传统后缀（.com）；可读字符形态探索；固定哈希次序第1055名，组实际配额1350。未要求命中行业词根；名称线索不是意义或机会确认。,未核实
wonderunfolded.com,2026-09-07,传统后缀,未取得可用页面,当前未取得可用HTTPS页面：http_error,,not_checked,https://wonderunfolded.com/,,,,独立后缀与名称通道：传统后缀（.com）；通用词典完整分词；固定哈希次序第1056名，组实际配额1350。未要求命中行业词根；名称线索不是意义或机会确认。,未核实
il-service.com,2026-08-28,传统后缀,未取得可用页面,当前未取得可用HTTPS页面：network_error,,not_checked,https://il-service.com/,,,,独立后缀与名称通道：传统后缀（.com）；可读字符形态探索；固定哈希次序第1057名，组实际配额1350。未要求命中行业词根；名称线索不是意义或机会确认。,未核实
unstopabillable.net,2026-08-30,传统后缀,未取得可用页面,当前未取得可用HTTPS页面：network_error,,not_checked,https://unstopabillable.net/,,,,独立后缀与名称通道：传统后缀（.net）；可读字符形态探索；固定哈希次序第1058名，组实际配额1350。未要求命中行业词根；名称线索不是意义或机会确认。,未核实
anefouse.com,2026-09-04,传统后缀,近期注册且有内容,RDAP registration 位于近30天窗口；当前HTTPS页面通过实质内容规则,2026-09-02T16:00:43Z,verified_recent,https://anefouse.com/,Alex Nefouse | RMC | Michigan Mortgage,"Apply Now Request Letter Alex Nefouse Sr. Loan Officer Phone: 248.321.2228 NMLS: 96216 Email: ANefouse@RossMortgage.com Alex is available to assist you: Five-star customer service, Great rates and on-time closings, 20+ years assisting clients with their home financing needs! Thank you for the opportunity to earn your business. Fast Contact Form Please call (248) 321-2228, use",Alex Nefouse,独立后缀与名称通道：传统后缀（.com）；可读字符形态探索；固定哈希次序第1059名，组实际配额1350。未要求命中行业词根；名称线索不是意义或机会确认。,未核实
morewithemily.com,2026-08-28,传统后缀,注册超过30天,RDAP registration 早于固定30天窗口,2026-08-26T15:04:33Z,verified_old,https://pb-site.com/p/9GqHbfjQRfM,Meet Emily Schuette♥,"A little more about Emily Schuette, a consultant in the beauty industry for 20+ years!",Reach Emily ↓ ↓ ↓ ↓ ↓ Call or Text: 952.204.9570 Email: [email protected] Facebook: www.facebook.com/EmilySchuette Instagram: @EmSchuette Youtube: www.Youtube.com/c/EmilySchuette,独立后缀与名称通道：传统后缀（.com）；通用词典完整分词；固定哈希次序第1060名，组实际配额1350。未要求命中行业词根；名称线索不是意义或机会确认。,未核实
casarealdeportugal.org,2026-09-25,传统后缀,停放或未正式开放,"AI内容复核：系统自动生成的网站创建成功默认页，说明用户可以替换index.html；尚非自有网站内容。 原文：This is the default index.html, this page is automatically generated by the system;自动初判：RDAP registration 位于近30天窗口；当前HTTPS页面通过实质内容规则",2026-09-23T18:33:38.049000Z,verified_recent,https://casarealdeportugal.org/,Site is created successfully!,,"Congratulations, the site is created successfully!",独立后缀与名称通道：传统后缀（.org）；可读字符形态探索；固定哈希次序第1061名，组实际配额1350。未要求命中行业词根；名称线索不是意义或机会确认。,未核实
forecastyourmoney.com,2026-09-01,传统后缀,近期注册且有内容,RDAP registration 位于近30天窗口；当前HTTPS页面通过实质内容规则,2026-08-30T17:35:41Z,verified_recent,https://forecastyourmoney.com/,Forecast Your Money · will your money last?,"A retirement forecaster that runs on your own device. Real tax tables, 1,000 Monte Carlo paths, no account to create.",Will your money last?,独立后缀与名称通道：传统后缀（.com）；通用词典完整分词；固定哈希次序第1062名，组实际配额1350。未要求命中行业词根；名称线索不是意义或机会确认。,未核实
hangarcolombia.com,2026-09-07,传统后缀,近期注册且有内容,RDAP registration 位于近30天窗口；当前HTTPS页面通过实质内容规则,2026-09-05T17:38:23Z,verified_recent,https://hangarcolombia.com/,Software para empresas de transporte de carga | Hangar Colombia,"Manifiestos RNDC, flota en vivo, seguimiento con llamadas y gestión de incidentes. La operación de tu transportadora en un solo sistema, hecho en Colombia.","Toda tu operación, en un solo sistema.",独立后缀与名称通道：传统后缀（.com）；可读字符形态探索；固定哈希次序第1063名，组实际配额1350。未要求命中行业词根；名称线索不是意义或机会确认。,未核实
apinagawin.org,2026-09-15,传统后缀,页面内容不足,未同时达到正文160字符且（description≥40字符或非通用H1≥8字符）,,not_checked,https://apinagawin.org/,kst-vp343.bringto.top — Coming Soon,This is a default index page for a new domain.,kst-vp343.bringto.top,独立后缀与名称通道：传统后缀（.org）；可读字符形态探索；固定哈希次序第1064名，组实际配额1350。未要求命中行业词根；名称线索不是意义或机会确认。,未核实
ambianceagency.com,2026-09-19,传统后缀,跳转到其他域名,来源域名近期注册，但最终页面属于其他域名；目标站上线时间未知,2026-09-17T06:48:49Z,verified_recent,https://thenetwork.tr/,The Network. — Markalar. Yetenekler. Sonuçlar. App Store'dan indir Google Play'den indir,"Sosyal medya, kreatif prodüksiyon, web ve influencer marketing — Çorlu/Tekirdağ merkezli kurasyonlu yetenek ağıyla dijital işinizi tek muhataptan yürütüyoruz.",The Network. Markalar için dijital üretim ve kurasyonlu yetenek ağı,独立后缀与名称通道：传统后缀（.com）；可读字符形态探索；固定哈希次序第1065名，组实际配额1350。未要求命中行业词根；名称线索不是意义或机会确认。,未核实
quimbaramusic.com,2026-09-24,传统后缀,未取得可用页面,当前未取得可用HTTPS页面：network_error,,not_checked,https://quimbaramusic.com/,,,,独立后缀与名称通道：传统后缀（.com）；可读字符形态探索；固定哈希次序第1066名，组实际配额1350。未要求命中行业词根；名称线索不是意义或机会确认。,未核实
attki.com,2026-09-09,传统后缀,页面内容不足,未同时达到正文160字符且（description≥40字符或非通用H1≥8字符）,,not_checked,https://www.attki.com/,中国·8827太阳集团(VIP集团)官方网站-Official Platform,"✅太阳8827有限公司官网为广大网民提供全面高效的服务,为您的资金和我们的荣誉提供了保障,专注开发各种娱乐游戏,欢迎点击免费体验。",太阳8827有限公司官网,独立后缀与名称通道：传统后缀（.com）；短缩写探索；固定哈希次序第1067名，组实际配额1350。未要求命中行业词根；名称线索不是意义或机会确认。,未核实
34jatsue.com,2026-09-02,传统后缀,页面内容不足,未同时达到正文160字符且（description≥40字符或非通用H1≥8字符）,,not_checked,https://34jatsue.com/,Build Master Purchase Control,,,独立后缀与名称通道：传统后缀（.com）；少量数字名称探索；固定哈希次序第1068名，组实际配额1350。未要求命中行业词根；名称线索不是意义或机会确认。,未核实
jbmarketingpartners.com,2026-09-23,传统后缀,停放或未正式开放,标题/H1/description 或域名式标题对应的正文开头命中停放/未开放标记：under construction,,not_checked,https://www.jbmarketingpartners.com/,Coming Soon,,jbmarketingpartners.com,独立后缀与名称通道：传统后缀（.com）；可读字符形态探索；固定哈希次序第1069名，组实际配额1350。未要求命中行业词根；名称线索不是意义或机会确认。,未核实
depannemacpcaix.com,2026-09-16,传统后缀,未取得可用页面,当前未取得可用HTTPS页面：http_error,,not_checked,https://depannemacpcaix.fr/,,,,独立后缀与名称通道：传统后缀（.com）；可读字符形态探索；固定哈希次序第1070名，组实际配额1350。未要求命中行业词根；名称线索不是意义或机会确认。,未核实
institut-lydiantis.com,2026-09-07,传统后缀,页面内容不足,未同时达到正文160字符且（description≥40字符或非通用H1≥8字符）,,not_checked,https://institut-lydiantis.com/,LYDIANTIS BEAUTY,,,独立后缀与名称通道：传统后缀（.com）；可读字符形态探索；固定哈希次序第1071名，组实际配额1350。未要求命中行业词根；名称线索不是意义或机会确认。,未核实
makemytourtrip.org,2026-09-18,传统后缀,近期注册且有内容,RDAP registration 位于近30天窗口；当前HTTPS页面通过实质内容规则,2026-09-16T07:09:41.985000Z,verified_recent,https://makemytourtrip.org/,Make My Tour Trip | Your Ultimate Travel Guide & Booking Service,"Make My Tour Trip offers custom travel packages, booking services, and expert guides for unforgettable adventures worldwide. Plan your dream vacation with us today!",Madurai;Rameswaram;Kodaikanal;Kannyakumari;Chennai;Mysore;Kerala;Kanchipuram;Ooty,独立后缀与名称通道：传统后缀（.org）；可读字符形态探索；固定哈希次序第1072名，组实际配额1350。未要求命中行业词根；名称线索不是意义或机会确认。,未核实
olvakoni.com,2026-09-20,传统后缀,未取得可用页面,当前未取得可用HTTPS页面：http_error,,not_checked,https://domains.atom.com/lpd/name/olvakoni.com,,,,独立后缀与名称通道：传统后缀（.com）；可读字符形态探索；固定哈希次序第1073名，组实际配额1350。未要求命中行业词根；名称线索不是意义或机会确认。,未核实
twsriyadh.com,2026-09-04,传统后缀,近期注册且有内容,RDAP registration 位于近30天窗口；当前HTTPS页面通过实质内容规则,2026-09-02T21:33:11Z,verified_recent,https://twsriyadh.com/,AC Repair & Maintenance Riyadh | TWS Technical Contractor,"AC repair & maintenance in Riyadh — plus electrical, plumbing, refrigeration & contracting. Certified crews, 24/7 response. Call +966542653592.",AC Repair & Technical Contracting in Riyadh. One Contractor. صيانة المكيفات والمقاولات الفنية في الرياض مقاول واحد لكل شيء,独立后缀与名称通道：传统后缀（.com）；可读字符形态探索；固定哈希次序第1074名，组实际配额1350。未要求命中行业词根；名称线索不是意义或机会确认。,未核实
threat-modeling.org,2026-09-22,传统后缀,未取得可用页面,当前未取得可用HTTPS页面：network_error,,not_checked,https://threat-modeling.org/,,,,独立后缀与名称通道：传统后缀（.org）；通用词典完整分词；固定哈希次序第1075名，组实际配额1350。未要求命中行业词根；名称线索不是意义或机会确认。,未核实
settlepal.net,2026-09-08,传统后缀,近期注册且有内容,RDAP registration 位于近30天窗口；当前HTTPS页面通过实质内容规则,2026-09-06T17:40:39Z,verified_recent,https://settlepal.net/,SettlePal — AI Platform for Precision Market Strategy,"SettlePal transforms complex market data into actionable signals through backtested AI automation and deep learning models. Discover a platform engineered for consistent, disciplined decision-making.",Precision Intelligence for the Modern Investor.,独立后缀与名称通道：传统后缀（.net）；通用词典完整分词；固定哈希次序第1076名，组实际配额1350。未要求命中行业词根；名称线索不是意义或机会确认。,未核实
yourtumblerco.com,2026-09-12,传统后缀,未取得可用页面,当前未取得可用HTTPS页面：network_error,,not_checked,https://yourtumblerco.com/,,,,独立后缀与名称通道：传统后缀（.com）；可读字符形态探索；固定哈希次序第1077名，组实际配额1350。未要求命中行业词根；名称线索不是意义或机会确认。,未核实
隔离记录-e4afd3d4bde5,2026-08-27,传统后缀,注册超过30天,公开展示暂隔离，原始技术判定保留。,2026-08-25T17:41:57Z,verified_old,,已移出本轮研究范围,,,名称与原文不在公开工作台展示；抽样位置保留于本地审计。,未核实
armarbella.com,2026-08-30,传统后缀,未取得可用页面,当前未取得可用HTTPS页面：http_error,,not_checked,https://armarbella.com/,,,,独立后缀与名称通道：传统后缀（.com）；可读字符形态探索；固定哈希次序第1079名，组实际配额1350。未要求命中行业词根；名称线索不是意义或机会确认。,未核实
breatheairways.com,2026-09-01,传统后缀,页面内容不足,AI内容复核：返回Laravel框架起始页面和文档/部署链接；没有航空业务或其他自有内容。 原文：Read the Documentation Watch video tutorials at Laracasts Deploy now;自动初判：RDAP registration 位于近30天窗口；当前HTTPS页面通过实质内容规则,2026-08-30T23:17:42Z,verified_recent,https://breatheairways.com/,Breathe Airways,,Let's get started,独立后缀与名称通道：传统后缀（.com）；通用词典完整分词；固定哈希次序第1080名，组实际配额1350。未要求命中行业词根；名称线索不是意义或机会确认。,未核实
lms-astiacademy.com,2026-09-07,传统后缀,页面内容不足,未同时达到正文160字符且（description≥40字符或非通用H1≥8字符）,,not_checked,https://lms-astiacademy.com/,ASTI LMS 2.0 | Academy Learning Management System,"Next-Gen Academy Portal for Live Google Meet Classes, Google Drive Recordings, and Academic Operations for Students, Faculty, Support, and Administrators.",,独立后缀与名称通道：传统后缀（.com）；可读字符形态探索；固定哈希次序第1081名，组实际配额1350。未要求命中行业词根；名称线索不是意义或机会确认。,未核实
7nvb.com,2026-09-22,传统后缀,未取得可用页面,当前未取得可用HTTPS页面：network_error,,not_checked,https://7nvb.com/,,,,独立后缀与名称通道：传统后缀（.com）；少量数字名称探索；固定哈希次序第1082名，组实际配额1350。未要求命中行业词根；名称线索不是意义或机会确认。,未核实
murdercreekbarbell.com,2026-09-22,传统后缀,页面内容不足,未同时达到正文160字符且（description≥40字符或非通用H1≥8字符）,,not_checked,https://murdercreekbarbell.com/,Murder Creek Barbell ~ Home,,,独立后缀与名称通道：传统后缀（.com）；通用词典完整分词；固定哈希次序第1083名，组实际配额1350。未要求命中行业词根；名称线索不是意义或机会确认。,未核实
snabbgunvor.com,2026-09-16,传统后缀,近期注册且有内容,RDAP registration 位于近30天窗口；当前HTTPS页面通过实质内容规则,2026-09-14T05:48:54Z,verified_recent,https://snabbgunvor.com/,Shop - Trendiga kläder och väskor – 20% rabatt på hela sortimentet,Produkter Archive - Trendiga kläder och väskor – 20% rabatt på hela sortimentet,Shop;Shop,独立后缀与名称通道：传统后缀（.com）；可读字符形态探索；固定哈希次序第1084名，组实际配额1350。未要求命中行业词根；名称线索不是意义或机会确认。,未核实
laebeselement.com,2026-09-16,传统后缀,页面内容不足,AI内容复核：当前抓取只有通用网店欢迎语、导航和政策页脚，未提供具体商品、商品类别或用途线索；仅就取得的首页内容判为薄页，不推断JS加载后的状态。 原文：We offer high quality products at affordable prices.;自动初判：RDAP registration 位于近30天窗口；当前HTTPS页面通过实质内容规则,2026-09-14T07:15:44Z,verified_recent,https://laebeselement.com/,Liebeselement - Online Store,Welcome to Liebeselement online store. We offer high quality products at affordable prices.,Startseite,独立后缀与名称通道：传统后缀（.com）；可读字符形态探索；固定哈希次序第1085名，组实际配额1350。未要求命中行业词根；名称线索不是意义或机会确认。,未核实
maktouf.net,2026-08-30,传统后缀,未取得可用页面,当前未取得可用HTTPS页面：network_error,,not_checked,https://maktouf.net/,,,,独立后缀与名称通道：传统后缀（.net）；可读字符形态探索；固定哈希次序第1086名，组实际配额1350。未要求命中行业词根；名称线索不是意义或机会确认。,未核实
mraitraining.com,2026-09-06,传统后缀,未取得可用页面,当前未取得可用HTTPS页面：network_error,,not_checked,https://mraitraining.com/,,,,独立后缀与名称通道：传统后缀（.com）；可读字符形态探索；固定哈希次序第1087名，组实际配额1350。未要求命中行业词根；名称线索不是意义或机会确认。,未核实
decoderecession.com,2026-08-29,传统后缀,未取得可用页面,当前未取得可用HTTPS页面：network_error,,not_checked,https://decoderecession.com/,,,,独立后缀与名称通道：传统后缀（.com）；通用词典完整分词；固定哈希次序第1088名，组实际配额1350。未要求命中行业词根；名称线索不是意义或机会确认。,未核实
peoplesgps.com,2026-09-09,传统后缀,页面内容不足,未同时达到正文160字符且（description≥40字符或非通用H1≥8字符）,,not_checked,https://peoplesgps-com.l.ink/,A Brand New Domain!,Brought to you by Porkbun.,A Brand New Domain!,独立后缀与名称通道：传统后缀（.com）；可读字符形态探索；固定哈希次序第1089名，组实际配额1350。未要求命中行业词根；名称线索不是意义或机会确认。,未核实
microsofexchange.com,2026-09-03,传统后缀,未取得可用页面,当前未取得可用HTTPS页面：network_error,,not_checked,https://microsofexchange.com/,,,,独立后缀与名称通道：传统后缀（.com）；可读字符形态探索；固定哈希次序第1090名，组实际配额1350。未要求命中行业词根；名称线索不是意义或机会确认。,未核实
robrusselloffice.com,2026-09-24,传统后缀,未取得可用页面,当前未取得可用HTTPS页面：network_error,,not_checked,https://robrusselloffice.com/,,,,独立后缀与名称通道：传统后缀（.com）；通用词典完整分词；固定哈希次序第1091名，组实际配额1350。未要求命中行业词根；名称线索不是意义或机会确认。,未核实
arianiket.com,2026-09-22,传统后缀,跳转到其他域名,来源域名近期注册，但最终页面属于其他域名；目标站上线时间未知,2026-09-20T23:45:22Z,verified_recent,https://withjoy.com/ari-and-aniket,Ari & Aniket | Joy,"Welcome to the website for Ari & Aniket! Explore photos, event information, and more on Joy.",Ari & Aniket,独立后缀与名称通道：传统后缀（.com）；可读字符形态探索；固定哈希次序第1092名，组实际配额1350。未要求命中行业词根；名称线索不是意义或机会确认。,未核实
mybitcoincard.com,2026-09-13,传统后缀,未取得可用页面,当前未取得可用HTTPS页面：network_error,,not_checked,https://mybitcoincard.com/,,,,独立后缀与名称通道：传统后缀（.com）；可读字符形态探索；固定哈希次序第1093名，组实际配额1350。未要求命中行业词根；名称线索不是意义或机会确认。,未核实
yonhop.com,2026-09-16,传统后缀,未取得可用页面,当前未取得可用HTTPS页面：network_error,,not_checked,https://yonhop.com/,,,,独立后缀与名称通道：传统后缀（.com）；通用词典完整分词；固定哈希次序第1094名，组实际配额1350。未要求命中行业词根；名称线索不是意义或机会确认。,未核实
bayern-oil.com,2026-08-30,传统后缀,页面内容不足,未同时达到正文160字符且（description≥40字符或非通用H1≥8字符）,,not_checked,https://bayern-oil.com/,Index of /,,Index of /,独立后缀与名称通道：传统后缀（.com）；可读字符形态探索；固定哈希次序第1095名，组实际配额1350。未要求命中行业词根；名称线索不是意义或机会确认。,未核实
system-restart.com,2026-08-28,传统后缀,未取得可用页面,当前未取得可用HTTPS页面：network_error,,not_checked,https://system-restart.com/,,,,独立后缀与名称通道：传统后缀（.com）；通用词典完整分词；固定哈希次序第1096名，组实际配额1350。未要求命中行业词根；名称线索不是意义或机会确认。,未核实
rupbunan.com,2026-09-04,传统后缀,页面内容不足,未同时达到正文160字符且（description≥40字符或非通用H1≥8字符）,,not_checked,https://rupbunan.com/,রূপবুনন,,রূপবুনন,独立后缀与名称通道：传统后缀（.com）；可读字符形态探索；固定哈希次序第1097名，组实际配额1350。未要求命中行业词根；名称线索不是意义或机会确认。,未核实
隔离记录-100a342e0635,2026-09-04,传统后缀,近期注册且有内容,本轮暂跳过成人与博彩内容；此项不改变页面是否存在的事实判定。,2026-09-02T11:50:13Z,verified_recent,,已移出本轮研究范围,,,名称与原文不在公开工作台展示；抽样位置保留于本地审计。,未核实
alsterandco.com,2026-09-01,传统后缀,未取得可用页面,当前未取得可用HTTPS页面：network_error,,not_checked,https://alsterandco.com/,,,,独立后缀与名称通道：传统后缀（.com）；可读字符形态探索；固定哈希次序第1099名，组实际配额1350。未要求命中行业词根；名称线索不是意义或机会确认。,未核实
隔离记录-b362d223ddcc,2026-09-19,传统后缀,近期注册且有内容,本轮暂跳过成人与博彩内容；此项不改变页面是否存在的事实判定。,2026-09-16T14:14:49Z,verified_recent,,已移出本轮研究范围,,,名称与原文不在公开工作台展示；抽样位置保留于本地审计。,未核实
iamwearetherapy.com,2026-09-02,传统后缀,未取得可用页面,当前未取得可用HTTPS页面：network_error,,not_checked,https://iamwearetherapy.com/,,,,独立后缀与名称通道：传统后缀（.com）；可读字符形态探索；固定哈希次序第1101名，组实际配额1350。未要求命中行业词根；名称线索不是意义或机会确认。,未核实
delanteropichichi.com,2026-09-16,传统后缀,页面内容不足,未同时达到正文160字符且（description≥40字符或非通用H1≥8字符）,,not_checked,https://delanteropichichi.com/,,,,独立后缀与名称通道：传统后缀（.com）；可读字符形态探索；固定哈希次序第1102名，组实际配额1350。未要求命中行业词根；名称线索不是意义或机会确认。,未核实
dazee.org,2026-09-06,传统后缀,未取得可用页面,当前未取得可用HTTPS页面：network_error,,not_checked,https://dazee.org/,,,,独立后缀与名称通道：传统后缀（.org）；短缩写探索；固定哈希次序第1103名，组实际配额1350。未要求命中行业词根；名称线索不是意义或机会确认。,未核实
stuntupcheer.com,2026-09-23,传统后缀,未取得可用页面,当前未取得可用HTTPS页面：network_error,,not_checked,https://stuntupcheer.com/,,,,独立后缀与名称通道：传统后缀（.com）；通用词典完整分词；固定哈希次序第1104名，组实际配额1350。未要求命中行业词根；名称线索不是意义或机会确认。,未核实
beadelegance.net,2026-09-01,传统后缀,未取得可用页面,当前未取得可用HTTPS页面：network_error,,not_checked,https://beadelegance.net/,,,,独立后缀与名称通道：传统后缀（.net）；通用词典完整分词；固定哈希次序第1105名，组实际配额1350。未要求命中行业词根；名称线索不是意义或机会确认。,未核实
nuverahu.com,2026-08-31,传统后缀,页面内容不足,未同时达到正文160字符且（description≥40字符或非通用H1≥8字符）,,not_checked,https://www.nuverahu.com/,Nuvera,,,独立后缀与名称通道：传统后缀（.com）；可读字符形态探索；固定哈希次序第1106名，组实际配额1350。未要求命中行业词根；名称线索不是意义或机会确认。,未核实
thelifeorbit.com,2026-09-17,传统后缀,停放或未正式开放,AI内容复核：H1明确Launching Soon，正文为通用联系/Cookie模板；不认定为已经发布实质内容的网站。 原文：Launching Soon;自动初判：RDAP registration 位于近30天窗口；当前HTTPS页面通过实质内容规则,2026-09-15T03:35:55Z,verified_recent,https://thelifeorbit.com/,thelifeorbit.com,,Launching Soon;Launching Soon,独立后缀与名称通道：传统后缀（.com）；通用词典完整分词；固定哈希次序第1107名，组实际配额1350。未要求命中行业词根；名称线索不是意义或机会确认。,未核实
scoremagazine.net,2026-09-16,传统后缀,未取得可用页面,当前未取得可用HTTPS页面：network_error,,not_checked,https://scoremagazine.net/,,,,独立后缀与名称通道：传统后缀（.net）；通用词典完整分词；固定哈希次序第1108名，组实际配额1350。未要求命中行业词根；名称线索不是意义或机会确认。,未核实
loloapparel.com,2026-09-07,传统后缀,页面内容不足,未同时达到正文160字符且（description≥40字符或非通用H1≥8字符）,,not_checked,https://loloapparel.com/,,,,独立后缀与名称通道：传统后缀（.com）；通用词典完整分词；固定哈希次序第1109名，组实际配额1350。未要求命中行业词根；名称线索不是意义或机会确认。,未核实
tesjil.com,2026-09-12,传统后缀,页面内容不足,未同时达到正文160字符且（description≥40字符或非通用H1≥8字符）,,not_checked,https://tesjil.com/,منصة تسجيل Tesjil | سجّل أبناءك في المدارس الخاصة وتابع رسومهم الشهرية,منصة تسجيل: سجّل أبناءك في المدارس الخاصة في موريتانيا، وتابع طلبك، وسجّل دفعاتك الشهرية عبر بنكيلي ومصرفي وسداد. حساب واحد مجاني لكل أبنائك.,,独立后缀与名称通道：传统后缀（.com）；可读字符形态探索；固定哈希次序第1110名，组实际配额1350。未要求命中行业词根；名称线索不是意义或机会确认。,未核实
qxfao.net,2026-09-12,传统后缀,近期注册且有内容,RDAP registration 位于近30天窗口；当前HTTPS页面通过实质内容规则,2026-09-10T12:04:53Z,verified_recent,https://qxfao.net/,Qxfao — AI-platform voor slim cryptoportfoliobeheer,Qxfao is het AI-platform dat uw cryptoportfolio beheert via één geconsolideerd dashboard met onderbouwde aanbevelingen. Ontdek wat data-gedreven beleggen voor u kan betekenen.,Intelligente Crypto-Portfolio Optimalisatie voor de Serieuze Belegger,独立后缀与名称通道：传统后缀（.net）；短缩写探索；固定哈希次序第1111名，组实际配额1350。未要求命中行业词根；名称线索不是意义或机会确认。,未核实
baremilksoap.com,2026-09-04,传统后缀,页面内容不足,未同时达到正文160字符且（description≥40字符或非通用H1≥8字符）,,not_checked,https://baremilksoap.com/,,,,独立后缀与名称通道：传统后缀（.com）；通用词典完整分词；固定哈希次序第1112名，组实际配额1350。未要求命中行业词根；名称线索不是意义或机会确认。,未核实
hempactinfra.com,2026-09-09,传统后缀,近期注册且有内容,RDAP registration 位于近30天窗口；当前HTTPS页面通过实质内容规则,2026-09-07T18:34:04Z,verified_recent,https://hempactinfra.com/,From Ground to Greatness | Hempact Infrastructure Private Limited,"Hempact Infrastructure Private Limited, headquartered in Bhubaneswar and operating across India. Infrastructure across power, industrial, commercial, residential and government projects.",From Ground to Greatness.,独立后缀与名称通道：传统后缀（.com）；通用词典完整分词；固定哈希次序第1113名，组实际配额1350。未要求命中行业词根；名称线索不是意义或机会确认。,未核实
jobinasecond.com,2026-09-06,传统后缀,页面内容不足,AI内容复核：首页文章摘要保留resource_roundup等内容类型变量与通用Home主题，反复泛指工具/资源而没有具体工具或案例；按明显通用SEO模板线索降级，不把这些占位句当成已验证主题。 原文：A detailed resource_roundup article about building a useful routine for readers interested in Home.;自动初判：RDAP registration 位于近30天窗口；当前HTTPS页面通过实质内容规则,2026-09-24T10:57:53Z,verified_recent,https://jobinasecond.com/,"Jobinasecond – Tool notes, comparisons, resource pages and practical checklists.",,Home;Jobinasecond,独立后缀与名称通道：传统后缀（.com）；可读字符形态探索；固定哈希次序第1114名，组实际配额1350。未要求命中行业词根；名称线索不是意义或机会确认。,未核实
gilvara.com,2026-09-23,传统后缀,未取得可用页面,当前未取得可用HTTPS页面：network_error,,not_checked,https://gilvara.com/,,,,独立后缀与名称通道：传统后缀（.com）；通用词典完整分词；固定哈希次序第1115名，组实际配额1350。未要求命中行业词根；名称线索不是意义或机会确认。,未核实
puads.com,2026-09-08,传统后缀,页面内容不足,未同时达到正文160字符且（description≥40字符或非通用H1≥8字符）,,not_checked,https://puads-com.l.ink/,A Brand New Domain!,Brought to you by Porkbun.,A Brand New Domain!,独立后缀与名称通道：传统后缀（.com）；短缩写探索；固定哈希次序第1116名，组实际配额1350。未要求命中行业词根；名称线索不是意义或机会确认。,未核实
stratonengineering.com,2026-09-08,传统后缀,未取得可用页面,当前未取得可用HTTPS页面：network_error,,not_checked,https://stratonengineering.com/,,,,独立后缀与名称通道：传统后缀（.com）；通用词典完整分词；固定哈希次序第1117名，组实际配额1350。未要求命中行业词根；名称线索不是意义或机会确认。,未核实
maxmodasrl89.com,2026-09-20,传统后缀,页面内容不足,未同时达到正文160字符且（description≥40字符或非通用H1≥8字符）,,not_checked,https://maxmodasrl89.com/,Disponibile a breve,,maxmodasrl89.com,独立后缀与名称通道：传统后缀（.com）；少量数字名称探索；固定哈希次序第1118名，组实际配额1350。未要求命中行业词根；名称线索不是意义或机会确认。,未核实
wilderbeardcompany.com,2026-09-01,传统后缀,停放或未正式开放,标题/H1/description 或域名式标题对应的正文开头命中停放/未开放标记：Buy this domain,,not_checked,https://wilderbeardcompany.com/,wilderbeardcompany.com - This website is for sale! - wilderbeardcompany Resources and Information.,"This website is for sale! wilderbeardcompany.com is your first and best source for all of the information you’re looking for. From general topics to more of what you would expect to find here, wilderbeardcompany.com has it all. We hope you find what you are searching for!",wilderbeardcompany.com,独立后缀与名称通道：传统后缀（.com）；通用词典完整分词；固定哈希次序第1119名，组实际配额1350。未要求命中行业词根；名称线索不是意义或机会确认。,未核实
suzys24th.com,2026-09-04,传统后缀,页面内容不足,未同时达到正文160字符且（description≥40字符或非通用H1≥8字符）,,not_checked,https://mute-lab-b9f0.cloudflareaccess.com/cdn-cgi/access/login/suzys24th.com?kid=2d8e525b58e5a705b7318629e66a5a0d39aefee5ed93a569c1c9c76c84a87038&meta=eyJ0eXAiOiJKV1QiLCJhbGciOiJSUzI1NiIsImtpZCI6ImRjZmFhNWVjZDM0MGUyNTExMjYwNzIzYmJlNDY2OTE2NjY5NzRhZmViYmFkOTQxNmVjYmU4NzZmYzc1MTQ2MDUifQ.eyJ0eXBlIjoibWV0YSIsImF1ZCI6IjJkOGU1MjViNThlNWE3MDViNzMxODYyOWU2NmE1YTBkMzlhZWZlZTVlZDkzYTU2OWMxYzljNzZjODRhODcwMzgiLCJob3N0bmFtZSI6InN1enlzMjR0aC5jb20iLCJyZWRpcmVjdF91cmwiOiIvIiwic2VydmljZV90b2tlbl9zdGF0dXMiOmZhbHNlLCJpc193YXJwIjpmYWxzZSwiaXNfZ2F0ZXdheSI6ZmFsc2UsImV4cCI6MTc5MDM5NTM1NiwibmJmIjoxNzkwMzk1MDU2LCJpYXQiOjE3OTAzOTUwNTYsImF1dGhfc3RhdHVzIjoiTk9ORSIsIm10bHNfYXV0aCI6eyJjZXJ0X2lzc3Vlcl9kbiI6IiIsImNlcnRfc2VyaWFsIjoiIiwiY2VydF9pc3N1ZXJfc2tpIjoiIiwiY2VydF9wcmVzZW50ZWQiOmZhbHNlLCJjb21tb25fbmFtZSI6IiIsImF1dGhfc3RhdHVzIjoiTk9ORSJ9LCJyZWFsX2NvdW50cnkiOiJVUyIsImFwcF9zZXNzaW9uX2hhc2giOiIxODAzNjM0N2M3ZWRhNWZjYTFjYTkxNjNhZTdhN2RkZGM5Y2FjY2NhNTM0ZjEzODljOWY0N2Q0YzVmYTE5MTZkIn0.o6l9tQxeskfn_90teK2Lb3pyGedLNO4-6X4DclKCwtzeicJo9Cnif67TAO9Z2AfcAoEMTSeixtH44ndIthMgFup6bu_k7VFIWtl31NZj0DI_TfltC18eF3XCfe35DLVH0d8xIQF5dQnUOMkJ5tdIDgwtaUbC05v0MTFuilfQWvgR-X-HT6YV13JIn1GoCJGOc7JCWtJ8L1xzcKZNfwV98oIxIFvfG8fhdd42ZA4EBIAYaob_HNtctVueZQs6-cWQtRXYhX3qmtQBesuBfT9VyNAa0nXY3EM52Yo6hlpPLGiDCmMEdRbQChKu_yMzkHLbH105see2ZP45KTJMT2JuBQ&redirect_url=%2F,Sign in ・ Cloudflare Access,,Log in to Suzy's 24th private site,独立后缀与名称通道：传统后缀（.com）；少量数字名称探索；固定哈希次序第1120名，组实际配额1350。未要求命中行业词根；名称线索不是意义或机会确认。,未核实
lamilamineral.com,2026-09-22,传统后缀,停放或未正式开放,AI内容复核：托管商默认开通页明确要求删除index.php并替换成自己的网页，尚未展示自有网站内容。 原文：Silahkan hapus file index.php dan gantikan dengan file website Anda untuk menghapus halaman ini.;自动初判：RDAP registration 位于近30天窗口；当前HTTPS页面通过实质内容规则,2026-09-20T14:52:43Z,verified_recent,https://lamilamineral.com/,"Selamat, website lamilamineral.com telah aktif!",Gerbang Anda untuk mendunia telah terbuka. Segera buat website dan email lamilamineral.com dan mulai perjalanan bisnis Anda.,,独立后缀与名称通道：传统后缀（.com）；通用词典完整分词；固定哈希次序第1121名，组实际配额1350。未要求命中行业词根；名称线索不是意义或机会确认。,未核实
mm88visa.net,2026-09-20,传统后缀,页面内容不足,未同时达到正文160字符且（description≥40字符或非通用H1≥8字符）,,not_checked,https://mm88visa.net/,mm88visa.net,,Blog,独立后缀与名称通道：传统后缀（.net）；少量数字名称探索；固定哈希次序第1122名，组实际配额1350。未要求命中行业词根；名称线索不是意义或机会确认。,未核实
uruminsaat.com,2026-09-10,传统后缀,页面内容不足,未同时达到正文160字符且（description≥40字符或非通用H1≥8字符）,,not_checked,https://uruminsaat.com/,Urum İnşaat İstanbul – Urum İnşaat İç Ve Dış Ticaret Limited Şirketi,,URUM,独立后缀与名称通道：传统后缀（.com）；可读字符形态探索；固定哈希次序第1123名，组实际配额1350。未要求命中行业词根；名称线索不是意义或机会确认。,未核实
greylogistics.net,2026-08-29,传统后缀,未取得可用页面,当前未取得可用HTTPS页面：network_error,,not_checked,https://greylogistics.net/,,,,独立后缀与名称通道：传统后缀（.net）；通用词典完整分词；固定哈希次序第1124名，组实际配额1350。未要求命中行业词根；名称线索不是意义或机会确认。,未核实
idrkingv.com,2026-09-01,传统后缀,近期注册且有内容,RDAP registration 位于近30天窗口；当前HTTPS页面通过实质内容规则,2026-08-30T09:07:09Z,verified_recent,https://idrkingv.com/,idrking Indonesia-Download APK Android Terbaru dengan Panduan,idrking-Instalasi Praktis untuk Pengguna Platform Game,"idrking - Platform Resmi Unduh Aplikasi APK, Login dan Daftar dengan Mudah serta Sangat Aman",独立后缀与名称通道：传统后缀（.com）；可读字符形态探索；固定哈希次序第1125名，组实际配额1350。未要求命中行业词根；名称线索不是意义或机会确认。,未核实
paykock.com,2026-09-19,传统后缀,页面内容不足,未同时达到正文160字符且（description≥40字符或非通用H1≥8字符）,,not_checked,https://paykock.com/auth,Acesso seguro — Pay Lock,Acesso administrativo seguro ao Pay Lock.,,独立后缀与名称通道：传统后缀（.com）；可读字符形态探索；固定哈希次序第1126名，组实际配额1350。未要求命中行业词根；名称线索不是意义或机会确认。,未核实
patiencebay.com,2026-09-22,传统后缀,未取得可用页面,当前未取得可用HTTPS页面：network_error,,not_checked,https://patiencebay.com/,,,,独立后缀与名称通道：传统后缀（.com）；通用词典完整分词；固定哈希次序第1127名，组实际配额1350。未要求命中行业词根；名称线索不是意义或机会确认。,未核实
royalistplayno.com,2026-09-17,传统后缀,未取得可用页面,当前未取得可用HTTPS页面：network_error,,not_checked,https://royalistplayno.com/,,,,独立后缀与名称通道：传统后缀（.com）；可读字符形态探索；固定哈希次序第1128名，组实际配额1350。未要求命中行业词根；名称线索不是意义或机会确认。,未核实
jellipopshop.com,2026-09-17,传统后缀,页面内容不足,未同时达到正文160字符且（description≥40字符或非通用H1≥8字符）,,not_checked,https://jellipopshop.com/,,,,独立后缀与名称通道：传统后缀（.com）；可读字符形态探索；固定哈希次序第1129名，组实际配额1350。未要求命中行业词根；名称线索不是意义或机会确认。,未核实
lwbkunstkaufen.com,2026-08-31,传统后缀,未取得可用页面,当前未取得可用HTTPS页面：http_error,,not_checked,https://lwbkunstkaufen.com/,,,,独立后缀与名称通道：传统后缀（.com）；可读字符形态探索；固定哈希次序第1130名，组实际配额1350。未要求命中行业词根；名称线索不是意义或机会确认。,未核实
amoswatches.com,2026-08-27,传统后缀,未取得可用页面,当前未取得可用HTTPS页面：http_error,,not_checked,https://amoswatches.com/,,,,独立后缀与名称通道：传统后缀（.com）；可读字符形态探索；固定哈希次序第1131名，组实际配额1350。未要求命中行业词根；名称线索不是意义或机会确认。,未核实
tassuk.com,2026-09-02,传统后缀,未取得可用页面,当前未取得可用HTTPS页面：http_error,,not_checked,https://tassuk.com/,,,,独立后缀与名称通道：传统后缀（.com）；可读字符形态探索；固定哈希次序第1132名，组实际配额1350。未要求命中行业词根；名称线索不是意义或机会确认。,未核实
floofiepets.org,2026-09-06,传统后缀,页面内容不足,未同时达到正文160字符且（description≥40字符或非通用H1≥8字符）,,not_checked,https://floofiepets.org/,,,,独立后缀与名称通道：传统后缀（.org）；可读字符形态探索；固定哈希次序第1133名，组实际配额1350。未要求命中行业词根；名称线索不是意义或机会确认。,未核实
aruxai.com,2026-09-20,传统后缀,停放或未正式开放,AI内容复核：页面是域名挂牌出售及品牌估值文案；不能把销售文案中的AI/SaaS用途设想视为域名当前业务。 原文：For Sale | Appraise.net Marketplace;自动初判：RDAP registration 位于近30天窗口；当前HTTPS页面通过实质内容规则,2026-09-18T22:40:16Z,verified_recent,https://aruxai.com/,AruxAI.com - For Sale | Appraise.net Marketplace,Premium High-Tech AI Brandable in the Coveted .com Extension,AruxAI.com,独立后缀与名称通道：传统后缀（.com）；可读字符形态探索；固定哈希次序第1134名，组实际配额1350。未要求命中行业词根；名称线索不是意义或机会确认。,未核实
oneappcompany.com,2026-08-29,传统后缀,近期注册且有内容,RDAP registration 位于近30天窗口；当前HTTPS页面通过实质内容规则,2026-08-27T20:22:24Z,verified_recent,https://oneappcompany.com/,One App Company — Tools that do the arithmetic and keep the record.,Tools that do the arithmetic and keep the record.,Tools that do the arithmetic and keep the record.,独立后缀与名称通道：传统后缀（.com）；可读字符形态探索；固定哈希次序第1135名，组实际配额1350。未要求命中行业词根；名称线索不是意义或机会确认。,未核实
tokyofacial.com,2026-09-13,传统后缀,未取得可用页面,当前未取得可用HTTPS页面：http_error,,not_checked,https://tokyofacial.com/,,,,独立后缀与名称通道：传统后缀（.com）；可读字符形态探索；固定哈希次序第1136名，组实际配额1350。未要求命中行业词根；名称线索不是意义或机会确认。,未核实
nnhk.net,2026-09-09,传统后缀,未取得可用页面,当前未取得可用HTTPS页面：network_error,,not_checked,https://nnhk.net/,,,,独立后缀与名称通道：传统后缀（.net）；短缩写探索；固定哈希次序第1137名，组实际配额1350。未要求命中行业词根；名称线索不是意义或机会确认。,未核实
congohorizonholdings.com,2026-09-23,传统后缀,未取得可用页面,当前未取得可用HTTPS页面：network_error,,not_checked,https://congohorizonholdings.com/,,,,独立后缀与名称通道：传统后缀（.com）；可读字符形态探索；固定哈希次序第1138名，组实际配额1350。未要求命中行业词根；名称线索不是意义或机会确认。,未核实
隔离记录-b107ae750931,2026-09-22,传统后缀,近期注册且有内容,本轮暂跳过成人与博彩内容；此项不改变页面是否存在的事实判定。,2026-09-20T04:56:24Z,verified_recent,,已移出本轮研究范围,,,名称与原文不在公开工作台展示；抽样位置保留于本地审计。,未核实
cirpafashion.com,2026-09-18,传统后缀,页面内容不足,AI内容复核：当前抓取只有通用网店欢迎语、导航和政策页脚，未提供具体商品、商品类别或用途线索；仅就取得的首页内容判为薄页，不推断JS加载后的状态。 原文：We offer high quality products at affordable prices.;自动初判：RDAP registration 位于近30天窗口；当前HTTPS页面通过实质内容规则,2026-09-16T06:59:19Z,verified_recent,https://cirpafashion.com/,CarpaFashion - Online Store,Welcome to CarpaFashion online store. We offer high quality products at affordable prices.,Accueil,独立后缀与名称通道：传统后缀（.com）；可读字符形态探索；固定哈希次序第1140名，组实际配额1350。未要求命中行业词根；名称线索不是意义或机会确认。,未核实
marshestatefinds.com,2026-09-04,传统后缀,近期注册且有内容,RDAP registration 位于近30天窗口；当前HTTPS页面通过实质内容规则,2026-09-02T22:54:32Z,verified_recent,https://www.marshestatefinds.com/,The Marsh Field Book · 126-Page Instant PDF | Gideon Marsh,"Forty-five years clearing estates, written down. What to look at, where the mark hides, and what one sold for and when. Every figure names its saleroom and date. Instant PDF, nothing ships.",The truck comes Tuesday. Most of what's worth money will be on it.,独立后缀与名称通道：传统后缀（.com）；可读字符形态探索；固定哈希次序第1141名，组实际配额1350。未要求命中行业词根；名称线索不是意义或机会确认。,未核实
unionmainstayhq.com,2026-09-07,传统后缀,近期注册且有内容,RDAP registration 位于近30天窗口；当前HTTPS页面通过实质内容规则,2026-09-05T23:06:17Z,verified_recent,https://unionmainstayhq.com/,"Union Mainstayhq — Introductions, done right",,"The right meeting, made carefully.",独立后缀与名称通道：传统后缀（.com）；可读字符形态探索；固定哈希次序第1142名，组实际配额1350。未要求命中行业词根；名称线索不是意义或机会确认。,未核实
robio-fit.com,2026-09-24,传统后缀,近期注册且有内容,RDAP registration 位于近30天窗口；当前HTTPS页面通过实质内容规则,2026-09-22T15:40:04Z,verified_recent,https://robio-fit.com/,Robio Fit,,Robio Fit,独立后缀与名称通道：传统后缀（.com）；可读字符形态探索；固定哈希次序第1143名，组实际配额1350。未要求命中行业词根；名称线索不是意义或机会确认。,未核实
rivettaxfirm.com,2026-09-13,传统后缀,未取得可用页面,当前未取得可用HTTPS页面：network_error,,not_checked,https://rivettaxfirm.com/,,,,独立后缀与名称通道：传统后缀（.com）；通用词典完整分词；固定哈希次序第1144名，组实际配额1350。未要求命中行业词根；名称线索不是意义或机会确认。,未核实
mci-operations.com,2026-09-22,传统后缀,页面内容不足,未同时达到正文160字符且（description≥40字符或非通用H1≥8字符）,,not_checked,https://mci-operations.com/,Próximamente,,mci-operations.com,独立后缀与名称通道：传统后缀（.com）；可读字符形态探索；固定哈希次序第1145名，组实际配额1350。未要求命中行业词根；名称线索不是意义或机会确认。,未核实
overflowgrain.com,2026-09-12,传统后缀,页面内容不足,未同时达到正文160字符且（description≥40字符或非通用H1≥8字符）,,not_checked,https://overflowgrain.com/,Support,,,独立后缀与名称通道：传统后缀（.com）；通用词典完整分词；固定哈希次序第1146名，组实际配额1350。未要求命中行业词根；名称线索不是意义或机会确认。,未核实
base-danchorai.net,2026-09-07,传统后缀,近期注册且有内容,RDAP registration 位于近30天窗口；当前HTTPS页面通过实质内容规则,2026-09-04T11:05:28Z,verified_recent,https://base-danchorai.net/,Basedanchor AI - Intelligent Investeren met AI in België,"Geautomatiseerd beleggen in België. Begin met een inleg van €250 met onze AI-technologie. Veilig, transparant en simpel.",Het Basedanchor AI Platform,独立后缀与名称通道：传统后缀（.net）；通用词典完整分词；固定哈希次序第1147名，组实际配额1350。未要求命中行业词根；名称线索不是意义或机会确认。,未核实
freeshortmovies.com,2026-08-31,传统后缀,页面内容不足,未同时达到正文160字符且（description≥40字符或非通用H1≥8字符）,,not_checked,https://freeshortmovies.com/,,,,独立后缀与名称通道：传统后缀（.com）；可读字符形态探索；固定哈希次序第1148名，组实际配额1350。未要求命中行业词根；名称线索不是意义或机会确认。,未核实
invoicealoud.com,2026-08-27,传统后缀,注册超过30天,RDAP registration 早于固定30天窗口,2026-08-25T19:37:31Z,verified_old,https://invoicealoud.com/,"InvoiceAloud: speak the job, get an invoice","Describe the job out loud and InvoiceAloud turns it into invoice line items you check before sending. Built for contractors, cleaners, tutors and mobile trades.",Talk through the job. Get an invoice back.,独立后缀与名称通道：传统后缀（.com）；通用词典完整分词；固定哈希次序第1149名，组实际配额1350。未要求命中行业词根；名称线索不是意义或机会确认。,未核实
noktuos.net,2026-09-18,传统后缀,未取得可用页面,当前未取得可用HTTPS页面：network_error,,not_checked,https://noktuos.net/,,,,独立后缀与名称通道：传统后缀（.net）；可读字符形态探索；固定哈希次序第1150名，组实际配额1350。未要求命中行业词根；名称线索不是意义或机会确认。,未核实
emesdonerhaus.com,2026-09-08,传统后缀,跳转到其他域名,来源域名近期注册，但最终页面属于其他域名；目标站上线时间未知,2026-09-06T20:12:43Z,verified_recent,https://emesdonerhaus.de/,EME'S DÖNER HAUS – Steak-Döner Berliner Art in Gelnhausen,"EME'S DÖNER HAUS in Gelnhausen (Hessen): Steak-Döner Berliner Art, Pide, Pizza & mehr. Frankfurter Str. 22. Mo–Sa bis 23/24 Uhr, So bis 22 Uhr. Jetzt bestellen oder vor Ort genießen.","EME'S — Steak-Döner, Berliner Art.",独立后缀与名称通道：传统后缀（.com）；可读字符形态探索；固定哈希次序第1151名，组实际配额1350。未要求命中行业词根；名称线索不是意义或机会确认。,未核实
pagereportcard.com,2026-09-10,传统后缀,近期注册且有内容,RDAP registration 位于近30天窗口；当前HTTPS页面通过实质内容规则,2026-09-08T17:14:50Z,verified_recent,https://pagereportcard.com/,LinkedIn Company Page Audit and Grade | Page Report Card,"We read every post on your LinkedIn company page, score six categories, and hand you a letter grade with the exact line behind every mark. Free grade.",See your LinkedIn page the way a buyer reads it.,独立后缀与名称通道：传统后缀（.com）；通用词典完整分词；固定哈希次序第1152名，组实际配额1350。未要求命中行业词根；名称线索不是意义或机会确认。,未核实
djhopsbeats.com,2026-09-13,传统后缀,近期注册且有内容,RDAP registration 位于近30天窗口；当前HTTPS页面通过实质内容规则,2026-09-11T19:54:01Z,verified_recent,https://djhopsbeats.com/,"DJ Hops Beats | ""BEAT TAPES - MIXTAPES"" Beats de Rap, Boom Bap e Instrumentales para Freestyle. DJ & Beatmaker Chileno.",DJ Hops Beats —,DJ HOPS BEATS,独立后缀与名称通道：传统后缀（.com）；可读字符形态探索；固定哈希次序第1153名，组实际配额1350。未要求命中行业词根；名称线索不是意义或机会确认。,未核实
ottawa67saaa.com,2026-09-18,传统后缀,页面内容不足,未同时达到正文160字符且（description≥40字符或非通用H1≥8字符）,,not_checked,https://www.ottawa67saaa.com/en/index.html,Sensplex - Ottawa Jr. 67s AAA Classic,Sensplex - Ottawa Jr. 67s AAA Classic,,独立后缀与名称通道：传统后缀（.com）；少量数字名称探索；固定哈希次序第1154名，组实际配额1350。未要求命中行业词根；名称线索不是意义或机会确认。,未核实
aichasecross.com,2026-09-22,传统后缀,近期注册且有内容,RDAP registration 位于近30天窗口；当前HTTPS页面通过实质内容规则,2026-09-20T09:19:33Z,verified_recent,https://aichasecross.com/,CHASE 视频工作台 · 运营下载,下载 CHASE 视频工作台，提交使用申请，开启视频创作。,专注创作， 让好内容持续发生。,独立后缀与名称通道：传统后缀（.com）；可读字符形态探索；固定哈希次序第1155名，组实际配额1350。未要求命中行业词根；名称线索不是意义或机会确认。,未核实
隔离记录-1efd6205ac5c,2026-09-05,传统后缀,近期注册且有内容,本轮暂跳过成人与博彩内容；此项不改变页面是否存在的事实判定。,2026-09-03T17:25:10Z,verified_recent,,已移出本轮研究范围,,,名称与原文不在公开工作台展示；抽样位置保留于本地审计。,未核实
torchedumonde.com,2026-09-23,传统后缀,注册超过30天,RDAP registration 早于固定30天窗口,2025-01-19T20:26:35Z,verified_old,https://torchedumonde.com/,Bravo ! Votre domaine torchedumonde.com a bien été créé avec LWS !,"LWS est un hébergeur web et registrat de nom de domaine : hébergement, nom de domaine, serveur dédié, serveur cloud, stockage en ligne",,独立后缀与名称通道：传统后缀（.com）；可读字符形态探索；固定哈希次序第1157名，组实际配额1350。未要求命中行业词根；名称线索不是意义或机会确认。,未核实
greenkeji.com,2026-09-09,传统后缀,未取得可用页面,当前未取得可用HTTPS页面：network_error,,not_checked,https://greenkeji.com/,,,,独立后缀与名称通道：传统后缀（.com）；可读字符形态探索；固定哈希次序第1158名，组实际配额1350。未要求命中行业词根；名称线索不是意义或机会确认。,未核实
heladoselrecreo.com,2026-09-21,传统后缀,未取得可用页面,当前未取得可用HTTPS页面：network_error,,not_checked,https://heladoselrecreo.com/,,,,独立后缀与名称通道：传统后缀（.com）；可读字符形态探索；固定哈希次序第1159名，组实际配额1350。未要求命中行业词根；名称线索不是意义或机会确认。,未核实
superjinjikun.com,2026-09-17,传统后缀,页面内容不足,未同时达到正文160字符且（description≥40字符或非通用H1≥8字符）,,not_checked,https://superjinjikun.com/,近日中に公開,,superjinjikun.com,独立后缀与名称通道：传统后缀（.com）；可读字符形态探索；固定哈希次序第1160名，组实际配额1350。未要求命中行业词根；名称线索不是意义或机会确认。,未核实
konbaithemovie.com,2026-09-25,传统后缀,页面内容不足,未同时达到正文160字符且（description≥40字符或非通用H1≥8字符）,,not_checked,https://konbaithemovie.com/,konbaithemovie-com,,Blog,独立后缀与名称通道：传统后缀（.com）；可读字符形态探索；固定哈希次序第1161名，组实际配额1350。未要求命中行业词根；名称线索不是意义或机会确认。,未核实
melissajtyler.com,2026-09-04,传统后缀,未取得可用页面,当前未取得可用HTTPS页面：network_error,,not_checked,https://melissajtyler.com/,,,,独立后缀与名称通道：传统后缀（.com）；可读字符形态探索；固定哈希次序第1162名，组实际配额1350。未要求命中行业词根；名称线索不是意义或机会确认。,未核实
隔离记录-ca79e938ec56,2026-09-13,传统后缀,近期注册且有内容,本轮暂跳过成人与博彩内容；此项不改变页面是否存在的事实判定。,2026-09-11T02:41:14Z,verified_recent,,已移出本轮研究范围,,,名称与原文不在公开工作台展示；抽样位置保留于本地审计。,未核实
rollerbite.com,2026-09-02,传统后缀,页面内容不足,未同时达到正文160字符且（description≥40字符或非通用H1≥8字符）,,not_checked,https://rollerbite.com/,,,,独立后缀与名称通道：传统后缀（.com）；通用词典完整分词；固定哈希次序第1164名，组实际配额1350。未要求命中行业词根；名称线索不是意义或机会确认。,未核实
paladinriskgovernance.com,2026-09-12,传统后缀,未取得可用页面,当前未取得可用HTTPS页面：network_error,,not_checked,https://paladinriskgovernance.com/,,,,独立后缀与名称通道：传统后缀（.com）；通用词典完整分词；固定哈希次序第1165名，组实际配额1350。未要求命中行业词根；名称线索不是意义或机会确认。,未核实
biopaternabio.com,2026-09-23,传统后缀,注册超过30天,RDAP registration 早于固定30天窗口,2025-09-10T18:17:28Z,verified_old,https://biopaternabio.com/,porkbun.com | expired domain,,This domain is expired.,独立后缀与名称通道：传统后缀（.com）；可读字符形态探索；固定哈希次序第1166名，组实际配额1350。未要求命中行业词根；名称线索不是意义或机会确认。,未核实
sprout-trail.com,2026-09-17,传统后缀,近期注册且有内容,RDAP registration 位于近30天窗口；当前HTTPS页面通过实质内容规则,2026-09-15T13:19:57Z,verified_recent,https://sprout-trail.com/,Sprout-trail,Traditionelle deutsche Keramikkunst aus Meisterhand,Meisterwerke der traditionellen Keramikkunst,独立后缀与名称通道：传统后缀（.com）；通用词典完整分词；固定哈希次序第1167名，组实际配额1350。未要求命中行业词根；名称线索不是意义或机会确认。,未核实
oseyro.com,2026-09-03,传统后缀,近期注册且有内容,RDAP registration 位于近30天窗口；当前HTTPS页面通过实质内容规则,2026-09-01T19:53:33Z,verified_recent,https://oseyro.com/,"Oseyro — Service, der sich selbst organisiert","Oseyro verbindet Kundenservice, Aufgaben, Wissen und Kalender in einem ruhigen, sicheren Arbeitsbereich.","Service, der sich selbst organisiert.",独立后缀与名称通道：传统后缀（.com）；可读字符形态探索；固定哈希次序第1168名，组实际配额1350。未要求命中行业词根；名称线索不是意义或机会确认。,未核实
cjourdan.com,2026-09-12,传统后缀,未取得可用页面,当前未取得可用HTTPS页面：network_error,,not_checked,https://cjourdan.com/,,,,独立后缀与名称通道：传统后缀（.com）；可读字符形态探索；固定哈希次序第1169名，组实际配额1350。未要求命中行业词根；名称线索不是意义或机会确认。,未核实
urentea.com,2026-09-14,传统后缀,页面内容不足,未同时达到正文160字符且（description≥40字符或非通用H1≥8字符）,,not_checked,https://urentea.com/,,,,独立后缀与名称通道：传统后缀（.com）；可读字符形态探索；固定哈希次序第1170名，组实际配额1350。未要求命中行业词根；名称线索不是意义或机会确认。,未核实
yavapaicollegefoundation.org,2026-09-17,传统后缀,停放或未正式开放,AI内容复核：H1明确Launching Soon，正文为通用联系/Cookie模板；不认定为已经发布实质内容的网站。 原文：Launching Soon;自动初判：RDAP registration 位于近30天窗口；当前HTTPS页面通过实质内容规则,2026-09-15T23:54:37.149000Z,verified_recent,https://yavapaicollegefoundation.org/,yavapaicollegefoundation.org,,Launching Soon;Launching Soon,独立后缀与名称通道：传统后缀（.org）；通用词典完整分词；固定哈希次序第1171名，组实际配额1350。未要求命中行业词根；名称线索不是意义或机会确认。,未核实
rojanfoundation.org,2026-09-17,传统后缀,未取得可用页面,当前未取得可用HTTPS页面：network_error,,not_checked,https://rojanfoundation.org/,,,,独立后缀与名称通道：传统后缀（.org）；可读字符形态探索；固定哈希次序第1172名，组实际配额1350。未要求命中行业词根；名称线索不是意义或机会确认。,未核实
theegenevacollection.com,2026-09-16,传统后缀,页面内容不足,未同时达到正文160字符且（description≥40字符或非通用H1≥8字符）,,not_checked,https://theegenevacollection.com/password,The Geneva Collection,,,独立后缀与名称通道：传统后缀（.com）；通用词典完整分词；固定哈希次序第1173名，组实际配额1350。未要求命中行业词根；名称线索不是意义或机会确认。,未核实
velimaro.com,2026-09-09,传统后缀,近期注册且有内容,RDAP registration 位于近30天窗口；当前HTTPS页面通过实质内容规则,2026-09-07T15:51:52Z,verified_recent,https://velimaro.com/,VELIMARO American Express Apple Pay Bancontact BLIK Cartes Bancaires EPS Klarna Mastercard MB WAY MobilePay PayPal Shop Pay Visa American Express Apple Pay Bancontact BLIK Cartes Bancaires EPS Klarna Mastercard MB WAY MobilePay PayPal Shop Pay Visa,,Améliorez votre conduite.,独立后缀与名称通道：传统后缀（.com）；可读字符形态探索；固定哈希次序第1174名，组实际配额1350。未要求命中行业词根；名称线索不是意义或机会确认。,未核实
jennilynnstar.com,2026-09-08,传统后缀,页面内容不足,未同时达到正文160字符且（description≥40字符或非通用H1≥8字符）,,not_checked,https://jennilynnstar.com/,Jenni Lynn Star,,,独立后缀与名称通道：传统后缀（.com）；可读字符形态探索；固定哈希次序第1175名，组实际配额1350。未要求命中行业词根；名称线索不是意义或机会确认。,未核实
spice-princess.com,2026-09-03,传统后缀,未取得可用页面,当前未取得可用HTTPS页面：network_error,,not_checked,https://spice-princess.com/,,,,独立后缀与名称通道：传统后缀（.com）；通用词典完整分词；固定哈希次序第1176名，组实际配额1350。未要求命中行业词根；名称线索不是意义或机会确认。,未核实
sumtertaxico.com,2026-08-30,传统后缀,未取得可用页面,当前未取得可用HTTPS页面：network_error,,not_checked,https://sumtertaxico.com/,,,,独立后缀与名称通道：传统后缀（.com）；可读字符形态探索；固定哈希次序第1177名，组实际配额1350。未要求命中行业词根；名称线索不是意义或机会确认。,未核实
servantofpakistan.com,2026-09-06,传统后缀,停放或未正式开放,AI内容复核：描述明确组织网站即将发布，正文为通用口号及联系模板。 原文：A nonprofit organization launching soon.;自动初判：RDAP registration 位于近30天窗口；当前HTTPS页面通过实质内容规则,2026-09-04T15:25:34Z,verified_recent,https://servantofpakistan.com/,Servant of Pakistan,Servant of Pakistan - A nonprofit organization launching soon. Stay tuned for updates and explore ways to connect with us!,Embrace Our Cultural Legacy;Embrace Our Cultural Legacy,独立后缀与名称通道：传统后缀（.com）；可读字符形态探索；固定哈希次序第1178名，组实际配额1350。未要求命中行业词根；名称线索不是意义或机会确认。,未核实
fishnetreporting.net,2026-09-10,传统后缀,未取得可用页面,AI内容复核：私有报表系统登录页及访问限制告知；未取得登录后内容。 原文：Login Email Password Login;自动初判：RDAP registration 位于近30天窗口；当前HTTPS页面通过实质内容规则,2026-09-08T15:20:03Z,verified_recent,https://fishnetreporting.net/login,FishNET Reporting Portal,,The FishNET Reporting Portal;The FishNET Reporting Portal,独立后缀与名称通道：传统后缀（.net）；通用词典完整分词；固定哈希次序第1179名，组实际配额1350。未要求命中行业词根；名称线索不是意义或机会确认。,未核实
silverfeathergoods.com,2026-08-30,传统后缀,未取得可用页面,当前未取得可用HTTPS页面：http_error,,not_checked,https://silverfeathergoods.com/,,,,独立后缀与名称通道：传统后缀（.com）；通用词典完整分词；固定哈希次序第1180名，组实际配额1350。未要求命中行业词根；名称线索不是意义或机会确认。,未核实
broardmindedtuition.com,2026-09-23,传统后缀,未取得可用页面,当前未取得可用HTTPS页面：network_error,,not_checked,https://broardmindedtuition.com/,,,,独立后缀与名称通道：传统后缀（.com）；可读字符形态探索；固定哈希次序第1181名，组实际配额1350。未要求命中行业词根；名称线索不是意义或机会确认。,未核实
takeflightgyms.com,2026-09-20,传统后缀,未取得可用页面,当前未取得可用HTTPS页面：network_error,,not_checked,https://takeflightgyms.com/,,,,独立后缀与名称通道：传统后缀（.com）；可读字符形态探索；固定哈希次序第1182名，组实际配额1350。未要求命中行业词根；名称线索不是意义或机会确认。,未核实
mistressgabriella.com,2026-09-10,传统后缀,页面内容不足,未同时达到正文160字符且（description≥40字符或非通用H1≥8字符）,,not_checked,https://mistressgabriella.com/,,,,独立后缀与名称通道：传统后缀（.com）；通用词典完整分词；固定哈希次序第1183名，组实际配额1350。未要求命中行业词根；名称线索不是意义或机会确认。,未核实
aloveofreading.com,2026-09-09,传统后缀,近期注册且有内容,RDAP registration 位于近30天窗口；当前HTTPS页面通过实质内容规则,2026-09-07T00:14:17Z,verified_recent,https://aloveofreading.com/,Online K–12 Tutoring | A Love of Reading,"Individualized online K–12 tutoring for reading, math, test prep, learning differences, and homeschool support nationwide.",The right support can change the way learning feels.,独立后缀与名称通道：传统后缀（.com）；可读字符形态探索；固定哈希次序第1184名，组实际配额1350。未要求命中行业词根；名称线索不是意义或机会确认。,未核实
faterazer.com,2026-09-21,传统后缀,未取得可用页面,当前未取得可用HTTPS页面：network_error,,not_checked,https://faterazer.com/,,,,独立后缀与名称通道：传统后缀（.com）；通用词典完整分词；固定哈希次序第1185名，组实际配额1350。未要求命中行业词根；名称线索不是意义或机会确认。,未核实
qazient.com,2026-09-16,传统后缀,未取得可用页面,当前未取得可用HTTPS页面：network_error,,not_checked,https://qazient.com/,,,,独立后缀与名称通道：传统后缀（.com）；可读字符形态探索；固定哈希次序第1186名，组实际配额1350。未要求命中行业词根；名称线索不是意义或机会确认。,未核实
eclipseconsulting.net,2026-09-07,传统后缀,未取得可用页面,当前未取得可用HTTPS页面：network_error,,not_checked,https://eclipseconsulting.net/,,,,独立后缀与名称通道：传统后缀（.net）；通用词典完整分词；固定哈希次序第1187名，组实际配额1350。未要求命中行业词根；名称线索不是意义或机会确认。,未核实
localradioitalia.com,2026-09-04,传统后缀,页面内容不足,未同时达到正文160字符且（description≥40字符或非通用H1≥8字符）,,not_checked,https://localradioitalia.com/,"LOCALRADIO · 14 radio locali, una sola rete nazionale",,,独立后缀与名称通道：传统后缀（.com）；可读字符形态探索；固定哈希次序第1188名，组实际配额1350。未要求命中行业词根；名称线索不是意义或机会确认。,未核实
cyrusjapan.com,2026-09-10,传统后缀,未取得可用页面,当前未取得可用HTTPS页面：network_error,,not_checked,https://cyrusjapan.com/,,,,独立后缀与名称通道：传统后缀（.com）；通用词典完整分词；固定哈希次序第1189名，组实际配额1350。未要求命中行业词根；名称线索不是意义或机会确认。,未核实
safeannuitysolutions.com,2026-09-04,传统后缀,页面内容不足,未同时达到正文160字符且（description≥40字符或非通用H1≥8字符）,,not_checked,https://safeannuitysolutions.com/,,,,独立后缀与名称通道：传统后缀（.com）；可读字符形态探索；固定哈希次序第1190名，组实际配额1350。未要求命中行业词根；名称线索不是意义或机会确认。,未核实
eniyikolsaati.com,2026-09-23,传统后缀,停放或未正式开放,标题/H1/description 或域名式标题对应的正文开头命中停放/未开放标记：under construction,,not_checked,https://eniyikolsaati.com/,Coming Soon,,eniyikolsaati.com,独立后缀与名称通道：传统后缀（.com）；可读字符形态探索；固定哈希次序第1191名，组实际配额1350。未要求命中行业词根；名称线索不是意义或机会确认。,未核实
omnniscapital.com,2026-09-21,传统后缀,未取得可用页面,当前未取得可用HTTPS页面：network_error,,not_checked,https://omnniscapital.com/,,,,独立后缀与名称通道：传统后缀（.com）；可读字符形态探索；固定哈希次序第1192名，组实际配额1350。未要求命中行业词根；名称线索不是意义或机会确认。,未核实
biodieselx.com,2026-09-22,传统后缀,未取得可用页面,当前未取得可用HTTPS页面：network_error,,not_checked,https://biodieselx.com/,,,,独立后缀与名称通道：传统后缀（.com）；可读字符形态探索；固定哈希次序第1193名，组实际配额1350。未要求命中行业词根；名称线索不是意义或机会确认。,未核实
norcobreperu.com,2026-09-14,传统后缀,页面内容不足,未同时达到正文160字符且（description≥40字符或非通用H1≥8字符）,,not_checked,https://norcobreperu.com/,Index of /,,Index of /,独立后缀与名称通道：传统后缀（.com）；可读字符形态探索；固定哈希次序第1194名，组实际配额1350。未要求命中行业词根；名称线索不是意义或机会确认。,未核实
tridentosplatform.com,2026-09-17,传统后缀,未取得可用页面,当前未取得可用HTTPS页面：http_error,,not_checked,https://tridentosplatform.com/,,,,独立后缀与名称通道：传统后缀（.com）；可读字符形态探索；固定哈希次序第1195名，组实际配额1350。未要求命中行业词根；名称线索不是意义或机会确认。,未核实
gogtb.com,2026-09-21,传统后缀,未取得可用页面,当前未取得可用HTTPS页面：http_error,,not_checked,https://gogtb.com/,,,,独立后缀与名称通道：传统后缀（.com）；短缩写探索；固定哈希次序第1196名，组实际配额1350。未要求命中行业词根；名称线索不是意义或机会确认。,未核实
thismightbefun.com,2026-09-06,传统后缀,近期注册且有内容,RDAP registration 位于近30天窗口；当前HTTPS页面通过实质内容规则,2026-09-04T03:21:14Z,verified_recent,https://www.thismightbefun.com/,This Might Be Fun,"A small collection of daily word games. One each morning, five minutes, no account needed.",This Might Be Fun,独立后缀与名称通道：传统后缀（.com）；可读字符形态探索；固定哈希次序第1197名，组实际配额1350。未要求命中行业词根；名称线索不是意义或机会确认。,未核实
3rdcertified.com,2026-09-06,传统后缀,停放或未正式开放,AI内容复核：波兰语H1表示即将发布，正文为通用联系模板。 原文：Wkrótce premiera;自动初判：RDAP registration 位于近30天窗口；当前HTTPS页面通过实质内容规则,2026-09-04T15:43:15Z,verified_recent,https://3rdcertified.com/,3rdcertified.com,"Strona 3rdcertified.com wkrótce z premierą usług internetowych oraz formularzem kontaktowym. Zapisz się na newsletter, aby uzyskać więcej informacji.",Wkrótce premiera;Wkrótce premiera,独立后缀与名称通道：传统后缀（.com）；少量数字名称探索；固定哈希次序第1198名，组实际配额1350。未要求命中行业词根；名称线索不是意义或机会确认。,未核实
katinq.com,2026-09-06,传统后缀,未取得可用页面,当前未取得可用HTTPS页面：http_error,,not_checked,https://domains.atom.com/lpd/name/katinq.com,,,,独立后缀与名称通道：传统后缀（.com）；可读字符形态探索；固定哈希次序第1199名，组实际配额1350。未要求命中行业词根；名称线索不是意义或机会确认。,未核实
bogladyes.com,2026-09-10,传统后缀,停放或未正式开放,标题/H1/description 或域名式标题对应的正文开头命中停放/未开放标记：under construction,,not_checked,https://bogladyes.com/,Coming Soon,,bogladyes.com,独立后缀与名称通道：传统后缀（.com）；通用词典完整分词；固定哈希次序第1200名，组实际配额1350。未要求命中行业词根；名称线索不是意义或机会确认。,未核实
infiswiftgroup.com,2026-09-25,传统后缀,未取得可用页面,当前未取得可用HTTPS页面：http_error,,not_checked,https://infiswiftgroup.com/,,,,独立后缀与名称通道：传统后缀（.com）；可读字符形态探索；固定哈希次序第1201名，组实际配额1350。未要求命中行业词根；名称线索不是意义或机会确认。,未核实
leaseproiq.com,2026-09-01,传统后缀,页面内容不足,未同时达到正文160字符且（description≥40字符或非通用H1≥8字符）,,not_checked,https://leaseproiq.com/,,,,独立后缀与名称通道：传统后缀（.com）；可读字符形态探索；固定哈希次序第1202名，组实际配额1350。未要求命中行业词根；名称线索不是意义或机会确认。,未核实
ufa24th.net,2026-09-02,传统后缀,停放或未正式开放,AI内容复核：系统明确说明尚未发布任何内容，并提示上传index文件以替换默认页。 原文：Nothing has been published here yet.;自动初判：RDAP registration 位于近30天窗口；当前HTTPS页面通过实质内容规则,2026-08-30T16:09:05Z,verified_recent,https://ufa24th.net/,Site ready,,This site is ready,独立后缀与名称通道：传统后缀（.net）；少量数字名称探索；固定哈希次序第1203名，组实际配额1350。未要求命中行业词根；名称线索不是意义或机会确认。,未核实
gloriagwyn.com,2026-09-13,传统后缀,近期注册且有内容,RDAP registration 位于近30天窗口；当前HTTPS页面通过实质内容规则,2026-09-11T16:47:45Z,verified_recent,https://gloriagwyn.com/,gloriagwyn.com,,gloriagwyn.com;Gloria Gwyn,独立后缀与名称通道：传统后缀（.com）；可读字符形态探索；固定哈希次序第1204名，组实际配额1350。未要求命中行业词根；名称线索不是意义或机会确认。,未核实
panta-rei.net,2026-09-15,传统后缀,未取得可用页面,当前未取得可用HTTPS页面：network_error,,not_checked,https://panta-rei.net/,,,,独立后缀与名称通道：传统后缀（.net）；可读字符形态探索；固定哈希次序第1205名，组实际配额1350。未要求命中行业词根；名称线索不是意义或机会确认。,未核实
seewhatsahead.com,2026-09-07,传统后缀,页面内容不足,"AI内容复核：当前正文是路由页面目录，每个条目重复同一通用店铺描述，未取得实际商品或独立内容；仅对本次抓到的首页信息作薄页判定。 原文：Shop — Shop on AHEAD WHOLESALE. An elegant, curated fashion and lifestyle boutique offering a premium selection.;自动初判：RDAP registration 位于近30天窗口；当前HTTPS页面通过实质内容规则",2026-09-05T01:49:07Z,verified_recent,https://seewhatsahead.com/,AHEAD WHOLESALE,"An elegant, curated fashion and lifestyle boutique offering a premium selection of designer apparel, footwear, and home luxury goods.",AHEAD WHOLESALE,独立后缀与名称通道：传统后缀（.com）；通用词典完整分词；固定哈希次序第1206名，组实际配额1350。未要求命中行业词根；名称线索不是意义或机会确认。,未核实
governedanalytics.com,2026-08-28,传统后缀,未取得可用页面,当前未取得可用HTTPS页面：network_error,,not_checked,https://governedanalytics.com/,,,,独立后缀与名称通道：传统后缀（.com）；可读字符形态探索；固定哈希次序第1207名，组实际配额1350。未要求命中行业词根；名称线索不是意义或机会确认。,未核实
mcytv.com,2026-08-30,传统后缀,页面内容不足,未同时达到正文160字符且（description≥40字符或非通用H1≥8字符）,,not_checked,https://www.mcytv.com/,萌次元TV,,,独立后缀与名称通道：传统后缀（.com）；短缩写探索；固定哈希次序第1208名，组实际配额1350。未要求命中行业词根；名称线索不是意义或机会确认。,未核实
asturiasresolve.com,2026-08-29,传统后缀,未取得可用页面,当前未取得可用HTTPS页面：network_error,,not_checked,https://asturiasresolve.com/,,,,独立后缀与名称通道：传统后缀（.com）；可读字符形态探索；固定哈希次序第1209名，组实际配额1350。未要求命中行业词根；名称线索不是意义或机会确认。,未核实
edtech-software.com,2026-08-28,传统后缀,注册超过30天,RDAP registration 早于固定30天窗口,2026-08-26T13:09:36Z,verified_old,https://www.edtech-software.com/,Comparateur EdTech : 586 logiciels éducatifs comparés,"Comparez 586 logiciels de l'éducation et de la formation : LMS, ERP scolaire, émargement, examens, IA pédagogique. Fiches détaillées, filtres et comparaison côte à côte. Sans classement sponsorisé.",Le comparateur des logiciels de l'éducation,独立后缀与名称通道：传统后缀（.com）；可读字符形态探索；固定哈希次序第1210名，组实际配额1350。未要求命中行业词根；名称线索不是意义或机会确认。,未核实
festabencao.com,2026-08-28,传统后缀,注册超过30天,RDAP registration 早于固定30天窗口,2026-08-26T12:39:07Z,verified_old,https://www.festabencao.com/,FestaBênção — Celebre com quem você ama,"Crie a página da sua festa em minutos: confirmação de presença, mensagens de bênção e bênçãos em dinheiro via PIX com QR Code, sem taxas.",Festa com bênçãos,独立后缀与名称通道：传统后缀（.com）；可读字符形态探索；固定哈希次序第1211名，组实际配额1350。未要求命中行业词根；名称线索不是意义或机会确认。,未核实
tendercrafthq.com,2026-09-21,传统后缀,近期注册且有内容,RDAP registration 位于近30天窗口；当前HTTPS页面通过实质内容规则,2026-09-19T00:25:26Z,verified_recent,https://tendercrafthq.com/,Tendercraft — Product Studio for Business Software & Tools,"Tendercraft builds focused software that turns difficult workflows into useful products. Business software, browser tools, and continuous automation.",Focused software for difficult workflows.,独立后缀与名称通道：传统后缀（.com）；可读字符形态探索；固定哈希次序第1212名，组实际配额1350。未要求命中行业词根；名称线索不是意义或机会确认。,未核实
hayranlari.com,2026-09-06,传统后缀,未取得可用页面,当前未取得可用HTTPS页面：network_error,,not_checked,https://hayranlari.com/,,,,独立后缀与名称通道：传统后缀（.com）；通用词典完整分词；固定哈希次序第1213名，组实际配额1350。未要求命中行业词根；名称线索不是意义或机会确认。,未核实
rishtedesk.com,2026-09-25,传统后缀,近期注册且有内容,RDAP registration 位于近30天窗口；当前HTTPS页面通过实质内容规则,2026-09-23T17:54:13Z,verified_recent,https://rishtedesk.com/,RishteDesk — verified matrimonial matchmaking for Pakistani families,"A privacy-first matrimonial platform for Pakistani and Muslim families, at home and overseas. Every profile reviewed by a person, contact details never shared, and families welcome in the conversation.",A serious place to find a rishta.,独立后缀与名称通道：传统后缀（.com）；可读字符形态探索；固定哈希次序第1214名，组实际配额1350。未要求命中行业词根；名称线索不是意义或机会确认。,未核实
gocutmyyard.com,2026-08-27,传统后缀,未取得可用页面,当前未取得可用HTTPS页面：network_error,,not_checked,https://gocutmyyard.com/,,,,独立后缀与名称通道：传统后缀（.com）；可读字符形态探索；固定哈希次序第1215名，组实际配额1350。未要求命中行业词根；名称线索不是意义或机会确认。,未核实
stinatrignani.com,2026-09-22,传统后缀,未取得可用页面,当前未取得可用HTTPS页面：http_error,,not_checked,https://stinatrignani.com/,,,,独立后缀与名称通道：传统后缀（.com）；可读字符形态探索；固定哈希次序第1216名，组实际配额1350。未要求命中行业词根；名称线索不是意义或机会确认。,未核实
shilpajohn.com,2026-08-28,传统后缀,注册超过30天,RDAP registration 早于固定30天窗口,2026-08-26T11:39:50Z,verified_old,https://shilpajohn.com/,"Shilpa John — Dentist, South West Sydney","Shilpa John is a dentist (BDS, AHPRA registered) in Leppington, south-west Sydney, available for associate positions. Oral health explained plainly, without jargon.",Shilpa John,独立后缀与名称通道：传统后缀（.com）；可读字符形态探索；固定哈希次序第1217名，组实际配额1350。未要求命中行业词根；名称线索不是意义或机会确认。,未核实
nampetventures.com,2026-09-01,传统后缀,近期注册且有内容,RDAP registration 位于近30天窗口；当前HTTPS页面通过实质内容规则,2026-08-30T06:11:01Z,verified_recent,https://www.nampetventures.com/,Nampet Ventures Nigeria — Eco-Friendly Packaging & Plastic Manufacturing,"Food grade packaging, biodegradable bowls, nylon printing, plastic manufacturing and soil & rock sample bags. Trusted Nigerian manufacturer.",Food Grade packaging and Bio-degradable food grade bowls,独立后缀与名称通道：传统后缀（.com）；可读字符形态探索；固定哈希次序第1218名，组实际配额1350。未要求命中行业词根；名称线索不是意义或机会确认。,未核实
carstninvites.com,2026-09-16,传统后缀,近期注册且有内容,RDAP registration 位于近30天窗口；当前HTTPS页面通过实质内容规则,2026-09-14T19:59:28Z,verified_recent,https://carstninvites.com/,"CARSTN invites · Sender Europa 1, Berus · Sa 17. Oktober 2026","CARSTN invites: zwei Runden im Sender Europa 1 in Berus am Samstag, 17. Oktober 2026. Kein Shop, eine Liste – Anmeldung auf Laylo, Kaufslot per Mail. 15 € pro Ticket, davon 5 € Spende.",CARSTN INVITES,独立后缀与名称通道：传统后缀（.com）；可读字符形态探索；固定哈希次序第1219名，组实际配额1350。未要求命中行业词根；名称线索不是意义或机会确认。,未核实
thebettermindclub.com,2026-09-19,传统后缀,未取得可用页面,当前未取得可用HTTPS页面：network_error,,not_checked,https://thebettermindclub.com/,,,,独立后缀与名称通道：传统后缀（.com）；通用词典完整分词；固定哈希次序第1220名，组实际配额1350。未要求命中行业词根；名称线索不是意义或机会确认。,未核实
xiaocaijf.com,2026-09-17,传统后缀,未取得可用页面,当前未取得可用HTTPS页面：http_error,,not_checked,https://xiaocaijf.com/,,,,独立后缀与名称通道：传统后缀（.com）；可读字符形态探索；固定哈希次序第1221名，组实际配额1350。未要求命中行业词根；名称线索不是意义或机会确认。,未核实
dinbazar.com,2026-09-10,传统后缀,未取得可用页面,当前未取得可用HTTPS页面：network_error,,not_checked,https://dinbazar.com/,,,,独立后缀与名称通道：传统后缀（.com）；可读字符形态探索；固定哈希次序第1222名，组实际配额1350。未要求命中行业词根；名称线索不是意义或机会确认。,未核实
pbtroyalties.com,2026-09-16,传统后缀,页面内容不足,未同时达到正文160字符且（description≥40字符或非通用H1≥8字符）,,not_checked,https://pbtroyalties.com/,,,,独立后缀与名称通道：传统后缀（.com）；可读字符形态探索；固定哈希次序第1223名，组实际配额1350。未要求命中行业词根；名称线索不是意义或机会确认。,未核实
laptop-solution.com,2026-09-04,传统后缀,未取得可用页面,当前未取得可用HTTPS页面：network_error,,not_checked,https://laptop-solution.com/,,,,独立后缀与名称通道：传统后缀（.com）；通用词典完整分词；固定哈希次序第1224名，组实际配额1350。未要求命中行业词根；名称线索不是意义或机会确认。,未核实
trustpulsee.com,2026-08-27,传统后缀,未取得可用页面,当前未取得可用HTTPS页面：http_error,,not_checked,https://trustpulsee.com/,,,,独立后缀与名称通道：传统后缀（.com）；通用词典完整分词；固定哈希次序第1225名，组实际配额1350。未要求命中行业词根；名称线索不是意义或机会确认。,未核实
modadicasa.com,2026-08-29,传统后缀,未取得可用页面,当前未取得可用HTTPS页面：network_error,,not_checked,https://modadicasa.com/,,,,独立后缀与名称通道：传统后缀（.com）；可读字符形态探索；固定哈希次序第1226名，组实际配额1350。未要求命中行业词根；名称线索不是意义或机会确认。,未核实
yimodel-ai.com,2026-09-18,传统后缀,页面内容不足,未同时达到正文160字符且（description≥40字符或非通用H1≥8字符）,,not_checked,https://yimodel-ai.com/,Yi 2.0 — AI Agent Workspace,Yi 2.0 — 思考を構造化し、仕事を前に進める日本語AIエージェント,,独立后缀与名称通道：传统后缀（.com）；可读字符形态探索；固定哈希次序第1227名，组实际配额1350。未要求命中行业词根；名称线索不是意义或机会确认。,未核实
dependabob.com,2026-09-03,传统后缀,停放或未正式开放,AI内容复核：商店显示Opening soon及订阅/密码入口，当前未开放商品页。 原文：Opening soon;自动初判：RDAP registration 位于近30天窗口；当前HTTPS页面通过实质内容规则,2026-09-01T03:22:29Z,verified_recent,https://dependabob.com/password,– DependaBob,,Opening soon,独立后缀与名称通道：传统后缀（.com）；可读字符形态探索；固定哈希次序第1228名，组实际配额1350。未要求命中行业词根；名称线索不是意义或机会确认。,未核实
maximizeassetfunds.com,2026-08-29,传统后缀,近期注册且有内容,RDAP registration 位于近30天窗口；当前HTTPS页面通过实质内容规则,2026-08-27T10:04:56Z,verified_recent,https://maximizeassetfunds.com/,Maximize Asset Funds — Private Financial Services,"Maximize Asset Funds provides loans, insurance, investments, wealth management, digital payments, debt relief, home warranty, and auto warranty services.",Your financial future. Built with confidence.,独立后缀与名称通道：传统后缀（.com）；通用词典完整分词；固定哈希次序第1229名，组实际配额1350。未要求命中行业词根；名称线索不是意义或机会确认。,未核实
genomaindatacenter.com,2026-09-24,传统后缀,未取得可用页面,AI内容复核：仅取得使用机构分配账号的登录页；没有公开工作区内容。 原文：Logga in med kontot du fick av Genomain.;自动初判：RDAP registration 位于近30天窗口；当前HTTPS页面通过实质内容规则,2026-09-22T10:57:25Z,verified_recent,https://www.genomaindatacenter.com/,Logga in · Genomain Datacenter,Genomain Datacenter – era datorer hos Genomain och er support på ett ställe.,Genomain Datacenter,独立后缀与名称通道：传统后缀（.com）；可读字符形态探索；固定哈希次序第1230名，组实际配额1350。未要求命中行业词根；名称线索不是意义或机会确认。,未核实
wildthistlecoffeehouse.com,2026-09-18,传统后缀,未取得可用页面,当前未取得可用HTTPS页面：network_error,,not_checked,https://wildthistlecoffeehouse.com/,,,,独立后缀与名称通道：传统后缀（.com）；通用词典完整分词；固定哈希次序第1231名，组实际配额1350。未要求命中行业词根；名称线索不是意义或机会确认。,未核实
buybananawater.com,2026-09-21,传统后缀,未取得可用页面,当前未取得可用HTTPS页面：network_error,,not_checked,https://buybananawater.com/,,,,独立后缀与名称通道：传统后缀（.com）；通用词典完整分词；固定哈希次序第1232名，组实际配额1350。未要求命中行业词根；名称线索不是意义或机会确认。,未核实
furnacerepairsouthjordan.com,2026-09-16,传统后缀,未取得可用页面,当前未取得可用HTTPS页面：http_error,,not_checked,https://furnacerepairsouthjordan.com/,,,,独立后缀与名称通道：传统后缀（.com）；通用词典完整分词；固定哈希次序第1233名，组实际配额1350。未要求命中行业词根；名称线索不是意义或机会确认。,未核实
snsoh.com,2026-09-02,传统后缀,页面内容不足,未同时达到正文160字符且（description≥40字符或非通用H1≥8字符）,,not_checked,https://snsoh.com/,,,,独立后缀与名称通道：传统后缀（.com）；短缩写探索；固定哈希次序第1234名，组实际配额1350。未要求命中行业词根；名称线索不是意义或机会确认。,未核实
fmspurification.org,2026-09-25,传统后缀,页面内容不足,未同时达到正文160字符且（description≥40字符或非通用H1≥8字符）,,not_checked,https://fmspurification.org/,,,,独立后缀与名称通道：传统后缀（.org）；可读字符形态探索；固定哈希次序第1235名，组实际配额1350。未要求命中行业词根；名称线索不是意义或机会确认。,未核实
maxinemeyer.com,2026-09-09,传统后缀,页面内容不足,未同时达到正文160字符且（description≥40字符或非通用H1≥8字符）,,not_checked,https://www.maxinemeyer.com/,Maxine Meyer,,,独立后缀与名称通道：传统后缀（.com）；可读字符形态探索；固定哈希次序第1236名，组实际配额1350。未要求命中行业词根；名称线索不是意义或机会确认。,未核实
rabbitribbon.com,2026-09-22,传统后缀,页面内容不足,未同时达到正文160字符且（description≥40字符或非通用H1≥8字符）,,not_checked,https://rabbitribbon.com/,,,,独立后缀与名称通道：传统后缀（.com）；通用词典完整分词；固定哈希次序第1237名，组实际配额1350。未要求命中行业词根；名称线索不是意义或机会确认。,未核实
cartlyllc.com,2026-09-01,传统后缀,近期注册且有内容,RDAP registration 位于近30天窗口；当前HTTPS页面通过实质内容规则,2026-08-30T05:48:25Z,verified_recent,https://cartlyllc.com/,Cartly LLC — Premium Digital Products for Growing Businesses,"Premium digital products: software kits, templates, courses and playbooks with commercial licenses. Pay on delivery.",Premium digital products for growing businesses. Pay only when it arrives.,独立后缀与名称通道：传统后缀（.com）；可读字符形态探索；固定哈希次序第1238名，组实际配额1350。未要求命中行业词根；名称线索不是意义或机会确认。,未核实
moji-office.com,2026-09-13,传统后缀,未取得可用页面,当前未取得可用HTTPS页面：network_error,,not_checked,https://moji-office.com/,,,,独立后缀与名称通道：传统后缀（.com）；可读字符形态探索；固定哈希次序第1239名，组实际配额1350。未要求命中行业词根；名称线索不是意义或机会确认。,未核实
honuhealing.com,2026-08-27,传统后缀,停放或未正式开放,标题/H1/description 或域名式标题对应的正文开头命中停放/未开放标记：Domain for sale,,not_checked,https://honuhealing.com/,HonuHealing.com for sale | Spaceship.com,HonuHealing.com is for sale on Spaceship. Secure checkout and quick transfer. See all purchase options. No hidden fees.,HonuHealing.com,独立后缀与名称通道：传统后缀（.com）；可读字符形态探索；固定哈希次序第1240名，组实际配额1350。未要求命中行业词根；名称线索不是意义或机会确认。,未核实
ramzish.com,2026-09-15,传统后缀,未取得可用页面,当前未取得可用HTTPS页面：too_large,,not_checked,https://ramzish.com/,,,,独立后缀与名称通道：传统后缀（.com）；可读字符形态探索；固定哈希次序第1241名，组实际配额1350。未要求命中行业词根；名称线索不是意义或机会确认。,未核实
aumexplus.com,2026-08-27,传统后缀,未取得可用页面,当前未取得可用HTTPS页面：blocked_url,,not_checked,https://aumexplus.com/,,,,独立后缀与名称通道：传统后缀（.com）；可读字符形态探索；固定哈希次序第1242名，组实际配额1350。未要求命中行业词根；名称线索不是意义或机会确认。,未核实
vpnrc.com,2026-09-18,传统后缀,未取得可用页面,当前未取得可用HTTPS页面：network_error,,not_checked,https://vpnrc.com/,,,,独立后缀与名称通道：传统后缀（.com）；短缩写探索；固定哈希次序第1243名，组实际配额1350。未要求命中行业词根；名称线索不是意义或机会确认。,未核实
thisafterlife.com,2026-09-10,传统后缀,停放或未正式开放,AI内容复核：描述明确是尚待发布网站，正文只有口号与联系表单。 原文：Launching soon website with contact us form.;自动初判：RDAP registration 位于近30天窗口；当前HTTPS页面通过实质内容规则,2026-09-08T16:48:38Z,verified_recent,https://thisafterlife.com/,This Afterlife,Launching soon website with contact us form. Sign up for updates on web development at thisafterlife.com. Stay tuned for our launch!,Did you know you were going to die?;Did you know you were going to die?,独立后缀与名称通道：传统后缀（.com）；通用词典完整分词；固定哈希次序第1244名，组实际配额1350。未要求命中行业词根；名称线索不是意义或机会确认。,未核实
leadcoachmanageai.com,2026-09-02,传统后缀,未取得可用页面,当前未取得可用HTTPS页面：network_error,,not_checked,https://leadcoachmanageai.com/,,,,独立后缀与名称通道：传统后缀（.com）；可读字符形态探索；固定哈希次序第1245名，组实际配额1350。未要求命中行业词根；名称线索不是意义或机会确认。,未核实
rurelanderpurgan.com,2026-08-30,传统后缀,未取得可用页面,响应不是可解析HTML,,not_checked,https://rurelanderpurgan.com/,,,,独立后缀与名称通道：传统后缀（.com）；可读字符形态探索；固定哈希次序第1246名，组实际配额1350。未要求命中行业词根；名称线索不是意义或机会确认。,未核实
lira-mall.com,2026-09-07,传统后缀,未取得可用页面,当前未取得可用HTTPS页面：network_error,,not_checked,https://lira-mall.com/,,,,独立后缀与名称通道：传统后缀（.com）；通用词典完整分词；固定哈希次序第1247名，组实际配额1350。未要求命中行业词根；名称线索不是意义或机会确认。,未核实
drajmbauer.com,2026-09-19,传统后缀,未取得可用页面,当前未取得可用HTTPS页面：network_error,,not_checked,https://drajmbauer.com/,,,,独立后缀与名称通道：传统后缀（.com）；可读字符形态探索；固定哈希次序第1248名，组实际配额1350。未要求命中行业词根；名称线索不是意义或机会确认。,未核实
internetcentricity.com,2026-09-04,传统后缀,未取得可用页面,当前未取得可用HTTPS页面：network_error,,not_checked,https://internetcentricity.com/,,,,独立后缀与名称通道：传统后缀（.com）；通用词典完整分词；固定哈希次序第1249名，组实际配额1350。未要求命中行业词根；名称线索不是意义或机会确认。,未核实
ztqze0.com,2026-09-15,传统后缀,未取得可用页面,当前未取得可用HTTPS页面：network_error,,not_checked,https://ztqze0.com/,,,,独立后缀与名称通道：传统后缀（.com）；少量数字名称探索；固定哈希次序第1250名，组实际配额1350。未要求命中行业词根；名称线索不是意义或机会确认。,未核实
bitpie66.com,2026-09-22,传统后缀,页面内容不足,AI内容复核：页面明确自称落地页模板，并说明按钮仍为占位地址；当前资产数字和功能文案不能作为已存在产品的证据。 原文：当前按钮使用占位地址。你可以替换为应用下载、客服链接、Telegram、WhatsApp、Line 或官网入口。;自动初判：RDAP registration 位于近30天窗口；当前HTTPS页面通过实质内容规则,2026-09-20T20:33:04Z,verified_recent,https://bitpie66.com/,BitPro 安全资产管理,面向多链资产与数字收藏的安全管理落地页模板。,安全管理数字资产，打开就能看见重点,独立后缀与名称通道：传统后缀（.com）；少量数字名称探索；固定哈希次序第1251名，组实际配额1350。未要求命中行业词根；名称线索不是意义或机会确认。,未核实
dixychickeninfo.com,2026-09-03,传统后缀,近期注册且有内容,RDAP registration 位于近30天窗口；当前HTTPS页面通过实质内容规则,2026-09-01T04:06:07Z,verified_recent,https://dixychickeninfo.com/,"Dixy Chicken Menu Prices UK 2026: Branches, Halal & Calories Expand Expand Toggle Menu Expand Expand","Dixy Chicken menu prices in the UK, all 144 branches with hygiene ratings, halal info, calories and free meal calculators. Independent guide.","Dixy Chicken Menu Prices UK, Branches and Halal Info",独立后缀与名称通道：传统后缀（.com）；可读字符形态探索；固定哈希次序第1252名，组实际配额1350。未要求命中行业词根；名称线索不是意义或机会确认。,未核实
gardenstatesra.com,2026-09-20,传统后缀,跳转到其他域名,来源域名近期注册，但最终页面属于其他域名；目标站上线时间未知,2026-09-18T14:33:21Z,verified_recent,https://gardenstatestreetrods.lovable.app/,"Garden State Street Rods | Classic Car Club in Greenbrook, NJ","Garden State Street Rods is a classic car and street rod club in Greenbrook, New Jersey. Cruise nights, shows, member cars and club gear.","Chrome, enamel & a Garden State summer night.",独立后缀与名称通道：传统后缀（.com）；可读字符形态探索；固定哈希次序第1253名，组实际配额1350。未要求命中行业词根；名称线索不是意义或机会确认。,未核实
haulvaro.com,2026-09-05,传统后缀,未取得可用页面,当前未取得可用HTTPS页面：http_error,,not_checked,https://haulvaro.com/,,,,独立后缀与名称通道：传统后缀（.com）；可读字符形态探索；固定哈希次序第1254名，组实际配额1350。未要求命中行业词根；名称线索不是意义或机会确认。,未核实
propertymanagementiowa.org,2026-08-31,传统后缀,页面内容不足,未同时达到正文160字符且（description≥40字符或非通用H1≥8字符）,,not_checked,https://propertymanagementiowa.org/,,,,独立后缀与名称通道：传统后缀（.org）；通用词典完整分词；固定哈希次序第1255名，组实际配额1350。未要求命中行业词根；名称线索不是意义或机会确认。,未核实
aikogo.com,2026-09-17,传统后缀,停放或未正式开放,AI内容复核：页面是域名挂牌出售及品牌估值文案；不能把销售文案中的AI/SaaS用途设想视为域名当前业务。 原文：For Sale | Appraise.net Marketplace;自动初判：RDAP registration 位于近30天窗口；当前HTTPS页面通过实质内容规则,2026-09-15T11:36:04Z,verified_recent,https://aikogo.com/,AIKogo.com - For Sale | Appraise.net Marketplace,"Acquire a Premium, Ultra-Short 6-Letter AI Brandable Domain",AIKogo.com,独立后缀与名称通道：传统后缀（.com）；可读字符形态探索；固定哈希次序第1256名，组实际配额1350。未要求命中行业词根；名称线索不是意义或机会确认。,未核实
mukgogo.com,2026-09-10,传统后缀,页面内容不足,AI内容复核：WordPress首页只有Nothing Found、搜索与空文章/评论栏，未取得旅行主题的实际文章。 原文：Nothing Found;自动初判：RDAP registration 位于近30天窗口；当前HTTPS页面通过实质内容规则,2026-09-08T10:30:37Z,verified_recent,https://mukgogo.com/,먹고 떠나는 여행 이야기,,먹고 떠나는 여행 이야기;Nothing Found,独立后缀与名称通道：传统后缀（.com）；可读字符形态探索；固定哈希次序第1257名，组实际配额1350。未要求命中行业词根；名称线索不是意义或机会确认。,未核实
fmlatino.com,2026-09-25,传统后缀,未取得可用页面,当前未取得可用HTTPS页面：network_error,,not_checked,https://fmlatino.com/,,,,独立后缀与名称通道：传统后缀（.com）；可读字符形态探索；固定哈希次序第1258名，组实际配额1350。未要求命中行业词根；名称线索不是意义或机会确认。,未核实
hoovv.net,2026-09-01,传统后缀,页面内容不足,未同时达到正文160字符且（description≥40字符或非通用H1≥8字符）,,not_checked,https://hoovv.net/,Parked Domain name on Hostinger DNS system,,,独立后缀与名称通道：传统后缀（.net）；短缩写探索；固定哈希次序第1259名，组实际配额1350。未要求命中行业词根；名称线索不是意义或机会确认。,未核实
archielocksmiths.com,2026-09-03,传统后缀,页面内容不足,未同时达到正文160字符且（description≥40字符或非通用H1≥8字符）,,not_checked,https://archielocksmiths.com/,Archie Locksmiths Balwyn | Licensed Locksmith Melbourne Eastern Suburbs,"Archie Locksmiths Balwyn provides professional residential, commercial, automotive and emergency locksmith services across Melbourne's eastern suburbs. Licensed, insured, and available for callouts. Call +61 3 7057 1831.",,独立后缀与名称通道：传统后缀（.com）；可读字符形态探索；固定哈希次序第1260名，组实际配额1350。未要求命中行业词根；名称线索不是意义或机会确认。,未核实
tuetuestudio.com,2026-09-01,传统后缀,页面内容不足,未同时达到正文160字符且（description≥40字符或非通用H1≥8字符）,,not_checked,https://tuetuestudio.com/,곧 출시 예정,,tuetuestudio.com,独立后缀与名称通道：传统后缀（.com）；通用词典完整分词；固定哈希次序第1261名，组实际配额1350。未要求命中行业词根；名称线索不是意义或机会确认。,未核实
bossupbeautyreloaded.com,2026-09-18,传统后缀,页面内容不足,未同时达到正文160字符且（description≥40字符或非通用H1≥8字符）,,not_checked,https://bossupbeautyreloaded.com/,,,,独立后缀与名称通道：传统后缀（.com）；通用词典完整分词；固定哈希次序第1262名，组实际配额1350。未要求命中行业词根；名称线索不是意义或机会确认。,未核实
merkezserviskaydi.com,2026-08-28,传统后缀,页面内容不足,未同时达到正文160字符且（description≥40字符或非通用H1≥8字符）,,not_checked,https://merkezserviskaydi.com/login,Giriş - Servis Takip,,,独立后缀与名称通道：传统后缀（.com）；可读字符形态探索；固定哈希次序第1263名，组实际配额1350。未要求命中行业词根；名称线索不是意义或机会确认。,未核实
primalevolution.net,2026-09-14,传统后缀,页面内容不足,未同时达到正文160字符且（description≥40字符或非通用H1≥8字符）,,not_checked,https://primalevolution.net/,,,,独立后缀与名称通道：传统后缀（.net）；通用词典完整分词；固定哈希次序第1264名，组实际配额1350。未要求命中行业词根；名称线索不是意义或机会确认。,未核实
adafh.org,2026-09-01,传统后缀,停放或未正式开放,标题/H1/description 或域名式标题对应的正文开头命中停放/未开放标记：under construction,,not_checked,https://adafh.org/,Coming Soon,,adafh.org,独立后缀与名称通道：传统后缀（.org）；短缩写探索；固定哈希次序第1265名，组实际配额1350。未要求命中行业词根；名称线索不是意义或机会确认。,未核实
quickinstallhub.com,2026-09-16,传统后缀,近期注册且有内容,RDAP registration 位于近30天窗口；当前HTTPS页面通过实质内容规则,2026-09-14T08:32:50Z,verified_recent,https://quickinstallhub.com/,О приложении,,Wood Block 99 - Судоку головоломка;Посмотрите видео демонстрацию;203 K;173 K;32,独立后缀与名称通道：传统后缀（.com）；通用词典完整分词；固定哈希次序第1266名，组实际配额1350。未要求命中行业词根；名称线索不是意义或机会确认。,未核实
tlaemjve.com,2026-09-23,传统后缀,未取得可用页面,当前未取得可用HTTPS页面：network_error,,not_checked,https://tlaemjve.com/,,,,独立后缀与名称通道：传统后缀（.com）；可读字符形态探索；固定哈希次序第1267名，组实际配额1350。未要求命中行业词根；名称线索不是意义或机会确认。,未核实
brantonexchange.com,2026-09-20,传统后缀,未取得可用页面,当前未取得可用HTTPS页面：network_error,,not_checked,https://brantonexchange.com/,,,,独立后缀与名称通道：传统后缀（.com）；通用词典完整分词；固定哈希次序第1268名，组实际配额1350。未要求命中行业词根；名称线索不是意义或机会确认。,未核实
simbaslot.net,2026-08-31,传统后缀,近期注册且有内容,RDAP registration 位于近30天窗口；当前HTTPS页面通过实质内容规则,2026-08-28T09:08:32Z,verified_recent,https://simbaslot.net/,SimbaSlot - SimbaSlot Jelajah Dunia Game dan Hiburan Online,"SimbaSlot SimbaSlot mengulas game digital, permainan interaktif, perkembangan industri gaming, dan hiburan online dalam konten yang informatif.",SimbaSlot | SimbaSlot Jelajah Dunia Game dan Hiburan Online;SimbaSlot | SimbaSlot Jelajah Dunia Game dan Hiburan Online,独立后缀与名称通道：传统后缀（.net）；通用词典完整分词；固定哈希次序第1269名，组实际配额1350。未要求命中行业词根；名称线索不是意义或机会确认。,未核实
wellseleys.com,2026-09-03,传统后缀,未取得可用页面,当前未取得可用HTTPS页面：network_error,,not_checked,https://wellseleys.com/,,,,独立后缀与名称通道：传统后缀（.com）；可读字符形态探索；固定哈希次序第1270名，组实际配额1350。未要求命中行业词根；名称线索不是意义或机会确认。,未核实
sweetmommylife.com,2026-08-29,传统后缀,注册超过30天,RDAP registration 早于固定30天窗口,2026-08-26T18:00:13Z,verified_old,https://expireddomains.com/domain/sweetmommylife.com?utm_source=redi,sweetmommylife.com for sale — descriptive .com domain,"8 sites already link to sweetmommylife.com, after 5 years online. Listed at $195 — keep the equity.",Sweet Mommy Life .com,独立后缀与名称通道：传统后缀（.com）；通用词典完整分词；固定哈希次序第1271名，组实际配额1350。未要求命中行业词根；名称线索不是意义或机会确认。,未核实
tienditafull.com,2026-09-22,传统后缀,页面内容不足,未同时达到正文160字符且（description≥40字符或非通用H1≥8字符）,,not_checked,https://tienditafull.com/,,,,独立后缀与名称通道：传统后缀（.com）；通用词典完整分词；固定哈希次序第1272名，组实际配额1350。未要求命中行业词根；名称线索不是意义或机会确认。,未核实
lady3gun.com,2026-09-02,传统后缀,未取得可用页面,当前未取得可用HTTPS页面：network_error,,not_checked,https://lady3gun.com/,,,,独立后缀与名称通道：传统后缀（.com）；少量数字名称探索；固定哈希次序第1273名，组实际配额1350。未要求命中行业词根；名称线索不是意义或机会确认。,未核实
sportscript.net,2026-09-25,传统后缀,未取得可用页面,当前未取得可用HTTPS页面：network_error,,not_checked,https://sportscript.net/,,,,独立后缀与名称通道：传统后缀（.net）；通用词典完整分词；固定哈希次序第1274名，组实际配额1350。未要求命中行业词根；名称线索不是意义或机会确认。,未核实
houserentgo.com,2026-08-28,传统后缀,注册超过30天,RDAP registration 早于固定30天窗口,2026-08-26T05:08:24Z,verified_old,https://houserentgo.com/jp,上海日居 | 上海・日本人向け賃貸・オフィス仲介,上海で暮らす日本人・日系企業のための、中日バイリンガル賃貸・オフィス仲介サービス。外国人入居可の物件を厳選、費用は完全透明。,上海で暮らす日本人のために 安心できる住まいを,独立后缀与名称通道：传统后缀（.com）；可读字符形态探索；固定哈希次序第1275名，组实际配额1350。未要求命中行业词根；名称线索不是意义或机会确认。,未核实
vedelora.com,2026-09-17,传统后缀,近期注册且有内容,RDAP registration 位于近30天窗口；当前HTTPS页面通过实质内容规则,2026-09-15T23:37:05Z,verified_recent,https://vedelora.com/,VEDELORA — Premium Photography Licensing,"Original travel, architecture, city and landscape photography for personal and commercial licensing.",Premium Photography for a Wider World,独立后缀与名称通道：传统后缀（.com）；可读字符形态探索；固定哈希次序第1276名，组实际配额1350。未要求命中行业词根；名称线索不是意义或机会确认。,未核实
gljhanwarinvestment.com,2026-09-04,传统后缀,未取得可用页面,当前未取得可用HTTPS页面：too_large,,not_checked,https://gljhanwarinvestment.com/,,,,独立后缀与名称通道：传统后缀（.com）；可读字符形态探索；固定哈希次序第1277名，组实际配额1350。未要求命中行业词根；名称线索不是意义或机会确认。,未核实
paulinesteines.net,2026-09-08,传统后缀,页面内容不足,未同时达到正文160字符且（description≥40字符或非通用H1≥8字符）,,not_checked,https://paulinesteines.net/,Pauline Steines — Architecture & Design Portfolio,"Selected undergraduate and professional architecture, urban design, landscape, research, and interior design work by Pauline Steines.",,独立后缀与名称通道：传统后缀（.net）；可读字符形态探索；固定哈希次序第1278名，组实际配额1350。未要求命中行业词根；名称线索不是意义或机会确认。,未核实
meetpraevell.com,2026-09-17,传统后缀,停放或未正式开放,标题/H1/description 或域名式标题对应的正文开头命中停放/未开放标记：under construction,,not_checked,https://meetpraevell.com/,Coming Soon,,meetpraevell.com,独立后缀与名称通道：传统后缀（.com）；可读字符形态探索；固定哈希次序第1279名，组实际配额1350。未要求命中行业词根；名称线索不是意义或机会确认。,未核实
thespicygarnish.com,2026-09-04,传统后缀,停放或未正式开放,AI内容复核：H1明确Launching Soon，正文为通用联系/Cookie模板；不认定为已经发布实质内容的网站。 原文：Launching Soon;自动初判：RDAP registration 位于近30天窗口；当前HTTPS页面通过实质内容规则,2026-09-02T04:55:52Z,verified_recent,https://thespicygarnish.com/,thespicygarnish.com,,Launching Soon;Launching Soon,独立后缀与名称通道：传统后缀（.com）；通用词典完整分词；固定哈希次序第1280名，组实际配额1350。未要求命中行业词根；名称线索不是意义或机会确认。,未核实
modelwebb.com,2026-09-02,传统后缀,未取得可用页面,当前未取得可用HTTPS页面：network_error,,not_checked,https://modelwebb.com/,,,,独立后缀与名称通道：传统后缀（.com）；可读字符形态探索；固定哈希次序第1281名，组实际配额1350。未要求命中行业词根；名称线索不是意义或机会确认。,未核实
nekks.com,2026-09-02,传统后缀,页面内容不足,未同时达到正文160字符且（description≥40字符或非通用H1≥8字符）,,not_checked,https://nekks.com/,,,,独立后缀与名称通道：传统后缀（.com）；短缩写探索；固定哈希次序第1282名，组实际配额1350。未要求命中行业词根；名称线索不是意义或机会确认。,未核实
simissom.com,2026-09-12,传统后缀,未取得可用页面,当前未取得可用HTTPS页面：http_error,,not_checked,https://simissom.com/,,,,独立后缀与名称通道：传统后缀（.com）；可读字符形态探索；固定哈希次序第1283名，组实际配额1350。未要求命中行业词根；名称线索不是意义或机会确认。,未核实
kurisumala.org,2026-09-04,传统后缀,近期注册且有内容,RDAP registration 位于近30天窗口；当前HTTPS页面通过实质内容规则,2026-09-02T15:15:40.661000Z,verified_recent,https://www.kurisumala.org/,Kurisumala | Kurisumala Pilgrim Centre,"Kurisumala Pilgrim Centre is one of the prominent pilgrimage centres in South India, situated in Kerala in the Diocese of Neyyattinkara.",A Journey From Darkness to Light,独立后缀与名称通道：传统后缀（.org）；通用词典完整分词；固定哈希次序第1284名，组实际配额1350。未要求命中行业词根；名称线索不是意义或机会确认。,未核实
caracterizabaisar.com,2026-08-30,传统后缀,页面内容不足,未同时达到正文160字符且（description≥40字符或非通用H1≥8字符）,,not_checked,https://caracterizabaisar.com/,,,,独立后缀与名称通道：传统后缀（.com）；可读字符形态探索；固定哈希次序第1285名，组实际配额1350。未要求命中行业词根；名称线索不是意义或机会确认。,未核实
povarchik.com,2026-08-30,传统后缀,注册超过30天,RDAP registration 早于固定30天窗口,2013-08-26T22:34:31Z,verified_old,https://povarchik.com/,Pablo’s AI Lab,"Independent AI products, services, implementation, and governance.","I build, audit, and fix AI systems.",独立后缀与名称通道：传统后缀（.com）；可读字符形态探索；固定哈希次序第1286名，组实际配额1350。未要求命中行业词根；名称线索不是意义或机会确认。,未核实
adachance.org,2026-09-13,传统后缀,页面内容不足,未同时达到正文160字符且（description≥40字符或非通用H1≥8字符）,,not_checked,https://adachance.org/,,,,独立后缀与名称通道：传统后缀（.org）；通用词典完整分词；固定哈希次序第1287名，组实际配额1350。未要求命中行业词根；名称线索不是意义或机会确认。,未核实
americanlegendicecream.com,2026-09-22,传统后缀,停放或未正式开放,AI内容复核：H1明确Launching Soon，正文为通用联系/Cookie模板；不认定为已经发布实质内容的网站。 原文：Launching Soon;自动初判：RDAP registration 位于近30天窗口；当前HTTPS页面通过实质内容规则,2026-09-20T18:26:37Z,verified_recent,https://americanlegendicecream.com/,americanlegendicecream.com,Discover the best American gourmet ice cream with convenient delivery options. Join our newsletter for the latest updates and promotions!,Launching Soon;Launching Soon,独立后缀与名称通道：传统后缀（.com）；通用词典完整分词；固定哈希次序第1288名，组实际配额1350。未要求命中行业词根；名称线索不是意义或机会确认。,未核实
nicholaseo.com,2026-09-05,传统后缀,未取得可用页面,当前未取得可用HTTPS页面：network_error,,not_checked,https://nicholaseo.com/,,,,独立后缀与名称通道：传统后缀（.com）；可读字符形态探索；固定哈希次序第1289名，组实际配额1350。未要求命中行业词根；名称线索不是意义或机会确认。,未核实
intereastudios.com,2026-09-23,传统后缀,未取得可用页面,当前未取得可用HTTPS页面：network_error,,not_checked,https://intereastudios.com/,,,,独立后缀与名称通道：传统后缀（.com）；可读字符形态探索；固定哈希次序第1290名，组实际配额1350。未要求命中行业词根；名称线索不是意义或机会确认。,未核实
missapuestas.com,2026-09-21,传统后缀,页面内容不足,未同时达到正文160字符且（description≥40字符或非通用H1≥8字符）,,not_checked,https://missapuestas.com/,"MissApuestas — Registro y control de apuestas deportivas (ROI, bankroll, estadísticas)","Lleva el control de tus apuestas deportivas gratis: registra cada apuesta, calcula tu ROI y % de acierto automáticamente, controla tu bankroll y descubre qué deportes, ligas y casas te dan más beneficio.",,独立后缀与名称通道：传统后缀（.com）；可读字符形态探索；固定哈希次序第1291名，组实际配额1350。未要求命中行业词根；名称线索不是意义或机会确认。,未核实
inntequi.com,2026-09-04,传统后缀,页面内容不足,未同时达到正文160字符且（description≥40字符或非通用H1≥8字符）,,not_checked,https://inntequi.com/,,,,独立后缀与名称通道：传统后缀（.com）；可读字符形态探索；固定哈希次序第1292名，组实际配额1350。未要求命中行业词根；名称线索不是意义或机会确认。,未核实
coin-be.com,2026-09-08,传统后缀,未取得可用页面,当前未取得可用HTTPS页面：http_error,,not_checked,https://coin-be.com/,,,,独立后缀与名称通道：传统后缀（.com）；可读字符形态探索；固定哈希次序第1293名，组实际配额1350。未要求命中行业词根；名称线索不是意义或机会确认。,未核实
accuratetopomappers.com,2026-08-30,传统后缀,近期注册且有内容,RDAP registration 位于近30天窗口；当前HTTPS页面通过实质内容规则,2026-08-28T13:36:32Z,verified_recent,https://www.accuratetopomappers.com/,Accurate Topomappers - Service Provider of Precast Compound Wall from Chennai,"Precast Compound Wall, Land Surveyor Services & Concrete Compound Wall Service Provider offered by Accurate Topomappers from Chennai, Tamil Nadu, India",Accurate Topomappers,独立后缀与名称通道：传统后缀（.com）；可读字符形态探索；固定哈希次序第1294名，组实际配额1350。未要求命中行业词根；名称线索不是意义或机会确认。,未核实
ehrhaqv1.com,2026-09-22,传统后缀,页面内容不足,未同时达到正文160字符且（description≥40字符或非通用H1≥8字符）,,not_checked,https://62l6yae4.com/download?from=ehrhaqv1.com&_ts=%3D%3DgMyUiN1kDN4YTN5MDM5cTMyITJ,,🎰 BIENVENIDO A 566C! 🎉 💰 RECLAMA TU BONO DE HASTA MX$777 🎁REGALOS DIARIOS ASEGURADOS! 🔄 👇 ÚNETE AHORA Y GANA YA! 👆,,独立后缀与名称通道：传统后缀（.com）；少量数字名称探索；固定哈希次序第1295名，组实际配额1350。未要求命中行业词根；名称线索不是意义或机会确认。,未核实
kt8k1t.com,2026-08-28,传统后缀,注册超过30天,RDAP registration 早于固定30天窗口,2026-08-26T09:09:31Z,verified_old,https://kt8k1t.com/,welcome to PG,,PG直营-成就非凡!,独立后缀与名称通道：传统后缀（.com）；少量数字名称探索；固定哈希次序第1296名，组实际配额1350。未要求命中行业词根；名称线索不是意义或机会确认。,未核实
sharkysftpierce.com,2026-08-30,传统后缀,页面内容不足,未同时达到正文160字符且（description≥40字符或非通用H1≥8字符）,,not_checked,https://sharkysftpierce.com/,,,,独立后缀与名称通道：传统后缀（.com）；可读字符形态探索；固定哈希次序第1297名，组实际配额1350。未要求命中行业词根；名称线索不是意义或机会确认。,未核实
prestige-como.com,2026-09-02,传统后缀,页面内容不足,未同时达到正文160字符且（description≥40字符或非通用H1≥8字符）,,not_checked,https://prestige-como.com/,,,,独立后缀与名称通道：传统后缀（.com）；可读字符形态探索；固定哈希次序第1298名，组实际配额1350。未要求命中行业词根；名称线索不是意义或机会确认。,未核实
phoskywiki.org,2026-09-10,传统后缀,近期注册且有内容,RDAP registration 位于近30天窗口；当前HTTPS页面通过实质内容规则,2026-09-08T07:36:11.344000Z,verified_recent,https://phoskywiki.org/,PhoskyWiki,左翼哲学 / 政治经济学 / 历史领域的原子笔记 WIKI：每个词条聚合多个诠释者的视角。,思想， 在分歧中展开。,独立后缀与名称通道：传统后缀（.org）；可读字符形态探索；固定哈希次序第1299名，组实际配额1350。未要求命中行业词根；名称线索不是意义或机会确认。,未核实
texaran.com,2026-09-02,传统后缀,未取得可用页面,当前未取得可用HTTPS页面：network_error,,not_checked,https://texaran.com/,,,,独立后缀与名称通道：传统后缀（.com）；可读字符形态探索；固定哈希次序第1300名，组实际配额1350。未要求命中行业词根；名称线索不是意义或机会确认。,未核实
baijialebaike.com,2026-09-01,传统后缀,近期注册且有内容,RDAP registration 位于近30天窗口；当前HTTPS页面通过实质内容规则,2026-08-30T19:38:01Z,verified_recent,https://baijialebaike.com/,在线观看完整版高清电视剧-在线观看国产精选免费,提供在线观看视频在线观看电视、在线观看视频在线观看电视剧、在线观看视频在线观看高清等高清资源，免费在线观看最新在线观看视频的网址与在线观看高清免费观看电视剧。,目的地汽车旅馆;傲娇与偏见;灵界基友;死神度假;魔鬼大玩家,独立后缀与名称通道：传统后缀（.com）；可读字符形态探索；固定哈希次序第1301名，组实际配额1350。未要求命中行业词根；名称线索不是意义或机会确认。,未核实
somnifinder.com,2026-09-24,传统后缀,近期注册且有内容,RDAP registration 位于近30天窗口；当前HTTPS页面通过实质内容规则,2026-09-22T12:47:46Z,verified_recent,https://somnifinder.com/,"SomniFinder : bien choisir matelas, oreiller, couette","Un cas de sommeil, les critères qui comptent vraiment, une seule recommandation. Les sources sont citées. Pas de classement, pas de test.",La literie qui convient à votre nuit,独立后缀与名称通道：传统后缀（.com）；可读字符形态探索；固定哈希次序第1302名，组实际配额1350。未要求命中行业词根；名称线索不是意义或机会确认。,未核实
thrillrideseeker.com,2026-08-29,传统后缀,未取得可用页面,当前未取得可用HTTPS页面：network_error,,not_checked,https://thrillrideseeker.com/,,,,独立后缀与名称通道：传统后缀（.com）；通用词典完整分词；固定哈希次序第1303名，组实际配额1350。未要求命中行业词根；名称线索不是意义或机会确认。,未核实
gmwbookkeeping.com,2026-09-04,传统后缀,未取得可用页面,当前未取得可用HTTPS页面：network_error,,not_checked,https://gmwbookkeeping.com/,,,,独立后缀与名称通道：传统后缀（.com）；可读字符形态探索；固定哈希次序第1304名，组实际配额1350。未要求命中行业词根；名称线索不是意义或机会确认。,未核实
fae-narrative.com,2026-09-09,传统后缀,未取得可用页面,当前未取得可用HTTPS页面：network_error,,not_checked,https://fae-narrative.com/,,,,独立后缀与名称通道：传统后缀（.com）；通用词典完整分词；固定哈希次序第1305名，组实际配额1350。未要求命中行业词根；名称线索不是意义或机会确认。,未核实
oneemporiumstore.com,2026-08-31,传统后缀,页面内容不足,未同时达到正文160字符且（description≥40字符或非通用H1≥8字符）,,not_checked,https://oneemporiumstore.com/,,,,独立后缀与名称通道：传统后缀（.com）；通用词典完整分词；固定哈希次序第1306名，组实际配额1350。未要求命中行业词根；名称线索不是意义或机会确认。,未核实
sorelax.net,2026-08-28,传统后缀,未取得可用页面,当前未取得可用HTTPS页面：network_error,,not_checked,https://sorelax.net/,,,,独立后缀与名称通道：传统后缀（.net）；通用词典完整分词；固定哈希次序第1307名，组实际配额1350。未要求命中行业词根；名称线索不是意义或机会确认。,未核实
pinkconsultores.com,2026-09-15,传统后缀,跳转到其他域名,来源域名近期注册，但最终页面属于其他域名；目标站上线时间未知,2026-09-11T18:03:58Z,verified_recent,https://expireddomains.com/domain/pinkconsultores.com?utm_source=redi,pinkconsultores.com for sale — descriptive .com domain,"Pick up pinkconsultores.com on ExpiredDomains.com — Afternic / GoDaddy, listed at $195, escrow-protected transfer in 24 hours.",Pink Consultores .com,独立后缀与名称通道：传统后缀（.com）；可读字符形态探索；固定哈希次序第1308名，组实际配额1350。未要求命中行业词根；名称线索不是意义或机会确认。,未核实
docaclima-estafa.com,2026-09-06,传统后缀,页面内容不足,未同时达到正文160字符且（description≥40字符或非通用H1≥8字符）,,not_checked,https://docaclima-estafa.com/,Your domain is suspended,Domain is suspended,,独立后缀与名称通道：传统后缀（.com）；可读字符形态探索；固定哈希次序第1309名，组实际配额1350。未要求命中行业词根；名称线索不是意义或机会确认。,未核实
aonetlie.net,2026-09-24,传统后缀,未取得可用页面,当前未取得可用HTTPS页面：network_error,,not_checked,https://aonetlie.net/,,,,独立后缀与名称通道：传统后缀（.net）；可读字符形态探索；固定哈希次序第1310名，组实际配额1350。未要求命中行业词根；名称线索不是意义或机会确认。,未核实
tiaanmimi.com,2026-09-08,传统后缀,未取得可用页面,当前未取得可用HTTPS页面：network_error,,not_checked,https://tiaanmimi.com/,,,,独立后缀与名称通道：传统后缀（.com）；可读字符形态探索；固定哈希次序第1311名，组实际配额1350。未要求命中行业词根；名称线索不是意义或机会确认。,未核实
northernsurveysupply.com,2026-09-13,传统后缀,未取得可用页面,当前未取得可用HTTPS页面：network_error,,not_checked,https://northernsurveysupply.com/,,,,独立后缀与名称通道：传统后缀（.com）；通用词典完整分词；固定哈希次序第1312名，组实际配额1350。未要求命中行业词根；名称线索不是意义或机会确认。,未核实
inkabode.com,2026-09-04,传统后缀,页面内容不足,未同时达到正文160字符且（description≥40字符或非通用H1≥8字符）,,not_checked,https://inkabode.com/,,,,独立后缀与名称通道：传统后缀（.com）；通用词典完整分词；固定哈希次序第1313名，组实际配额1350。未要求命中行业词根；名称线索不是意义或机会确认。,未核实
irisreed.com,2026-09-19,传统后缀,未取得可用页面,当前未取得可用HTTPS页面：network_error,,not_checked,https://irisreed.com/,,,,独立后缀与名称通道：传统后缀（.com）；通用词典完整分词；固定哈希次序第1314名，组实际配额1350。未要求命中行业词根；名称线索不是意义或机会确认。,未核实
tirupattur.com,2026-09-07,传统后缀,页面内容不足,未同时达到正文160字符且（description≥40字符或非通用H1≥8字符）,,not_checked,https://tirupattur.com/,tirupattur.com,,tirupattur .com,独立后缀与名称通道：传统后缀（.com）；可读字符形态探索；固定哈希次序第1315名，组实际配额1350。未要求命中行业词根；名称线索不是意义或机会确认。,未核实
southeyrep.com,2026-09-13,传统后缀,未取得可用页面,当前未取得可用HTTPS页面：http_error,,not_checked,https://southeyrep.com/,,,,独立后缀与名称通道：传统后缀（.com）；通用词典完整分词；固定哈希次序第1316名，组实际配额1350。未要求命中行业词根；名称线索不是意义或机会确认。,未核实
printmotion.com,2026-09-14,传统后缀,页面内容不足,未同时达到正文160字符且（description≥40字符或非通用H1≥8字符）,,not_checked,https://printmotion.com/,,,,独立后缀与名称通道：传统后缀（.com）；通用词典完整分词；固定哈希次序第1317名，组实际配额1350。未要求命中行业词根；名称线索不是意义或机会确认。,未核实
centralseals.com,2026-09-09,传统后缀,未取得可用页面,当前未取得可用HTTPS页面：network_error,,not_checked,https://centralseals.com/,,,,独立后缀与名称通道：传统后缀（.com）；可读字符形态探索；固定哈希次序第1318名，组实际配额1350。未要求命中行业词根；名称线索不是意义或机会确认。,未核实
ybiklv.com,2026-09-12,传统后缀,未取得可用页面,当前未取得可用HTTPS页面：http_error,,not_checked,https://ybiklv.com/,,,,独立后缀与名称通道：传统后缀（.com）；可读字符形态探索；固定哈希次序第1319名，组实际配额1350。未要求命中行业词根；名称线索不是意义或机会确认。,未核实
atypicalarqstudio.com,2026-09-04,传统后缀,未取得可用页面,当前未取得可用HTTPS页面：network_error,,not_checked,https://atypicalarqstudio.com/,,,,独立后缀与名称通道：传统后缀（.com）；可读字符形态探索；固定哈希次序第1320名，组实际配额1350。未要求命中行业词根；名称线索不是意义或机会确认。,未核实
goshopbycolor.com,2026-08-27,传统后缀,未取得可用页面,当前未取得可用HTTPS页面：network_error,,not_checked,https://goshopbycolor.com/,,,,独立后缀与名称通道：传统后缀（.com）；可读字符形态探索；固定哈希次序第1321名，组实际配额1350。未要求命中行业词根；名称线索不是意义或机会确认。,未核实
kraveniqoltmeran.com,2026-09-25,传统后缀,未取得可用页面,当前未取得可用HTTPS页面：http_error,,not_checked,https://kraveniqoltmeran.com/,,,,独立后缀与名称通道：传统后缀（.com）；可读字符形态探索；固定哈希次序第1322名，组实际配额1350。未要求命中行业词根；名称线索不是意义或机会确认。,未核实
saqibcloud.com,2026-09-01,传统后缀,未取得可用页面,当前未取得可用HTTPS页面：network_error,,not_checked,https://saqibcloud.com/,,,,独立后缀与名称通道：传统后缀（.com）；通用词典完整分词；固定哈希次序第1323名，组实际配额1350。未要求命中行业词根；名称线索不是意义或机会确认。,未核实
icloudyang.com,2026-08-29,传统后缀,未取得可用页面,当前未取得可用HTTPS页面：network_error,,not_checked,https://icloudyang.com/,,,,独立后缀与名称通道：传统后缀（.com）；可读字符形态探索；固定哈希次序第1324名，组实际配额1350。未要求命中行业词根；名称线索不是意义或机会确认。,未核实
bananostransfer.com,2026-09-22,传统后缀,页面内容不足,未同时达到正文160字符且（description≥40字符或非通用H1≥8字符）,,not_checked,https://bananostransfer.com/,Parked Domain name on Hostinger DNS system,,,独立后缀与名称通道：传统后缀（.com）；可读字符形态探索；固定哈希次序第1325名，组实际配额1350。未要求命中行业词根；名称线索不是意义或机会确认。,未核实
virginfeetbvi.com,2026-09-06,传统后缀,页面内容不足,未同时达到正文160字符且（description≥40字符或非通用H1≥8字符）,,not_checked,https://virginfeetbvi.com/,Parked Domain name on Hostinger DNS system,,,独立后缀与名称通道：传统后缀（.com）；可读字符形态探索；固定哈希次序第1326名，组实际配额1350。未要求命中行业词根；名称线索不是意义或机会确认。,未核实
thecoldlabs.com,2026-08-29,传统后缀,跳转到其他域名,来源域名近期注册，但最终页面属于其他域名；目标站上线时间未知,2026-08-27T12:26:37Z,verified_recent,https://coldlabs.ai/,Cold Labs - The scientific way to win your biggest accounts through cold email.,Most agencies blast emails. We build systems. Cold Labs is a cold email agency for other B2B agencies.,The scientific way to win your biggest accounts through cold email.,独立后缀与名称通道：传统后缀（.com）；可读字符形态探索；固定哈希次序第1327名，组实际配额1350。未要求命中行业词根；名称线索不是意义或机会确认。,未核实
walk-whatsapp.com,2026-09-12,传统后缀,未取得可用页面,当前未取得可用HTTPS页面：network_error,,not_checked,https://walk-whatsapp.com/,,,,独立后缀与名称通道：传统后缀（.com）；可读字符形态探索；固定哈希次序第1328名，组实际配额1350。未要求命中行业词根；名称线索不是意义或机会确认。,未核实
mantecahindutemple.org,2026-09-22,传统后缀,页面内容不足,未同时达到正文160字符且（description≥40字符或非通用H1≥8字符）,,not_checked,https://www.mantecahindutemple.org/,Home | SriHariHaraDevasthanam,,,独立后缀与名称通道：传统后缀（.org）；通用词典完整分词；固定哈希次序第1329名，组实际配额1350。未要求命中行业词根；名称线索不是意义或机会确认。,未核实
bordadosmontesinos.com,2026-09-01,传统后缀,近期注册且有内容,RDAP registration 位于近30天窗口；当前HTTPS页面通过实质内容规则,2026-08-30T08:50:09Z,verified_recent,https://bordadosmontesinos.com/,Bordados Montesinos — Tienda,,Compra y personaliza tu bordado online,独立后缀与名称通道：传统后缀（.com）；可读字符形态探索；固定哈希次序第1330名，组实际配额1350。未要求命中行业词根；名称线索不是意义或机会确认。,未核实
cryptochosa.com,2026-09-22,传统后缀,未取得可用页面,当前未取得可用HTTPS页面：network_error,,not_checked,https://cryptochosa.com/,,,,独立后缀与名称通道：传统后缀（.com）；可读字符形态探索；固定哈希次序第1331名，组实际配额1350。未要求命中行业词根；名称线索不是意义或机会确认。,未核实
manaflood.net,2026-09-10,传统后缀,未取得可用页面,当前未取得可用HTTPS页面：network_error,,not_checked,https://manaflood.net/,,,,独立后缀与名称通道：传统后缀（.net）；通用词典完整分词；固定哈希次序第1332名，组实际配额1350。未要求命中行业词根；名称线索不是意义或机会确认。,未核实
moneyquack.com,2026-09-12,传统后缀,未取得可用页面,当前未取得可用HTTPS页面：network_error,,not_checked,https://moneyquack.com/,,,,独立后缀与名称通道：传统后缀（.com）；通用词典完整分词；固定哈希次序第1333名，组实际配额1350。未要求命中行业词根；名称线索不是意义或机会确认。,未核实
justmeechyy.com,2026-09-19,传统后缀,未取得可用页面,当前未取得可用HTTPS页面：network_error,,not_checked,https://justmeechyy.com/,,,,独立后缀与名称通道：传统后缀（.com）；可读字符形态探索；固定哈希次序第1334名，组实际配额1350。未要求命中行业词根；名称线索不是意义或机会确认。,未核实
azhora3d.com,2026-09-17,传统后缀,未取得可用页面,当前未取得可用HTTPS页面：network_error,,not_checked,https://azhora3d.com/,,,,独立后缀与名称通道：传统后缀（.com）；少量数字名称探索；固定哈希次序第1335名，组实际配额1350。未要求命中行业词根；名称线索不是意义或机会确认。,未核实
nurumagazine.com,2026-09-14,传统后缀,页面内容不足,未同时达到正文160字符且（description≥40字符或非通用H1≥8字符）,,not_checked,https://morning-rain-1011.cloudflareaccess.com/cdn-cgi/access/login/nurumagazine.com?kid=9720030ca0aa4f15624d83ea993e73409d937fce7f5363eddd0aeb0207184cb2&meta=eyJ0eXAiOiJKV1QiLCJhbGciOiJSUzI1NiIsImtpZCI6ImI2OTRlYzg1YmU3YzA1YTIzNGU2ZGJhZjg5ZTgwM2JhNTg5OTU4NjhhMjM1YmJiYjhkZTkzZmViZjNiYjFjYzcifQ.eyJ0eXBlIjoibWV0YSIsImF1ZCI6Ijk3MjAwMzBjYTBhYTRmMTU2MjRkODNlYTk5M2U3MzQwOWQ5MzdmY2U3ZjUzNjNlZGRkMGFlYjAyMDcxODRjYjIiLCJob3N0bmFtZSI6Im51cnVtYWdhemluZS5jb20iLCJyZWRpcmVjdF91cmwiOiIvIiwic2VydmljZV90b2tlbl9zdGF0dXMiOmZhbHNlLCJpc193YXJwIjpmYWxzZSwiaXNfZ2F0ZXdheSI6ZmFsc2UsImV4cCI6MTc5MDM5NTM5MCwibmJmIjoxNzkwMzk1MDkwLCJpYXQiOjE3OTAzOTUwOTAsImF1dGhfc3RhdHVzIjoiTk9ORSIsIm10bHNfYXV0aCI6eyJjZXJ0X2lzc3Vlcl9kbiI6IiIsImNlcnRfc2VyaWFsIjoiIiwiY2VydF9pc3N1ZXJfc2tpIjoiIiwiY2VydF9wcmVzZW50ZWQiOmZhbHNlLCJjb21tb25fbmFtZSI6IiIsImF1dGhfc3RhdHVzIjoiTk9ORSJ9LCJyZWFsX2NvdW50cnkiOiJVUyIsImFwcF9zZXNzaW9uX2hhc2giOiIzMTY3MjQxYTcyMjhiMmQwZTZmZWVlNGMzM2Q4OTk5YjM1NDczYzc0MzE5MzkyNDgwNzk3ZWU5MWU4NGNmMjgwIn0.Sg2jp9mYPSMvZqBRCOjW6yKvV__WIgDAfredgDO-rhBX4EQskJW1Jjxy_T7XAb5DhCS4dwfOR9bl2Sgqqr-kpSy9asVpIURKrVGOeO8xciY-U63r4p--W84_I3MX7wD5Eih7oMLrADYgwPS3aiGArLiLZuKioi0QUwpKEbvxO-d5Q-GW_xhxXKw55mNQ-70wMYEh2ihPyERkQpRCrlx2LAxGDw8lPqGcGHn2BXok1w8LaMoe-5eKbmI0f-s4LR7o85tyzbJycQaWCG50Ch4tEFqOuJZf2L7h2EFvcDc629QiO2LH1rMXnUyyOWXml3jFvo1Bgx-7UaxmkR5lVfyVUg&redirect_url=%2F,Sign in ・ Cloudflare Access,,Log in to Nuru Magazine,独立后缀与名称通道：传统后缀（.com）；可读字符形态探索；固定哈希次序第1336名，组实际配额1350。未要求命中行业词根；名称线索不是意义或机会确认。,未核实
warmnorth.com,2026-08-30,传统后缀,未取得可用页面,当前未取得可用HTTPS页面：http_error,,not_checked,https://warmnorth.com/,,,,独立后缀与名称通道：传统后缀（.com）；通用词典完整分词；固定哈希次序第1337名，组实际配额1350。未要求命中行业词根；名称线索不是意义或机会确认。,未核实
cospawine.com,2026-09-17,传统后缀,未取得可用页面,当前未取得可用HTTPS页面：network_error,,not_checked,https://cospawine.com/,,,,独立后缀与名称通道：传统后缀（.com）；可读字符形态探索；固定哈希次序第1338名，组实际配额1350。未要求命中行业词根；名称线索不是意义或机会确认。,未核实
reflexegitim.com,2026-09-21,传统后缀,未取得可用页面,当前未取得可用HTTPS页面：network_error,,not_checked,https://reflexegitim.com/,,,,独立后缀与名称通道：传统后缀（.com）；可读字符形态探索；固定哈希次序第1339名，组实际配额1350。未要求命中行业词根；名称线索不是意义或机会确认。,未核实
tarsusrehber.com,2026-09-12,传统后缀,近期注册且有内容,RDAP registration 位于近30天窗口；当前HTTPS页面通过实质内容规则,2026-09-10T07:27:56Z,verified_recent,https://tarsusrehber.com/,Tarsus Rehber — mahallene göre işletme bul,"Tarsus'ta restoran, eczane, tamirci ve daha fazlasını mahalleye göre bul; WhatsApp'tan doğrudan yaz.",Tarsus'ta aradığın işletmeyi mahallene göre bul,独立后缀与名称通道：传统后缀（.com）；通用词典完整分词；固定哈希次序第1340名，组实际配额1350。未要求命中行业词根；名称线索不是意义或机会确认。,未核实
ticssecurity.com,2026-09-09,传统后缀,页面内容不足,未同时达到正文160字符且（description≥40字符或非通用H1≥8字符）,,not_checked,https://ticssolutions.net/,TICS,,,独立后缀与名称通道：传统后缀（.com）；可读字符形态探索；固定哈希次序第1341名，组实际配额1350。未要求命中行业词根；名称线索不是意义或机会确认。,未核实
carecarryllc.com,2026-09-06,传统后缀,页面内容不足,未同时达到正文160字符且（description≥40字符或非通用H1≥8字符）,,not_checked,https://carecarryllc.com/,,,,独立后缀与名称通道：传统后缀（.com）；可读字符形态探索；固定哈希次序第1342名，组实际配额1350。未要求命中行业词根；名称线索不是意义或机会确认。,未核实
nonnosicuro.com,2026-08-31,传统后缀,停放或未正式开放,标题/H1/description 或域名式标题对应的正文开头命中停放/未开放标记：domain is for sale,,not_checked,https://nonnosicuro.com/,nonnosicuro.com is for sale,,This domain is for sale,独立后缀与名称通道：传统后缀（.com）；可读字符形态探索；固定哈希次序第1343名，组实际配额1350。未要求命中行业词根；名称线索不是意义或机会确认。,未核实
nvbarndo.com,2026-09-23,传统后缀,页面内容不足,未同时达到正文160字符且（description≥40字符或非通用H1≥8字符）,,not_checked,https://nvbarndo.com/,,,,独立后缀与名称通道：传统后缀（.com）；可读字符形态探索；固定哈希次序第1344名，组实际配额1350。未要求命中行业词根；名称线索不是意义或机会确认。,未核实
futurewebsitesuk.com,2026-09-05,传统后缀,近期注册且有内容,RDAP registration 位于近30天窗口；当前HTTPS页面通过实质内容规则,2026-09-03T19:26:37Z,verified_recent,https://futurewebsitesuk.com/,Future Websites UK | Professional Websites Built Around Your Business,"Professional, modern websites for UK businesses. £149 build plus £14.99/month for hosting, maintenance, changes and ongoing support.",Your New Website. Preview Before You Pay.,独立后缀与名称通道：传统后缀（.com）；通用词典完整分词；固定哈希次序第1345名，组实际配额1350。未要求命中行业词根；名称线索不是意义或机会确认。,未核实
explorersai.com,2026-08-28,传统后缀,停放或未正式开放,标题/H1/description 或域名式标题对应的正文开头命中停放/未开放标记：Domain for sale,,not_checked,https://explorersai.com/,ExplorersAi.com for sale | Spaceship.com,ExplorersAi.com is for sale on Spaceship. Secure checkout and quick transfer. See all purchase options. No hidden fees.,ExplorersAi.com,独立后缀与名称通道：传统后缀（.com）；通用词典完整分词；固定哈希次序第1346名，组实际配额1350。未要求命中行业词根；名称线索不是意义或机会确认。,未核实
oceanoazul-docs.com,2026-09-02,传统后缀,未取得可用页面,当前未取得可用HTTPS页面：network_error,,not_checked,https://oceanoazul-docs.com/,,,,独立后缀与名称通道：传统后缀（.com）；可读字符形态探索；固定哈希次序第1347名，组实际配额1350。未要求命中行业词根；名称线索不是意义或机会确认。,未核实
thesouthernplantlady.com,2026-09-05,传统后缀,未取得可用页面,当前未取得可用HTTPS页面：http_error,,not_checked,https://www.thesouthernplantlady.com/,,,,独立后缀与名称通道：传统后缀（.com）；通用词典完整分词；固定哈希次序第1348名，组实际配额1350。未要求命中行业词根；名称线索不是意义或机会确认。,未核实
reposolrecovery.com,2026-09-16,传统后缀,页面内容不足,未同时达到正文160字符且（description≥40字符或非通用H1≥8字符）,,not_checked,https://reposolrecovery.com/,,,,独立后缀与名称通道：传统后缀（.com）；可读字符形态探索；固定哈希次序第1349名，组实际配额1350。未要求命中行业词根；名称线索不是意义或机会确认。,未核实
umbertus.com,2026-09-13,传统后缀,页面内容不足,未同时达到正文160字符且（description≥40字符或非通用H1≥8字符）,,not_checked,https://umbertus.com/,,,,独立后缀与名称通道：传统后缀（.com）；可读字符形态探索；固定哈希次序第1350名，组实际配额1350。未要求命中行业词根；名称线索不是意义或机会确认。,未核实
smdr.app,2026-09-10,产品与技术后缀,跳转到其他域名,来源域名近期注册，但最终页面属于其他域名；目标站上线时间未知,2026-09-08T20:57:23.904000Z,verified_recent,https://samudr.ai/,Samudr — We Build and Run the Tech Inside Growing Businesses,"Custom software, ERPs, internal tools, and customer apps for mid-sized businesses. Built, hosted, and maintained by one senior team. AI-native. Mumbai, India.",You run the business. We run the tech.,独立后缀与名称通道：产品与技术后缀（.app）；短缩写探索；固定哈希次序第1名，组实际配额750。未要求命中行业词根；名称线索不是意义或机会确认。,未核实
servilink.tech,2026-08-28,产品与技术后缀,注册超过30天,RDAP registration 早于固定30天窗口,2026-08-26T22:10:39.057000Z,verified_old,https://servilink.tech/,Servilink Vale — Encontre profissionais para qualquer serviço,"Peça orçamentos grátis e contrate profissionais avaliados perto de você: reformas, aulas, assistência técnica, eventos e muito mais.",O profissional certo para o que você precisa,独立后缀与名称通道：产品与技术后缀（.tech）；可读字符形态探索；固定哈希次序第2名，组实际配额750。未要求命中行业词根；名称线索不是意义或机会确认。,未核实
yasra.tech,2026-08-28,产品与技术后缀,未取得可用页面,当前未取得可用HTTPS页面：network_error,,not_checked,https://yasra.tech/,,,,独立后缀与名称通道：产品与技术后缀（.tech）；短缩写探索；固定哈希次序第3名，组实际配额750。未要求命中行业词根；名称线索不是意义或机会确认。,未核实
bbcode.io,2026-09-03,产品与技术后缀,页面内容不足,未同时达到正文160字符且（description≥40字符或非通用H1≥8字符）,,not_checked,https://bbcode.io/,,,,独立后缀与名称通道：产品与技术后缀（.io）；可读字符形态探索；固定哈希次序第4名，组实际配额750。未要求命中行业词根；名称线索不是意义或机会确认。,未核实
apaitu.tech,2026-09-13,产品与技术后缀,页面内容不足,未同时达到正文160字符且（description≥40字符或非通用H1≥8字符）,,not_checked,https://apaitu.tech/,,,,独立后缀与名称通道：产品与技术后缀（.tech）；可读字符形态探索；固定哈希次序第5名，组实际配额750。未要求命中行业词根；名称线索不是意义或机会确认。,未核实
dragonslot99.app,2026-09-25,产品与技术后缀,未取得可用页面,当前未取得可用HTTPS页面：network_error,,not_checked,https://dragonslot99.app/,,,,独立后缀与名称通道：产品与技术后缀（.app）；少量数字名称探索；固定哈希次序第6名，组实际配额750。未要求命中行业词根；名称线索不是意义或机会确认。,未核实
olymi.app,2026-09-01,产品与技术后缀,页面内容不足,AI内容复核：正文只有导航、宣传短语与页脚，未取得功能介绍或应用主内容；描述虽给出大致方向，但现有首页内容不足。 原文：Produit Fonctionnalités Olymi+ Télécharger Ressources Blog Questions fréquentes;自动初判：RDAP registration 位于近30天窗口；当前HTTPS页面通过实质内容规则,2026-08-30T19:26:20.691000Z,verified_recent,https://olymi.app/,"Olymi — Feel closer, every day.","Olymi, c'est votre petit espace privé pour partager, vous découvrir et construire votre histoire au quotidien.",,独立后缀与名称通道：产品与技术后缀（.app）；短缩写探索；固定哈希次序第7名，组实际配额750。未要求命中行业词根；名称线索不是意义或机会确认。,未核实
navespeak.tech,2026-09-02,产品与技术后缀,页面内容不足,未同时达到正文160字符且（description≥40字符或非通用H1≥8字符）,,not_checked,https://navespeak.tech/,NaveSpeak,,,独立后缀与名称通道：产品与技术后缀（.tech）；通用词典完整分词；固定哈希次序第8名，组实际配额750。未要求命中行业词根；名称线索不是意义或机会确认。,未核实
setentha.tech,2026-09-24,产品与技术后缀,页面内容不足,未同时达到正文160字符且（description≥40字符或非通用H1≥8字符）,,not_checked,https://setentha.tech/,Parked Domain name on Hostinger DNS system,,,独立后缀与名称通道：产品与技术后缀（.tech）；可读字符形态探索；固定哈希次序第9名，组实际配额750。未要求命中行业词根；名称线索不是意义或机会确认。,未核实
famdget.app,2026-09-01,产品与技术后缀,未取得可用页面,AI内容复核：只取得家庭预算账号登录/注册壳，没有公开预算内容或应用展示。 原文：Entre para consultar o orçamento da sua família. Email Palavra-passe;自动初判：RDAP registration 位于近30天窗口；当前HTTPS页面通过实质内容规则,2026-08-30T09:18:46.272000Z,verified_recent,https://famdget.app/login?redirect=%2F,Entrar · Familia Budget,"Painel familiar para acompanhar receitas, despesas e movimentos num só lugar.",Bem-vindo de volta,独立后缀与名称通道：产品与技术后缀（.app）；可读字符形态探索；固定哈希次序第10名，组实际配额750。未要求命中行业词根；名称线索不是意义或机会确认。,未核实
隔离记录-34614d408048,2026-09-05,产品与技术后缀,近期注册且有内容,本轮暂跳过成人与博彩内容；此项不改变页面是否存在的事实判定。,2026-09-02T11:23:27.747000Z,verified_recent,,已移出本轮研究范围,,,名称与原文不在公开工作台展示；抽样位置保留于本地审计。,未核实
sodabase.io,2026-09-18,产品与技术后缀,注册时间未核实,页面有内容，但RDAP未取得有效且位于窗口内的registration事件,,unknown,https://sodabase.io/,Sodabase — Supabase Cron Job & Edge Function Monitoring,"Catch stale, empty, or wrong Supabase tables. Sodabase finds problems caused by cron jobs, edge functions, syncs, and agents and sends the fix to Slack.","Catch stale, empty, or wrong Supabase tables.",独立后缀与名称通道：产品与技术后缀（.io）；通用词典完整分词；固定哈希次序第12名，组实际配额750。未要求命中行业词根；名称线索不是意义或机会确认。,未核实
seedcase.io,2026-09-13,产品与技术后缀,注册时间未核实,页面有内容，但RDAP未取得有效且位于窗口内的registration事件,,unknown,https://seedcase.io/,Split Your Seed Phrase Backup Into Fragments | Seedcase.io,"Seedcase splits your seed phrase (recovery phrase) into offline fragments: a backup with no single point of failure. SLIP-39, non-custodial.",Protect your seed phrase today. Pass it on tomorrow.,独立后缀与名称通道：产品与技术后缀（.io）；通用词典完整分词；固定哈希次序第13名，组实际配额750。未要求命中行业词根；名称线索不是意义或机会确认。,未核实
codedog.tech,2026-08-31,产品与技术后缀,页面内容不足,未同时达到正文160字符且（description≥40字符或非通用H1≥8字符）,,not_checked,https://codedog.tech/,CodeDog 代码狗 - 让软件履约有据可循,CodeDog 代码狗 - 软件开发行业专属履约存证管家。需求工单、里程碑履约、智能验收、IM存证、电子协议、维保全链路溯源，让每一次合作都白纸黑字。,,独立后缀与名称通道：产品与技术后缀（.tech）；通用词典完整分词；固定哈希次序第14名，组实际配额750。未要求命中行业词根；名称线索不是意义或机会确认。,未核实
shellton.app,2026-08-28,产品与技术后缀,注册超过30天,RDAP registration 早于固定30天窗口,2026-08-26T18:20:39.810000Z,verified_old,https://shellton.app/,Shellton — A terminal for humans and their agents,The terminal for iPhone and iPad that keeps Claude Code and Codex reachable wherever you are.,Your agents. Your servers. Your pocket.,独立后缀与名称通道：产品与技术后缀（.app）；通用词典完整分词；固定哈希次序第15名，组实际配额750。未要求命中行业词根；名称线索不是意义或机会确认。,未核实
notepods.app,2026-09-25,产品与技术后缀,页面内容不足,未同时达到正文160字符且（description≥40字符或非通用H1≥8字符）,,not_checked,https://notepods.app/,,,,独立后缀与名称通道：产品与技术后缀（.app）；可读字符形态探索；固定哈希次序第16名，组实际配额750。未要求命中行业词根；名称线索不是意义或机会确认。,未核实
alohadom.dev,2026-09-13,产品与技术后缀,页面内容不足,未同时达到正文160字符且（description≥40字符或非通用H1≥8字符）,,not_checked,https://alohadom.dev/,Dom B. | SWE,Dom B. | SWE,,独立后缀与名称通道：产品与技术后缀（.dev）；可读字符形态探索；固定哈希次序第17名，组实际配额750。未要求命中行业词根；名称线索不是意义或机会确认。,未核实
nexusagent.app,2026-08-30,产品与技术后缀,近期注册且有内容,RDAP registration 位于近30天窗口；当前HTTPS页面通过实质内容规则,2026-08-27T20:17:28.108000Z,verified_recent,https://nexusagent.app/es/,,,Resuelva más;escale menos,独立后缀与名称通道：产品与技术后缀（.app）；通用词典完整分词；固定哈希次序第18名，组实际配额750。未要求命中行业词根；名称线索不是意义或机会确认。,未核实
simonetti.tech,2026-09-09,产品与技术后缀,未取得可用页面,当前未取得可用HTTPS页面：network_error,,not_checked,https://simonetti.tech/,,,,独立后缀与名称通道：产品与技术后缀（.tech）；可读字符形态探索；固定哈希次序第19名，组实际配额750。未要求命中行业词根；名称线索不是意义或机会确认。,未核实
nebulize.app,2026-09-02,产品与技术后缀,页面内容不足,未同时达到正文160字符且（description≥40字符或非通用H1≥8字符）,,not_checked,https://nebulize.app/,Nebulize,,,独立后缀与名称通道：产品与技术后缀（.app）；通用词典完整分词；固定哈希次序第20名，组实际配额750。未要求命中行业词根；名称线索不是意义或机会确认。,未核实
hybrismc.dev,2026-09-21,产品与技术后缀,跳转到其他域名,来源域名近期注册，但最终页面属于其他域名；目标站上线时间未知,2026-09-18T13:08:42.061000Z,verified_recent,https://cheatbreaker.net/,CheatBreaker,The free FPS boosting modpack for competitive versions of Minecraft,The modpack for competitive versions of Minecraft,独立后缀与名称通道：产品与技术后缀（.dev）；可读字符形态探索；固定哈希次序第21名，组实际配额750。未要求命中行业词根；名称线索不是意义或机会确认。,未核实
eigenket.tech,2026-09-18,产品与技术后缀,页面内容不足,未同时达到正文160字符且（description≥40字符或非通用H1≥8字符）,,not_checked,https://eigenkettech-com.l.ink/,A Brand New Domain!,Brought to you by Porkbun.,A Brand New Domain!,独立后缀与名称通道：产品与技术后缀（.tech）；可读字符形态探索；固定哈希次序第22名，组实际配额750。未要求命中行业词根；名称线索不是意义或机会确认。,未核实
faceintelusa.ai,2026-09-13,产品与技术后缀,近期注册且有内容,RDAP registration 位于近30天窗口；当前HTTPS页面通过实质内容规则,2026-09-04T18:06:43.596000Z,verified_recent,https://faceintelusa.ai/,faceintelusa.ai,"FaceIntel USA specializes in AI facial recognition solutions, offering innovative face intelligence and advanced facial recognition technology.",Smart Identity Solutions;Smart Identity Solutions,独立后缀与名称通道：产品与技术后缀（.ai）；可读字符形态探索；固定哈希次序第23名，组实际配额750。未要求命中行业词根；名称线索不是意义或机会确认。,未核实
mycaly.app,2026-09-15,产品与技术后缀,近期注册且有内容,RDAP registration 位于近30天窗口；当前HTTPS页面通过实质内容规则,2026-09-13T12:03:46.154000Z,verified_recent,https://mycaly.app/,Caly — Snap a photo. Get the calories.,"Caly reads your plate, counts the calories and macros, and keeps your whole day on track. No weighing, no typing.",Snap a photo. Get the calories.,独立后缀与名称通道：产品与技术后缀（.app）；可读字符形态探索；固定哈希次序第24名，组实际配额750。未要求命中行业词根；名称线索不是意义或机会确认。,未核实
croises.app,2026-09-17,产品与技术后缀,未取得可用页面,AI内容复核：正文只有连接缓慢提示、安装到主屏幕和支付对话框；未取得该交友应用的主界面内容。 原文：connexion lente;自动初判：RDAP registration 位于近30天窗口；当前HTTPS页面通过实质内容规则,2026-09-14T13:38:31.921000Z,verified_recent,https://croises.app/,Croisé(e)s,"Croisé(e)s — des sorties près de chez toi, et des rencontres avec les gens que tu as croisés en vrai.",,独立后缀与名称通道：产品与技术后缀（.app）；可读字符形态探索；固定哈希次序第25名，组实际配额750。未要求命中行业词根；名称线索不是意义或机会确认。,未核实
volundrresearch.ai,2026-09-13,产品与技术后缀,页面内容不足,未同时达到正文160字符且（description≥40字符或非通用H1≥8字符）,,not_checked,https://volundrresearch.ai/,,,,独立后缀与名称通道：产品与技术后缀（.ai）；可读字符形态探索；固定哈希次序第26名，组实际配额750。未要求命中行业词根；名称线索不是意义或机会确认。,未核实
arcadiateam.app,2026-09-03,产品与技术后缀,页面内容不足,未同时达到正文160字符且（description≥40字符或非通用H1≥8字符）,,not_checked,https://arcadiaonboarding.com/,Onboarding Arcadia — Empezá acá,"Dejanos tu nombre, email y teléfono para empezar tu onboarding con Arcadia y acceder a tu espacio de cliente.",Buscando tu ficha...,独立后缀与名称通道：产品与技术后缀（.app）；通用词典完整分词；固定哈希次序第27名，组实际配额750。未要求命中行业词根；名称线索不是意义或机会确认。,未核实
vinito.app,2026-09-24,产品与技术后缀,停放或未正式开放,AI内容复核：明确标记iPhone应用即将发布并收集上线提醒邮箱，尚不能认定软件已经开放。 原文：Sale pronto en iPhone;自动初判：RDAP registration 位于近30天窗口；当前HTTPS页面通过实质内容规则,2026-09-22T07:44:31.419000Z,verified_recent,https://vinito.app/,Vinito · tu bodega en el móvil,"Escanea la botella. Aparece en tu estantería. Vinito, la app para tu bodega. Sale pronto en iPhone.",Escanea la botella. Aparece en tu estantería.,独立后缀与名称通道：产品与技术后缀（.app）；可读字符形态探索；固定哈希次序第28名，组实际配额750。未要求命中行业词根；名称线索不是意义或机会确认。,未核实
vortiva.app,2026-09-07,产品与技术后缀,未取得可用页面,当前未取得可用HTTPS页面：network_error,,not_checked,https://vortiva.app/,,,,独立后缀与名称通道：产品与技术后缀（.app）；可读字符形态探索；固定哈希次序第29名，组实际配额750。未要求命中行业词根；名称线索不是意义或机会确认。,未核实
隔离记录-c84bd737c919,2026-08-29,产品与技术后缀,近期注册且有内容,本轮暂跳过成人与博彩内容；此项不改变页面是否存在的事实判定。,2026-08-27T08:40:10.945000Z,verified_recent,,已移出本轮研究范围,,,名称与原文不在公开工作台展示；抽样位置保留于本地审计。,未核实
gokgek.io,2026-09-13,产品与技术后缀,未取得可用页面,当前未取得可用HTTPS页面：network_error,,not_checked,https://gokgek.io/,,,,独立后缀与名称通道：产品与技术后缀（.io）；可读字符形态探索；固定哈希次序第31名，组实际配额750。未要求命中行业词根；名称线索不是意义或机会确认。,未核实
keryxmail.app,2026-09-01,产品与技术后缀,未取得可用页面,当前未取得可用HTTPS页面：too_large,,not_checked,https://keryxmail.app/,,,,独立后缀与名称通道：产品与技术后缀（.app）；通用词典完整分词；固定哈希次序第32名，组实际配额750。未要求命中行业词根；名称线索不是意义或机会确认。,未核实
monast.app,2026-09-24,产品与技术后缀,页面内容不足,未同时达到正文160字符且（description≥40字符或非通用H1≥8字符）,,not_checked,https://monast.app/,Monast — Read like someone will ask you about it,"Monast tests you after every chapter and tracks what you actually learned, across every book, article and transcript. One score per topic, kept and decaying — weakest first, every time you sit down.",,独立后缀与名称通道：产品与技术后缀（.app）；通用词典完整分词；固定哈希次序第33名，组实际配额750。未要求命中行业词根；名称线索不是意义或机会确认。,未核实
corgibot.tech,2026-08-31,产品与技术后缀,页面内容不足,未同时达到正文160字符且（description≥40字符或非通用H1≥8字符）,,not_checked,https://corgibot.tech/,CORGI BOT,coming soon,,独立后缀与名称通道：产品与技术后缀（.tech）；通用词典完整分词；固定哈希次序第34名，组实际配额750。未要求命中行业词根；名称线索不是意义或机会确认。,未核实
getzuji.app,2026-09-15,产品与技术后缀,未取得可用页面,当前未取得可用HTTPS页面：network_error,,not_checked,https://getzuji.app/,,,,独立后缀与名称通道：产品与技术后缀（.app）；可读字符形态探索；固定哈希次序第35名，组实际配额750。未要求命中行业词根；名称线索不是意义或机会确认。,未核实
josh-clinton.dev,2026-09-03,产品与技术后缀,近期注册且有内容,RDAP registration 位于近30天窗口；当前HTTPS页面通过实质内容规则,2026-09-01T21:20:13.363000Z,verified_recent,https://josh-clinton.dev/,Josh Clinton — I build AI that does real work,Josh Clinton — CS student at Penn State building computer vision and applied machine learning that ships into the real world.,I build AI that does real work.,独立后缀与名称通道：产品与技术后缀（.dev）；通用词典完整分词；固定哈希次序第36名，组实际配额750。未要求命中行业词根；名称线索不是意义或机会确认。,未核实
foulballfreaks.app,2026-08-29,产品与技术后缀,未取得可用页面,当前未取得可用HTTPS页面：network_error,,not_checked,https://foulballfreaks.app/,,,,独立后缀与名称通道：产品与技术后缀（.app）；可读字符形态探索；固定哈希次序第37名，组实际配额750。未要求命中行业词根；名称线索不是意义或机会确认。,未核实
igqyutz.tech,2026-08-28,产品与技术后缀,未取得可用页面,当前未取得可用HTTPS页面：network_error,,not_checked,https://igqyutz.tech/,,,,独立后缀与名称通道：产品与技术后缀（.tech）；可读字符形态探索；固定哈希次序第38名，组实际配额750。未要求命中行业词根；名称线索不是意义或机会确认。,未核实
rosso-digital.dev,2026-09-03,产品与技术后缀,未取得可用页面,当前未取得可用HTTPS页面：network_error,,not_checked,https://rosso-digital.dev/,,,,独立后缀与名称通道：产品与技术后缀（.dev）；可读字符形态探索；固定哈希次序第39名，组实际配额750。未要求命中行业词根；名称线索不是意义或机会确认。,未核实
mudafacil.ai,2026-09-09,产品与技术后缀,停放或未正式开放,AI内容复核：葡萄牙语H1表示即将发布，正文是通用联系/Cookie模板。 原文：Lançamento em breve;自动初判：RDAP registration 位于近30天窗口；当前HTTPS页面通过实质内容规则,2026-09-06T13:52:52.522000Z,verified_recent,https://mudafacil.ai/,mudafacil.ai,,‌‌Lançamento em breve;‌‌Lançamento em breve,独立后缀与名称通道：产品与技术后缀（.ai）；可读字符形态探索；固定哈希次序第40名，组实际配额750。未要求命中行业词根；名称线索不是意义或机会确认。,未核实
shiftwiz.dev,2026-09-15,产品与技术后缀,未取得可用页面,AI内容复核：取得的是医院排班缺勤管理系统的登录/注册页，没有实际排班工作区内容。 原文：Matrícula Senha Entrar no Sistema Criar Conta;自动初判：RDAP registration 位于近30天窗口；当前HTTPS页面通过实质内容规则,2026-09-12T22:03:23.169000Z,verified_recent,https://shiftwiz.dev/,Sistema de Ausências 24x72 | ShiftWiz,"Gerencie férias, folgas, abonos e licenças de equipes hospitalares em escala 24x72 com limites e aprovação administrativa.",Sistema de Ausências 24x72,独立后缀与名称通道：产品与技术后缀（.dev）；通用词典完整分词；固定哈希次序第41名，组实际配额750。未要求命中行业词根；名称线索不是意义或机会确认。,未核实
heyaura.tech,2026-09-16,产品与技术后缀,注册超过30天,RDAP registration 早于固定30天窗口,2026-02-27T08:55:57Z,verified_old,https://heyaura.tech/,Parking Landing,,heyaura.tech,独立后缀与名称通道：产品与技术后缀（.tech）；通用词典完整分词；固定哈希次序第42名，组实际配额750。未要求命中行业词根；名称线索不是意义或机会确认。,未核实
lianneng.io,2026-09-14,产品与技术后缀,未取得可用页面,当前未取得可用HTTPS页面：network_error,,not_checked,https://lianneng.io/,,,,独立后缀与名称通道：产品与技术后缀（.io）；可读字符形态探索；固定哈希次序第43名，组实际配额750。未要求命中行业词根；名称线索不是意义或机会确认。,未核实
immofresh.app,2026-09-20,产品与技术后缀,页面内容不足,未同时达到正文160字符且（description≥40字符或非通用H1≥8字符）,,not_checked,https://immofresh.app/,Immofresh — Gebäudedienstleistungen,Immofresh — Digitales Betriebssystem für Gebäudedienstleistungen. Von der Anfrage über Einsatzplanung bis zur lückenlosen Vorher-Nachher-Dokumentation.,,独立后缀与名称通道：产品与技术后缀（.app）；可读字符形态探索；固定哈希次序第44名，组实际配额750。未要求命中行业词根；名称线索不是意义或机会确认。,未核实
lightdesk.app,2026-09-18,产品与技术后缀,页面内容不足,未同时达到正文160字符且（description≥40字符或非通用H1≥8字符）,,not_checked,https://lightdesk.app/,Butler Lighting,,,独立后缀与名称通道：产品与技术后缀（.app）；通用词典完整分词；固定哈希次序第45名，组实际配额750。未要求命中行业词根；名称线索不是意义或机会确认。,未核实
codeshogun.ai,2026-09-21,产品与技术后缀,页面内容不足,未同时达到正文160字符且（description≥40字符或非通用H1≥8字符）,,not_checked,https://codeshogun.ai/,codeshogun.ai,,即將推出;即將推出,独立后缀与名称通道：产品与技术后缀（.ai）；通用词典完整分词；固定哈希次序第46名，组实际配额750。未要求命中行业词根；名称线索不是意义或机会确认。,未核实
thirdslip.app,2026-09-12,产品与技术后缀,近期注册且有内容,RDAP registration 位于近30天窗口；当前HTTPS页面通过实质内容规则,2026-09-10T10:20:56.127000Z,verified_recent,https://thirdslip.app/,Third Slip - Live Cricket Scores on Your iPhone Lock Screen,"Third Slip puts live cricket on your iPhone Lock Screen, ball by ball. Tests, ODIs and T20s worldwide - the Ashes, the IPL, the BBL - with full scorecards, commentary, tables and cricket news. No betting odds, no gambling ads.",Live cricket scores on your Lock Screen,独立后缀与名称通道：产品与技术后缀（.app）；通用词典完整分词；固定哈希次序第47名，组实际配额750。未要求命中行业词根；名称线索不是意义或机会确认。,未核实
tiresa.app,2026-09-20,产品与技术后缀,未取得可用页面,当前未取得可用HTTPS页面：network_error,,not_checked,https://tiresa.app/,,,,独立后缀与名称通道：产品与技术后缀（.app）；可读字符形态探索；固定哈希次序第48名，组实际配额750。未要求命中行业词根；名称线索不是意义或机会确认。,未核实
kinix.ai,2026-09-01,产品与技术后缀,停放或未正式开放,AI内容复核：网站明确为发布前阶段、不能注册，并说明产品画面均为示意图；私人构建中的模型不等于公开上线。 原文：Pre-launch KINIX is not open for sign-up.;自动初判：RDAP registration 位于近30天窗口；当前HTTPS页面通过实质内容规则,2026-08-28T11:45:10.864000Z,verified_recent,https://kinix.ai/,KINIX — The Creator Operating System,"The creator operating system for AI creation, cinematic production, faceless channels, portfolio, hiring and creator earnings.","Everything a creative career needs, in one system.",独立后缀与名称通道：产品与技术后缀（.ai）；短缩写探索；固定哈希次序第49名，组实际配额750。未要求命中行业词根；名称线索不是意义或机会确认。,未核实
dayssince.dev,2026-09-12,产品与技术后缀,页面内容不足,未同时达到正文160字符且（description≥40字符或非通用H1≥8字符）,,not_checked,https://www.dayssince.dev/,Days Since,A little workplace accountability for our artificial colleagues. Days since the last incident.,Days since the last incident,独立后缀与名称通道：产品与技术后缀（.dev）；通用词典完整分词；固定哈希次序第50名，组实际配额750。未要求命中行业词根；名称线索不是意义或机会确认。,未核实
隔离记录-5f69fe8ee0ae,2026-09-19,产品与技术后缀,注册时间未核实,公开展示暂隔离，原始技术判定保留。,,unknown,,已移出本轮研究范围,,,名称与原文不在公开工作台展示；抽样位置保留于本地审计。,未核实
hgglobal.tech,2026-09-04,产品与技术后缀,页面内容不足,未同时达到正文160字符且（description≥40字符或非通用H1≥8字符）,,not_checked,https://leapfrogx.xyz/,LeapfrogX Innovation Labs & Venture Builders,LeapfrogX Innovation Labs & Venture Builders,,独立后缀与名称通道：产品与技术后缀（.tech）；可读字符形态探索；固定哈希次序第52名，组实际配额750。未要求命中行业词根；名称线索不是意义或机会确认。,未核实
parksai.dev,2026-09-12,产品与技术后缀,页面内容不足,未同时达到正文160字符且（description≥40字符或非通用H1≥8字符）,,not_checked,https://parksai.dev/,Parks AI,Parks AI — UGC ad agency workflow platform,,独立后缀与名称通道：产品与技术后缀（.dev）；通用词典完整分词；固定哈希次序第53名，组实际配额750。未要求命中行业词根；名称线索不是意义或机会确认。,未核实
giveexit.tech,2026-09-17,产品与技术后缀,近期注册且有内容,RDAP registration 位于近30天窗口；当前HTTPS页面通过实质内容规则,2026-09-16T00:09:34.613000Z,verified_recent,https://giveexit.tech/,Exit · Notificações extrajudiciais com IA,"Organize notificações extrajudiciais, anexe provas e acompanhe o andamento com auxílio de IA. Gestão jurídica inteligente para o consumidor.",Gestão jurídica inteligente para quem precisa se fazer ouvir.,独立后缀与名称通道：产品与技术后缀（.tech）；通用词典完整分词；固定哈希次序第54名，组实际配额750。未要求命中行业词根；名称线索不是意义或机会确认。,未核实
trackpaid.app,2026-09-04,产品与技术后缀,未取得可用页面,当前未取得可用HTTPS页面：network_error,,not_checked,https://trackpaid.app/,,,,独立后缀与名称通道：产品与技术后缀（.app）；可读字符形态探索；固定哈希次序第55名，组实际配额750。未要求命中行业词根；名称线索不是意义或机会确认。,未核实
ibaze.app,2026-09-18,产品与技术后缀,页面内容不足,未同时达到正文160字符且（description≥40字符或非通用H1≥8字符）,,not_checked,https://ibaze.app/,iBaze — Gestão e Delivery,"iBaze — gestão, vendas e delivery em um só lugar",,独立后缀与名称通道：产品与技术后缀（.app）；短缩写探索；固定哈希次序第56名，组实际配额750。未要求命中行业词根；名称线索不是意义或机会确认。,未核实
lingualive.tech,2026-09-24,产品与技术后缀,未取得可用页面,当前未取得可用HTTPS页面：network_error,,not_checked,https://lingualive.tech/,,,,独立后缀与名称通道：产品与技术后缀（.tech）；通用词典完整分词；固定哈希次序第57名，组实际配额750。未要求命中行业词根；名称线索不是意义或机会确认。,未核实
projectchronos.tech,2026-08-31,产品与技术后缀,页面内容不足,未同时达到正文160字符且（description≥40字符或非通用H1≥8字符）,,not_checked,https://projectchronos.tech/,,,,独立后缀与名称通道：产品与技术后缀（.tech）；通用词典完整分词；固定哈希次序第58名，组实际配额750。未要求命中行业词根；名称线索不是意义或机会确认。,未核实
payyouuse.ai,2026-09-14,产品与技术后缀,未取得可用页面,当前未取得可用HTTPS页面：network_error,,not_checked,https://payyouuse.ai/,,,,独立后缀与名称通道：产品与技术后缀（.ai）；通用词典完整分词；固定哈希次序第59名，组实际配额750。未要求命中行业词根；名称线索不是意义或机会确认。,未核实
subnetcalculator.io,2026-09-19,产品与技术后缀,未取得可用页面,当前未取得可用HTTPS页面：network_error,,not_checked,https://subnetcalculator.io/,,,,独立后缀与名称通道：产品与技术后缀（.io）；通用词典完整分词；固定哈希次序第60名，组实际配额750。未要求命中行业词根；名称线索不是意义或机会确认。,未核实
marketengineering.ai,2026-09-21,产品与技术后缀,页面内容不足,未同时达到正文160字符且（description≥40字符或非通用H1≥8字符）,,not_checked,https://marketengineering.ai/,Parked Domain name on Hostinger DNS system,,,独立后缀与名称通道：产品与技术后缀（.ai）；通用词典完整分词；固定哈希次序第61名，组实际配额750。未要求命中行业词根；名称线索不是意义或机会确认。,未核实
nexocarteira.tech,2026-08-28,产品与技术后缀,页面内容不足,未同时达到正文160字符且（description≥40字符或非通用H1≥8字符）,,not_checked,https://nexocarteira.tech/,Parked Domain name on Hostinger DNS system,,,独立后缀与名称通道：产品与技术后缀（.tech）；可读字符形态探索；固定哈希次序第62名，组实际配额750。未要求命中行业词根；名称线索不是意义或机会确认。,未核实
letitrun.app,2026-08-29,产品与技术后缀,未取得可用页面,当前未取得可用HTTPS页面：network_error,,not_checked,https://letitrun.app/,,,,独立后缀与名称通道：产品与技术后缀（.app）；可读字符形态探索；固定哈希次序第63名，组实际配额750。未要求命中行业词根；名称线索不是意义或机会确认。,未核实
deepct.ai,2026-09-04,产品与技术后缀,未取得可用页面,当前未取得可用HTTPS页面：network_error,,not_checked,https://deepct.ai/,,,,独立后缀与名称通道：产品与技术后缀（.ai）；可读字符形态探索；固定哈希次序第64名，组实际配额750。未要求命中行业词根；名称线索不是意义或机会确认。,未核实
wedin.io,2026-09-16,产品与技术后缀,注册时间未核实,页面有内容，但RDAP未取得有效且位于窗口内的registration事件,,unknown,https://wedin.io/,wedin,"Bring your emails, vendors, documents and plans together in one place.","Your wedding, simplified.",独立后缀与名称通道：产品与技术后缀（.io）；短缩写探索；固定哈希次序第65名，组实际配额750。未要求命中行业词根；名称线索不是意义或机会确认。,未核实
randsomme.dev,2026-08-29,产品与技术后缀,未取得可用页面,当前未取得可用HTTPS页面：network_error,,not_checked,https://randsomme.dev/,,,,独立后缀与名称通道：产品与技术后缀（.dev）；可读字符形态探索；固定哈希次序第66名，组实际配额750。未要求命中行业词根；名称线索不是意义或机会确认。,未核实
alroca.dev,2026-09-22,产品与技术后缀,近期注册且有内容,RDAP registration 位于近30天窗口；当前HTTPS页面通过实质内容规则,2026-09-19T11:25:42.765000Z,verified_recent,https://www.alroca.dev/,RecoveryAI — Gelir kurtarma operasyonu,"Başarısız tahsilatları iyzico ve PayTR üzerinden izleyin, doğru aksiyonu seçin ve geri kazanılan geliri denetlenebilir şekilde yönetin.","Her başarısız ödeme, akıllı bir akışa dönüşür.",独立后缀与名称通道：产品与技术后缀（.dev）；可读字符形态探索；固定哈希次序第67名，组实际配额750。未要求命中行业词根；名称线索不是意义或机会确认。,未核实
beesignal.app,2026-09-20,产品与技术后缀,停放或未正式开放,"AI内容复核：描述明确仍处开发阶段、2027年计划现场试点；正文仪表盘也标为应用开发中的示例屏幕。 原文：Geliştirme aşamasında, 2027 saha pilotu.;自动初判：RDAP registration 位于近30天窗口；当前HTTPS页面通过实质内容规则",2026-09-17T04:24:58.642000Z,verified_recent,https://www.beesignal.app/,BeeSignal — Kovanı açmadan koloni durumu,"Ticari arıcılık işletmeleri için arılık ölçeğinde erken uyarı sistemi. Kraliçesizlik, oğul öncesi risk ve koloni zayıflamasını kovan açılmadan haber verir. Geliştirme aşamasında, 2027 saha pilotu.",Kovanı açmadan koloni durumu,独立后缀与名称通道：产品与技术后缀（.app）；通用词典完整分词；固定哈希次序第68名，组实际配额750。未要求命中行业词根；名称线索不是意义或机会确认。,未核实
deftnib.app,2026-09-01,产品与技术后缀,未取得可用页面,当前未取得可用HTTPS页面：network_error,,not_checked,https://deftnib.app/,,,,独立后缀与名称通道：产品与技术后缀（.app）；通用词典完整分词；固定哈希次序第69名，组实际配额750。未要求命中行业词根；名称线索不是意义或机会确认。,未核实
bistogel.app,2026-09-07,产品与技术后缀,未取得可用页面,当前未取得可用HTTPS页面：too_large,,not_checked,https://bistogel.app/,,,,独立后缀与名称通道：产品与技术后缀（.app）；可读字符形态探索；固定哈希次序第70名，组实际配额750。未要求命中行业词根；名称线索不是意义或机会确认。,未核实
隔离记录-f7702ae6f20e,2026-09-15,产品与技术后缀,页面内容不足,本轮暂跳过成人与博彩内容；此项不改变页面是否存在的事实判定。,2026-09-12T08:56:52.912000Z,verified_recent,,已移出本轮研究范围,,,名称与原文不在公开工作台展示；抽样位置保留于本地审计。,未核实
intana.tech,2026-09-20,产品与技术后缀,未取得可用页面,当前未取得可用HTTPS页面：http_error,,not_checked,https://intana.tech/,,,,独立后缀与名称通道：产品与技术后缀（.tech）；可读字符形态探索；固定哈希次序第72名，组实际配额750。未要求命中行业词根；名称线索不是意义或机会确认。,未核实
meridiancash.io,2026-09-14,产品与技术后缀,注册时间未核实,页面有内容，但RDAP未取得有效且位于窗口内的registration事件,,unknown,https://meridiancash.io/,"Meridian — Everything you own, everything you owe, everything you spend.","Meridian puts everything you own, everything you owe and everything you spend in one ledger, with the tools to explore what any of it means.","Everything you own, everything you owe, everything you spend.",独立后缀与名称通道：产品与技术后缀（.io）；通用词典完整分词；固定哈希次序第73名，组实际配额750。未要求命中行业词根；名称线索不是意义或机会确认。,未核实
objectiveingenuity.dev,2026-09-06,产品与技术后缀,停放或未正式开放,AI内容复核：Namecheap托管初始化默认页，内容是账号/DNS配置成功和支持链接。 原文：Namecheap Parking Page;自动初判：RDAP registration 位于近30天窗口；当前HTTPS页面通过实质内容规则,2026-08-31T18:33:54.067000Z,verified_recent,https://objectiveingenuity.dev/,Namecheap Parking Page,,Your website is ready to go!,独立后缀与名称通道：产品与技术后缀（.dev）；通用词典完整分词；固定哈希次序第74名，组实际配额750。未要求命中行业词根；名称线索不是意义或机会确认。,未核实
studenthub.tech,2026-09-04,产品与技术后缀,页面内容不足,未同时达到正文160字符且（description≥40字符或非通用H1≥8字符）,,not_checked,https://studenthub.tech/,SmartHub,"SmartHub — plataforma académica de partilha de materiais de estudo, chat entre estudantes e resumos automáticos por IA.",,独立后缀与名称通道：产品与技术后缀（.tech）；通用词典完整分词；固定哈希次序第75名，组实际配额750。未要求命中行业词根；名称线索不是意义或机会确认。,未核实
pharmasupply.app,2026-09-15,产品与技术后缀,页面内容不足,未同时达到正文160字符且（description≥40字符或非通用H1≥8字符）,,not_checked,https://pharmasupply.app/,Pharma Supply — Pharmacy Ordering,"Pharma Supply — order, track, and deliver pharmaceutical orders between suppliers and pharmacies. Real-time order lifecycle, delivery, and cash-flow tracking.",,独立后缀与名称通道：产品与技术后缀（.app）；可读字符形态探索；固定哈希次序第76名，组实际配额750。未要求命中行业词根；名称线索不是意义或机会确认。,未核实
help-portal.tech,2026-09-01,产品与技术后缀,未取得可用页面,当前未取得可用HTTPS页面：network_error,,not_checked,https://help-portal.tech/,,,,独立后缀与名称通道：产品与技术后缀（.tech）；通用词典完整分词；固定哈希次序第77名，组实际配额750。未要求命中行业词根；名称线索不是意义或机会确认。,未核实
silink.io,2026-09-25,产品与技术后缀,页面内容不足,未同时达到正文160字符且（description≥40字符或非通用H1≥8字符）,,not_checked,https://silink.io/,,,,独立后缀与名称通道：产品与技术后缀（.io）；通用词典完整分词；固定哈希次序第78名，组实际配额750。未要求命中行业词根；名称线索不是意义或机会确认。,未核实
apo11o.io,2026-09-12,产品与技术后缀,页面内容不足,未同时达到正文160字符且（description≥40字符或非通用H1≥8字符）,,not_checked,https://apo11o.io/,Parked Domain name on Hostinger DNS system,,,独立后缀与名称通道：产品与技术后缀（.io）；少量数字名称探索；固定哈希次序第79名，组实际配额750。未要求命中行业词根；名称线索不是意义或机会确认。,未核实
nwesoft.tech,2026-09-08,产品与技术后缀,页面内容不足,未同时达到正文160字符且（description≥40字符或非通用H1≥8字符）,,not_checked,https://nwesoft.tech/Account/Login?ReturnUrl=%2F,چوونەژوورەوە - Nwesoft ERP,,,独立后缀与名称通道：产品与技术后缀（.tech）；可读字符形态探索；固定哈希次序第80名，组实际配额750。未要求命中行业词根；名称线索不是意义或机会确认。,未核实
cimanow.app,2026-09-10,产品与技术后缀,未取得可用页面,当前未取得可用HTTPS页面：http_error,,not_checked,https://cimanow.app/,,,,独立后缀与名称通道：产品与技术后缀（.app）；可读字符形态探索；固定哈希次序第81名，组实际配额750。未要求命中行业词根；名称线索不是意义或机会确认。,未核实
raja28.app,2026-09-20,产品与技术后缀,近期注册且有内容,RDAP registration 位于近30天窗口；当前HTTPS页面通过实质内容规则,2026-09-17T19:32:28.805000Z,verified_recent,https://raja28.app/,RAJA28 — Eksplorasi GAMES RPG Modern dengan Dunia Virtual yang Kreatif Clear Search Search Filter Options,,RAJA28 — Eksplorasi GAMES RPG Modern dengan Dunia Virtual yang Kreatif,独立后缀与名称通道：产品与技术后缀（.app）；少量数字名称探索；固定哈希次序第82名，组实际配额750。未要求命中行业词根；名称线索不是意义或机会确认。,未核实
banget.dev,2026-09-10,产品与技术后缀,未取得可用页面,当前未取得可用HTTPS页面：network_error,,not_checked,https://banget.dev/,,,,独立后缀与名称通道：产品与技术后缀（.dev）；通用词典完整分词；固定哈希次序第83名，组实际配额750。未要求命中行业词根；名称线索不是意义或机会确认。,未核实
arztalep.app,2026-09-08,产品与技术后缀,页面内容不足,未同时达到正文160字符且（description≥40字符或非通用H1≥8字符）,,not_checked,https://arztalep.app/,"ArzTalep — Ne arıyorsan talep et, satıcılar sana gelsin","ArzTalep, aradığın ürünü talep olarak paylaştığın bir pazar yeri. Sen ne istediğini yaz, işletmeler sana teklif getirsin. Ürün aramakla uğraşma, arz ayağına gelsin.",,独立后缀与名称通道：产品与技术后缀（.app）；可读字符形态探索；固定哈希次序第84名，组实际配额750。未要求命中行业词根；名称线索不是意义或机会确认。,未核实
egyesports.app,2026-08-29,产品与技术后缀,页面内容不足,未同时达到正文160字符且（description≥40字符或非通用H1≥8字符）,,not_checked,https://egyesports.app/,EGY Esports,The Home Of Champions — Competitive & Content Organization,,独立后缀与名称通道：产品与技术后缀（.app）；可读字符形态探索；固定哈希次序第85名，组实际配额750。未要求命中行业词根；名称线索不是意义或机会确认。,未核实
nasrrizk.dev,2026-09-15,产品与技术后缀,近期注册且有内容,RDAP registration 位于近30天窗口；当前HTTPS页面通过实质内容规则,2026-09-12T20:12:07.664000Z,verified_recent,https://nasrrizk.dev/,Nasr Rizkallah — Portfolio,"Nasr Rizkallah — Co-Founder, developer, and IT services operator in Dearborn, MI.",Nasr Rizkallah,独立后缀与名称通道：产品与技术后缀（.dev）；可读字符形态探索；固定哈希次序第86名，组实际配额750。未要求命中行业词根；名称线索不是意义或机会确认。,未核实
fitsilo.app,2026-08-27,产品与技术后缀,页面内容不足,未同时达到正文160字符且（description≥40字符或非通用H1≥8字符）,,not_checked,https://fitsilo.app/,FitSilo,,,独立后缀与名称通道：产品与技术后缀（.app）；通用词典完整分词；固定哈希次序第87名，组实际配额750。未要求命中行业词根；名称线索不是意义或机会确认。,未核实
quantumbcba.ai,2026-09-01,产品与技术后缀,页面内容不足,未同时达到正文160字符且（description≥40字符或非通用H1≥8字符）,,not_checked,https://quantumbcba.ai/,,,,独立后缀与名称通道：产品与技术后缀（.ai）；可读字符形态探索；固定哈希次序第88名，组实际配额750。未要求命中行业词根；名称线索不是意义或机会确认。,未核实
lyge.io,2026-09-12,产品与技术后缀,未取得可用页面,当前未取得可用HTTPS页面：network_error,,not_checked,https://lyge.io/,,,,独立后缀与名称通道：产品与技术后缀（.io）；短缩写探索；固定哈希次序第89名，组实际配额750。未要求命中行业词根；名称线索不是意义或机会确认。,未核实
itecnium.tech,2026-09-04,产品与技术后缀,未取得可用页面,当前未取得可用HTTPS页面：network_error,,not_checked,https://itecnium.tech/,,,,独立后缀与名称通道：产品与技术后缀（.tech）；可读字符形态探索；固定哈希次序第90名，组实际配额750。未要求命中行业词根；名称线索不是意义或机会确认。,未核实
easyobd.app,2026-09-08,产品与技术后缀,未取得可用页面,当前未取得可用HTTPS页面：network_error,,not_checked,https://easyobd.app/,,,,独立后缀与名称通道：产品与技术后缀（.app）；可读字符形态探索；固定哈希次序第91名，组实际配额750。未要求命中行业词根；名称线索不是意义或机会确认。,未核实
iranpolytech.tech,2026-09-08,产品与技术后缀,页面内容不足,未同时达到正文160字符且（description≥40字符或非通用H1≥8字符）,,not_checked,https://iranpolytech.tech/,ParsPack cloud Hosting Services,,,独立后缀与名称通道：产品与技术后缀（.tech）；通用词典完整分词；固定哈希次序第92名，组实际配额750。未要求命中行业词根；名称线索不是意义或机会确认。,未核实
jobspro.io,2026-09-25,产品与技术后缀,未取得可用页面,当前未取得可用HTTPS页面：http_error,,not_checked,https://jobspro.io/,,,,独立后缀与名称通道：产品与技术后缀（.io）；可读字符形态探索；固定哈希次序第93名，组实际配额750。未要求命中行业词根；名称线索不是意义或机会确认。,未核实
projectcornerstone.app,2026-09-03,产品与技术后缀,近期注册且有内容,RDAP registration 位于近30天窗口；当前HTTPS页面通过实质内容规则,2026-09-01T02:30:58.529000Z,verified_recent,https://projectcornerstone.app/,Project Cornerstone Demand swings against payroll held at a lower step,"Project Cornerstone is building a private, permissioned AI production layer for architecture, engineering, and construction.","AI production intelligence for architecture, engineering, and construction",独立后缀与名称通道：产品与技术后缀（.app）；通用词典完整分词；固定哈希次序第94名，组实际配额750。未要求命中行业词根；名称线索不是意义或机会确认。,未核实
optirise.ai,2026-09-14,产品与技术后缀,未取得可用页面,当前未取得可用HTTPS页面：network_error,,not_checked,https://optirise.ai/,,,,独立后缀与名称通道：产品与技术后缀（.ai）；可读字符形态探索；固定哈希次序第95名，组实际配额750。未要求命中行业词根；名称线索不是意义或机会确认。,未核实
loyki.ai,2026-09-07,产品与技术后缀,未取得可用页面,当前未取得可用HTTPS页面：http_error,,not_checked,https://loyki.ai/,,,,独立后缀与名称通道：产品与技术后缀（.ai）；短缩写探索；固定哈希次序第96名，组实际配额750。未要求命中行业词根；名称线索不是意义或机会确认。,未核实
leew.ai,2026-09-18,产品与技术后缀,近期注册且有内容,RDAP registration 位于近30天窗口；当前HTTPS页面通过实质内容规则,2026-09-15T01:24:10.586000Z,verified_recent,https://www.leew.ai/,leew,"Te enseñamos a usar IA. O la construimos por ti. Somos tres personas, no una agencia.",Te enseñamos a usar IA. O la construimos por ti.,独立后缀与名称通道：产品与技术后缀（.ai）；短缩写探索；固定哈希次序第97名，组实际配额750。未要求命中行业词根；名称线索不是意义或机会确认。,未核实
rpcloud.ai,2026-09-08,产品与技术后缀,未取得可用页面,当前未取得可用HTTPS页面：network_error,,not_checked,https://rpcloud.ai/,,,,独立后缀与名称通道：产品与技术后缀（.ai）；可读字符形态探索；固定哈希次序第98名，组实际配额750。未要求命中行业词根；名称线索不是意义或机会确认。,未核实
soylupe.app,2026-08-28,产品与技术后缀,未取得可用页面,当前未取得可用HTTPS页面：network_error,,not_checked,https://soylupe.app/,,,,独立后缀与名称通道：产品与技术后缀（.app）；通用词典完整分词；固定哈希次序第99名，组实际配额750。未要求命中行业词根；名称线索不是意义或机会确认。,未核实
qmeetq.app,2026-09-01,产品与技术后缀,页面内容不足,未同时达到正文160字符且（description≥40字符或非通用H1≥8字符）,,not_checked,https://qmeetq.com/,,,,独立后缀与名称通道：产品与技术后缀（.app）；可读字符形态探索；固定哈希次序第100名，组实际配额750。未要求命中行业词根；名称线索不是意义或机会确认。,未核实
botbets.ai,2026-09-06,产品与技术后缀,近期注册且有内容,RDAP registration 位于近30天窗口；当前HTTPS页面通过实质内容规则,2026-08-31T23:25:43.909000Z,verified_recent,https://botbets.ai/,Stonks · Kalshi sleeves,Live public marks and mark-to-market tracking for Ben Kraus's Kalshi event-contract sleeves.,"$1,738.00",独立后缀与名称通道：产品与技术后缀（.ai）；可读字符形态探索；固定哈希次序第101名，组实际配额750。未要求命中行业词根；名称线索不是意义或机会确认。,未核实
hideseek.app,2026-09-07,产品与技术后缀,页面内容不足,未同时达到正文160字符且（description≥40字符或非通用H1≥8字符）,,not_checked,https://hideseek.app/,HideSeek · 捉迷藏,HideSeek — 在熟悉的小世界里，一起躲藏、寻找与发现。,,独立后缀与名称通道：产品与技术后缀（.app）；通用词典完整分词；固定哈希次序第102名，组实际配额750。未要求命中行业词根；名称线索不是意义或机会确认。,未核实
stanit.app,2026-09-16,产品与技术后缀,未取得可用页面,当前未取得可用HTTPS页面：network_error,,not_checked,https://stanit.app/,,,,独立后缀与名称通道：产品与技术后缀（.app）；可读字符形态探索；固定哈希次序第103名，组实际配额750。未要求命中行业词根；名称线索不是意义或机会确认。,未核实
blauw.ai,2026-09-01,产品与技术后缀,未取得可用页面,当前未取得可用HTTPS页面：network_error,,not_checked,https://blauw.ai/,,,,独立后缀与名称通道：产品与技术后缀（.ai）；短缩写探索；固定哈希次序第104名，组实际配额750。未要求命中行业词根；名称线索不是意义或机会确认。,未核实
proger33.tech,2026-09-07,产品与技术后缀,页面内容不足,未同时达到正文160字符且（description≥40字符或非通用H1≥8字符）,,not_checked,https://proger33.tech/,FASTPANEL HOSTING CONTROL,,,独立后缀与名称通道：产品与技术后缀（.tech）；少量数字名称探索；固定哈希次序第105名，组实际配额750。未要求命中行业词根；名称线索不是意义或机会确认。,未核实
continuumcore.io,2026-09-14,产品与技术后缀,注册时间未核实,页面有内容，但RDAP未取得有效且位于窗口内的registration事件,,unknown,https://www.continuumcore.io/,Continuum Core — AI Accelerated Custom Software Development,Continuum Core turns difficult operating problems into working software: custom enterprise software and AI systems at the cost and speed of packaged software.,"Difficult operating problems, turned into working software.",独立后缀与名称通道：产品与技术后缀（.io）；通用词典完整分词；固定哈希次序第106名，组实际配额750。未要求命中行业词根；名称线索不是意义或机会确认。,未核实
saferail.io,2026-09-19,产品与技术后缀,注册时间未核实,页面有内容，但RDAP未取得有效且位于窗口内的registration事件,,unknown,https://saferail.io/,Saferail - Secure Your Communications,"A smart addon for Outlook and Gmail to keep your emails secure, compliant, and professional.",Saferail,独立后缀与名称通道：产品与技术后缀（.io）；通用词典完整分词；固定哈希次序第107名，组实际配额750。未要求命中行业词根；名称线索不是意义或机会确认。,未核实
badengineers.io,2026-09-13,产品与技术后缀,未取得可用页面,当前未取得可用HTTPS页面：http_error,,not_checked,https://www.badengineers.io/,,,,独立后缀与名称通道：产品与技术后缀（.io）；通用词典完整分词；固定哈希次序第108名，组实际配额750。未要求命中行业词根；名称线索不是意义或机会确认。,未核实
elevels.ai,2026-08-31,产品与技术后缀,停放或未正式开放,AI内容复核：页面明确说域名使用Epik停放平台，并提供联系域名持有人/购买流程。 原文：The domain name is parked using the Epik parking platform.;自动初判：RDAP registration 位于近30天窗口；当前HTTPS页面通过实质内容规则,2026-08-28T20:51:13.496000Z,verified_recent,https://elevels.ai/,elevels.ai - contact with domain owner | Epik.com,Contact with an owner of elevels.ai domain name.,elevels.ai,独立后缀与名称通道：产品与技术后缀（.ai）；可读字符形态探索；固定哈希次序第109名，组实际配额750。未要求命中行业词根；名称线索不是意义或机会确认。,未核实
jonathanmillen.dev,2026-09-25,产品与技术后缀,未取得可用页面,当前未取得可用HTTPS页面：network_error,,not_checked,https://jonathanmillen.dev/,,,,独立后缀与名称通道：产品与技术后缀（.dev）；通用词典完整分词；固定哈希次序第110名，组实际配额750。未要求命中行业词根；名称线索不是意义或机会确认。,未核实
hebin.app,2026-09-03,产品与技术后缀,未取得可用页面,当前未取得可用HTTPS页面：network_error,,not_checked,https://hebin.app/,,,,独立后缀与名称通道：产品与技术后缀（.app）；短缩写探索；固定哈希次序第111名，组实际配额750。未要求命中行业词根；名称线索不是意义或机会确认。,未核实
needle-panel.dev,2026-08-27,产品与技术后缀,页面内容不足,未同时达到正文160字符且（description≥40字符或非通用H1≥8字符）,,not_checked,https://needle-panel.dev/,Needle,,,独立后缀与名称通道：产品与技术后缀（.dev）；通用词典完整分词；固定哈希次序第112名，组实际配额750。未要求命中行业词根；名称线索不是意义或机会确认。,未核实
hopt.io,2026-09-20,产品与技术后缀,未取得可用页面,当前未取得可用HTTPS页面：network_error,,not_checked,https://hopt.io/,,,,独立后缀与名称通道：产品与技术后缀（.io）；短缩写探索；固定哈希次序第113名，组实际配额750。未要求命中行业词根；名称线索不是意义或机会确认。,未核实
avenixx.ai,2026-09-21,产品与技术后缀,近期注册且有内容,RDAP registration 位于近30天窗口；当前HTTPS页面通过实质内容规则,2026-09-19T03:45:01.617000Z,verified_recent,https://avenixx.ai/,Avenixx | AI-native BI for games & ads,"AI-native business intelligence for game studios and advertisers. Ask your data in plain English and get answers, alerts and forecasts.",The intelligence layer for games & ads.,独立后缀与名称通道：产品与技术后缀（.ai）；可读字符形态探索；固定哈希次序第114名，组实际配额750。未要求命中行业词根；名称线索不是意义或机会确认。,未核实
atrd.app,2026-09-10,产品与技术后缀,页面内容不足,未同时达到正文160字符且（description≥40字符或非通用H1≥8字符）,,not_checked,https://crdexapp.cloudflareaccess.com/cdn-cgi/access/login/atrd.app?kid=2dc35c57d3f4f1c3eea063bea93323259979cc0b4c5cae6f1b91bf75681b43e4&meta=eyJ0eXAiOiJKV1QiLCJhbGciOiJSUzI1NiIsImtpZCI6IjZkNTE0NjdkOWY1ZGVmMjJlYzJkMGQ0MmQwMTA1NjJhNjMyZWM2MDUyZDY2YmNiYTcxOGVmYThlMjU3NzNkNzIifQ.eyJ0eXBlIjoibWV0YSIsImF1ZCI6IjJkYzM1YzU3ZDNmNGYxYzNlZWEwNjNiZWE5MzMyMzI1OTk3OWNjMGI0YzVjYWU2ZjFiOTFiZjc1NjgxYjQzZTQiLCJob3N0bmFtZSI6ImF0cmQuYXBwIiwicmVkaXJlY3RfdXJsIjoiLyIsInNlcnZpY2VfdG9rZW5fc3RhdHVzIjpmYWxzZSwiaXNfd2FycCI6ZmFsc2UsImlzX2dhdGV3YXkiOmZhbHNlLCJleHAiOjE3OTAzOTU0MTAsIm5iZiI6MTc5MDM5NTExMCwiaWF0IjoxNzkwMzk1MTEwLCJhdXRoX3N0YXR1cyI6Ik5PTkUiLCJtdGxzX2F1dGgiOnsiY2VydF9pc3N1ZXJfZG4iOiIiLCJjZXJ0X3NlcmlhbCI6IiIsImNlcnRfaXNzdWVyX3NraSI6IiIsImNlcnRfcHJlc2VudGVkIjpmYWxzZSwiY29tbW9uX25hbWUiOiIiLCJhdXRoX3N0YXR1cyI6Ik5PTkUifSwicmVhbF9jb3VudHJ5IjoiVVMiLCJhcHBfc2Vzc2lvbl9oYXNoIjoiNDRhZjQ0MzZhN2E4NTZiOGZiODZiNmNkYTBiZTBjN2IwOGEyZTA1MzA5YjFlNmQxMWM5MTM4NjY0YTQ4MDI2MCJ9.GNQ1WzryAfc4KOlL6L8ycE4CTjhv_oqXSv51vP5DF8s6H4NHbMM3-sCD9cnyOHkzJFW_0apKg_lTR18wVmakc376quEV5xSNbzG1TAxPOBynU2lZOfvur-s63WvXuLQJxCqJDRLvsa05RXBlzkXQ6HANasVkXqJ-BCg5Wuhob7eJhM_i9OpF5cX9T8YvM1ajztbEid5En8rMvUt5MvsmEe-x2jhe6mHvXtQJ1n8run1mOnT4WY7JZGCKD2Ut7MgY4L--zfCcmCGmbbCr4rq688lbeEM0h2KdDxl97MC0ppX1JOa9i4_1kL3En6DB70c4OFv0v-NH5ojE4EpTrCl77A&redirect_url=%2F,Sign in ・ Cloudflare Access,,Log in to ATRDAPP Development,独立后缀与名称通道：产品与技术后缀（.app）；短缩写探索；固定哈希次序第115名，组实际配额750。未要求命中行业词根；名称线索不是意义或机会确认。,未核实
databranch.ai,2026-08-30,产品与技术后缀,未取得可用页面,当前未取得可用HTTPS页面：too_large,,not_checked,https://www.databranch.com/,,,,独立后缀与名称通道：产品与技术后缀（.ai）；通用词典完整分词；固定哈希次序第116名，组实际配额750。未要求命中行业词根；名称线索不是意义或机会确认。,未核实
nordicon.app,2026-09-17,产品与技术后缀,页面内容不足,未同时达到正文160字符且（description≥40字符或非通用H1≥8字符）,,not_checked,https://snowy-night-7673.cloudflareaccess.com/cdn-cgi/access/login/nordicon.app?kid=1ac16cdf8571c76da0beb7154677264b5df567b1985f93aa4b9fd20de490a7d5&meta=eyJ0eXAiOiJKV1QiLCJhbGciOiJSUzI1NiIsImtpZCI6IjJlYjZmZDA5MDg2ZjFjOTRjYzdhNGFmNDVhNTNjZGI1Y2I5MWE0MzIzMTIyZGE4ZTVlYjdiYTM3Yzg2M2NhOTcifQ.eyJ0eXBlIjoibWV0YSIsImF1ZCI6IjFhYzE2Y2RmODU3MWM3NmRhMGJlYjcxNTQ2NzcyNjRiNWRmNTY3YjE5ODVmOTNhYTRiOWZkMjBkZTQ5MGE3ZDUiLCJob3N0bmFtZSI6Im5vcmRpY29uLmFwcCIsInJlZGlyZWN0X3VybCI6Ii8iLCJzZXJ2aWNlX3Rva2VuX3N0YXR1cyI6ZmFsc2UsImlzX3dhcnAiOmZhbHNlLCJpc19nYXRld2F5IjpmYWxzZSwiZXhwIjoxNzkwMzk1NDEwLCJuYmYiOjE3OTAzOTUxMTAsImlhdCI6MTc5MDM5NTExMCwiYXV0aF9zdGF0dXMiOiJOT05FIiwibXRsc19hdXRoIjp7ImNlcnRfaXNzdWVyX2RuIjoiIiwiY2VydF9zZXJpYWwiOiIiLCJjZXJ0X2lzc3Vlcl9za2kiOiIiLCJjZXJ0X3ByZXNlbnRlZCI6ZmFsc2UsImNvbW1vbl9uYW1lIjoiIiwiYXV0aF9zdGF0dXMiOiJOT05FIn0sInJlYWxfY291bnRyeSI6IlVTIiwiYXBwX3Nlc3Npb25faGFzaCI6IjdmYTk2ZDM5NzcyYzZhYjcwMzRiOTg0YmQyMTIxZDcyNDgxN2E0NWM2NjE5MmRjOWUzMmFjYmQxNmQyNzYwZDIifQ.l9g13CjbDDgdKNyDw4Oob1TngFKs3itZaDANQIBceDd_c63vz8QhNu43H0FxF8e98xiNhKgBq5apLvmhg3_6rOc2ugnbMAt_upwlF5Vd3VbFyH4bzoaYBnUL83anb3pKaKKaGi3hMsUgLu-u-lQoQAVOk49x8tLMuzMEV4Dlg5NOX-jn7KH8Jjal6yXGKicFpch6fc18xG2zWYo97q0sjzI482ZtMrEVn36uwA0-xwTDaTBZnFZdn0sz0GVqc1jnc2UDD_mq9OfDYSDMxwpmtOZrKI7PVUUW3iFZPkZt9XZRG_2Ivq0pjetDJUNSKJOzJOA6u77X44FPZhUojVxu5A&redirect_url=%2F,Sign in ・ Cloudflare Access,,Log in to nordicon.app,独立后缀与名称通道：产品与技术后缀（.app）；可读字符形态探索；固定哈希次序第117名，组实际配额750。未要求命中行业词根；名称线索不是意义或机会确认。,未核实
wxyl07.app,2026-09-09,产品与技术后缀,页面内容不足,未同时达到正文160字符且（description≥40字符或非通用H1≥8字符）,,not_checked,https://www.yujituan.org/,,,,独立后缀与名称通道：产品与技术后缀（.app）；少量数字名称探索；固定哈希次序第118名，组实际配额750。未要求命中行业词根；名称线索不是意义或机会确认。,未核实
collie.app,2026-09-09,产品与技术后缀,页面内容不足,未同时达到正文160字符且（description≥40字符或非通用H1≥8字符）,,not_checked,https://collie.app/,,,,独立后缀与名称通道：产品与技术后缀（.app）；通用词典完整分词；固定哈希次序第119名，组实际配额750。未要求命中行业词根；名称线索不是意义或机会确认。,未核实
tambaklele.dev,2026-09-12,产品与技术后缀,未取得可用页面,当前未取得可用HTTPS页面：http_error,,not_checked,https://tambaklele.dev/,,,,独立后缀与名称通道：产品与技术后缀（.dev）；可读字符形态探索；固定哈希次序第120名，组实际配额750。未要求命中行业词根；名称线索不是意义或机会确认。,未核实
herbalume.app,2026-09-18,产品与技术后缀,页面内容不足,未同时达到正文160字符且（description≥40字符或非通用H1≥8字符）,,not_checked,https://herbalume.app/,HerbaLume — Herbal Supplement Research,"Look up any herbal supplement and get evidence-based benefits, dosage guidance, interactions and safety notes in seconds.",,独立后缀与名称通道：产品与技术后缀（.app）；通用词典完整分词；固定哈希次序第121名，组实际配额750。未要求命中行业词根；名称线索不是意义或机会确认。,未核实
faculdadefuturus.app,2026-08-30,产品与技术后缀,未取得可用页面,当前未取得可用HTTPS页面：too_large,,not_checked,https://faculdadefuturus.app/login?callbackUrl=%2F,,,,独立后缀与名称通道：产品与技术后缀（.app）；可读字符形态探索；固定哈希次序第122名，组实际配额750。未要求命中行业词根；名称线索不是意义或机会确认。,未核实
jiuanev.tech,2026-09-25,产品与技术后缀,未取得可用页面,当前未取得可用HTTPS页面：network_error,,not_checked,https://jiuanev.tech/,,,,独立后缀与名称通道：产品与技术后缀（.tech）；可读字符形态探索；固定哈希次序第123名，组实际配额750。未要求命中行业词根；名称线索不是意义或机会确认。,未核实
inpoland.app,2026-08-27,产品与技术后缀,页面内容不足,未同时达到正文160字符且（description≥40字符或非通用H1≥8字符）,,not_checked,https://inpoland.app/,,,,独立后缀与名称通道：产品与技术后缀（.app）；可读字符形态探索；固定哈希次序第124名，组实际配额750。未要求命中行业词根；名称线索不是意义或机会确认。,未核实
merchstore.ai,2026-08-29,产品与技术后缀,注册时间未核实,页面有内容，但RDAP未取得有效且位于窗口内的registration事件,,unknown,https://www.merchstore.ai/,merchstore.ai — Swag people actually wear. Powered by AI.,"AI-designed, AI-curated company swag. Fast quotes, real service, merch people actually keep.",Every company deserves cool merch.,独立后缀与名称通道：产品与技术后缀（.ai）；通用词典完整分词；固定哈希次序第125名，组实际配额750。未要求命中行业词根；名称线索不是意义或机会确认。,未核实
escendol.app,2026-09-13,产品与技术后缀,未取得可用页面,当前未取得可用HTTPS页面：http_error,,not_checked,https://escendol.app/,,,,独立后缀与名称通道：产品与技术后缀（.app）；可读字符形态探索；固定哈希次序第126名，组实际配额750。未要求命中行业词根；名称线索不是意义或机会确认。,未核实
msteam.app,2026-08-27,产品与技术后缀,未取得可用页面,当前未取得可用HTTPS页面：network_error,,not_checked,https://msteam.app/,,,,独立后缀与名称通道：产品与技术后缀（.app）；可读字符形态探索；固定哈希次序第127名，组实际配额750。未要求命中行业词根；名称线索不是意义或机会确认。,未核实
sexyfantasy.ai,2026-08-30,产品与技术后缀,页面内容不足,未同时达到正文160字符且（description≥40字符或非通用H1≥8字符）,,not_checked,https://sexyfantasy.ai/,,,,独立后缀与名称通道：产品与技术后缀（.ai）；通用词典完整分词；固定哈希次序第128名，组实际配额750。未要求命中行业词根；名称线索不是意义或机会确认。,未核实
hvacfinders.ai,2026-08-28,产品与技术后缀,未取得可用页面,当前未取得可用HTTPS页面：network_error,,not_checked,https://hvacfinders.ai/,,,,独立后缀与名称通道：产品与技术后缀（.ai）；可读字符形态探索；固定哈希次序第129名，组实际配额750。未要求命中行业词根；名称线索不是意义或机会确认。,未核实
rivangroup.com.ai,2026-09-19,产品与技术后缀,未取得可用页面,当前未取得可用HTTPS页面：network_error,,not_checked,https://rivangroup.com.ai/,,,,独立后缀与名称通道：产品与技术后缀（.ai）；可读字符形态探索；固定哈希次序第130名，组实际配额750。未要求命中行业词根；名称线索不是意义或机会确认。,未核实
divcheck.app,2026-08-31,产品与技术后缀,停放或未正式开放,AI内容复核：页内明确应用尚待进入App Store；功能介绍和价格尚不能证明应用已公开发布。 原文：Get DivCheck — coming to the App Store;自动初判：RDAP registration 位于近30天窗口；当前HTTPS页面通过实质内容规则,2026-08-29T08:46:07.306000Z,verified_recent,https://divcheck.app/,"DivCheck — Your dividend paycheck, on your iPhone","DivCheck tracks the dividends your stocks and ETFs pay — this week's cash, monthly and yearly income, and a calendar of upcoming pay dates. Free + $9.99 one-time unlock. No account, no brokerage link.",This week you get paid. See your dividend paycheck at a glance.,独立后缀与名称通道：产品与技术后缀（.app）；通用词典完整分词；固定哈希次序第131名，组实际配额750。未要求命中行业词根；名称线索不是意义或机会确认。,未核实
guiamadrid.app,2026-08-30,产品与技术后缀,未取得可用页面,当前未取得可用HTTPS页面：too_large,,not_checked,https://guiamadrid.app/,,,,独立后缀与名称通道：产品与技术后缀（.app）；可读字符形态探索；固定哈希次序第132名，组实际配额750。未要求命中行业词根；名称线索不是意义或机会确认。,未核实
lexidex.app,2026-09-18,产品与技术后缀,近期注册且有内容,RDAP registration 位于近30天窗口；当前HTTPS页面通过实质内容规则,2026-09-16T19:48:52.265000Z,verified_recent,https://lexidex.app/,Lexidex — Turn words you know into words you use,"Find your words. Five quick Spanish challenges, a personal word ledger, and practice that follows what needs work. An independent app by Twice Forged.",Find your words.,独立后缀与名称通道：产品与技术后缀（.app）；可读字符形态探索；固定哈希次序第133名，组实际配额750。未要求命中行业词根；名称线索不是意义或机会确认。,未核实
devoracle.dev,2026-09-13,产品与技术后缀,未取得可用页面,当前未取得可用HTTPS页面：http_error,,not_checked,https://devoracle.dev/,,,,独立后缀与名称通道：产品与技术后缀（.dev）；通用词典完整分词；固定哈希次序第134名，组实际配额750。未要求命中行业词根；名称线索不是意义或机会确认。,未核实
earto.app,2026-09-18,产品与技术后缀,近期注册且有内容,RDAP registration 位于近30天窗口；当前HTTPS页面通过实质内容规则,2026-09-16T03:26:01.729000Z,verified_recent,https://earto.app/,마인크래프트 3D 모델 AI 제작 · BBModel | Earto,"글과 참조 이미지로 마인크래프트 소품과 치장 모델을 제작하세요. AI 모델 생성부터 텍스처 수정, 3D 미리보기, BBModel 다운로드까지 Earto에서 진행할 수 있습니다.",3분만에 받는 마인크래프트 3D 모델,独立后缀与名称通道：产品与技术后缀（.app）；短缩写探索；固定哈希次序第135名，组实际配额750。未要求命中行业词根；名称线索不是意义或机会确认。,未核实
lensblocks.dev,2026-09-16,产品与技术后缀,停放或未正式开放,标题/H1/description 或域名式标题对应的正文开头命中停放/未开放标记：domain for sale,,not_checked,https://lensblocks.dev/,porkbun.com | domain for sale,,This domain is for sale.,独立后缀与名称通道：产品与技术后缀（.dev）；可读字符形态探索；固定哈希次序第136名，组实际配额750。未要求命中行业词根；名称线索不是意义或机会确认。,未核实
auraclash.app,2026-09-02,产品与技术后缀,停放或未正式开放,AI内容复核：网站明确iOS与Android应用即将发布；当前为概念、玩法与隐私说明页。 原文：Coming soon to iOS and Android;自动初判：RDAP registration 位于近30天窗口；当前HTTPS页面通过实质内容规则,2026-08-30T20:27:07.254000Z,verified_recent,https://auraclash.app/,AuraClash — 1v1 aura battles,Battle anywhere. The crowd votes. Your aura remembers.,Battle anywhere. The crowd decides.,独立后缀与名称通道：产品与技术后缀（.app）；通用词典完整分词；固定哈希次序第137名，组实际配额750。未要求命中行业词根；名称线索不是意义或机会确认。,未核实
underlink.io,2026-09-05,产品与技术后缀,页面内容不足,未同时达到正文160字符且（description≥40字符或非通用H1≥8字符）,,not_checked,https://underlink.io/,underlink,"A private tunnel between two machines, bridging their localhosts over an encrypted peer-to-peer connection.",,独立后缀与名称通道：产品与技术后缀（.io）；通用词典完整分词；固定哈希次序第138名，组实际配额750。未要求命中行业词根；名称线索不是意义或机会确认。,未核实
brightphone.ai,2026-09-12,产品与技术后缀,近期注册且有内容,RDAP registration 位于近30天窗口；当前HTTPS页面通过实质内容规则,2026-09-04T21:56:56.957000Z,verified_recent,https://brightphone.ai/,BrightPhone · the AI receptionist that answers every call,"An AI phone receptionist for small businesses in the United States and Canada. Answers every call, day and night, in English or French. Takes the message, puts the urgent calls through, and writes it all down. Seven days free.",Every call answered. Every message written down.,独立后缀与名称通道：产品与技术后缀（.ai）；通用词典完整分词；固定哈希次序第139名，组实际配额750。未要求命中行业词根；名称线索不是意义或机会确认。,未核实
隔离记录-68cb71435f89,2026-09-03,产品与技术后缀,近期注册且有内容,本轮暂跳过成人与博彩内容；此项不改变页面是否存在的事实判定。,2026-09-01T15:29:06.602000Z,verified_recent,,已移出本轮研究范围,,,名称与原文不在公开工作台展示；抽样位置保留于本地审计。,未核实
luguiaraujo.tech,2026-08-30,产品与技术后缀,页面内容不足,未同时达到正文160字符且（description≥40字符或非通用H1≥8字符）,,not_checked,https://luguiaraujo.tech/,Lucas — Portfólio de sites,"Portfólio de Lucas — sites para marcas, negócios e profissionais que precisam aparecer, converter e crescer.",,独立后缀与名称通道：产品与技术后缀（.tech）；可读字符形态探索；固定哈希次序第141名，组实际配额750。未要求命中行业词根；名称线索不是意义或机会确认。,未核实
3deye-sandbox.dev,2026-09-22,产品与技术后缀,未取得可用页面,当前未取得可用HTTPS页面：network_error,,not_checked,https://3deye-sandbox.dev/,,,,独立后缀与名称通道：产品与技术后缀（.dev）；少量数字名称探索；固定哈希次序第142名，组实际配额750。未要求命中行业词根；名称线索不是意义或机会确认。,未核实
seaq.app,2026-08-27,产品与技术后缀,未取得可用页面,当前未取得可用HTTPS页面：network_error,,not_checked,https://seaq.app/,,,,独立后缀与名称通道：产品与技术后缀（.app）；短缩写探索；固定哈希次序第143名，组实际配额750。未要求命中行业词根；名称线索不是意义或机会确认。,未核实
hyungyu.dev,2026-09-07,产品与技术后缀,未取得可用页面,当前未取得可用HTTPS页面：network_error,,not_checked,https://hyungyu.dev/,,,,独立后缀与名称通道：产品与技术后缀（.dev）；可读字符形态探索；固定哈希次序第144名，组实际配额750。未要求命中行业词根；名称线索不是意义或机会确认。,未核实
fotobox.tech,2026-09-09,产品与技术后缀,页面内容不足,未同时达到正文160字符且（description≥40字符或非通用H1≥8字符）,,not_checked,https://fotobox.tech/,,,,独立后缀与名称通道：产品与技术后缀（.tech）；可读字符形态探索；固定哈希次序第145名，组实际配额750。未要求命中行业词根；名称线索不是意义或机会确认。,未核实
jkmh8.app,2026-09-09,产品与技术后缀,未取得可用页面,当前未取得可用HTTPS页面：network_error,,not_checked,https://jkmh8.app/,,,,独立后缀与名称通道：产品与技术后缀（.app）；少量数字名称探索；固定哈希次序第146名，组实际配额750。未要求命中行业词根；名称线索不是意义或机会确认。,未核实
futurebots.ai,2026-09-10,产品与技术后缀,未取得可用页面,当前未取得可用HTTPS页面：http_error,,not_checked,https://www.atom.com/name/FutureBots.ai,,,,独立后缀与名称通道：产品与技术后缀（.ai）；可读字符形态探索；固定哈希次序第147名，组实际配额750。未要求命中行业词根；名称线索不是意义或机会确认。,未核实
withcopy.app,2026-09-10,产品与技术后缀,页面内容不足,未同时达到正文160字符且（description≥40字符或非通用H1≥8字符）,,not_checked,https://withcopy.app/,w/copy,,,独立后缀与名称通道：产品与技术后缀（.app）；通用词典完整分词；固定哈希次序第148名，组实际配额750。未要求命中行业词根；名称线索不是意义或机会确认。,未核实
orientis.dev,2026-08-30,产品与技术后缀,未取得可用页面,当前未取得可用HTTPS页面：network_error,,not_checked,https://orientis.dev/,,,,独立后缀与名称通道：产品与技术后缀（.dev）；可读字符形态探索；固定哈希次序第149名，组实际配额750。未要求命中行业词根；名称线索不是意义或机会确认。,未核实
zephyrai.app,2026-08-29,产品与技术后缀,注册超过30天,RDAP registration 早于固定30天窗口,2026-08-26T23:42:48.470000Z,verified_old,https://zephyrai.app/,Zephyr — Work comes in. Zephyr makes sure it gets done.,"Zephyr is an AI operations assistant for requests, deadlines, follow-ups and everything that falls between the cracks. Every AI action needs your approval. iOS and Android.",Work comes in. Zephyr makes sure it gets done.,独立后缀与名称通道：产品与技术后缀（.app）；可读字符形态探索；固定哈希次序第150名，组实际配额750。未要求命中行业词根；名称线索不是意义或机会确认。,未核实
alexdahan.dev,2026-09-02,产品与技术后缀,近期注册且有内容,RDAP registration 位于近30天窗口；当前HTTPS页面通过实质内容规则,2026-08-31T12:28:52.015000Z,verified_recent,https://alexdahan.dev/,"Alexandre Dahan — Agents GenAI en production sur Google Cloud Schéma : du notebook au POC, puis un agent évalué, une production monitorée, et l’adoption par les équipes.","Faire passer l’IA du POC à l’usage. Consultant indépendant Data & IA à Paris : 3 agents GenAI en production, certifié Google Cloud 2026, 9 ans entre imagerie médicale et IA générative.",Faire passer l’IA du POC à l’usage.,独立后缀与名称通道：产品与技术后缀（.dev）；可读字符形态探索；固定哈希次序第151名，组实际配额750。未要求命中行业词根；名称线索不是意义或机会确认。,未核实
melepay.ai,2026-09-24,产品与技术后缀,未取得可用页面,当前未取得可用HTTPS页面：network_error,,not_checked,https://melepay.ai/,,,,独立后缀与名称通道：产品与技术后缀（.ai）；通用词典完整分词；固定哈希次序第152名，组实际配额750。未要求命中行业词根；名称线索不是意义或机会确认。,未核实
ridgemc.dev,2026-09-12,产品与技术后缀,未取得可用页面,当前未取得可用HTTPS页面：network_error,,not_checked,https://ridgemc.dev/,,,,独立后缀与名称通道：产品与技术后缀（.dev）；可读字符形态探索；固定哈希次序第153名，组实际配额750。未要求命中行业词根；名称线索不是意义或机会确认。,未核实
harshpanchal.dev,2026-09-01,产品与技术后缀,近期注册且有内容,RDAP registration 位于近30天窗口；当前HTTPS页面通过实质内容规则,2026-08-30T14:47:24.008000Z,verified_recent,https://harshpanchal.dev/,Harsh Panchal — Full-Stack Developer & Software Engineer,"Harsh Panchal is a full-stack engineer building production-ready web applications, scalable backend services, cloud systems, and AI integrations with Next.js, React, Node.js, and AWS.",Harsh Panchal — I build web products that move from idea to production.,独立后缀与名称通道：产品与技术后缀（.dev）；通用词典完整分词；固定哈希次序第154名，组实际配额750。未要求命中行业词根；名称线索不是意义或机会确认。,未核实
mendtor.app,2026-09-07,产品与技术后缀,页面内容不足,未同时达到正文160字符且（description≥40字符或非通用H1≥8字符）,,not_checked,https://mendtor.app/,,,,独立后缀与名称通道：产品与技术后缀（.app）；通用词典完整分词；固定哈希次序第155名，组实际配额750。未要求命中行业词根；名称线索不是意义或机会确认。,未核实
zerotrend.tech,2026-09-13,产品与技术后缀,未取得可用页面,当前未取得可用HTTPS页面：network_error,,not_checked,https://zerotrend.tech/,,,,独立后缀与名称通道：产品与技术后缀（.tech）；通用词典完整分词；固定哈希次序第156名，组实际配额750。未要求命中行业词根；名称线索不是意义或机会确认。,未核实
fairn.app,2026-08-28,产品与技术后缀,未取得可用页面,当前未取得可用HTTPS页面：network_error,,not_checked,https://fairn.app/,,,,独立后缀与名称通道：产品与技术后缀（.app）；短缩写探索；固定哈希次序第157名，组实际配额750。未要求命中行业词根；名称线索不是意义或机会确认。,未核实
staffplanner.app,2026-09-23,产品与技术后缀,未取得可用页面,当前未取得可用HTTPS页面：network_error,,not_checked,https://staffplanner.app/,,,,独立后缀与名称通道：产品与技术后缀（.app）；通用词典完整分词；固定哈希次序第158名，组实际配额750。未要求命中行业词根；名称线索不是意义或机会确认。,未核实
vgel.dev,2026-08-28,产品与技术后缀,未取得可用页面,当前未取得可用HTTPS页面：network_error,,not_checked,https://vgel.dev/,,,,独立后缀与名称通道：产品与技术后缀（.dev）；短缩写探索；固定哈希次序第159名，组实际配额750。未要求命中行业词根；名称线索不是意义或机会确认。,未核实
gravitycall.tech,2026-09-15,产品与技术后缀,页面内容不足,未同时达到正文160字符且（description≥40字符或非通用H1≥8字符）,,not_checked,https://www.ya-vless.ru/,Авторизация,,Авторизация,独立后缀与名称通道：产品与技术后缀（.tech）；通用词典完整分词；固定哈希次序第160名，组实际配额750。未要求命中行业词根；名称线索不是意义或机会确认。,未核实
bookmoves.app,2026-09-15,产品与技术后缀,近期注册且有内容,RDAP registration 位于近30天窗口；当前HTTPS页面通过实质内容规则,2026-09-12T16:50:23.450000Z,verified_recent,https://www.bookmoves.app/,Bookmove · Chess Opening Trainer,"Learn chess openings one move at a time. Choose your line, practise with guidance, then put your memory to the test.",The London System,独立后缀与名称通道：产品与技术后缀（.app）；可读字符形态探索；固定哈希次序第161名，组实际配额750。未要求命中行业词根；名称线索不是意义或机会确认。,未核实
applawyer.app,2026-09-14,产品与技术后缀,未取得可用页面,当前未取得可用HTTPS页面：http_error,,not_checked,https://applawyer.app/,,,,独立后缀与名称通道：产品与技术后缀（.app）；可读字符形态探索；固定哈希次序第162名，组实际配额750。未要求命中行业词根；名称线索不是意义或机会确认。,未核实
simbase.dev,2026-09-25,产品与技术后缀,近期注册且有内容,RDAP registration 位于近30天窗口；当前HTTPS页面通过实质内容规则,2026-09-23T19:30:43.310000Z,verified_recent,https://simbase.dev/,Simbase — The device lab for coding agents.,"Simbase runs your iOS or Android build on a booted simulator, takes the steps your agent wrote, and hands back a page you can send someone: named screenshots, the exact steps taken, a verdict, and a link for the PR.",Your agent tested it. Where’s the proof?,独立后缀与名称通道：产品与技术后缀（.dev）；通用词典完整分词；固定哈希次序第163名，组实际配额750。未要求命中行业词根；名称线索不是意义或机会确认。,未核实
pokerrail.app,2026-08-27,产品与技术后缀,未取得可用页面,当前未取得可用HTTPS页面：http_error,,not_checked,https://pokerrail.app/,,,,独立后缀与名称通道：产品与技术后缀（.app）；通用词典完整分词；固定哈希次序第164名，组实际配额750。未要求命中行业词根；名称线索不是意义或机会确认。,未核实
internetshop.ai,2026-08-27,产品与技术后缀,停放或未正式开放,标题/H1/description 或域名式标题对应的正文开头命中停放/未开放标记：Domain for sale,,not_checked,https://internetshop.ai/,internetshop.ai for sale | Spaceship.com,internetshop.ai is for sale on Spaceship. Secure checkout and quick transfer. See all purchase options. No hidden fees.,internetshop.ai,独立后缀与名称通道：产品与技术后缀（.ai）；通用词典完整分词；固定哈希次序第165名，组实际配额750。未要求命中行业词根；名称线索不是意义或机会确认。,未核实
metro77.app,2026-09-25,产品与技术后缀,未取得可用页面,当前未取得可用HTTPS页面：network_error,,not_checked,https://metro77.app/,,,,独立后缀与名称通道：产品与技术后缀（.app）；少量数字名称探索；固定哈希次序第166名，组实际配额750。未要求命中行业词根；名称线索不是意义或机会确认。,未核实
noxsolutions.tech,2026-08-28,产品与技术后缀,未取得可用页面,当前未取得可用HTTPS页面：network_error,,not_checked,https://noxsolutions.tech/,,,,独立后缀与名称通道：产品与技术后缀（.tech）；可读字符形态探索；固定哈希次序第167名，组实际配额750。未要求命中行业词根；名称线索不是意义或机会确认。,未核实
resellstats.app,2026-08-31,产品与技术后缀,近期注册且有内容,RDAP registration 位于近30天窗口；当前HTTPS页面通过实质内容规则,2026-08-28T20:20:39.090000Z,verified_recent,https://resellstats.app/en,ResellStats on Android · waitlist,"The app is on iPhone. Leave your email and you'll know the day the Android version ships. Stock tracking, net profit, fees, DAC7 threshold.",Not on Android yet.,独立后缀与名称通道：产品与技术后缀（.app）；可读字符形态探索；固定哈希次序第168名，组实际配额750。未要求命中行业词根；名称线索不是意义或机会确认。,未核实
unsolicited-advice.app,2026-09-03,产品与技术后缀,近期注册且有内容,RDAP registration 位于近30天窗口；当前HTTPS页面通过实质内容规则,2026-09-01T15:26:39.699000Z,verified_recent,https://unsolicited-advice.app/,Unsolicited Advice | Give us your two cents,No corporate filters. No bought-off stars. Just CIs dropping verified paperwork on local businesses so you know who to trust!,"Drop a dime on 'em. Intelligence, Unfiltered.",独立后缀与名称通道：产品与技术后缀（.app）；通用词典完整分词；固定哈希次序第169名，组实际配额750。未要求命中行业词根；名称线索不是意义或机会确认。,未核实
duoheart.app,2026-09-07,产品与技术后缀,近期注册且有内容,RDAP registration 位于近30天窗口；当前HTTPS页面通过实质内容规则,2026-09-04T20:00:27.142000Z,verified_recent,https://duoheart.app/,Duoheart - a private space for two,"Daily blind questions that grow into a lasting, end-to-end encrypted conversation for couples. No algorithms. No audience. Just you two.","Two wings, one flight.",独立后缀与名称通道：产品与技术后缀（.app）；通用词典完整分词；固定哈希次序第170名，组实际配额750。未要求命中行业词根；名称线索不是意义或机会确认。,未核实
clarapos.app,2026-09-09,产品与技术后缀,页面内容不足,未同时达到正文160字符且（description≥40字符或非通用H1≥8字符）,,not_checked,https://clarapos.app/,ClaraPOS,ClaraPOS - Sistema POS y gestion de negocio offline-first,,独立后缀与名称通道：产品与技术后缀（.app）；可读字符形态探索；固定哈希次序第171名，组实际配额750。未要求命中行业词根；名称线索不是意义或机会确认。,未核实
digicity.dev,2026-09-15,产品与技术后缀,近期注册且有内容,RDAP registration 位于近30天窗口；当前HTTPS页面通过实质内容规则,2026-09-13T09:59:10.334000Z,verified_recent,https://digicity.dev/,DigiCity,,"One platform. The whole lifecycle;Every stage reads the same model.;Take it apart, floor by floor. Digity flags what fails.",独立后缀与名称通道：产品与技术后缀（.dev）；可读字符形态探索；固定哈希次序第172名，组实际配额750。未要求命中行业词根；名称线索不是意义或机会确认。,未核实
rulesforrenegades.ai,2026-09-01,产品与技术后缀,页面内容不足,未同时达到正文160字符且（description≥40字符或非通用H1≥8字符）,,not_checked,https://rulesforrenegades.ai/,,,,独立后缀与名称通道：产品与技术后缀（.ai）；可读字符形态探索；固定哈希次序第173名，组实际配额750。未要求命中行业词根；名称线索不是意义或机会确认。,未核实
king69.ai,2026-08-27,产品与技术后缀,页面内容不足,未同时达到正文160字符且（description≥40字符或非通用H1≥8字符）,,not_checked,https://king69.ai/,Parked Domain name on Hostinger DNS system,,,独立后缀与名称通道：产品与技术后缀（.ai）；少量数字名称探索；固定哈希次序第174名，组实际配额750。未要求命中行业词根；名称线索不是意义或机会确认。,未核实
trytru.app,2026-09-17,产品与技术后缀,近期注册且有内容,RDAP registration 位于近30天窗口；当前HTTPS页面通过实质内容规则,2026-09-15T02:41:09.962000Z,verified_recent,https://trytru.app/,"Tru — Know what to pay, hold or skip before payday","Tru is a daily cash flow planner. Enter your bills and paydays and see exactly what to pay, what to hold and what to skip every day until payday. Free, no bank connection.",Pay this. Hold that. Done.,独立后缀与名称通道：产品与技术后缀（.app）；可读字符形态探索；固定哈希次序第175名，组实际配额750。未要求命中行业词根；名称线索不是意义或机会确认。,未核实
mywing.app,2026-09-22,产品与技术后缀,未取得可用页面,当前未取得可用HTTPS页面：network_error,,not_checked,https://mywing.app/,,,,独立后缀与名称通道：产品与技术后缀（.app）；可读字符形态探索；固定哈希次序第176名，组实际配额750。未要求命中行业词根；名称线索不是意义或机会确认。,未核实
taiguard.ai,2026-08-30,产品与技术后缀,页面内容不足,未同时达到正文160字符且（description≥40字符或非通用H1≥8字符）,,not_checked,https://taiguard.ai/,,,,独立后缀与名称通道：产品与技术后缀（.ai）；通用词典完整分词；固定哈希次序第177名，组实际配额750。未要求命中行业词根；名称线索不是意义或机会确认。,未核实
sentryq.ai,2026-09-18,产品与技术后缀,近期注册且有内容,RDAP registration 位于近30天窗口；当前HTTPS页面通过实质内容规则,2026-09-15T10:10:47.363000Z,verified_recent,https://sentryq.ai/,sentryq Cloud: the Fanvue CRM for agencies,"Run every Fanvue model from one screen. Realtime chat inbox, earnings that reconcile with Fanvue, chatting shifts and payroll, coaching, mass messages, welcome sequences and fan lists. $100 per model per month through the Fanvue App Store, on your own subdomain.","The Fanvue CRM that runs every inbox, every dollar and every shift.",独立后缀与名称通道：产品与技术后缀（.ai）；可读字符形态探索；固定哈希次序第178名，组实际配额750。未要求命中行业词根；名称线索不是意义或机会确认。,未核实
bumbumflix.app,2026-09-25,产品与技术后缀,页面内容不足,未同时达到正文160字符且（description≥40字符或非通用H1≥8字符）,,not_checked,https://bumbumflix.app/,Parked Domain name on Hostinger DNS system,,,独立后缀与名称通道：产品与技术后缀（.app）；通用词典完整分词；固定哈希次序第179名，组实际配额750。未要求命中行业词根；名称线索不是意义或机会确认。,未核实
crownchain.app,2026-09-17,产品与技术后缀,未取得可用页面,当前未取得可用HTTPS页面：http_error,,not_checked,https://crownchain.app/,,,,独立后缀与名称通道：产品与技术后缀（.app）；通用词典完整分词；固定哈希次序第180名，组实际配额750。未要求命中行业词根；名称线索不是意义或机会确认。,未核实
postchorus.app,2026-08-31,产品与技术后缀,近期注册且有内容,RDAP registration 位于近30天窗口；当前HTTPS页面通过实质内容规则,2026-08-28T17:51:30.695000Z,verified_recent,https://postchorus.app/,PostChorus — Say it everywhere,"Write once. Post beautifully to Bluesky, Mastodon, Threads, Tumblr, Nostr, and X with your own API access from Mac, iPhone, iPad, Windows, and the web.",One thought. Everywhere it belongs.,独立后缀与名称通道：产品与技术后缀（.app）；通用词典完整分词；固定哈希次序第181名，组实际配额750。未要求命中行业词根；名称线索不是意义或机会确认。,未核实
slovar.io,2026-09-14,产品与技术后缀,页面内容不足,未同时达到正文160字符且（description≥40字符或非通用H1≥8字符）,,not_checked,https://slovar.io/,"slovar.io — Read real books, sooner.","slovar.io is a dictionary and reading tool that gets you to the 98% of words you need to read real books in Russian and Spanish. Learner-level definitions, cascading lookups, spaced repetition, and a reader that shows exactly what's blocking you.",,独立后缀与名称通道：产品与技术后缀（.io）；可读字符形态探索；固定哈希次序第182名，组实际配额750。未要求命中行业词根；名称线索不是意义或机会确认。,未核实
renvaro.tech,2026-09-12,产品与技术后缀,未取得可用页面,当前未取得可用HTTPS页面：network_error,,not_checked,https://renvaro.tech/,,,,独立后缀与名称通道：产品与技术后缀（.tech）；可读字符形态探索；固定哈希次序第183名，组实际配额750。未要求命中行业词根；名称线索不是意义或机会确认。,未核实
inlocal.app,2026-08-31,产品与技术后缀,未取得可用页面,当前未取得可用HTTPS页面：network_error,,not_checked,https://inlocal.app/,,,,独立后缀与名称通道：产品与技术后缀（.app）；可读字符形态探索；固定哈希次序第184名，组实际配额750。未要求命中行业词根；名称线索不是意义或机会确认。,未核实
motionstudies.app,2026-09-10,产品与技术后缀,近期注册且有内容,RDAP registration 位于近30天窗口；当前HTTPS页面通过实质内容规则,2026-09-08T00:56:33.294000Z,verified_recent,https://motionstudies.app/,Motion Studies From geography to connection,"Motion Studies is a catalogue of authored works about cities, movement, and the ways transport becomes visible as data.",Once through space. Once through data.,独立后缀与名称通道：产品与技术后缀（.app）；可读字符形态探索；固定哈希次序第185名，组实际配额750。未要求命中行业词根；名称线索不是意义或机会确认。,未核实
andreasnissen.dev,2026-09-01,产品与技术后缀,近期注册且有内容,RDAP registration 位于近30天窗口；当前HTTPS页面通过实质内容规则,2026-08-30T22:42:52.461000Z,verified_recent,https://andreasnissen.dev/,Andreas Nissen,"Andreas Nissen, Senior Solutions Architect at AWS in Munich. Explore customer questions, architecture choices, evaluation, and personal AI projects.",Making AI work beyond the demo.,独立后缀与名称通道：产品与技术后缀（.dev）；可读字符形态探索；固定哈希次序第186名，组实际配额750。未要求命中行业词根；名称线索不是意义或机会确认。,未核实
convertum.app,2026-08-28,产品与技术后缀,注册超过30天,RDAP registration 早于固定30天窗口,2026-08-26T10:39:26.470000Z,verified_old,https://www.convertum.app/,"Convertum — Every tool you need to convert, edit & compress files — Convertum","Convertum — Fast, 100% private in-browser tools for PDFs, images, media, and code. Zero cloud uploads, zero tracking. 100% private, fast in-browser...","Convertum — Every tool you need to convert, edit & compress files",独立后缀与名称通道：产品与技术后缀（.app）；可读字符形态探索；固定哈希次序第187名，组实际配额750。未要求命中行业词根；名称线索不是意义或机会确认。,未核实
sickofwork.app,2026-09-07,产品与技术后缀,页面内容不足,未同时达到正文160字符且（description≥40字符或非通用H1≥8字符）,,not_checked,https://sickofwork.app/,아 출근하기 싫다,"출근길에 오늘 회사에 뿌릴 똥을 장전하고, 퇴근길에 투척을 확인하는 직장인 일탈 앱",,独立后缀与名称通道：产品与技术后缀（.app）；可读字符形态探索；固定哈希次序第188名，组实际配额750。未要求命中行业词根；名称线索不是意义或机会确认。,未核实
ripplelabs.app,2026-09-23,产品与技术后缀,页面内容不足,未同时达到正文160字符且（description≥40字符或非通用H1≥8字符）,,not_checked,https://ripplelabs.app/,Ripple Labs,,,独立后缀与名称通道：产品与技术后缀（.app）；可读字符形态探索；固定哈希次序第189名，组实际配额750。未要求命中行业词根；名称线索不是意义或机会确认。,未核实
hongxun.tech,2026-09-10,产品与技术后缀,未取得可用页面,当前未取得可用HTTPS页面：network_error,,not_checked,https://hongxun.tech/,,,,独立后缀与名称通道：产品与技术后缀（.tech）；可读字符形态探索；固定哈希次序第190名，组实际配额750。未要求命中行业词根；名称线索不是意义或机会确认。,未核实
common-site.dev,2026-09-15,产品与技术后缀,未取得可用页面,当前未取得可用HTTPS页面：network_error,,not_checked,https://common-site.dev/,,,,独立后缀与名称通道：产品与技术后缀（.dev）；通用词典完整分词；固定哈希次序第191名，组实际配额750。未要求命中行业词根；名称线索不是意义或机会确认。,未核实
lashtech.app,2026-08-27,产品与技术后缀,页面内容不足,未同时达到正文160字符且（description≥40字符或非通用H1≥8字符）,,not_checked,https://www.lashtech.app/,Lash Tech | The Business Behind the Beauty,"Get discovered, stay booked, get rebooked and run the business with a lash-specific operating system built around the work.",,独立后缀与名称通道：产品与技术后缀（.app）；通用词典完整分词；固定哈希次序第192名，组实际配额750。未要求命中行业词根；名称线索不是意义或机会确认。,未核实
dontask.app,2026-09-17,产品与技术后缀,页面内容不足,未同时达到正文160字符且（description≥40字符或非通用H1≥8字符）,,not_checked,https://dontask.app/,unkonfiguriert,,,独立后缀与名称通道：产品与技术后缀（.app）；通用词典完整分词；固定哈希次序第193名，组实际配额750。未要求命中行业词根；名称线索不是意义或机会确认。,未核实
validseven.app,2026-09-22,产品与技术后缀,未取得可用页面,当前未取得可用HTTPS页面：network_error,,not_checked,https://validseven.app/,,,,独立后缀与名称通道：产品与技术后缀（.app）；通用词典完整分词；固定哈希次序第194名，组实际配额750。未要求命中行业词根；名称线索不是意义或机会确认。,未核实
h1gh.tech,2026-09-05,产品与技术后缀,未取得可用页面,当前未取得可用HTTPS页面：network_error,,not_checked,https://h1gh.tech/,,,,独立后缀与名称通道：产品与技术后缀（.tech）；少量数字名称探索；固定哈希次序第195名，组实际配额750。未要求命中行业词根；名称线索不是意义或机会确认。,未核实
calmaibot.app,2026-09-02,产品与技术后缀,停放或未正式开放,标题/H1/description 或域名式标题对应的正文开头命中停放/未开放标记：domain for sale,,not_checked,https://calmaibot.app/,porkbun.com | domain for sale,,This domain is for sale.,独立后缀与名称通道：产品与技术后缀（.app）；可读字符形态探索；固定哈希次序第196名，组实际配额750。未要求命中行业词根；名称线索不是意义或机会确认。,未核实
dogan.dev,2026-08-28,产品与技术后缀,停放或未正式开放,标题/H1/description 或域名式标题对应的正文开头命中停放/未开放标记：Domain for sale,,not_checked,https://dogan.dev/,dogan.dev for sale | Spaceship.com,dogan.dev is for sale on Spaceship. Secure checkout and quick transfer. See all purchase options. No hidden fees.,dogan.dev,独立后缀与名称通道：产品与技术后缀（.dev）；短缩写探索；固定哈希次序第197名，组实际配额750。未要求命中行业词根；名称线索不是意义或机会确认。,未核实
nmidigital.tech,2026-09-21,产品与技术后缀,页面内容不足,未同时达到正文160字符且（description≥40字符或非通用H1≥8字符）,,not_checked,https://nmidigital.tech/,Parked Domain name on Hostinger DNS system,,,独立后缀与名称通道：产品与技术后缀（.tech）；可读字符形态探索；固定哈希次序第198名，组实际配额750。未要求命中行业词根；名称线索不是意义或机会确认。,未核实
nuero.io,2026-09-05,产品与技术后缀,未取得可用页面,当前未取得可用HTTPS页面：http_error,,not_checked,https://nuero.io/,,,,独立后缀与名称通道：产品与技术后缀（.io）；短缩写探索；固定哈希次序第199名，组实际配额750。未要求命中行业词根；名称线索不是意义或机会确认。,未核实
trenchio.io,2026-09-20,产品与技术后缀,注册时间未核实,页面有内容，但RDAP未取得有效且位于窗口内的registration事件,,unknown,https://trench.trading/,"Trench.io Trading: Stocks, Crypto, Commodities & 10% Fee Discount","Explore how Trench.io trading works, its stocks, crypto and commodity markets, advertised payout multiplier up to 1000x, major risks and the verified JACEK 10% fee referral benefit.","Trade Stocks, Crypto & Commodities With Up to a 1000× Payout Multiplier",独立后缀与名称通道：产品与技术后缀（.io）；可读字符形态探索；固定哈希次序第200名，组实际配额750。未要求命中行业词根；名称线索不是意义或机会确认。,未核实
print-quote.app,2026-09-22,产品与技术后缀,页面内容不足,未同时达到正文160字符且（description≥40字符或非通用H1≥8字符）,,not_checked,https://print-quote.app/,,,,独立后缀与名称通道：产品与技术后缀（.app）；通用词典完整分词；固定哈希次序第201名，组实际配额750。未要求命中行业词根；名称线索不是意义或机会确认。,未核实
pointin.app,2026-09-14,产品与技术后缀,未取得可用页面,当前未取得可用HTTPS页面：network_error,,not_checked,https://pointin.app/,,,,独立后缀与名称通道：产品与技术后缀（.app）；可读字符形态探索；固定哈希次序第202名，组实际配额750。未要求命中行业词根；名称线索不是意义或机会确认。,未核实
innenreinigung.app,2026-09-01,产品与技术后缀,页面内容不足,未同时达到正文160字符且（description≥40字符或非通用H1≥8字符）,,not_checked,https://innenreinigung.app/login,InnenReinigung - Logowanie,,🚛 InnenReinigung,独立后缀与名称通道：产品与技术后缀（.app）；可读字符形态探索；固定哈希次序第203名，组实际配额750。未要求命中行业词根；名称线索不是意义或机会确认。,未核实
krya.io,2026-09-05,产品与技术后缀,未取得可用页面,当前未取得可用HTTPS页面：network_error,,not_checked,https://krya.io/,,,,独立后缀与名称通道：产品与技术后缀（.io）；短缩写探索；固定哈希次序第204名，组实际配额750。未要求命中行业词根；名称线索不是意义或机会确认。,未核实
prefa.app,2026-09-12,产品与技术后缀,未取得可用页面,当前未取得可用HTTPS页面：network_error,,not_checked,https://prefa.app/,,,,独立后缀与名称通道：产品与技术后缀（.app）；短缩写探索；固定哈希次序第205名，组实际配额750。未要求命中行业词根；名称线索不是意义或机会确认。,未核实
gethowmuch.app,2026-09-01,产品与技术后缀,页面内容不足,未同时达到正文160字符且（description≥40字符或非通用H1≥8字符）,,not_checked,https://gethowmuch.app/,Parked Domain name on Hostinger DNS system,,,独立后缀与名称通道：产品与技术后缀（.app）；通用词典完整分词；固定哈希次序第206名，组实际配额750。未要求命中行业词根；名称线索不是意义或机会确认。,未核实
comuni.app,2026-09-12,产品与技术后缀,页面内容不足,未同时达到正文160字符且（description≥40字符或非通用H1≥8字符）,,not_checked,https://comuni.app/,"comuni.app — Tu comunidad, en un solo lugar","Clasificados de tu comunidad en un solo lugar. Busca y publica anuncios de productos, servicios, empleo, vivienda y más, generados desde tu grupo de WhatsApp.",,独立后缀与名称通道：产品与技术后缀（.app）；可读字符形态探索；固定哈希次序第207名，组实际配额750。未要求命中行业词根；名称线索不是意义或机会确认。,未核实
magplan.app,2026-09-09,产品与技术后缀,未取得可用页面,当前未取得可用HTTPS页面：network_error,,not_checked,https://magplan.app/,,,,独立后缀与名称通道：产品与技术后缀（.app）；通用词典完整分词；固定哈希次序第208名，组实际配额750。未要求命中行业词根；名称线索不是意义或机会确认。,未核实
uwuyjetibo.tech,2026-09-18,产品与技术后缀,未取得可用页面,当前未取得可用HTTPS页面：network_error,,not_checked,https://uwuyjetibo.tech/,,,,独立后缀与名称通道：产品与技术后缀（.tech）；可读字符形态探索；固定哈希次序第209名，组实际配额750。未要求命中行业词根；名称线索不是意义或机会确认。,未核实
pairlift.io,2026-09-14,产品与技术后缀,注册时间未核实,页面有内容，但RDAP未取得有效且位于窗口内的registration事件,,unknown,https://pairlift.io/,Pairlift — Tu próxima conexión empieza entrenando,"Dating para personas que comparten tu estilo de vida fitness. Descubre afinidades, encuentra compañía para entrenar y conecta desde tu móvil.",Tenéis más en común que el gimnasio.,独立后缀与名称通道：产品与技术后缀（.io）；通用词典完整分词；固定哈希次序第210名，组实际配额750。未要求命中行业词根；名称线索不是意义或机会确认。,未核实
builtbysarah.dev,2026-08-29,产品与技术后缀,未取得可用页面,当前未取得可用HTTPS页面：network_error,,not_checked,https://builtbysarah.dev/,,,,独立后缀与名称通道：产品与技术后缀（.dev）；可读字符形态探索；固定哈希次序第211名，组实际配额750。未要求命中行业词根；名称线索不是意义或机会确认。,未核实
direcu.io,2026-09-08,产品与技术后缀,未取得可用页面,当前未取得可用HTTPS页面：network_error,,not_checked,https://direcu.io/,,,,独立后缀与名称通道：产品与技术后缀（.io）；可读字符形态探索；固定哈希次序第212名，组实际配额750。未要求命中行业词根；名称线索不是意义或机会确认。,未核实
cognex.tech,2026-09-04,产品与技术后缀,页面内容不足,未同时达到正文160字符且（description≥40字符或非通用H1≥8字符）,,not_checked,https://cognex.tech/,,,,独立后缀与名称通道：产品与技术后缀（.tech）；可读字符形态探索；固定哈希次序第213名，组实际配额750。未要求命中行业词根；名称线索不是意义或机会确认。,未核实
gateholme.app,2026-08-28,产品与技术后缀,未取得可用页面,当前未取得可用HTTPS页面：network_error,,not_checked,https://gateholme.app/,,,,独立后缀与名称通道：产品与技术后缀（.app）；可读字符形态探索；固定哈希次序第214名，组实际配额750。未要求命中行业词根；名称线索不是意义或机会确认。,未核实
shuihu.ai,2026-09-06,产品与技术后缀,页面内容不足,未同时达到正文160字符且（description≥40字符或非通用H1≥8字符）,,not_checked,https://shuihu.ai/,,,,独立后缀与名称通道：产品与技术后缀（.ai）；可读字符形态探索；固定哈希次序第215名，组实际配额750。未要求命中行业词根；名称线索不是意义或机会确认。,未核实
cloudpusher.dev,2026-08-28,产品与技术后缀,页面内容不足,未同时达到正文160字符且（description≥40字符或非通用H1≥8字符）,,not_checked,https://cloudpusher.dev/,,,,独立后缀与名称通道：产品与技术后缀（.dev）；通用词典完整分词；固定哈希次序第216名，组实际配额750。未要求命中行业词根；名称线索不是意义或机会确认。,未核实
goodeed.ai,2026-09-16,产品与技术后缀,未取得可用页面,当前未取得可用HTTPS页面：network_error,,not_checked,https://goodeed.ai/,,,,独立后缀与名称通道：产品与技术后缀（.ai）；通用词典完整分词；固定哈希次序第217名，组实际配额750。未要求命中行业词根；名称线索不是意义或机会确认。,未核实
bunnyflop.dev,2026-09-19,产品与技术后缀,未取得可用页面,当前未取得可用HTTPS页面：network_error,,not_checked,https://bunnyflop.dev/,,,,独立后缀与名称通道：产品与技术后缀（.dev）；通用词典完整分词；固定哈希次序第218名，组实际配额750。未要求命中行业词根；名称线索不是意义或机会确认。,未核实
unbowed.ai,2026-09-18,产品与技术后缀,未取得可用页面,当前未取得可用HTTPS页面：network_error,,not_checked,https://unbowed.ai/,,,,独立后缀与名称通道：产品与技术后缀（.ai）；通用词典完整分词；固定哈希次序第219名，组实际配额750。未要求命中行业词根；名称线索不是意义或机会确认。,未核实
gangpaybuddy.dev,2026-09-12,产品与技术后缀,页面内容不足,未同时达到正文160字符且（description≥40字符或非通用H1≥8字符）,,not_checked,https://gangpaybuddy.dev/,GangPayBuddy,หารค่าใช้จ่ายทริป ปาร์ตี้ และมื้ออาหารกับเพื่อน — ใครจ่ายอะไร ใครต้องโอนเท่าไหร่,,独立后缀与名称通道：产品与技术后缀（.dev）；通用词典完整分词；固定哈希次序第220名，组实际配额750。未要求命中行业词根；名称线索不是意义或机会确认。,未核实
scarecard.app,2026-09-02,产品与技术后缀,页面内容不足,AI内容复核：保存的正文只有评分加载状态和页脚，未取得排行榜或评分内容；描述虽说明用途，当前页面仍是加载壳。 原文：Scarecard Loading the ratings;自动初判：RDAP registration 位于近30天窗口；当前HTTPS页面通过实质内容规则,2026-08-31T03:57:42.685000Z,verified_recent,https://scarecard.app/,Scarecard,"Scarecard is a shared scorecard for haunted attractions: rate every house you walked, see how the group scored it, and track how opinions shift across a season.",Scarecard,独立后缀与名称通道：产品与技术后缀（.app）；通用词典完整分词；固定哈希次序第221名，组实际配额750。未要求命中行业词根；名称线索不是意义或机会确认。,未核实
lockjaw.tech,2026-09-08,产品与技术后缀,未取得可用页面,当前未取得可用HTTPS页面：network_error,,not_checked,https://lockjaw.tech/,,,,独立后缀与名称通道：产品与技术后缀（.tech）；通用词典完整分词；固定哈希次序第222名，组实际配额750。未要求命中行业词根；名称线索不是意义或机会确认。,未核实
mecgura.tech,2026-09-15,产品与技术后缀,近期注册且有内容,RDAP registration 位于近30天窗口；当前HTTPS页面通过实质内容规则,2026-09-13T06:30:02.937000Z,verified_recent,https://www.mecgura.tech/,"MECGURA — The WhatsApp-first Business OS | WhatsApp, HRMS, ATS","MECGURA connects your WhatsApp Business number to HR, hiring and sales, so replies, follow-ups and interviews happen while you work. Free 14-day trial. Built in India.","Every customer conversation, handled — automatically.",独立后缀与名称通道：产品与技术后缀（.tech）；可读字符形态探索；固定哈希次序第223名，组实际配额750。未要求命中行业词根；名称线索不是意义或机会确认。,未核实
infurmation.app,2026-08-27,产品与技术后缀,注册超过30天,RDAP registration 早于固定30天窗口,2026-08-25T03:12:23.368000Z,verified_old,https://infurmation.app/,Infurmation — Pet information you can trust,"Build a complete care profile for your pet and share it privately with every vet, groomer, and caregiver who needs it.",Know my pet before you meet me.,独立后缀与名称通道：产品与技术后缀（.app）；可读字符形态探索；固定哈希次序第224名，组实际配额750。未要求命中行业词根；名称线索不是意义或机会确认。,未核实
selber.dev,2026-09-23,产品与技术后缀,未取得可用页面,当前未取得可用HTTPS页面：network_error,,not_checked,https://selber.dev/,,,,独立后缀与名称通道：产品与技术后缀（.dev）；可读字符形态探索；固定哈希次序第225名，组实际配额750。未要求命中行业词根；名称线索不是意义或机会确认。,未核实
prospectpoint.app,2026-09-25,产品与技术后缀,近期注册且有内容,RDAP registration 位于近30天窗口；当前HTTPS页面通过实质内容规则,2026-09-22T01:02:49.197000Z,verified_recent,https://prospectpoint.app/,Splattr - AI-Powered Sales Prospecting Platform,"AI-powered sales prospecting that finds the right prospects and tells you exactly how to reach them. Deep prospect research in seconds, not hours.",What do you sell?,独立后缀与名称通道：产品与技术后缀（.app）；通用词典完整分词；固定哈希次序第226名，组实际配额750。未要求命中行业词根；名称线索不是意义或机会确认。,未核实
techweave.app,2026-08-27,产品与技术后缀,未取得可用页面,当前未取得可用HTTPS页面：network_error,,not_checked,https://techweave.app/,,,,独立后缀与名称通道：产品与技术后缀（.app）；通用词典完整分词；固定哈希次序第227名，组实际配额750。未要求命中行业词根；名称线索不是意义或机会确认。,未核实
postam.ai,2026-08-30,产品与技术后缀,注册时间未核实,页面有内容，但RDAP未取得有效且位于窗口内的registration事件,,unknown,https://www.postam.ai/,AI-powered social media operations | PostAm,"PostAm is being built to turn one idea into a coordinated social media operation, with people in control of every approval.",One idea. Every platform.,独立后缀与名称通道：产品与技术后缀（.ai）；可读字符形态探索；固定哈希次序第228名，组实际配额750。未要求命中行业词根；名称线索不是意义或机会确认。,未核实
everytouch.app,2026-09-03,产品与技术后缀,页面内容不足,未同时达到正文160字符且（description≥40字符或非通用H1≥8字符）,,not_checked,https://www.everytouch.app/,Every Touch,,,独立后缀与名称通道：产品与技术后缀（.app）；通用词典完整分词；固定哈希次序第229名，组实际配额750。未要求命中行业词根；名称线索不是意义或机会确认。,未核实
pingedit.app,2026-08-31,产品与技术后缀,页面内容不足,未同时达到正文160字符且（description≥40字符或非通用H1≥8字符）,,not_checked,https://www.pingedit.app/,Pinged!,"Photo-proof accountability, with your crew.",,独立后缀与名称通道：产品与技术后缀（.app）；通用词典完整分词；固定哈希次序第230名，组实际配额750。未要求命中行业词根；名称线索不是意义或机会确认。,未核实
sedationdr.ai,2026-09-17,产品与技术后缀,未取得可用页面,当前未取得可用HTTPS页面：http_error,,not_checked,https://dentalsedation.com/,,,,独立后缀与名称通道：产品与技术后缀（.ai）；可读字符形态探索；固定哈希次序第231名，组实际配额750。未要求命中行业词根；名称线索不是意义或机会确认。,未核实
voxlaw.app,2026-09-23,产品与技术后缀,未取得可用页面,当前未取得可用HTTPS页面：network_error,,not_checked,https://voxlaw.app/,,,,独立后缀与名称通道：产品与技术后缀（.app）；可读字符形态探索；固定哈希次序第232名，组实际配额750。未要求命中行业词根；名称线索不是意义或机会确认。,未核实
rooikat.io,2026-08-28,产品与技术后缀,注册时间未核实,页面有内容，但RDAP未取得有效且位于窗口内的registration事件,,unknown,https://www.rooikat.io/,Rooikat.io | Custom Next.js Web Development,"Rooikat.io designs and engineers custom Next.js websites, headless e-commerce, and web apps. Based in Bogotá, Colombia — investment from $600 USD.",We build digital platforms for |,独立后缀与名称通道：产品与技术后缀（.io）；可读字符形态探索；固定哈希次序第233名，组实际配额750。未要求命中行业词根；名称线索不是意义或机会确认。,未核实
getbrownstone.app,2026-09-18,产品与技术后缀,停放或未正式开放,AI内容复核：页面明确写明尚未开放 TestFlight，当前主要收集提前体验邮箱，按待发布页处理；不是已核实可用产品。 原文：Brownstone is coming to TestFlight. Leave an email and you will hear from us the day it opens.;自动初判：RDAP registration 位于近30天窗口；当前HTTPS页面通过实质内容规则,2026-09-15T21:09:15.985000Z,verified_recent,https://getbrownstone.app/,Brownstone: never miss out on an apartment again,"Turn the Zillow alerts you already get, and your StreetEasy alerts in New York, into one feed. See every new listing the moment it lands, and decide together with everyone in your search, one to ten people.",Never miss out on an apartment again.,独立后缀与名称通道：产品与技术后缀（.app）；通用词典完整分词；固定哈希次序第234名，组实际配额750。未要求命中行业词根；名称线索不是意义或机会确认。,未核实
truevds.tech,2026-09-01,产品与技术后缀,近期注册且有内容,RDAP registration 位于近30天窗口；当前HTTPS页面通过实质内容规则,2026-08-30T21:26:50.997000Z,verified_recent,https://truevds.tech/,OK VDS — быстрый доступ к серверам в разных странах,"Темная посадочная страница OK VDS с тарифами, локациями и простым подключением к личному узлу.","Защищенный сервер для работы, поездок и повседневного доступа",独立后缀与名称通道：产品与技术后缀（.tech）；可读字符形态探索；固定哈希次序第235名，组实际配额750。未要求命中行业词根；名称线索不是意义或机会确认。,未核实
usespeck.ai,2026-09-07,产品与技术后缀,未取得可用页面,当前未取得可用HTTPS页面：http_error,,not_checked,https://usespeck.ai/,,,,独立后缀与名称通道：产品与技术后缀（.ai）；通用词典完整分词；固定哈希次序第236名，组实际配额750。未要求命中行业词根；名称线索不是意义或机会确认。,未核实
angelbox.dev,2026-09-01,产品与技术后缀,页面内容不足,未同时达到正文160字符且（description≥40字符或非通用H1≥8字符）,,not_checked,https://angelbox.dev/,angelbox.dev,,,独立后缀与名称通道：产品与技术后缀（.dev）；可读字符形态探索；固定哈希次序第237名，组实际配额750。未要求命中行业词根；名称线索不是意义或机会确认。,未核实
agrotag.app,2026-09-10,产品与技术后缀,近期注册且有内容,RDAP registration 位于近30天窗口；当前HTTPS页面通过实质内容规则,2026-09-08T14:18:31.304000Z,verified_recent,https://agrotag.app/,AgroTag | Gestión ganadera más simple,"AgroTag simplifica la identificación, el registro y la consulta de información ganadera directamente desde el campo.",Gestioná tu rodeo de una forma más simple.,独立后缀与名称通道：产品与技术后缀（.app）；可读字符形态探索；固定哈希次序第238名，组实际配额750。未要求命中行业词根；名称线索不是意义或机会确认。,未核实
workfine.ai,2026-09-17,产品与技术后缀,未取得可用页面,当前未取得可用HTTPS页面：network_error,,not_checked,https://workfine.ai/,,,,独立后缀与名称通道：产品与技术后缀（.ai）；通用词典完整分词；固定哈希次序第239名，组实际配额750。未要求命中行业词根；名称线索不是意义或机会确认。,未核实
隔离记录-a1e0df64e68e,2026-09-20,产品与技术后缀,近期注册且有内容,本轮暂跳过成人与博彩内容；此项不改变页面是否存在的事实判定。,2026-09-17T07:52:08.937000Z,verified_recent,,已移出本轮研究范围,,,名称与原文不在公开工作台展示；抽样位置保留于本地审计。,未核实
freedom-os.ai,2026-09-09,产品与技术后缀,近期注册且有内容,RDAP registration 位于近30天窗口；当前HTTPS页面通过实质内容规则,2026-09-07T05:09:25.911000Z,verified_recent,https://freedom-os.ai/,Freedom OS — Real estate or yachts,Freedom OS runs the sales side of a brokerage. Pick your side: real estate or yachts.,,独立后缀与名称通道：产品与技术后缀（.ai）；可读字符形态探索；固定哈希次序第241名，组实际配额750。未要求命中行业词根；名称线索不是意义或机会确认。,未核实
cfopartners.tech,2026-09-04,产品与技术后缀,页面内容不足,未同时达到正文160字符且（description≥40字符或非通用H1≥8字符）,,not_checked,https://cfopartners.tech/,"CFO Tech Partners · Finanzas, Software e IA","CFO Tech Partners: finanzas estratégicas, datos e inteligencia artificial para PyMEs.",,独立后缀与名称通道：产品与技术后缀（.tech）；可读字符形态探索；固定哈希次序第242名，组实际配额750。未要求命中行业词根；名称线索不是意义或机会确认。,未核实
gazetted.dev,2026-09-08,产品与技术后缀,近期注册且有内容,RDAP registration 位于近30天窗口；当前HTTPS页面通过实质内容规则,2026-09-06T11:10:58.612000Z,verified_recent,https://gazetted.dev/,Gazetted — Australian official-data APIs,"APIs for Australian official data, built from the government gazettes. Product one: public holidays, regional show days and school terms for every state and territory.","Australian official data, as an API.",独立后缀与名称通道：产品与技术后缀（.dev）；可读字符形态探索；固定哈希次序第243名，组实际配额750。未要求命中行业词根；名称线索不是意义或机会确认。,未核实
lekhajokha.io,2026-09-01,产品与技术后缀,未取得可用页面,当前未取得可用HTTPS页面：http_error,,not_checked,https://lekhajokha.io/,,,,独立后缀与名称通道：产品与技术后缀（.io）；可读字符形态探索；固定哈希次序第244名，组实际配额750。未要求命中行业词根；名称线索不是意义或机会确认。,未核实
rinkit.tech,2026-09-16,产品与技术后缀,未取得可用页面,当前未取得可用HTTPS页面：too_large,,not_checked,https://rinkit.tech/,,,,独立后缀与名称通道：产品与技术后缀（.tech）；可读字符形态探索；固定哈希次序第245名，组实际配额750。未要求命中行业词根；名称线索不是意义或机会确认。,未核实
fidevomedical.app,2026-09-14,产品与技术后缀,页面内容不足,未同时达到正文160字符且（description≥40字符或非通用H1≥8字符）,,not_checked,https://fidevomedical.app/,,,,独立后缀与名称通道：产品与技术后缀（.app）；可读字符形态探索；固定哈希次序第246名，组实际配额750。未要求命中行业词根；名称线索不是意义或机会确认。,未核实
eosan.io,2026-09-07,产品与技术后缀,未取得可用页面,当前未取得可用HTTPS页面：network_error,,not_checked,https://eosan.io/,,,,独立后缀与名称通道：产品与技术后缀（.io）；短缩写探索；固定哈希次序第247名，组实际配额750。未要求命中行业词根；名称线索不是意义或机会确认。,未核实
finward.app,2026-09-09,产品与技术后缀,未取得可用页面,当前未取得可用HTTPS页面：network_error,,not_checked,https://finward.app/,,,,独立后缀与名称通道：产品与技术后缀（.app）；通用词典完整分词；固定哈希次序第248名，组实际配额750。未要求命中行业词根；名称线索不是意义或机会确认。,未核实
sinclo.dev,2026-09-19,产品与技术后缀,未取得可用页面,当前未取得可用HTTPS页面：network_error,,not_checked,https://sinclo.dev/,,,,独立后缀与名称通道：产品与技术后缀（.dev）；可读字符形态探索；固定哈希次序第249名，组实际配额750。未要求命中行业词根；名称线索不是意义或机会确认。,未核实
cognihive.tech,2026-09-07,产品与技术后缀,未取得可用页面,当前未取得可用HTTPS页面：network_error,,not_checked,https://cognihive.tech/,,,,独立后缀与名称通道：产品与技术后缀（.tech）；可读字符形态探索；固定哈希次序第250名，组实际配额750。未要求命中行业词根；名称线索不是意义或机会确认。,未核实
shravann.dev,2026-09-09,产品与技术后缀,近期注册且有内容,RDAP registration 位于近30天窗口；当前HTTPS页面通过实质内容规则,2026-09-07T19:03:09.321000Z,verified_recent,https://shravann.dev/,Shravan Choudhary |,"I design and develop full-stack products, learn by building, and constantly experiment with better ways to create for the web.","Hi, I'm Shravan",独立后缀与名称通道：产品与技术后缀（.dev）；可读字符形态探索；固定哈希次序第251名，组实际配额750。未要求命中行业词根；名称线索不是意义或机会确认。,未核实
domcritshop.tech,2026-08-30,产品与技术后缀,未取得可用页面,当前未取得可用HTTPS页面：network_error,,not_checked,https://domcritshop.tech/,,,,独立后缀与名称通道：产品与技术后缀（.tech）；可读字符形态探索；固定哈希次序第252名，组实际配额750。未要求命中行业词根；名称线索不是意义或机会确认。,未核实
compostea.io,2026-09-22,产品与技术后缀,注册时间未核实,页面有内容，但RDAP未取得有效且位于窗口内的registration事件,,unknown,https://compostea.io/,Compostea — Compost tea without the composting,"Simple, ready-to-steep compost tea sachets for your garden. Meet the limited first Compostea Founder's Kit.",Compost tea. Without the composting.,独立后缀与名称通道：产品与技术后缀（.io）；通用词典完整分词；固定哈希次序第253名，组实际配额750。未要求命中行业词根；名称线索不是意义或机会确认。,未核实
numiva.app,2026-09-10,产品与技术后缀,页面内容不足,未同时达到正文160字符且（description≥40字符或非通用H1≥8字符）,,not_checked,https://numiva.app/,NUMIVA — Астрология и матрица судьбы,"Астрология, матрица судьбы и энерготехнологии для осознанной жизни",,独立后缀与名称通道：产品与技术后缀（.app）；可读字符形态探索；固定哈希次序第254名，组实际配额750。未要求命中行业词根；名称线索不是意义或机会确认。,未核实
setconsulting.app,2026-09-18,产品与技术后缀,页面内容不足,未同时达到正文160字符且（description≥40字符或非通用H1≥8字符）,,not_checked,https://setconsulting.app/,Set Consulting — Structural Transparency,Structural transparency consulting for founders and leaders building organizations that need to remain trustworthy as they grow.,,独立后缀与名称通道：产品与技术后缀（.app）；通用词典完整分词；固定哈希次序第255名，组实际配额750。未要求命中行业词根；名称线索不是意义或机会确认。,未核实
mahfouz.app,2026-09-15,产品与技术后缀,近期注册且有内容,RDAP registration 位于近30天窗口；当前HTTPS页面通过实质内容规则,2026-09-13T17:17:09.132000Z,verified_recent,https://mahfouz.app/,Mahfouz — Notes that stay yours,"Mahfouz is a calm, open Markdown workspace with zero lock-in. Your notes are plain files anyone — and any agent — can read and edit directly, versioned and shared with Git.",Notes that stay yours.,独立后缀与名称通道：产品与技术后缀（.app）；可读字符形态探索；固定哈希次序第256名，组实际配额750。未要求命中行业词根；名称线索不是意义或机会确认。,未核实
lyrasocial.app,2026-09-04,产品与技术后缀,未取得可用页面,当前未取得可用HTTPS页面：network_error,,not_checked,https://lyrasocial.app/,,,,独立后缀与名称通道：产品与技术后缀（.app）；通用词典完整分词；固定哈希次序第257名，组实际配额750。未要求命中行业词根；名称线索不是意义或机会确认。,未核实
mydiapers.app,2026-08-31,产品与技术后缀,未取得可用页面,当前未取得可用HTTPS页面：http_error,,not_checked,https://mydiapers.app/,,,,独立后缀与名称通道：产品与技术后缀（.app）；可读字符形态探索；固定哈希次序第258名，组实际配额750。未要求命中行业词根；名称线索不是意义或机会确认。,未核实
scan4me.app,2026-09-07,产品与技术后缀,未取得可用页面,当前未取得可用HTTPS页面：too_large,,not_checked,https://scan4me.app/,,,,独立后缀与名称通道：产品与技术后缀（.app）；少量数字名称探索；固定哈希次序第259名，组实际配额750。未要求命中行业词根；名称线索不是意义或机会确认。,未核实
ustednav.app,2026-09-25,产品与技术后缀,近期注册且有内容,RDAP registration 位于近30天窗口；当前HTTPS页面通过实质内容规则,2026-09-23T04:14:12.483000Z,verified_recent,https://www.ustednav.app/,USTED NAV | Offline Campus Map & Room Finder,"Find any hall, block, or office on campus | completely offline",USTED NAV BETA,独立后缀与名称通道：产品与技术后缀（.app）；可读字符形态探索；固定哈希次序第260名，组实际配额750。未要求命中行业词根；名称线索不是意义或机会确认。,未核实
swarmdeck.io,2026-09-23,产品与技术后缀,页面内容不足,未同时达到正文160字符且（description≥40字符或非通用H1≥8字符）,,not_checked,https://swarmdeck.io/,Swarmdeck,Swarmdeck Content Operations,,独立后缀与名称通道：产品与技术后缀（.io）；通用词典完整分词；固定哈希次序第261名，组实际配额750。未要求命中行业词根；名称线索不是意义或机会确认。,未核实
locorum.app,2026-09-05,产品与技术后缀,未取得可用页面,当前未取得可用HTTPS页面：network_error,,not_checked,https://locorum.app/,,,,独立后缀与名称通道：产品与技术后缀（.app）；通用词典完整分词；固定哈希次序第262名，组实际配额750。未要求命中行业词根；名称线索不是意义或机会确认。,未核实
ademkoc.tech,2026-09-16,产品与技术后缀,近期注册且有内容,RDAP registration 位于近30天窗口；当前HTTPS页面通过实质内容规则,2026-09-14T06:55:00.240000Z,verified_recent,https://ademkoc.tech/,ademkoc.tech — Teknolojiyi anlaşılır kılıyoruz,"ademkoc.tech; yazılım mimarilerinden donanımın fiziğine, karmaşık teknoloji ve mühendislik kavramlarını kısa ve akılda kalıcı videolarla anlatan Türkçe teknik içerik ve eğitim platformu.",ademkoc .tech,独立后缀与名称通道：产品与技术后缀（.tech）；可读字符形态探索；固定哈希次序第263名，组实际配额750。未要求命中行业词根；名称线索不是意义或机会确认。,未核实
jeongseong.app,2026-09-08,产品与技术后缀,未取得可用页面,当前未取得可用HTTPS页面：network_error,,not_checked,https://jeongseong.app/,,,,独立后缀与名称通道：产品与技术后缀（.app）；可读字符形态探索；固定哈希次序第264名，组实际配额750。未要求命中行业词根；名称线索不是意义或机会确认。,未核实
xumeng.tech,2026-09-03,产品与技术后缀,未取得可用页面,当前未取得可用HTTPS页面：network_error,,not_checked,https://xumeng.tech/,,,,独立后缀与名称通道：产品与技术后缀（.tech）；可读字符形态探索；固定哈希次序第265名，组实际配额750。未要求命中行业词根；名称线索不是意义或机会确认。,未核实
samepagefamily.app,2026-09-25,产品与技术后缀,近期注册且有内容,RDAP registration 位于近30天窗口；当前HTTPS页面通过实质内容规则,2026-09-23T21:58:50.361000Z,verified_recent,https://samepagefamily.app/,Same Page | Private Family Communication & Planning App,"Same Page helps families communicate, solve family issues, coordinate kids, and stay connected across households and countries.",Stay on the same page.,独立后缀与名称通道：产品与技术后缀（.app）；通用词典完整分词；固定哈希次序第266名，组实际配额750。未要求命中行业词根；名称线索不是意义或机会确认。,未核实
findmyspot.tech,2026-09-15,产品与技术后缀,页面内容不足,未同时达到正文160字符且（description≥40字符或非通用H1≥8字符）,,not_checked,https://findmyspot.tech/,FindMySpot,FindMySpot turns an ordinary fixed camera into a live map of which parking stalls are open.,,独立后缀与名称通道：产品与技术后缀（.tech）；可读字符形态探索；固定哈希次序第267名，组实际配额750。未要求命中行业词根；名称线索不是意义或机会确认。,未核实
localfire.app,2026-09-17,产品与技术后缀,未取得可用页面,当前未取得可用HTTPS页面：network_error,,not_checked,https://localfire.app/,,,,独立后缀与名称通道：产品与技术后缀（.app）；通用词典完整分词；固定哈希次序第268名，组实际配额750。未要求命中行业词根；名称线索不是意义或机会确认。,未核实
damasio.ai,2026-09-08,产品与技术后缀,停放或未正式开放,AI内容复核：页面直接显示即将上线并收集联系信息，没有具体已发布产品内容。 原文：damasio.ai damasio.ai Launching Soon Launching Soon Contact Us;自动初判：RDAP registration 位于近30天窗口；当前HTTPS页面通过实质内容规则,2026-09-05T14:58:18.352000Z,verified_recent,https://damasio.ai/,damasio.ai,Damasio.ai - AI platform launching soon. Join us for updates and be the first to experience the future of technology. Contact us for inquiries.,Launching Soon;Launching Soon,独立后缀与名称通道：产品与技术后缀（.ai）；可读字符形态探索；固定哈希次序第269名，组实际配额750。未要求命中行业词根；名称线索不是意义或机会确认。,未核实
comagrofs.app,2026-09-18,产品与技术后缀,页面内容不足,未同时达到正文160字符且（description≥40字符或非通用H1≥8字符）,,not_checked,https://www.comagrofs.app/login,Comagro OS,Plataforma financiera Comagro,,独立后缀与名称通道：产品与技术后缀（.app）；可读字符形态探索；固定哈希次序第270名，组实际配额750。未要求命中行业词根；名称线索不是意义或机会确认。,未核实
bestsidehustle.ai,2026-09-02,产品与技术后缀,未取得可用页面,当前未取得可用HTTPS页面：http_error,,not_checked,https://bestsidehustle.ai/,,,,独立后缀与名称通道：产品与技术后缀（.ai）；通用词典完整分词；固定哈希次序第271名，组实际配额750。未要求命中行业词根；名称线索不是意义或机会确认。,未核实
cannachef.app,2026-09-17,产品与技术后缀,近期注册且有内容,RDAP registration 位于近30天窗口；当前HTTPS页面通过实质内容规则,2026-09-14T16:22:58.897000Z,verified_recent,https://cannachef.app/,"CannaChef — Cooking with cannabis, calculated","Decarb, infusion and dosing calculators that show their work, plus a recipe library that rescales every ingredient to the potency of the oil you actually made.",Every number shows its work.,独立后缀与名称通道：产品与技术后缀（.app）；通用词典完整分词；固定哈希次序第272名，组实际配额750。未要求命中行业词根；名称线索不是意义或机会确认。,未核实
ourbenefitsaccount.ai,2026-08-29,产品与技术后缀,页面内容不足,未同时达到正文160字符且（description≥40字符或非通用H1≥8字符）,,not_checked,https://ourbenefitsaccount.ai/,,,,独立后缀与名称通道：产品与技术后缀（.ai）；通用词典完整分词；固定哈希次序第273名，组实际配额750。未要求命中行业词根；名称线索不是意义或机会确认。,未核实
certifalign.ai,2026-09-13,产品与技术后缀,页面内容不足,未同时达到正文160字符且（description≥40字符或非通用H1≥8字符）,,not_checked,https://certifalign.ai/,,,,独立后缀与名称通道：产品与技术后缀（.ai）；可读字符形态探索；固定哈希次序第274名，组实际配额750。未要求命中行业词根；名称线索不是意义或机会确认。,未核实
holark.dev,2026-08-28,产品与技术后缀,未取得可用页面,当前未取得可用HTTPS页面：network_error,,not_checked,https://holark.dev/,,,,独立后缀与名称通道：产品与技术后缀（.dev）；可读字符形态探索；固定哈希次序第275名，组实际配额750。未要求命中行业词根；名称线索不是意义或机会确认。,未核实
sisnet.app,2026-09-04,产品与技术后缀,页面内容不足,未同时达到正文160字符且（description≥40字符或非通用H1≥8字符）,,not_checked,https://sisnet.app/,SisNET | Assistência Técnica,,,独立后缀与名称通道：产品与技术后缀（.app）；通用词典完整分词；固定哈希次序第276名，组实际配额750。未要求命中行业词根；名称线索不是意义或机会确认。,未核实
隔离记录-6222aa8fbfd1,2026-09-14,产品与技术后缀,近期注册且有内容,本轮暂跳过成人与博彩内容；此项不改变页面是否存在的事实判定。,2026-09-11T15:04:28.676000Z,verified_recent,,已移出本轮研究范围,,,名称与原文不在公开工作台展示；抽样位置保留于本地审计。,未核实
metafreak.io,2026-09-04,产品与技术后缀,未取得可用页面,当前未取得可用HTTPS页面：network_error,,not_checked,https://soundgear.nl/,,,,独立后缀与名称通道：产品与技术后缀（.io）；通用词典完整分词；固定哈希次序第278名，组实际配额750。未要求命中行业词根；名称线索不是意义或机会确认。,未核实
masterswitch.tech,2026-09-21,产品与技术后缀,未取得可用页面,当前未取得可用HTTPS页面：network_error,,not_checked,https://masterswitch.tech/,,,,独立后缀与名称通道：产品与技术后缀（.tech）；通用词典完整分词；固定哈希次序第279名，组实际配额750。未要求命中行业词根；名称线索不是意义或机会确认。,未核实
twinight.app,2026-09-22,产品与技术后缀,页面内容不足,未同时达到正文160字符且（description≥40字符或非通用H1≥8字符）,,not_checked,https://twinight.app/login,Twinight,"Ein gemeinsames Tagebuch – Momente festhalten, teilen, bewerten.",Twinight,独立后缀与名称通道：产品与技术后缀（.app）；通用词典完整分词；固定哈希次序第280名，组实际配额750。未要求命中行业词根；名称线索不是意义或机会确认。,未核实
eddies.ai,2026-09-01,产品与技术后缀,页面内容不足,未同时达到正文160字符且（description≥40字符或非通用H1≥8字符）,,not_checked,https://eddies.ai/,,,,独立后缀与名称通道：产品与技术后缀（.ai）；可读字符形态探索；固定哈希次序第281名，组实际配额750。未要求命中行业词根；名称线索不是意义或机会确认。,未核实
irhtechnology.tech,2026-09-23,产品与技术后缀,页面内容不足,未同时达到正文160字符且（description≥40字符或非通用H1≥8字符）,,not_checked,https://irhtechnology.tech/,,,,独立后缀与名称通道：产品与技术后缀（.tech）；可读字符形态探索；固定哈希次序第282名，组实际配额750。未要求命中行业词根；名称线索不是意义或机会确认。,未核实
lumip.io,2026-08-30,产品与技术后缀,注册时间未核实,页面有内容，但RDAP未取得有效且位于窗口内的registration事件,,unknown,https://lumip.io/,LUMIP — 独享美国住宅 IP · TikTok / 电商 / AI 稳定直连,来自美国真实运营商的独享静态住宅 IP，不轮换、不共享，三网精品线路直连。适合 TikTok、跨境电商多店与 Claude / ChatGPT 等 AI 工具。,美国真实运营商 独享住宅 IP,独立后缀与名称通道：产品与技术后缀（.io）；短缩写探索；固定哈希次序第283名，组实际配额750。未要求命中行业词根；名称线索不是意义或机会确认。,未核实
co-fund.app,2026-09-22,产品与技术后缀,页面内容不足,未同时达到正文160字符且（description≥40字符或非通用H1≥8字符）,,not_checked,https://co-fund.app/,,,,独立后缀与名称通道：产品与技术后缀（.app）；可读字符形态探索；固定哈希次序第284名，组实际配额750。未要求命中行业词根；名称线索不是意义或机会确认。,未核实
planethop.app,2026-09-22,产品与技术后缀,页面内容不足,未同时达到正文160字符且（description≥40字符或非通用H1≥8字符）,,not_checked,https://www.planethop.app/zh,在地球上发现下一个目的地,在可交互的 3D 地球上探索 195 个国家的精选景点，查看评分、最佳季节、交通、门票与签证信息，并规划跨国旅行路线。,,独立后缀与名称通道：产品与技术后缀（.app）；通用词典完整分词；固定哈希次序第285名，组实际配额750。未要求命中行业词根；名称线索不是意义或机会确认。,未核实
隔离记录-b0a2219822f6,2026-09-13,产品与技术后缀,近期注册且有内容,本轮暂跳过成人与博彩内容；此项不改变页面是否存在的事实判定。,2026-09-11T10:50:12.253000Z,verified_recent,,已移出本轮研究范围,,,名称与原文不在公开工作台展示；抽样位置保留于本地审计。,未核实
leonardoabreu.dev,2026-09-01,产品与技术后缀,近期注册且有内容,RDAP registration 位于近30天窗口；当前HTTPS页面通过实质内容规则,2026-08-30T05:02:40.583000Z,verified_recent,https://leonardoabreu.dev/,Portfólio | Leonardo Abreu,Site pessoal autodesenvolvido construído com Next.js,,独立后缀与名称通道：产品与技术后缀（.dev）；可读字符形态探索；固定哈希次序第287名，组实际配额750。未要求命中行业词根；名称线索不是意义或机会确认。,未核实
edsonlab.dev,2026-09-23,产品与技术后缀,未取得可用页面,当前未取得可用HTTPS页面：network_error,,not_checked,https://edsonlab.dev/,,,,独立后缀与名称通道：产品与技术后缀（.dev）；可读字符形态探索；固定哈希次序第288名，组实际配额750。未要求命中行业词根；名称线索不是意义或机会确认。,未核实
nolvis.app,2026-08-28,产品与技术后缀,未取得可用页面,当前未取得可用HTTPS页面：network_error,,not_checked,https://nolvis.app/,,,,独立后缀与名称通道：产品与技术后缀（.app）；可读字符形态探索；固定哈希次序第289名，组实际配额750。未要求命中行业词根；名称线索不是意义或机会确认。,未核实
dorrk.app,2026-09-22,产品与技术后缀,停放或未正式开放,AI内容复核：司机优惠会员页明确说目前没有可用优惠，优惠仍在准备，现阶段主要是登记兴趣；按待发布服务处理。 原文：لا توجد عروض قابلة للاستخدام حاليًا.;自动初判：RDAP registration 位于近30天窗口；当前HTTPS页面通过实质内容规则,2026-09-20T11:51:05.086000Z,verified_recent,https://dorrk.app/,دورك | عضوية السائقين,خصومات تخفّض مصاريف شغلك. سجّل اهتمامك بعضوية دورك للسائقين.,شغلك على الطريق. وتوفيرك مع دورك.,独立后缀与名称通道：产品与技术后缀（.app）；短缩写探索；固定哈希次序第290名，组实际配额750。未要求命中行业词根；名称线索不是意义或机会确认。,未核实
cesari.tech,2026-09-13,产品与技术后缀,近期注册且有内容,RDAP registration 位于近30天窗口；当前HTTPS页面通过实质内容规则,2026-09-11T20:22:34.775000Z,verified_recent,https://cesari.tech/,"Cesari Empreendimentos | Construtora e incorporadora em MS, SP e ES","Há 16 anos entregando imóveis certificados ISO 9001 e PBQP-H Nível A em Campo Grande, Barretos e Aracruz. Financiamento Caixa, Minha Casa Minha Vida e valorização real.",Lugares para viver. Motivos para investir.,独立后缀与名称通道：产品与技术后缀（.tech）；可读字符形态探索；固定哈希次序第291名，组实际配额750。未要求命中行业词根；名称线索不是意义或机会确认。,未核实
discoverylab.tech,2026-09-17,产品与技术后缀,未取得可用页面,当前未取得可用HTTPS页面：network_error,,not_checked,https://discoverylab.tech/,,,,独立后缀与名称通道：产品与技术后缀（.tech）；通用词典完整分词；固定哈希次序第292名，组实际配额750。未要求命中行业词根；名称线索不是意义或机会确认。,未核实
agicorp.ai,2026-09-02,产品与技术后缀,停放或未正式开放,标题/H1/description 或域名式标题对应的正文开头命中停放/未开放标记：under construction,,not_checked,https://agicorp.ai/,Coming Soon,,agicorp.ai,独立后缀与名称通道：产品与技术后缀（.ai）；可读字符形态探索；固定哈希次序第293名，组实际配额750。未要求命中行业词根；名称线索不是意义或机会确认。,未核实
隔离记录-fd78f6bf14d0,2026-09-12,产品与技术后缀,注册时间未核实,公开展示暂隔离，原始技术判定保留。,,unknown,,已移出本轮研究范围,,,名称与原文不在公开工作台展示；抽样位置保留于本地审计。,未核实
dayweavr.app,2026-08-27,产品与技术后缀,注册超过30天,RDAP registration 早于固定30天窗口,2026-08-25T14:16:22.625000Z,verified_old,https://www.dayweavr.com/login,DayWeavr,AI-powered daily planning for busy professionals,DayWeavr;Sign in,独立后缀与名称通道：产品与技术后缀（.app）；可读字符形态探索；固定哈希次序第295名，组实际配额750。未要求命中行业词根；名称线索不是意义或机会确认。,未核实
homebodydating.app,2026-09-07,产品与技术后缀,未取得可用页面,当前未取得可用HTTPS页面：network_error,,not_checked,https://homebodydating.app/,,,,独立后缀与名称通道：产品与技术后缀（.app）；通用词典完整分词；固定哈希次序第296名，组实际配额750。未要求命中行业词根；名称线索不是意义或机会确认。,未核实
compusched.app,2026-09-10,产品与技术后缀,页面内容不足,AI内容复核：当前保存正文只有会话检查、登录和注册入口，没有日程管理内容或足够功能说明；按登录壳归为页面内容不足。 原文：Compu Sched Checking session... Sign in Manage your availability and schedule. Email Password Forgot password? Checking session... New to CompuSched? Create account;自动初判：RDAP registration 位于近30天窗口；当前HTTPS页面通过实质内容规则,2026-09-08T19:47:39.667000Z,verified_recent,https://compusched.app/,CompuSched,Manage your availability and monthly schedule with CompuSched.,Compu Sched,独立后缀与名称通道：产品与技术后缀（.app）；可读字符形态探索；固定哈希次序第297名，组实际配额750。未要求命中行业词根；名称线索不是意义或机会确认。,未核实
halffive.app,2026-09-06,产品与技术后缀,近期注册且有内容,RDAP registration 位于近30天窗口；当前HTTPS页面通过实质内容规则,2026-09-03T09:14:16.397000Z,verified_recent,https://www.halffive.app/,"Dinner, decided — Half Five","Half Five picks tonight's dinner from the meals your household already cooks. One card at half five, one tap, and the evening's sorted.","At half five, dinner's decided.",独立后缀与名称通道：产品与技术后缀（.app）；通用词典完整分词；固定哈希次序第298名，组实际配额750。未要求命中行业词根；名称线索不是意义或机会确认。,未核实
stuckato.app,2026-09-20,产品与技术后缀,近期注册且有内容,RDAP registration 位于近30天窗口；当前HTTPS页面通过实质内容规则,2026-09-17T23:17:39.351000Z,verified_recent,https://stuckato.app/,Stuckato,"Short bursts. Real progress. Couch to 5K for practising an instrument, in a choir or in an orchestra. Your teacher sets the week; Stuckato gets you to practise every day.",,独立后缀与名称通道：产品与技术后缀（.app）；可读字符形态探索；固定哈希次序第299名，组实际配额750。未要求命中行业词根；名称线索不是意义或机会确认。,未核实
aiskora.ai,2026-09-24,产品与技术后缀,跳转到其他域名,来源域名近期注册，但最终页面属于其他域名；目标站上线时间未知,2026-09-21T18:59:43.762000Z,verified_recent,https://aiskora.com/,,,Practical AI Training for Forward-Thinking Organisations;Practical AI Training for Forward-Thinking Organisations;AI Training & Enablement;Training;Automation;Enablement;AI Training Built Around Real Work;Practical AI Training for Your Team;AI Fundamentals;AI Productivity,独立后缀与名称通道：产品与技术后缀（.ai）；可读字符形态探索；固定哈希次序第300名，组实际配额750。未要求命中行业词根；名称线索不是意义或机会确认。,未核实
gamedesk.app,2026-09-14,产品与技术后缀,未取得可用页面,当前未取得可用HTTPS页面：http_error,,not_checked,https://domains.atom.com/lpd/name/gamedesk.app,,,,独立后缀与名称通道：产品与技术后缀（.app）；通用词典完整分词；固定哈希次序第301名，组实际配额750。未要求命中行业词根；名称线索不是意义或机会确认。,未核实
optionslife.ai,2026-08-28,产品与技术后缀,注册超过30天,RDAP registration 早于固定30天窗口,2026-08-22T10:39:12.254000Z,verified_old,https://app.optionslife.ai/sign-in,Option Tools — Trade with an edge.,"Scanners, risk, analysis and your broker positions, read-only. One desk, one login.",,独立后缀与名称通道：产品与技术后缀（.ai）；可读字符形态探索；固定哈希次序第302名，组实际配额750。未要求命中行业词根；名称线索不是意义或机会确认。,未核实
affordablehealthcare.ai,2026-09-04,产品与技术后缀,页面内容不足,未同时达到正文160字符且（description≥40字符或非通用H1≥8字符）,,not_checked,https://affordablehealthcare.ai/,,,,独立后缀与名称通道：产品与技术后缀（.ai）；通用词典完整分词；固定哈希次序第303名，组实际配额750。未要求命中行业词根；名称线索不是意义或机会确认。,未核实
nasgul.dev,2026-09-18,产品与技术后缀,未取得可用页面,当前未取得可用HTTPS页面：network_error,,not_checked,https://nasgul.dev/,,,,独立后缀与名称通道：产品与技术后缀（.dev）；可读字符形态探索；固定哈希次序第304名，组实际配额750。未要求命中行业词根；名称线索不是意义或机会确认。,未核实
otcanvas.app,2026-09-22,产品与技术后缀,未取得可用页面,当前未取得可用HTTPS页面：network_error,,not_checked,https://otcanvas.app/,,,,独立后缀与名称通道：产品与技术后缀（.app）；可读字符形态探索；固定哈希次序第305名，组实际配额750。未要求命中行业词根；名称线索不是意义或机会确认。,未核实
consultme.ai,2026-09-19,产品与技术后缀,未取得可用页面,当前未取得可用HTTPS页面：http_error,,not_checked,https://domains.atom.com/lpd/name/consultme.ai,,,,独立后缀与名称通道：产品与技术后缀（.ai）；可读字符形态探索；固定哈希次序第306名，组实际配额750。未要求命中行业词根；名称线索不是意义或机会确认。,未核实
calibrer.app,2026-09-10,产品与技术后缀,页面内容不足,未同时达到正文160字符且（description≥40字符或非通用H1≥8字符）,,not_checked,https://calibrer.app/,Calibrer Calibration Ltd,,,独立后缀与名称通道：产品与技术后缀（.app）；可读字符形态探索；固定哈希次序第307名，组实际配额750。未要求命中行业词根；名称线索不是意义或机会确认。,未核实
pharao.dev,2026-09-05,产品与技术后缀,未取得可用页面,当前未取得可用HTTPS页面：network_error,,not_checked,https://pharao.dev/,,,,独立后缀与名称通道：产品与技术后缀（.dev）；可读字符形态探索；固定哈希次序第308名，组实际配额750。未要求命中行业词根；名称线索不是意义或机会确认。,未核实
webvip.app,2026-09-07,产品与技术后缀,未取得可用页面,当前未取得可用HTTPS页面：network_error,,not_checked,https://webvip.app/,,,,独立后缀与名称通道：产品与技术后缀（.app）；通用词典完整分词；固定哈希次序第309名，组实际配额750。未要求命中行业词根；名称线索不是意义或机会确认。,未核实
vantum.app,2026-08-27,产品与技术后缀,注册超过30天,RDAP registration 早于固定30天窗口,2026-08-24T16:48:15.921000Z,verified_old,https://vantum.app/,Vantum,"Descubra o vantum app, um serviço inovador em tecnologia. Lançamento em breve! Acesse já nosso site em construção e fique por dentro.","Organize, Execute, Conquiste;Organize, Execute, Conquiste",独立后缀与名称通道：产品与技术后缀（.app）；通用词典完整分词；固定哈希次序第310名，组实际配额750。未要求命中行业词根；名称线索不是意义或机会确认。,未核实
levaembora.app,2026-09-17,产品与技术后缀,页面内容不足,AI内容复核：正文只有导航、运营联系信息和页脚，未取得描述中所称清运服务的具体页面内容。 原文：Leva Embora Início Ecopontos Guia Coletores Pedidos Pontos Leva Embora;自动初判：RDAP registration 位于近30天窗口；当前HTTPS页面通过实质内容规则,2026-09-15T05:12:46.904000Z,verified_recent,https://levaembora.app/,Leva Embora — retirada de entulho e móveis em São Paulo,"Retirada em casa de entulho, móveis e eletrodomésticos na cidade de São Paulo. Preço fechado por tamanho, pagamento por Pix e destino licenciado.",,独立后缀与名称通道：产品与技术后缀（.app）；可读字符形态探索；固定哈希次序第311名，组实际配额750。未要求命中行业词根；名称线索不是意义或机会确认。,未核实
sapientia.dev,2026-09-14,产品与技术后缀,页面内容不足,未同时达到正文160字符且（description≥40字符或非通用H1≥8字符）,,not_checked,https://sapientia.dev/,,,,独立后缀与名称通道：产品与技术后缀（.dev）；可读字符形态探索；固定哈希次序第312名，组实际配额750。未要求命中行业词根；名称线索不是意义或机会确认。,未核实
fnmos.dev,2026-09-06,产品与技术后缀,未取得可用页面,当前未取得可用HTTPS页面：network_error,,not_checked,https://fnmos.dev/,,,,独立后缀与名称通道：产品与技术后缀（.dev）；短缩写探索；固定哈希次序第313名，组实际配额750。未要求命中行业词根；名称线索不是意义或机会确认。,未核实
heyverika.app,2026-08-29,产品与技术后缀,页面内容不足,未同时达到正文160字符且（description≥40字符或非通用H1≥8字符）,,not_checked,https://heyverika.app/,,,,独立后缀与名称通道：产品与技术后缀（.app）；可读字符形态探索；固定哈希次序第314名，组实际配额750。未要求命中行业词根；名称线索不是意义或机会确认。,未核实
cavic.dev,2026-09-18,产品与技术后缀,近期注册且有内容,RDAP registration 位于近30天窗口；当前HTTPS页面通过实质内容规则,2026-09-16T20:59:10.034000Z,verified_recent,https://cavic.dev/,CAVIC.DEV | Software Engineering & Technology Solutions,"CAVIC.DEV oferece desenvolvimento de software, APIs, integrações, soluções backend .NET, sistemas corporativos e tecnologia para negócios.",Software Engineering & Technology Solutions,独立后缀与名称通道：产品与技术后缀（.dev）；短缩写探索；固定哈希次序第315名，组实际配额750。未要求命中行业词根；名称线索不是意义或机会确认。,未核实
wellheads.ai,2026-09-10,产品与技术后缀,页面内容不足,AI内容复核：页面只有泛化口号、联系表单和Cookie声明，没有具体AI产品或服务说明，属占位联系模板。 原文：Optimize Your Oil Operations Contact Us Drop us a line!;自动初判：RDAP registration 位于近30天窗口；当前HTTPS页面通过实质内容规则,2026-09-07T20:56:53.356000Z,verified_recent,https://wellheads.ai/,Wellheads AI,Explore wellheads.ai for cutting-edge AI solutions in wellhead technology to streamline operations. Join our newsletter for updates!,Optimize Your Oil Operations;Optimize Your Oil Operations,独立后缀与名称通道：产品与技术后缀（.ai）；可读字符形态探索；固定哈希次序第316名，组实际配额750。未要求命中行业词根；名称线索不是意义或机会确认。,未核实
soutien.app,2026-09-01,产品与技术后缀,页面内容不足,未同时达到正文160字符且（description≥40字符或非通用H1≥8字符）,,not_checked,https://soutien.app/,ScolaGest — Gestion de centre de soutien scolaire,"Gérez élèves, professeurs, paiements, impayés, pointage et bulletins de paie de votre centre de soutien scolaire depuis une seule plateforme.",,独立后缀与名称通道：产品与技术后缀（.app）；通用词典完整分词；固定哈希次序第317名，组实际配额750。未要求命中行业词根；名称线索不是意义或机会确认。,未核实
sistermethod.app,2026-09-12,产品与技术后缀,页面内容不足,未同时达到正文160字符且（description≥40字符或非通用H1≥8字符）,,not_checked,https://sistermethod.app/,Base44 APP,,,独立后缀与名称通道：产品与技术后缀（.app）；通用词典完整分词；固定哈希次序第318名，组实际配额750。未要求命中行业词根；名称线索不是意义或机会确认。,未核实
zasobo.app,2026-09-15,产品与技术后缀,未取得可用页面,当前未取得可用HTTPS页面：http_error,,not_checked,https://zasobo.pl/,,,,独立后缀与名称通道：产品与技术后缀（.app）；可读字符形态探索；固定哈希次序第319名，组实际配额750。未要求命中行业词根；名称线索不是意义或机会确认。,未核实
biblefi.app,2026-09-07,产品与技术后缀,页面内容不足,未同时达到正文160字符且（description≥40字符或非通用H1≥8字符）,,not_checked,https://biblefi.app/,BibleFi - Biblical DeFi App,"BibleFi - Biblical principles for your financial journey. Stake, tithe, and grow wealth according to scripture.",,独立后缀与名称通道：产品与技术后缀（.app）；可读字符形态探索；固定哈希次序第320名，组实际配额750。未要求命中行业词根；名称线索不是意义或机会确认。,未核实
comap.tech,2026-09-18,产品与技术后缀,近期注册且有内容,RDAP registration 位于近30天窗口；当前HTTPS页面通过实质内容规则,2026-09-16T16:51:03.842000Z,verified_recent,https://comap.tech/,Co.Map — Entenda como sua empresa realmente funciona,"Conecte processos, áreas, sistemas e dependências para entender a operação e priorizar melhorias, automação e transformação.",Entenda como sua empresa realmente funciona.,独立后缀与名称通道：产品与技术后缀（.tech）；短缩写探索；固定哈希次序第321名，组实际配额750。未要求命中行业词根；名称线索不是意义或机会确认。,未核实
cscpeventhub.tech,2026-09-15,产品与技术后缀,未取得可用页面,当前未取得可用HTTPS页面：network_error,,not_checked,https://cscpeventhub.tech/,,,,独立后缀与名称通道：产品与技术后缀（.tech）；可读字符形态探索；固定哈希次序第322名，组实际配额750。未要求命中行业词根；名称线索不是意义或机会确认。,未核实
marginbudget.tech,2026-09-08,产品与技术后缀,近期注册且有内容,RDAP registration 位于近30天窗口；当前HTTPS页面通过实质内容规则,2026-09-06T02:01:30.097000Z,verified_recent,https://marginbudget.tech/,"Margin — Your money, with more margin","A calmer way to understand where your money goes, build better habits, and make every dollar intentional. Private by design — no bank linking. Join the waitlist.","Your Money, With More Margin",独立后缀与名称通道：产品与技术后缀（.tech）；通用词典完整分词；固定哈希次序第323名，组实际配额750。未要求命中行业词根；名称线索不是意义或机会确认。,未核实
territorio.io,2026-09-19,产品与技术后缀,注册时间未核实,页面有内容，但RDAP未取得有效且位于窗口内的registration事件,,unknown,https://territorio.io/,"Territorio.io — particelle catastali, vincoli urbanistici e aste giudiziarie","Cerca una particella catastale per comune, foglio e mappale e scopri cosa dice il piano urbanistico: cosa si puo' costruire, quali vincoli gravano sull'area, rischio sismico. Piu' le aste giudiziarie con prezzi e scadenze. Gratuito, senza registrazione.",Cerca,独立后缀与名称通道：产品与技术后缀（.io）；可读字符形态探索；固定哈希次序第324名，组实际配额750。未要求命中行业词根；名称线索不是意义或机会确认。,未核实
hermosso.ai,2026-09-12,产品与技术后缀,跳转到其他域名,来源域名近期注册，但最终页面属于其他域名；目标站上线时间未知,2026-09-07T07:33:06.796000Z,verified_recent,https://hermosso.com/,Hermosso — AI Suite for Creation and Creators,"Hermosso is an all-in-one AI visual studio: 19 models across 20 engines, photo-to-video, editing, 22K upscaling and restoration — plus personal AI photoshoots from your selfies.","The AI Content Studio for Creators, Marketers and Modern Brands",独立后缀与名称通道：产品与技术后缀（.ai）；可读字符形态探索；固定哈希次序第325名，组实际配额750。未要求命中行业词根；名称线索不是意义或机会确认。,未核实
alonzoo.tech,2026-08-30,产品与技术后缀,近期注册且有内容,RDAP registration 位于近30天窗口；当前HTTPS页面通过实质内容规则,2026-08-28T11:14:48.329000Z,verified_recent,https://alonzoo.tech/,Alonzoo — App-Studio für Apps und KI,Alonzoo gestaltet und entwickelt kundengerechte Apps und KI-Anwendungen entlang der gesamten Wirkungskette.,Apps und KI. Auf Menschen zugeschnitten.,独立后缀与名称通道：产品与技术后缀（.tech）；可读字符形态探索；固定哈希次序第326名，组实际配额750。未要求命中行业词根；名称线索不是意义或机会确认。,未核实
familyrecords.app,2026-09-01,产品与技术后缀,近期注册且有内容,RDAP registration 位于近30天窗口；当前HTTPS页面通过实质内容规则,2026-08-30T00:33:33.482000Z,verified_recent,https://familyrecords.app/,Family Records,"A private, permissioned home for your family's documents - on your own domain, with a plan for what happens when someone dies.",Where a family keeps what matters.,独立后缀与名称通道：产品与技术后缀（.app）；可读字符形态探索；固定哈希次序第327名，组实际配额750。未要求命中行业词根；名称线索不是意义或机会确认。,未核实
hospa.ai,2026-09-13,产品与技术后缀,页面内容不足,未同时达到正文160字符且（description≥40字符或非通用H1≥8字符）,,not_checked,https://hospa.ai/,,,,独立后缀与名称通道：产品与技术后缀（.ai）；短缩写探索；固定哈希次序第328名，组实际配额750。未要求命中行业词根；名称线索不是意义或机会确认。,未核实
iscan.dev,2026-09-03,产品与技术后缀,未取得可用页面,当前未取得可用HTTPS页面：network_error,,not_checked,https://iscan.dev/,,,,独立后缀与名称通道：产品与技术后缀（.dev）；短缩写探索；固定哈希次序第329名，组实际配额750。未要求命中行业词根；名称线索不是意义或机会确认。,未核实
mobeasy.app,2026-09-17,产品与技术后缀,未取得可用页面,当前未取得可用HTTPS页面：http_error,,not_checked,https://mobeasy.app/,,,,独立后缀与名称通道：产品与技术后缀（.app）；通用词典完整分词；固定哈希次序第330名，组实际配额750。未要求命中行业词根；名称线索不是意义或机会确认。,未核实
bluehaechi.app,2026-09-22,产品与技术后缀,未取得可用页面,当前未取得可用HTTPS页面：network_error,,not_checked,https://bluehaechi.app/,,,,独立后缀与名称通道：产品与技术后缀（.app）；可读字符形态探索；固定哈希次序第331名，组实际配额750。未要求命中行业词根；名称线索不是意义或机会确认。,未核实
satulangkah.app,2026-09-14,产品与技术后缀,停放或未正式开放,标题/H1/description 或域名式标题对应的正文开头命中停放/未开放标记：Welcome to nginx,,not_checked,https://satulangkah.app/,Welcome to nginx!,,Welcome to nginx!,独立后缀与名称通道：产品与技术后缀（.app）；可读字符形态探索；固定哈希次序第332名，组实际配额750。未要求命中行业词根；名称线索不是意义或机会确认。,未核实
funfriday.io,2026-09-19,产品与技术后缀,页面内容不足,未同时达到正文160字符且（description≥40字符或非通用H1≥8字符）,,not_checked,https://funfriday.io/,Guess Personal Facts,A team game: guess which fact belongs to who.,,独立后缀与名称通道：产品与技术后缀（.io）；通用词典完整分词；固定哈希次序第333名，组实际配额750。未要求命中行业词根；名称线索不是意义或机会确认。,未核实
only-ads.app,2026-09-09,产品与技术后缀,页面内容不足,未同时达到正文160字符且（description≥40字符或非通用H1≥8字符）,,not_checked,https://only-ads.app/,Only Ads | Watch short video ads,Choose video ads in the Only Ads feed. Eligible viewers receive a cash share for qualified paid views. Withdrawals open after the stated waiting period and account checks.,,独立后缀与名称通道：产品与技术后缀（.app）；可读字符形态探索；固定哈希次序第334名，组实际配额750。未要求命中行业词根；名称线索不是意义或机会确认。,未核实
隔离记录-d1baee850fb0,2026-09-12,产品与技术后缀,近期注册且有内容,本轮暂跳过成人与博彩内容；此项不改变页面是否存在的事实判定。,2026-09-10T12:35:56.911000Z,verified_recent,,已移出本轮研究范围,,,名称与原文不在公开工作台展示；抽样位置保留于本地审计。,未核实
zoopnetwork.app,2026-09-20,产品与技术后缀,近期注册且有内容,RDAP registration 位于近30天窗口；当前HTTPS页面通过实质内容规则,2026-09-17T22:45:43.586000Z,verified_recent,https://zoopnetwork.app/,Zoop — Secure Direct Device-to-Device Sharing | Private Mesh,"Share your home or phone internet directly with trusted devices — no VPN bottlenecks. WireGuard-encrypted, NAT-traversal, open-source & free. Install Zoop in 30 seconds.",Zoop,独立后缀与名称通道：产品与技术后缀（.app）；可读字符形态探索；固定哈希次序第336名，组实际配额750。未要求命中行业词根；名称线索不是意义或机会确认。,未核实
ladderwalk.app,2026-09-22,产品与技术后缀,近期注册且有内容,RDAP registration 位于近30天窗口；当前HTTPS页面通过实质内容规则,2026-09-20T16:16:15.894000Z,verified_recent,https://www.ladderwalk.app/,LadderWalk — Career relationships that compound,"A living memory for the people, promises, and moments that shape your career.",,独立后缀与名称通道：产品与技术后缀（.app）；通用词典完整分词；固定哈希次序第337名，组实际配额750。未要求命中行业词根；名称线索不是意义或机会确认。,未核实
lomely.app,2026-09-22,产品与技术后缀,停放或未正式开放,标题/H1/description 或域名式标题对应的正文开头命中停放/未开放标记：under construction,,not_checked,https://lomely.app/,Coming Soon,,lomely.app,独立后缀与名称通道：产品与技术后缀（.app）；可读字符形态探索；固定哈希次序第338名，组实际配额750。未要求命中行业词根；名称线索不是意义或机会确认。,未核实
wallypaper.app,2026-09-17,产品与技术后缀,近期注册且有内容,RDAP registration 位于近30天窗口；当前HTTPS页面通过实质内容规则,2026-09-15T03:38:04.155000Z,verified_recent,https://wallypaper.app/,WallyPaper – Turn a photo of your kid or pet into an iPhone wallpaper,"WallyPaper lifts your kid or pet out of any photo, drops them on a backdrop you choose, and adds their name. Four easy steps, entirely on your iPhone. No account, no ads, no tracking.","Your favorite face, always with you.",独立后缀与名称通道：产品与技术后缀（.app）；通用词典完整分词；固定哈希次序第339名，组实际配额750。未要求命中行业词根；名称线索不是意义或机会确认。,未核实
tkbot.ai,2026-08-27,产品与技术后缀,页面内容不足,未同时达到正文160字符且（description≥40字符或非通用H1≥8字符）,,not_checked,https://tkbot.ai/,TkbotAI,Unified AI API gateway and admin dashboard.,,独立后缀与名称通道：产品与技术后缀（.ai）；短缩写探索；固定哈希次序第340名，组实际配额750。未要求命中行业词根；名称线索不是意义或机会确认。,未核实
doubaogeo.tech,2026-09-04,产品与技术后缀,未取得可用页面,当前未取得可用HTTPS页面：network_error,,not_checked,https://doubaogeo.tech/,,,,独立后缀与名称通道：产品与技术后缀（.tech）；可读字符形态探索；固定哈希次序第341名，组实际配额750。未要求命中行业词根；名称线索不是意义或机会确认。,未核实
serviagenda.app,2026-09-20,产品与技术后缀,页面内容不足,未同时达到正文160字符且（description≥40字符或非通用H1≥8字符）,,not_checked,https://www.serviagenda.app/,ServiAgenda,,,独立后缀与名称通道：产品与技术后缀（.app）；可读字符形态探索；固定哈希次序第342名，组实际配额750。未要求命中行业词根；名称线索不是意义或机会确认。,未核实
mecaroute-givet.app,2026-09-15,产品与技术后缀,页面内容不足,未同时达到正文160字符且（description≥40字符或非通用H1≥8字符）,,not_checked,https://mecaroute-givet.app/,MécaRoute Givet — Tableau de bord,"Tableau de bord — vue d'ensemble des véhicules, du petit matériel et des maintenances en cours.",,独立后缀与名称通道：产品与技术后缀（.app）；可读字符形态探索；固定哈希次序第343名，组实际配额750。未要求命中行业词根；名称线索不是意义或机会确认。,未核实
kindgate.app,2026-09-22,产品与技术后缀,停放或未正式开放,AI内容复核：应用的主要获取入口仍标记即将上架 App Store，按待发布页处理；源代码入口不等于已验证可用应用。 原文：Coming to the App Store Read the source;自动初判：RDAP registration 位于近30天窗口；当前HTTPS页面通过实质内容规则,2026-09-20T07:22:25.874000Z,verified_recent,https://kindgate.app/,"Kindgate — a gate, not a wall","Kindgate quiets YouTube and Instagram in Safari on iPhone and iPad. No Shorts, no Home feed, no ads — only the people you follow, and one kind question now and then.","A gate, not a wall.",独立后缀与名称通道：产品与技术后缀（.app）；通用词典完整分词；固定哈希次序第344名，组实际配额750。未要求命中行业词根；名称线索不是意义或机会确认。,未核实
markdownpoint.app,2026-08-31,产品与技术后缀,停放或未正式开放,AI内容复核：明确的 Loopia 域名停放及建站服务推广页。 原文：This domain has been purchased and parked by a customer of Loopia.;自动初判：RDAP registration 位于近30天窗口；当前HTTPS页面通过实质内容规则,2026-08-29T09:19:03.574000Z,verified_recent,https://markdownpoint.app/,Parked at Loopia,,Parked at Loopia,独立后缀与名称通道：产品与技术后缀（.app）；通用词典完整分词；固定哈希次序第345名，组实际配额750。未要求命中行业词根；名称线索不是意义或机会确认。,未核实
ceede.app,2026-09-08,产品与技术后缀,近期注册且有内容,RDAP registration 位于近30天窗口；当前HTTPS页面通过实质内容规则,2026-09-06T03:05:24.604000Z,verified_recent,https://ceede.app/,Ceede — Run your business from one morning screen.,"Each morning, Ceede tells you what needs you, why, and the one thing to do. Quotes and contracts under your country's law, in minutes.",Run your business from one morning screen.,独立后缀与名称通道：产品与技术后缀（.app）；短缩写探索；固定哈希次序第346名，组实际配额750。未要求命中行业词根；名称线索不是意义或机会确认。,未核实
1hero.dev,2026-09-17,产品与技术后缀,未取得可用页面,当前未取得可用HTTPS页面：network_error,,not_checked,https://1hero.dev/,,,,独立后缀与名称通道：产品与技术后缀（.dev）；少量数字名称探索；固定哈希次序第347名，组实际配额750。未要求命中行业词根；名称线索不是意义或机会确认。,未核实
alipos.tech,2026-09-17,产品与技术后缀,未取得可用页面,当前未取得可用HTTPS页面：blocked_url,,not_checked,https://alipos.tech/,,,,独立后缀与名称通道：产品与技术后缀（.tech）；可读字符形态探索；固定哈希次序第348名，组实际配额750。未要求命中行业词根；名称线索不是意义或机会确认。,未核实
profittool.io,2026-08-27,产品与技术后缀,未取得可用页面,当前未取得可用HTTPS页面：http_error,,not_checked,https://profittool.io/,,,,独立后缀与名称通道：产品与技术后缀（.io）；通用词典完整分词；固定哈希次序第349名，组实际配额750。未要求命中行业词根；名称线索不是意义或机会确认。,未核实
chefcontrol.ai,2026-08-30,产品与技术后缀,未取得可用页面,当前未取得可用HTTPS页面：network_error,,not_checked,https://chefcontrol.ai/,,,,独立后缀与名称通道：产品与技术后缀（.ai）；通用词典完整分词；固定哈希次序第350名，组实际配额750。未要求命中行业词根；名称线索不是意义或机会确认。,未核实
thepic.tech,2026-09-24,产品与技术后缀,页面内容不足,AI内容复核：当前只有私人图片工作台的登录入口和简短介绍，未取得工作台内容或公开产品说明。 原文：私人工作空间 · 仅限授权用户访问;自动初判：RDAP registration 位于近30天窗口；当前HTTPS页面通过实质内容规则,2026-09-22T06:34:08.995000Z,verified_recent,https://thepic.tech/login,登录 · The Pic 图片工作台,,每一套产品图片， 都井然有序。,独立后缀与名称通道：产品与技术后缀（.tech）；通用词典完整分词；固定哈希次序第351名，组实际配额750。未要求命中行业词根；名称线索不是意义或机会确认。,未核实
tuah88.app,2026-09-07,产品与技术后缀,未取得可用页面,当前未取得可用HTTPS页面：network_error,,not_checked,https://tuah88.app/,,,,独立后缀与名称通道：产品与技术后缀（.app）；少量数字名称探索；固定哈希次序第352名，组实际配额750。未要求命中行业词根；名称线索不是意义或机会确认。,未核实
blankspots.app,2026-09-15,产品与技术后缀,页面内容不足,未同时达到正文160字符且（description≥40字符或非通用H1≥8字符）,,not_checked,https://blankspots.app/,Blank Spots — Sell the blank. Fill the spot.,"Turn something you own into an advertising opportunity. Explore physical spots, preview your logo, and create your own listing with Blank Spots.",,独立后缀与名称通道：产品与技术后缀（.app）；可读字符形态探索；固定哈希次序第353名，组实际配额750。未要求命中行业词根；名称线索不是意义或机会确认。,未核实
rockbridge.tech,2026-09-04,产品与技术后缀,页面内容不足,未同时达到正文160字符且（description≥40字符或非通用H1≥8字符）,,not_checked,https://rockbridge.tech/,,,,独立后缀与名称通道：产品与技术后缀（.tech）；通用词典完整分词；固定哈希次序第354名，组实际配额750。未要求命中行业词根；名称线索不是意义或机会确认。,未核实
隔离记录-d3a9db7f8e77,2026-08-29,产品与技术后缀,近期注册且有内容,本轮暂跳过成人与博彩内容；此项不改变页面是否存在的事实判定。,2026-08-27T15:59:17.909000Z,verified_recent,,已移出本轮研究范围,,,名称与原文不在公开工作台展示；抽样位置保留于本地审计。,未核实
solomonlab.ai,2026-09-13,产品与技术后缀,近期注册且有内容,RDAP registration 位于近30天窗口；当前HTTPS页面通过实质内容规则,2026-09-04T22:05:35.821000Z,verified_recent,https://solomonlab.ai/,Solomon — Shared memory for coding agents,"Run Claude, Codex, open models, and shell agents side by side—with one shared project memory.",Your agents shouldn’t start from zero.,独立后缀与名称通道：产品与技术后缀（.ai）；通用词典完整分词；固定哈希次序第356名，组实际配额750。未要求命中行业词根；名称线索不是意义或机会确认。,未核实
founderoutput.app,2026-09-20,产品与技术后缀,未取得可用页面,当前未取得可用HTTPS页面：network_error,,not_checked,https://founderoutput.app/,,,,独立后缀与名称通道：产品与技术后缀（.app）；通用词典完整分词；固定哈希次序第357名，组实际配额750。未要求命中行业词根；名称线索不是意义或机会确认。,未核实
pesf.ai,2026-09-08,产品与技术后缀,页面内容不足,未同时达到正文160字符且（description≥40字符或非通用H1≥8字符）,,not_checked,https://pesf.ai/,,,,独立后缀与名称通道：产品与技术后缀（.ai）；短缩写探索；固定哈希次序第358名，组实际配额750。未要求命中行业词根；名称线索不是意义或机会确认。,未核实
trackforce.tech,2026-08-29,产品与技术后缀,未取得可用页面,当前未取得可用HTTPS页面：network_error,,not_checked,https://trackforce.tech/,,,,独立后缀与名称通道：产品与技术后缀（.tech）；通用词典完整分词；固定哈希次序第359名，组实际配额750。未要求命中行业词根；名称线索不是意义或机会确认。,未核实
builtbylaunch.tech,2026-09-13,产品与技术后缀,近期注册且有内容,RDAP registration 位于近30天窗口；当前HTTPS页面通过实质内容规则,2026-09-11T15:11:32.699000Z,verified_recent,https://builtbylaunch.tech/,LAUNCH V1,,Build the future you can already see.,独立后缀与名称通道：产品与技术后缀（.tech）；可读字符形态探索；固定哈希次序第360名，组实际配额750。未要求命中行业词根；名称线索不是意义或机会确认。,未核实
prepta.app,2026-08-29,产品与技术后缀,注册超过30天,RDAP registration 早于固定30天窗口,2026-08-26T22:27:23.153000Z,verified_old,https://prepta.app/,Prepta — Turn customer artwork into production-ready files Prepta Prepta,"Prepta preflights customer-supplied artwork against your production profile, repairs what is safe to repair, and escalates the rest to an operator.",Turn customer artwork into production-ready files.,独立后缀与名称通道：产品与技术后缀（.app）；可读字符形态探索；固定哈希次序第361名，组实际配额750。未要求命中行业词根；名称线索不是意义或机会确认。,未核实
skokk.io,2026-09-24,产品与技术后缀,页面内容不足,未同时达到正文160字符且（description≥40字符或非通用H1≥8字符）,,not_checked,https://skokk.io/,Skokk,,,独立后缀与名称通道：产品与技术后缀（.io）；短缩写探索；固定哈希次序第362名，组实际配额750。未要求命中行业词根；名称线索不是意义或机会确认。,未核实
wholething.ai,2026-09-05,产品与技术后缀,未取得可用页面,当前未取得可用HTTPS页面：network_error,,not_checked,https://wholething.ai/,,,,独立后缀与名称通道：产品与技术后缀（.ai）；通用词典完整分词；固定哈希次序第363名，组实际配额750。未要求命中行业词根；名称线索不是意义或机会确认。,未核实
zubilang.dev,2026-09-06,产品与技术后缀,未取得可用页面,当前未取得可用HTTPS页面：network_error,,not_checked,https://zubilang.dev/,,,,独立后缀与名称通道：产品与技术后缀（.dev）；可读字符形态探索；固定哈希次序第364名，组实际配额750。未要求命中行业词根；名称线索不是意义或机会确认。,未核实
accuclear.ai,2026-09-06,产品与技术后缀,页面内容不足,未同时达到正文160字符且（description≥40字符或非通用H1≥8字符）,,not_checked,https://accuclear.ai/,,,,独立后缀与名称通道：产品与技术后缀（.ai）；可读字符形态探索；固定哈希次序第365名，组实际配额750。未要求命中行业词根；名称线索不是意义或机会确认。,未核实
lunabuild.dev,2026-09-17,产品与技术后缀,页面内容不足,未同时达到正文160字符且（description≥40字符或非通用H1≥8字符）,,not_checked,https://lunabuild.dev/sign-in,Sign in · Luna,Luna AI agent,Sign in to Luna,独立后缀与名称通道：产品与技术后缀（.dev）；通用词典完整分词；固定哈希次序第366名，组实际配额750。未要求命中行业词根；名称线索不是意义或机会确认。,未核实
eb2niw.tech,2026-09-06,产品与技术后缀,近期注册且有内容,RDAP registration 位于近30天窗口；当前HTTPS页面通过实质内容规则,2026-09-04T16:47:45.258000Z,verified_recent,https://eb2niw.tech/,"ProngAI · Sua petição EB2-NIW, do perfil ao envio","Plataforma de auto-petição EB2-NIW da Fabrini Consulting. Você responde sobre a sua carreira e recebe a cover letter em inglês, parte por parte.","Sua petição EB2-NIW , escrita com você, do perfil ao envio.",独立后缀与名称通道：产品与技术后缀（.tech）；少量数字名称探索；固定哈希次序第367名，组实际配额750。未要求命中行业词根；名称线索不是意义或机会确认。,未核实
fdeprep.dev,2026-09-13,产品与技术后缀,未取得可用页面,当前未取得可用HTTPS页面：network_error,,not_checked,https://fdeprep.dev/,,,,独立后缀与名称通道：产品与技术后缀（.dev）；可读字符形态探索；固定哈希次序第368名，组实际配额750。未要求命中行业词根；名称线索不是意义或机会确认。,未核实
golche.app,2026-08-28,产品与技术后缀,注册超过30天,RDAP registration 早于固定30天窗口,2026-08-26T07:48:03.992000Z,verified_old,https://golche.app/,golche.app,,Launching Soon;Launching Soon,独立后缀与名称通道：产品与技术后缀（.app）；通用词典完整分词；固定哈希次序第369名，组实际配额750。未要求命中行业词根；名称线索不是意义或机会确认。,未核实
belka.tech,2026-09-05,产品与技术后缀,未取得可用页面,当前未取得可用HTTPS页面：network_error,,not_checked,https://belka.tech/,,,,独立后缀与名称通道：产品与技术后缀（.tech）；短缩写探索；固定哈希次序第370名，组实际配额750。未要求命中行业词根；名称线索不是意义或机会确认。,未核实
ivyhsu.dev,2026-09-23,产品与技术后缀,页面内容不足,未同时达到正文160字符且（description≥40字符或非通用H1≥8字符）,,not_checked,https://ivyhsu.dev/,Ivy Hsu｜網頁切版與前端 UI 實作者,徐玄芳（Ivy Hsu）的個人作品集。擅長 HTML、CSS 與 RWD 響應式切版，作品涵蓋官網、活動頁與 App。,,独立后缀与名称通道：产品与技术后缀（.dev）；可读字符形态探索；固定哈希次序第371名，组实际配额750。未要求命中行业词根；名称线索不是意义或机会确认。,未核实
opussong.app,2026-08-27,产品与技术后缀,注册超过30天,RDAP registration 早于固定30天窗口,2026-08-24T20:19:01.176000Z,verified_old,https://opussong.app/,"Opus — write a song, hear it back","Opus turns a written description into music. Write a line about the song you want; it comes back as something you can listen to, keep and share. Your first song is free. iPhone.",,独立后缀与名称通道：产品与技术后缀（.app）；通用词典完整分词；固定哈希次序第372名，组实际配额750。未要求命中行业词根；名称线索不是意义或机会确认。,未核实
porchops.app,2026-08-27,产品与技术后缀,未取得可用页面,当前未取得可用HTTPS页面：http_error,,not_checked,https://porchops.app/changelog,,,,独立后缀与名称通道：产品与技术后缀（.app）；可读字符形态探索；固定哈希次序第373名，组实际配额750。未要求命中行业词根；名称线索不是意义或机会确认。,未核实
oruvi.ai,2026-09-22,产品与技术后缀,近期注册且有内容,RDAP registration 位于近30天窗口；当前HTTPS页面通过实质内容规则,2026-09-18T07:53:54.165000Z,verified_recent,https://oruvi.ai/en,"Oruvi AI — Whatever is on your mind, start here.",Meet Oruvi: simple AI conversations in 16 languages. Ask questions and pick up where you left off. No sign-up needed.,A little curiosity. A good conversation.,独立后缀与名称通道：产品与技术后缀（.ai）；短缩写探索；固定哈希次序第374名，组实际配额750。未要求命中行业词根；名称线索不是意义或机会确认。,未核实
shadowforgedigital.dev,2026-09-20,产品与技术后缀,未取得可用页面,当前未取得可用HTTPS页面：network_error,,not_checked,https://shadowforgedigital.dev/,,,,独立后缀与名称通道：产品与技术后缀（.dev）；通用词典完整分词；固定哈希次序第375名，组实际配额750。未要求命中行业词根；名称线索不是意义或机会确认。,未核实
zerocreativity.dev,2026-09-20,产品与技术后缀,未取得可用页面,当前未取得可用HTTPS页面：network_error,,not_checked,https://zerocreativity.dev/,,,,独立后缀与名称通道：产品与技术后缀（.dev）；通用词典完整分词；固定哈希次序第376名，组实际配额750。未要求命中行业词根；名称线索不是意义或机会确认。,未核实
wsestudio.tech,2026-09-07,产品与技术后缀,未取得可用页面,当前未取得可用HTTPS页面：network_error,,not_checked,https://wsestudio.tech/,,,,独立后缀与名称通道：产品与技术后缀（.tech）；可读字符形态探索；固定哈希次序第377名，组实际配额750。未要求命中行业词根；名称线索不是意义或机会确认。,未核实
bahubali.app,2026-08-27,产品与技术后缀,未取得可用页面,当前未取得可用HTTPS页面：network_error,,not_checked,https://bahubali.app/,,,,独立后缀与名称通道：产品与技术后缀（.app）；可读字符形态探索；固定哈希次序第378名，组实际配额750。未要求命中行业词根；名称线索不是意义或机会确认。,未核实
ryanweiss.dev,2026-09-01,产品与技术后缀,未取得可用页面,当前未取得可用HTTPS页面：network_error,,not_checked,https://ryanweiss.dev/,,,,独立后缀与名称通道：产品与技术后缀（.dev）；可读字符形态探索；固定哈希次序第379名，组实际配额750。未要求命中行业词根；名称线索不是意义或机会确认。,未核实
evecta.ai,2026-09-17,产品与技术后缀,页面内容不足,未同时达到正文160字符且（description≥40字符或非通用H1≥8字符）,,not_checked,https://evecta.ai/,Evecta — Perfect practice makes perfect interviews.,"A private room to rehearse out loud, with feedback on how you actually come across.",,独立后缀与名称通道：产品与技术后缀（.ai）；可读字符形态探索；固定哈希次序第380名，组实际配额750。未要求命中行业词根；名称线索不是意义或机会确认。,未核实
packshade.io,2026-09-12,产品与技术后缀,未取得可用页面,当前未取得可用HTTPS页面：http_error,,not_checked,https://packshade.io/,,,,独立后缀与名称通道：产品与技术后缀（.io）；通用词典完整分词；固定哈希次序第381名，组实际配额750。未要求命中行业词根；名称线索不是意义或机会确认。,未核实
sqler.app,2026-08-31,产品与技术后缀,未取得可用页面,当前未取得可用HTTPS页面：network_error,,not_checked,https://sqler.app/,,,,独立后缀与名称通道：产品与技术后缀（.app）；短缩写探索；固定哈希次序第382名，组实际配额750。未要求命中行业词根；名称线索不是意义或机会确认。,未核实
cyhdhifokqhs.app,2026-08-31,产品与技术后缀,页面内容不足,未同时达到正文160字符且（description≥40字符或非通用H1≥8字符）,,not_checked,https://cyhdhifokqhs.app/,,,,独立后缀与名称通道：产品与技术后缀（.app）；可读字符形态探索；固定哈希次序第383名，组实际配额750。未要求命中行业词根；名称线索不是意义或机会确认。,未核实
aaes.ai,2026-09-23,产品与技术后缀,近期注册且有内容,RDAP registration 位于近30天窗口；当前HTTPS页面通过实质内容规则,2026-09-20T05:23:27.051000Z,verified_recent,https://aaes.ai/,AAES · The governance layer for enterprise AI agents,"Govern enterprise AI agent actions with scoped permissions, human approvals, spending limits, and offline-verifiable records on paths routed through AAES.",Let AI agents work. Keep your team in control.,独立后缀与名称通道：产品与技术后缀（.ai）；短缩写探索；固定哈希次序第384名，组实际配额750。未要求命中行业词根；名称线索不是意义或机会确认。,未核实
hinkmode.dev,2026-09-03,产品与技术后缀,未取得可用页面,当前未取得可用HTTPS页面：network_error,,not_checked,https://hinkmode.dev/,,,,独立后缀与名称通道：产品与技术后缀（.dev）；可读字符形态探索；固定哈希次序第385名，组实际配额750。未要求命中行业词根；名称线索不是意义或机会确认。,未核实
cudrix.dev,2026-08-29,产品与技术后缀,页面内容不足,未同时达到正文160字符且（description≥40字符或非通用H1≥8字符）,,not_checked,https://cudrix.org/,Cudrix,,,独立后缀与名称通道：产品与技术后缀（.dev）；通用词典完整分词；固定哈希次序第386名，组实际配额750。未要求命中行业词根；名称线索不是意义或机会确认。,未核实
28bsj.app,2026-09-22,产品与技术后缀,页面内容不足,未同时达到正文160字符且（description≥40字符或非通用H1≥8字符）,,not_checked,https://b33.mx/,南宫集团 · 安全访问通道,南宫集团安全入口，实时检测并自动匹配最佳访问线路。,安全检查中,独立后缀与名称通道：产品与技术后缀（.app）；少量数字名称探索；固定哈希次序第387名，组实际配额750。未要求命中行业词根；名称线索不是意义或机会确认。,未核实
geleri.tech,2026-09-23,产品与技术后缀,未取得可用页面,当前未取得可用HTTPS页面：network_error,,not_checked,https://geleri.tech/,,,,独立后缀与名称通道：产品与技术后缀（.tech）；可读字符形态探索；固定哈希次序第388名，组实际配额750。未要求命中行业词根；名称线索不是意义或机会确认。,未核实
invisibleoctopus.dev,2026-09-23,产品与技术后缀,未取得可用页面,当前未取得可用HTTPS页面：network_error,,not_checked,https://invisibleoctopus.dev/,,,,独立后缀与名称通道：产品与技术后缀（.dev）；通用词典完整分词；固定哈希次序第389名，组实际配额750。未要求命中行业词根；名称线索不是意义或机会确认。,未核实
getwla.app,2026-09-12,产品与技术后缀,未取得可用页面,当前未取得可用HTTPS页面：too_large,,not_checked,https://getwla.app/,,,,独立后缀与名称通道：产品与技术后缀（.app）；可读字符形态探索；固定哈希次序第390名，组实际配额750。未要求命中行业词根；名称线索不是意义或机会确认。,未核实
antonioroman.dev,2026-09-01,产品与技术后缀,近期注册且有内容,RDAP registration 位于近30天窗口；当前HTTPS页面通过实质内容规则,2026-08-29T08:53:15.663000Z,verified_recent,https://antonioroman.dev/,Antonio Román — Software Developer LinkedIn GitHub,Diseño y desarrollo productos digitales para convertir problemas en soluciones.,"Antonio Román — Software Developer . Construyo aplicaciones web y móviles enfocadas en rendimiento, mantenibilidad y experiencia de usuario.",独立后缀与名称通道：产品与技术后缀（.dev）；通用词典完整分词；固定哈希次序第391名，组实际配额750。未要求命中行业词根；名称线索不是意义或机会确认。,未核实
dwxxx.dev,2026-08-28,产品与技术后缀,未取得可用页面,当前未取得可用HTTPS页面：too_large,,not_checked,https://dwxxx.dev/,,,,独立后缀与名称通道：产品与技术后缀（.dev）；短缩写探索；固定哈希次序第392名，组实际配额750。未要求命中行业词根；名称线索不是意义或机会确认。,未核实
creatrpulse.app,2026-08-30,产品与技术后缀,未取得可用页面,当前未取得可用HTTPS页面：network_error,,not_checked,https://creatrpulse.app/,,,,独立后缀与名称通道：产品与技术后缀（.app）；可读字符形态探索；固定哈希次序第393名，组实际配额750。未要求命中行业词根；名称线索不是意义或机会确认。,未核实
tropica-casino-es.app,2026-09-24,产品与技术后缀,未取得可用页面,当前未取得可用HTTPS页面：http_error,,not_checked,https://tropica-casino-es.app/,,,,独立后缀与名称通道：产品与技术后缀（.app）；可读字符形态探索；固定哈希次序第394名，组实际配额750。未要求命中行业词根；名称线索不是意义或机会确认。,未核实
plaier.app,2026-09-20,产品与技术后缀,未取得可用页面,当前未取得可用HTTPS页面：network_error,,not_checked,https://plaier.app/,,,,独立后缀与名称通道：产品与技术后缀（.app）；可读字符形态探索；固定哈希次序第395名，组实际配额750。未要求命中行业词根；名称线索不是意义或机会确认。,未核实
woodsprite.app,2026-09-01,产品与技术后缀,页面内容不足,未同时达到正文160字符且（description≥40字符或非通用H1≥8字符）,,not_checked,https://woodsprite.app/,Woodsprite | AI-Powered Visual Novels,"Create AI-powered visual novels with dynamic scenes, character emotions, and interactive dialogue.",,独立后缀与名称通道：产品与技术后缀（.app）；通用词典完整分词；固定哈希次序第396名，组实际配额750。未要求命中行业词根；名称线索不是意义或机会确认。,未核实
magicblanket.ai,2026-09-15,产品与技术后缀,未取得可用页面,当前未取得可用HTTPS页面：http_error,,not_checked,https://magicblanket.ai/,,,,独立后缀与名称通道：产品与技术后缀（.ai）；通用词典完整分词；固定哈希次序第397名，组实际配额750。未要求命中行业词根；名称线索不是意义或机会确认。,未核实
sdvision.dev,2026-09-20,产品与技术后缀,页面内容不足,未同时达到正文160字符且（description≥40字符或非通用H1≥8字符）,,not_checked,https://sdvision.dev/,sdvision.dev — Coming Soon,,,独立后缀与名称通道：产品与技术后缀（.dev）；可读字符形态探索；固定哈希次序第398名，组实际配额750。未要求命中行业词根；名称线索不是意义或机会确认。,未核实
chronaria.app,2026-08-27,产品与技术后缀,注册超过30天,RDAP registration 早于固定30天窗口,2026-08-25T21:50:43.145000Z,verified_old,https://chronaria.app/,Chronaria — La tua rassegna stampa,"Chronaria legge i giornali che scegli e ti scrive una rassegna stampa, agli orari che decidi tu.",Chronaria,独立后缀与名称通道：产品与技术后缀（.app）；可读字符形态探索；固定哈希次序第399名，组实际配额750。未要求命中行业词根；名称线索不是意义或机会确认。,未核实
harryiduyo.dev,2026-09-21,产品与技术后缀,近期注册且有内容,RDAP registration 位于近30天窗口；当前HTTPS页面通过实质内容规则,2026-09-18T10:02:59.053000Z,verified_recent,https://www.harryiduyo.dev/,Harrison Iduyo,"Software developer in Nairobi: websites and internal tools, data analysis and reporting, ISP network operations, and brand and social media, through Hanova Technologies.",Harrison Iduyo,独立后缀与名称通道：产品与技术后缀（.dev）；可读字符形态探索；固定哈希次序第400名，组实际配额750。未要求命中行业词根；名称线索不是意义或机会确认。,未核实
vaurel.app,2026-09-07,产品与技术后缀,停放或未正式开放,AI内容复核：德语标题明确表示即将开始，正文为联系表单和订阅模板，没有已发布站点内容。 原文：Bald geht‘s los Bald geht‘s los Contact Us;自动初判：RDAP registration 位于近30天窗口；当前HTTPS页面通过实质内容规则,2026-09-04T14:53:11.287000Z,verified_recent,https://vaurel.app/,vaurel.app,Entdecken Sie bald die neuen Möglichkeiten auf vaurel.app – Ihr Ziel für Webentwicklung. Abonnieren Sie unseren Newsletter für die neuesten Updates!,Bald geht‘s los;Bald geht‘s los,独立后缀与名称通道：产品与技术后缀（.app）；通用词典完整分词；固定哈希次序第401名，组实际配额750。未要求命中行业词根；名称线索不是意义或机会确认。,未核实
alumni-manager.app,2026-09-02,产品与技术后缀,近期注册且有内容,RDAP registration 位于近30天窗口；当前HTTPS页面通过实质内容规则,2026-08-31T04:57:10.580000Z,verified_recent,https://www.alumni-manager.app/,同窓会管理をもっとスマートに,同窓会マネージャーは、同窓会・OB会・卒業生協会向けの会員管理SaaSです。会員名簿管理、会費のオンライン集金、イベント運営とQR受付、メール配信までひとつで完結します。,同窓会管理を、 もっとスマートに。,独立后缀与名称通道：产品与技术后缀（.app）；通用词典完整分词；固定哈希次序第402名，组实际配额750。未要求命中行业词根；名称线索不是意义或机会确认。,未核实
kartho.dev,2026-09-24,产品与技术后缀,未取得可用页面,当前未取得可用HTTPS页面：network_error,,not_checked,https://kartho.dev/,,,,独立后缀与名称通道：产品与技术后缀（.dev）；可读字符形态探索；固定哈希次序第403名，组实际配额750。未要求命中行业词根；名称线索不是意义或机会确认。,未核实
ifai.dev,2026-09-17,产品与技术后缀,未取得可用页面,当前未取得可用HTTPS页面：network_error,,not_checked,https://ifai.dev/,,,,独立后缀与名称通道：产品与技术后缀（.dev）；短缩写探索；固定哈希次序第404名，组实际配额750。未要求命中行业词根；名称线索不是意义或机会确认。,未核实
kidsshoes.app,2026-08-30,产品与技术后缀,近期注册且有内容,RDAP registration 位于近30天窗口；当前HTTPS页面通过实质内容规则,2026-08-28T01:58:52.942000Z,verified_recent,https://kidsshoes.app/,KidsShoes.app | Find the Right Kids' Shoes,"Colorful kids' shoe tools, complete brand catalogs and parent-first guides for finding the right size, fit and activity match.",Find the right kids' shoes for their kind of fun.,独立后缀与名称通道：产品与技术后缀（.app）；可读字符形态探索；固定哈希次序第405名，组实际配额750。未要求命中行业词根；名称线索不是意义或机会确认。,未核实
sryl.app,2026-09-17,产品与技术后缀,跳转到其他域名,来源域名近期注册，但最终页面属于其他域名；目标站上线时间未知,2026-09-14T17:17:36.030000Z,verified_recent,https://ng1.vip/,NG集团导航,欢迎来到NG集团导航 请牢记永久地址 ng1.vip ng2.vip,欢迎来到NG集团导航,独立后缀与名称通道：产品与技术后缀（.app）；短缩写探索；固定哈希次序第406名，组实际配额750。未要求命中行业词根；名称线索不是意义或机会确认。,未核实
fantazma.app,2026-09-15,产品与技术后缀,停放或未正式开放,标题/H1/description 或域名式标题对应的正文开头命中停放/未开放标记：under construction,,not_checked,https://fantazma.app/,Coming Soon,,fantazma.app,独立后缀与名称通道：产品与技术后缀（.app）；可读字符形态探索；固定哈希次序第407名，组实际配额750。未要求命中行业词根；名称线索不是意义或机会确认。,未核实
makebase.app,2026-09-03,产品与技术后缀,近期注册且有内容,RDAP registration 位于近30天窗口；当前HTTPS页面通过实质内容规则,2026-09-01T03:27:02.337000Z,verified_recent,https://makebase.app/,Makebase Gallery,"30 curated web apps — open-source favorites and apps built with AI tools — running live, credited to their makers, and one click from being yours to remix.",Apps built by everyone else,独立后缀与名称通道：产品与技术后缀（.app）；通用词典完整分词；固定哈希次序第408名，组实际配额750。未要求命中行业词根；名称线索不是意义或机会确认。,未核实
tagdyr.app,2026-09-20,产品与技术后缀,停放或未正式开放,AI内容复核：页面明确表示应用准备发布至 App Store 与 Google Play，当前仍为封闭测试招募，按待发布服务页记录。 原文：Приложение готовится к выпуску в App Store и Google Play. Пока идёт закрытое тестирование;自动初判：RDAP registration 位于近30天窗口；当前HTTPS页面通过实质内容规则,2026-09-18T14:38:06.738000Z,verified_recent,https://tagdyr.app/,Tagdyr — находите компанию под активность,"Tagdyr — мобильное приложение, в котором находят компанию под конкретное занятие: падел и футбол, кино, горы, настолки, турниры. Организатор публикует событие, а не ищет людей по знакомым.","Компания под активность, а не переписка в чатах",独立后缀与名称通道：产品与技术后缀（.app）；可读字符形态探索；固定哈希次序第409名，组实际配额750。未要求命中行业词根；名称线索不是意义或机会确认。,未核实
athmer.dev,2026-09-21,产品与技术后缀,未取得可用页面,当前未取得可用HTTPS页面：network_error,,not_checked,https://athmer.dev/,,,,独立后缀与名称通道：产品与技术后缀（.dev）；可读字符形态探索；固定哈希次序第410名，组实际配额750。未要求命中行业词根；名称线索不是意义或机会确认。,未核实
virtueve.app,2026-09-13,产品与技术后缀,近期注册且有内容,RDAP registration 位于近30天窗口；当前HTTPS页面通过实质内容规则,2026-09-11T00:06:34.220000Z,verified_recent,https://virtueve.app/,Privacy Policy | Virtueve,"How Virtueve handles account, nutrition, cooking and photo information, including storage and account-deletion limits.",Privacy policy,独立后缀与名称通道：产品与技术后缀（.app）；通用词典完整分词；固定哈希次序第411名，组实际配额750。未要求命中行业词根；名称线索不是意义或机会确认。,未核实
dialnow.ai,2026-09-19,产品与技术后缀,未取得可用页面,当前未取得可用HTTPS页面：network_error,,not_checked,https://dialnow.ai/,,,,独立后缀与名称通道：产品与技术后缀（.ai）；通用词典完整分词；固定哈希次序第412名，组实际配额750。未要求命中行业词根；名称线索不是意义或机会确认。,未核实
epistemelabs.ai,2026-09-24,产品与技术后缀,未取得可用页面,当前未取得可用HTTPS页面：network_error,,not_checked,https://epistemelabs.ai/,,,,独立后缀与名称通道：产品与技术后缀（.ai）；可读字符形态探索；固定哈希次序第413名，组实际配额750。未要求命中行业词根；名称线索不是意义或机会确认。,未核实
dozaware.app,2026-09-01,产品与技术后缀,停放或未正式开放,AI内容复核：页面明确说控制台尚未开放，将随首个版本上线，属于待发布入口。 原文：Console — not open yet;自动初判：RDAP registration 位于近30天窗口；当前HTTPS页面通过实质内容规则,2026-08-30T17:10:46.747000Z,verified_recent,https://dozaware.app/,Dozaware — sign in,"dozaware.app is the web console for Dozaware apps — your data, your dashboards, your account settings. It opens with the first release.",This is where you'll sign in.,独立后缀与名称通道：产品与技术后缀（.app）；可读字符形态探索；固定哈希次序第414名，组实际配额750。未要求命中行业词根；名称线索不是意义或机会确认。,未核实
grooow.app,2026-09-08,产品与技术后缀,停放或未正式开放,AI内容复核：描述说明应用即将发布，正文仅有泛化标题、联系表单和订阅，按待发布占位页处理。 原文：Descubre el próximo lanzamiento de aplicaciones innovadoras;自动初判：RDAP registration 位于近30天窗口；当前HTTPS页面通过实质内容规则,2026-09-06T13:23:41.180000Z,verified_recent,https://grooow.app/,Grooow,Descubre el próximo lanzamiento de aplicaciones innovadoras en grooow.app. ¡Suscríbete a nuestro boletín para actualizaciones y más!,Desarrollo de software sin límites;Desarrollo de software sin límites,独立后缀与名称通道：产品与技术后缀（.app）；可读字符形态探索；固定哈希次序第415名，组实际配额750。未要求命中行业词根；名称线索不是意义或机会确认。,未核实
stomra.app,2026-09-20,产品与技术后缀,未取得可用页面,当前未取得可用HTTPS页面：network_error,,not_checked,https://stomra.app/,,,,独立后缀与名称通道：产品与技术后缀（.app）；可读字符形态探索；固定哈希次序第416名，组实际配额750。未要求命中行业词根；名称线索不是意义或机会确认。,未核实
skstore.app,2026-09-14,产品与技术后缀,近期注册且有内容,RDAP registration 位于近30天窗口；当前HTTPS页面通过实质内容规则,2026-09-12T04:55:14.430000Z,verified_recent,https://skstore.app/,SK Store | ألعاب Xbox وPlayStation واشتراكات رقمية بالعراق,متجر SK Store لألعاب Xbox وPlayStation وSteam، مع حسابات واشتراكات Game Pass وPS Plus. أسعار بالدينار العراقي، والدفع عبر سوبر كي وزين كاش وآسيا.,المتجر المفضل للاعبين في العراق,独立后缀与名称通道：产品与技术后缀（.app）；可读字符形态探索；固定哈希次序第417名，组实际配额750。未要求命中行业词根；名称线索不是意义或机会确认。,未核实
periodbestie.app,2026-08-31,产品与技术后缀,注册超过30天,RDAP registration 早于固定30天窗口,2026-08-05T00:11:06.181000Z,verified_old,https://periodbestie.app/,Period Bestie,"Meet your Period Bestie, a AI-powered friend to help you understand your period, by tracking, period, symptom, holistic wellness and giving insights.",Period Bestie,独立后缀与名称通道：产品与技术后缀（.app）；通用词典完整分词；固定哈希次序第418名，组实际配额750。未要求命中行业词根；名称线索不是意义或机会确认。,未核实
cloutstudio.io,2026-09-20,产品与技术后缀,注册时间未核实,页面有内容，但RDAP未取得有效且位于窗口内的registration事件,,unknown,https://cloutstudio.io/,Clout Chaser — Find what is hot. Make it first.,"Creator opportunity intelligence and production. Find fast-moving public culture, understand why it matters now, and move from signal to creator-ready output.",Find what is hot. Make it first.,独立后缀与名称通道：产品与技术后缀（.io）；通用词典完整分词；固定哈希次序第419名，组实际配额750。未要求命中行业词根；名称线索不是意义或机会确认。,未核实
隔离记录-c2fef12da7a8,2026-09-18,产品与技术后缀,近期注册且有内容,本轮暂跳过成人与博彩内容；此项不改变页面是否存在的事实判定。,2026-09-16T20:27:37.384000Z,verified_recent,,已移出本轮研究范围,,,名称与原文不在公开工作台展示；抽样位置保留于本地审计。,未核实
basonworks.dev,2026-08-30,产品与技术后缀,未取得可用页面,当前未取得可用HTTPS页面：network_error,,not_checked,https://basonworks.dev/,,,,独立后缀与名称通道：产品与技术后缀（.dev）；通用词典完整分词；固定哈希次序第421名，组实际配额750。未要求命中行业词根；名称线索不是意义或机会确认。,未核实
xhn3.app,2026-09-17,产品与技术后缀,页面内容不足,未同时达到正文160字符且（description≥40字符或非通用H1≥8字符）,,not_checked,https://xn--dpq47vf5a0y8b.cc/,南宫集团 · 安全访问通道,南宫集团安全入口，实时检测并自动匹配最佳访问线路。,安全检查中,独立后缀与名称通道：产品与技术后缀（.app）；少量数字名称探索；固定哈希次序第422名，组实际配额750。未要求命中行业词根；名称线索不是意义或机会确认。,未核实
obk-ina.app,2026-08-28,产品与技术后缀,页面内容不足,未同时达到正文160字符且（description≥40字符或非通用H1≥8字符）,,not_checked,https://www.obk-ina.app/intro,NOCTUA,Einarbeitungsverwaltung für die Notaufnahme,,独立后缀与名称通道：产品与技术后缀（.app）；可读字符形态探索；固定哈希次序第423名，组实际配额750。未要求命中行业词根；名称线索不是意义或机会确认。,未核实
praesago.app,2026-08-31,产品与技术后缀,近期注册且有内容,RDAP registration 位于近30天窗口；当前HTTPS页面通过实质内容规则,2026-08-29T13:26:12.633000Z,verified_recent,https://praesago.app/,"Inventory forecasting for Shopify stores — Praesago Praesago Demand chart, illustrative data. 10 days of historical demand, rising from 18 to 28 units a day, followed by a 5-day forecast continuing the trend up to 38 units a day. Day 1: 18 units (actual) Day 2: 21 units (actual) Day 3: 19 units (actual) Day 4: 24 units (actual) Day 5: 22 units (actual) Day 6: 27 units (actual) Day 7: 25 units (actual) Day 8: 29 units (actual) Day 9: 31 units (actual) Day 10: 28 units (actual) Day 11: 32 units (forecast) Day 12: 34 units (forecast) Day 13: 33 units (forecast) Day 14: 36 units (forecast) Day 15:","Praesago forecasts demand for your Shopify store, explains its reasoning, and tells you what to order and when — with a confidence level on every recommendation.",Inventory forecasting for Shopify stores. Know what's coming.,独立后缀与名称通道：产品与技术后缀（.app）；可读字符形态探索；固定哈希次序第424名，组实际配额750。未要求命中行业词根；名称线索不是意义或机会确认。,未核实
chasunah.app,2026-09-14,产品与技术后缀,页面内容不足,未同时达到正文160字符且（description≥40字符或非通用H1≥8字符）,,not_checked,https://chasunah.app/,,,,独立后缀与名称通道：产品与技术后缀（.app）；可读字符形态探索；固定哈希次序第425名，组实际配额750。未要求命中行业词根；名称线索不是意义或机会确认。,未核实
crc-1pulse.app,2026-08-28,产品与技术后缀,注册超过30天,RDAP registration 早于固定30天窗口,2026-08-26T12:16:03.166000Z,verified_old,https://crc-1pulse.app/,CRC — Réseau de clubs d'affaires,Le CRC réunit dirigeants et entrepreneurs autour de soirées-conférences animées par des intervenants de renom.,"Un réseau de clubs d'affaires, une expérience premium.",独立后缀与名称通道：产品与技术后缀（.app）；少量数字名称探索；固定哈希次序第426名，组实际配额750。未要求命中行业词根；名称线索不是意义或机会确认。,未核实
thestate-line.ai,2026-09-06,产品与技术后缀,页面内容不足,未同时达到正文160字符且（description≥40字符或非通用H1≥8字符）,,not_checked,https://thestate-line.ai/,,,,独立后缀与名称通道：产品与技术后缀（.ai）；通用词典完整分词；固定哈希次序第427名，组实际配额750。未要求命中行业词根；名称线索不是意义或机会确认。,未核实
biodigits.io,2026-09-01,产品与技术后缀,页面内容不足,未同时达到正文160字符且（description≥40字符或非通用H1≥8字符）,,not_checked,https://biodigits.io/,Parked Domain name on Hostinger DNS system,,,独立后缀与名称通道：产品与技术后缀（.io）；可读字符形态探索；固定哈希次序第428名，组实际配额750。未要求命中行业词根；名称线索不是意义或机会确认。,未核实
gpqyutz.tech,2026-08-28,产品与技术后缀,未取得可用页面,当前未取得可用HTTPS页面：network_error,,not_checked,https://gpqyutz.tech/,,,,独立后缀与名称通道：产品与技术后缀（.tech）；可读字符形态探索；固定哈希次序第429名，组实际配额750。未要求命中行业词根；名称线索不是意义或机会确认。,未核实
mustafaozkan.dev,2026-09-03,产品与技术后缀,未取得可用页面,当前未取得可用HTTPS页面：network_error,,not_checked,https://mustafaozkan.dev/,,,,独立后缀与名称通道：产品与技术后缀（.dev）；可读字符形态探索；固定哈希次序第430名，组实际配额750。未要求命中行业词根；名称线索不是意义或机会确认。,未核实
discovium.app,2026-09-12,产品与技术后缀,未取得可用页面,当前未取得可用HTTPS页面：network_error,,not_checked,https://discovium.app/,,,,独立后缀与名称通道：产品与技术后缀（.app）；可读字符形态探索；固定哈希次序第431名，组实际配额750。未要求命中行业词根；名称线索不是意义或机会确认。,未核实
vide0.dev,2026-09-24,产品与技术后缀,注册时间未核实,页面有内容，但RDAP未取得有效且位于窗口内的registration事件,,unknown,https://www.vide0.dev/,vide0.ai — The AI-native video editor,"vide0.ai is an end-to-end AI video editing suite. Import straight from your camera over Wi-Fi, edit by editing the transcript, hand the grunt work to an AI editing agent, add motion graphics, and export — all in one place.",Make the film you had in mind.,独立后缀与名称通道：产品与技术后缀（.dev）；少量数字名称探索；固定哈希次序第432名，组实际配额750。未要求命中行业词根；名称线索不是意义或机会确认。,未核实
burguesiaexpress.app,2026-08-27,产品与技术后缀,页面内容不足,未同时达到正文160字符且（description≥40字符或非通用H1≥8字符）,,not_checked,https://www.burguesiaexpress.app/,Burguesía,Classic Smash burgers,Burguesía;Creado con:,独立后缀与名称通道：产品与技术后缀（.app）；通用词典完整分词；固定哈希次序第433名，组实际配额750。未要求命中行业词根；名称线索不是意义或机会确认。,未核实
doanddo.io,2026-08-31,产品与技术后缀,页面内容不足,未同时达到正文160字符且（description≥40字符或非通用H1≥8字符）,,not_checked,https://doanddo.io/,react-pwa-demo,,,独立后缀与名称通道：产品与技术后缀（.io）；可读字符形态探索；固定哈希次序第434名，组实际配额750。未要求命中行业词根；名称线索不是意义或机会确认。,未核实
grindagency.io,2026-08-28,产品与技术后缀,页面内容不足,未同时达到正文160字符且（description≥40字符或非通用H1≥8字符）,,not_checked,https://grindagency.io/,Parked Domain name on Hostinger DNS system,,,独立后缀与名称通道：产品与技术后缀（.io）；通用词典完整分词；固定哈希次序第435名，组实际配额750。未要求命中行业词根；名称线索不是意义或机会确认。,未核实
cattywampus.tech,2026-09-23,产品与技术后缀,页面内容不足,未同时达到正文160字符且（description≥40字符或非通用H1≥8字符）,,not_checked,https://cattywampus.tech/,Parked Domain name on Hostinger DNS system,,,独立后缀与名称通道：产品与技术后缀（.tech）；通用词典完整分词；固定哈希次序第436名，组实际配额750。未要求命中行业词根；名称线索不是意义或机会确认。,未核实
atlaschalk.app,2026-09-25,产品与技术后缀,未取得可用页面,当前未取得可用HTTPS页面：too_large,,not_checked,https://atlaschalk.app/,,,,独立后缀与名称通道：产品与技术后缀（.app）；通用词典完整分词；固定哈希次序第437名，组实际配额750。未要求命中行业词根；名称线索不是意义或机会确认。,未核实
airprosystems.tech,2026-08-27,产品与技术后缀,注册超过30天,RDAP registration 早于固定30天窗口,2026-08-25T12:13:10.489000Z,verified_old,https://airprosystems.tech/,AirPro Systems Tech,Discover innovative solutions with AirPro Systems Tech. Contact us to elevate your technology needs today!,Innovate. Integrate. Elevate.;Innovate. Integrate. Elevate.,独立后缀与名称通道：产品与技术后缀（.tech）；可读字符形态探索；固定哈希次序第438名，组实际配额750。未要求命中行业词根；名称线索不是意义或机会确认。,未核实
trommel.app,2026-09-10,产品与技术后缀,页面内容不足,未同时达到正文160字符且（description≥40字符或非通用H1≥8字符）,,not_checked,https://trommel.app/,Trommel,,,独立后缀与名称通道：产品与技术后缀（.app）；通用词典完整分词；固定哈希次序第439名，组实际配额750。未要求命中行业词根；名称线索不是意义或机会确认。,未核实
heliblade.tech,2026-09-01,产品与技术后缀,未取得可用页面,当前未取得可用HTTPS页面：network_error,,not_checked,https://heliblade.tech/,,,,独立后缀与名称通道：产品与技术后缀（.tech）；可读字符形态探索；固定哈希次序第440名，组实际配额750。未要求命中行业词根；名称线索不是意义或机会确认。,未核实
auraviva.app,2026-09-14,产品与技术后缀,注册时间未核实,页面有内容，但RDAP未取得有效且位于窗口内的registration事件,,unknown,https://auraviva.app/,AuraViva — Juego social con compañeros vivos y Auren,"AuraViva es un juego social móvil 18+ con compañeros animados, memoria persistente, lenguaje Auren, retos, música adaptativa y experiencias para compartir.",,独立后缀与名称通道：产品与技术后缀（.app）；通用词典完整分词；固定哈希次序第441名，组实际配额750。未要求命中行业词根；名称线索不是意义或机会确认。,未核实
roadpane.app,2026-08-28,产品与技术后缀,未取得可用页面,当前未取得可用HTTPS页面：network_error,,not_checked,https://roadpane.app/,,,,独立后缀与名称通道：产品与技术后缀（.app）；通用词典完整分词；固定哈希次序第442名，组实际配额750。未要求命中行业词根；名称线索不是意义或机会确认。,未核实
geminiscene.io,2026-09-21,产品与技术后缀,注册时间未核实,页面有内容，但RDAP未取得有效且位于窗口内的registration事件,,unknown,https://www.geminiscene.io/,"Geminiscene — Private, On-Premise LLMs for the Enterprise",,Enterprise AI that never leaves your infrastructure,独立后缀与名称通道：产品与技术后缀（.io）；通用词典完整分词；固定哈希次序第443名，组实际配额750。未要求命中行业词根；名称线索不是意义或机会确认。,未核实
ogui.app,2026-09-17,产品与技术后缀,未取得可用页面,当前未取得可用HTTPS页面：network_error,,not_checked,https://ogui.app/,,,,独立后缀与名称通道：产品与技术后缀（.app）；短缩写探索；固定哈希次序第444名，组实际配额750。未要求命中行业词根；名称线索不是意义或机会确认。,未核实
sassi.app,2026-08-30,产品与技术后缀,注册时间未核实,页面有内容，但RDAP未取得有效且位于窗口内的registration事件,,unknown,https://sassi.app/,שָׂשִׂי - העוזר האישי שלך,"שָׂשִׂי (Sassi AI): משפחת בוטים אישיים בטלגרם. משימות, תזכורות, רעיונות ורשימות - והוא פונה אליך ביוזמתו כשמשהו מוזנח. בתקופת ההרצה - חינם.",העוזר האישי שלא שוכח. גם כששוכחים.,独立后缀与名称通道：产品与技术后缀（.app）；短缩写探索；固定哈希次序第445名，组实际配额750。未要求命中行业词根；名称线索不是意义或机会确认。,未核实
nshomile.io,2026-09-16,产品与技术后缀,页面内容不足,未同时达到正文160字符且（description≥40字符或非通用H1≥8字符）,,not_checked,https://nshomile.io/,Nshomile · Learn Smarter,"Turn any notes, video, or webpage into flashcards, tests, and an AI tutor.",,独立后缀与名称通道：产品与技术后缀（.io）；可读字符形态探索；固定哈希次序第446名，组实际配额750。未要求命中行业词根；名称线索不是意义或机会确认。,未核实
amaanat.dev,2026-09-09,产品与技术后缀,未取得可用页面,当前未取得可用HTTPS页面：network_error,,not_checked,https://amaanat.dev/,,,,独立后缀与名称通道：产品与技术后缀（.dev）；通用词典完整分词；固定哈希次序第447名，组实际配额750。未要求命中行业词根；名称线索不是意义或机会确认。,未核实
filipehermez.dev,2026-09-14,产品与技术后缀,页面内容不足,未同时达到正文160字符且（description≥40字符或非通用H1≥8字符）,,not_checked,https://www.filipehermez.dev/,Filipe Hermez,Site pessoal de Filipe Hermez,,独立后缀与名称通道：产品与技术后缀（.dev）；可读字符形态探索；固定哈希次序第448名，组实际配额750。未要求命中行业词根；名称线索不是意义或机会确认。,未核实
prockit.ai,2026-08-28,产品与技术后缀,注册超过30天,RDAP registration 早于固定30天窗口,2026-08-25T14:49:10.792000Z,verified_old,https://prockit.ai/,prockit.ai,prockit.ai - An innovative tech startup leveraging artificial intelligence. Launching soon with updates and insights for your business solutions.,Launching Soon;Launching Soon,独立后缀与名称通道：产品与技术后缀（.ai）；可读字符形态探索；固定哈希次序第449名，组实际配额750。未要求命中行业词根；名称线索不是意义或机会确认。,未核实
pokedex.tech,2026-09-21,产品与技术后缀,未取得可用页面,当前未取得可用HTTPS页面：network_error,,not_checked,https://pokedex.tech/,,,,独立后缀与名称通道：产品与技术后缀（.tech）；可读字符形态探索；固定哈希次序第450名，组实际配额750。未要求命中行业词根；名称线索不是意义或机会确认。,未核实
omnivi.ai,2026-09-25,产品与技术后缀,页面内容不足,AI内容复核：正文只有导航和越南语加载内容状态，没有取得图片、视频或音乐生成页面主体。 原文：Đang tải nội dung…;自动初判：RDAP registration 位于近30天窗口；当前HTTPS页面通过实质内容规则,2026-09-22T03:44:54.251000Z,verified_recent,https://omnivi.ai/en,"AI Studio — Create Images, Video & Music with AI","AI Studio — an AI content platform: generate images, video and music from a simple prompt, plus AI photo tools to remove backgrounds, upscale and erase objects. Free to start.",,独立后缀与名称通道：产品与技术后缀（.ai）；可读字符形态探索；固定哈希次序第451名，组实际配额750。未要求命中行业词根；名称线索不是意义或机会确认。,未核实
propertyexit.ai,2026-09-15,产品与技术后缀,页面内容不足,未同时达到正文160字符且（description≥40字符或非通用H1≥8字符）,,not_checked,https://propertyexit.ai/,,,,独立后缀与名称通道：产品与技术后缀（.ai）；通用词典完整分词；固定哈希次序第452名，组实际配额750。未要求命中行业词根；名称线索不是意义或机会确认。,未核实
scannerz.app,2026-09-01,产品与技术后缀,未取得可用页面,当前未取得可用HTTPS页面：network_error,,not_checked,https://scannerz.app/,,,,独立后缀与名称通道：产品与技术后缀（.app）；可读字符形态探索；固定哈希次序第453名，组实际配额750。未要求命中行业词根；名称线索不是意义或机会确认。,未核实
ismo-data.app,2026-09-07,产品与技术后缀,页面内容不足,未同时达到正文160字符且（description≥40字符或非通用H1≥8字符）,,not_checked,https://ismo-data.app/,ismo. | Web Analytics,気づきを、もっとやさしく。HP・LPの改善点が見つかるWeb分析プロダクト。,,独立后缀与名称通道：产品与技术后缀（.app）；可读字符形态探索；固定哈希次序第454名，组实际配额750。未要求命中行业词根；名称线索不是意义或机会确认。,未核实
f7studio.dev,2026-09-15,产品与技术后缀,页面内容不足,未同时达到正文160字符且（description≥40字符或非通用H1≥8字符）,,not_checked,https://f7studio.dev/,Parked Domain name on Hostinger DNS system,,,独立后缀与名称通道：产品与技术后缀（.dev）；少量数字名称探索；固定哈希次序第455名，组实际配额750。未要求命中行业词根；名称线索不是意义或机会确认。,未核实
ogamind.ai,2026-09-21,产品与技术后缀,未取得可用页面,当前未取得可用HTTPS页面：network_error,,not_checked,https://ogamind.ai/,,,,独立后缀与名称通道：产品与技术后缀（.ai）；通用词典完整分词；固定哈希次序第456名，组实际配额750。未要求命中行业词根；名称线索不是意义或机会确认。,未核实
daylightstation.dev,2026-09-13,产品与技术后缀,未取得可用页面,当前未取得可用HTTPS页面：network_error,,not_checked,https://daylightstation.dev/,,,,独立后缀与名称通道：产品与技术后缀（.dev）；通用词典完整分词；固定哈希次序第457名，组实际配额750。未要求命中行业词根；名称线索不是意义或机会确认。,未核实
thehometeam.app,2026-09-17,产品与技术后缀,未取得可用页面,当前未取得可用HTTPS页面：network_error,,not_checked,https://thehometeam.app/,,,,独立后缀与名称通道：产品与技术后缀（.app）；通用词典完整分词；固定哈希次序第458名，组实际配额750。未要求命中行业词根；名称线索不是意义或机会确认。,未核实
opendegrees.app,2026-09-07,产品与技术后缀,未取得可用页面,当前未取得可用HTTPS页面：network_error,,not_checked,https://opendegrees.app/,,,,独立后缀与名称通道：产品与技术后缀（.app）；通用词典完整分词；固定哈希次序第459名，组实际配额750。未要求命中行业词根；名称线索不是意义或机会确认。,未核实
patabyte.dev,2026-09-21,产品与技术后缀,未取得可用页面,当前未取得可用HTTPS页面：network_error,,not_checked,https://patabyte.dev/,,,,独立后缀与名称通道：产品与技术后缀（.dev）；可读字符形态探索；固定哈希次序第460名，组实际配额750。未要求命中行业词根；名称线索不是意义或机会确认。,未核实
signatural.app,2026-08-31,产品与技术后缀,未取得可用页面,当前未取得可用HTTPS页面：network_error,,not_checked,https://signatural.app/,,,,独立后缀与名称通道：产品与技术后缀（.app）；通用词典完整分词；固定哈希次序第461名，组实际配额750。未要求命中行业词根；名称线索不是意义或机会确认。,未核实
stretto.dev,2026-08-29,产品与技术后缀,页面内容不足,未同时达到正文160字符且（description≥40字符或非通用H1≥8字符）,,not_checked,https://stretto.dev/,Stretto,"Stretto web studio. Choose your language: English, Russian or Arabic.",Stretto,独立后缀与名称通道：产品与技术后缀（.dev）；通用词典完整分词；固定哈希次序第462名，组实际配额750。未要求命中行业词根；名称线索不是意义或机会确认。,未核实
secondstone.dev,2026-09-13,产品与技术后缀,注册时间未核实,页面有内容，但RDAP未取得有效且位于窗口内的registration事件,,unknown,https://secondstone.dev/,Home · Second Stone,"Second Stone verifies MCP servers and agent-facing APIs, fixes what it finds by pull request, and monitors for regressions. Operated by an AI agent with a human approving every external action.",Verification for MCP servers and agent-facing APIs,独立后缀与名称通道：产品与技术后缀（.dev）；通用词典完整分词；固定哈希次序第463名，组实际配额750。未要求命中行业词根；名称线索不是意义或机会确认。,未核实
eventaceweather.app,2026-09-24,产品与技术后缀,页面内容不足,未同时达到正文160字符且（description≥40字符或非通用H1≥8字符）,,not_checked,https://eventaceweather.app/,Your event sites — Get your event updates here,"Every event site you run, with its current conditions, storm status and open weather alerts in one deck.",,独立后缀与名称通道：产品与技术后缀（.app）；通用词典完整分词；固定哈希次序第464名，组实际配额750。未要求命中行业词根；名称线索不是意义或机会确认。,未核实
soberlivinghouses.ai,2026-09-23,产品与技术后缀,页面内容不足,未同时达到正文160字符且（description≥40字符或非通用H1≥8字符）,,not_checked,https://soberlivinghouses.ai/,,,,独立后缀与名称通道：产品与技术后缀（.ai）；可读字符形态探索；固定哈希次序第465名，组实际配额750。未要求命中行业词根；名称线索不是意义或机会确认。,未核实
trustedexecution.io,2026-09-18,产品与技术后缀,未取得可用页面,当前未取得可用HTTPS页面：network_error,,not_checked,https://trustedexecution.io/,,,,独立后缀与名称通道：产品与技术后缀（.io）；可读字符形态探索；固定哈希次序第466名，组实际配额750。未要求命中行业词根；名称线索不是意义或机会确认。,未核实
silverstars.dev,2026-08-30,产品与技术后缀,未取得可用页面,当前未取得可用HTTPS页面：network_error,,not_checked,https://silverstars.dev/,,,,独立后缀与名称通道：产品与技术后缀（.dev）；可读字符形态探索；固定哈希次序第467名，组实际配额750。未要求命中行业词根；名称线索不是意义或机会确认。,未核实
sinokids.app,2026-09-20,产品与技术后缀,未取得可用页面,当前未取得可用HTTPS页面：network_error,,not_checked,https://sinokids.app/,,,,独立后缀与名称通道：产品与技术后缀（.app）；可读字符形态探索；固定哈希次序第468名，组实际配额750。未要求命中行业词根；名称线索不是意义或机会确认。,未核实
raky.app,2026-09-15,产品与技术后缀,停放或未正式开放,AI内容复核：正文明确说仍在开发且尚未发布，只收集等待名单。 原文：Raky is in development and has not been released yet.;自动初判：RDAP registration 位于近30天窗口；当前HTTPS页面通过实质内容规则,2026-09-13T10:10:31.848000Z,verified_recent,https://raky.app/,Raky — Give your money a job.,"Raky turns your income into a plan you can actually keep — bills, debt, goals and room to live, all worked out in a few minutes. No bank login required.",Give your money a job.,独立后缀与名称通道：产品与技术后缀（.app）；短缩写探索；固定哈希次序第469名，组实际配额750。未要求命中行业词根；名称线索不是意义或机会确认。,未核实
usesunday.ai,2026-08-27,产品与技术后缀,注册超过30天,RDAP registration 早于固定30天窗口,2026-08-25T06:07:58.037000Z,verified_old,https://usesunday.ai/,Sunday | Stop navigating. Start asking.,"Reserve early access to Sunday, an accessibility-first Android assistant that carries out everyday tasks across apps by voice.",Stop navigating. Start asking.,独立后缀与名称通道：产品与技术后缀（.ai）；通用词典完整分词；固定哈希次序第470名，组实际配额750。未要求命中行业词根；名称线索不是意义或机会确认。,未核实
townseek.app,2026-09-07,产品与技术后缀,页面内容不足,未同时达到正文160字符且（description≥40字符或非通用H1≥8字符）,,not_checked,https://townseek.app/,,,,独立后缀与名称通道：产品与技术后缀（.app）；通用词典完整分词；固定哈希次序第471名，组实际配额750。未要求命中行业词根；名称线索不是意义或机会确认。,未核实
cannafulfill.app,2026-08-28,产品与技术后缀,未取得可用页面,当前未取得可用HTTPS页面：too_large,,not_checked,https://cannafulfill.app/,,,,独立后缀与名称通道：产品与技术后缀（.app）；通用词典完整分词；固定哈希次序第472名，组实际配额750。未要求命中行业词根；名称线索不是意义或机会确认。,未核实
omvea.app,2026-09-14,产品与技术后缀,未取得可用页面,当前未取得可用HTTPS页面：network_error,,not_checked,https://omvea.app/,,,,独立后缀与名称通道：产品与技术后缀（.app）；短缩写探索；固定哈希次序第473名，组实际配额750。未要求命中行业词根；名称线索不是意义或机会确认。,未核实
main-server.app,2026-09-25,产品与技术后缀,页面内容不足,未同时达到正文160字符且（description≥40字符或非通用H1≥8字符）,,not_checked,https://main-server.app/auth/login?weiter=/,Anmelden – PA Creations,,Anmelden,独立后缀与名称通道：产品与技术后缀（.app）；通用词典完整分词；固定哈希次序第474名，组实际配额750。未要求命中行业词根；名称线索不是意义或机会确认。,未核实
kiwisbakery.dev,2026-09-13,产品与技术后缀,未取得可用页面,当前未取得可用HTTPS页面：http_error,,not_checked,https://kiwisbakery.dev/,,,,独立后缀与名称通道：产品与技术后缀（.dev）；可读字符形态探索；固定哈希次序第475名，组实际配额750。未要求命中行业词根；名称线索不是意义或机会确认。,未核实
tundracode.tech,2026-09-20,产品与技术后缀,页面内容不足,未同时达到正文160字符且（description≥40字符或非通用H1≥8字符）,,not_checked,https://tundracode.tech/,Parked Domain name on Hostinger DNS system,,,独立后缀与名称通道：产品与技术后缀（.tech）；通用词典完整分词；固定哈希次序第476名，组实际配额750。未要求命中行业词根；名称线索不是意义或机会确认。,未核实
nikastar.io,2026-09-15,产品与技术后缀,未取得可用页面,当前未取得可用HTTPS页面：network_error,,not_checked,https://nikastar.io/,,,,独立后缀与名称通道：产品与技术后缀（.io）；可读字符形态探索；固定哈希次序第477名，组实际配额750。未要求命中行业词根；名称线索不是意义或机会确认。,未核实
presco.io,2026-09-05,产品与技术后缀,未取得可用页面,当前未取得可用HTTPS页面：network_error,,not_checked,https://presco.io/,,,,独立后缀与名称通道：产品与技术后缀（.io）；可读字符形态探索；固定哈希次序第478名，组实际配额750。未要求命中行业词根；名称线索不是意义或机会确认。,未核实
arpiq.dev,2026-09-07,产品与技术后缀,未取得可用页面,当前未取得可用HTTPS页面：network_error,,not_checked,https://arpiq.dev/,,,,独立后缀与名称通道：产品与技术后缀（.dev）；短缩写探索；固定哈希次序第479名，组实际配额750。未要求命中行业词根；名称线索不是意义或机会确认。,未核实
zhaba.dev,2026-08-28,产品与技术后缀,未取得可用页面,当前未取得可用HTTPS页面：network_error,,not_checked,https://zhaba.dev/,,,,独立后缀与名称通道：产品与技术后缀（.dev）；短缩写探索；固定哈希次序第480名，组实际配额750。未要求命中行业词根；名称线索不是意义或机会确认。,未核实
knowledgetrace.ai,2026-09-10,产品与技术后缀,停放或未正式开放,AI内容复核：正文为即将上线联系模板，没有具体已发布产品内容。 原文：Launching Soon Launching Soon Contact Us;自动初判：RDAP registration 位于近30天窗口；当前HTTPS页面通过实质内容规则,2026-09-06T13:29:24.738000Z,verified_recent,https://knowledgetrace.ai/,knowledgetrace.ai,,Launching Soon;Launching Soon,独立后缀与名称通道：产品与技术后缀（.ai）；通用词典完整分词；固定哈希次序第481名，组实际配额750。未要求命中行业词根；名称线索不是意义或机会确认。,未核实
tradefi.tech,2026-09-08,产品与技术后缀,未取得可用页面,当前未取得可用HTTPS页面：http_error,,not_checked,https://tradefi.tech/,,,,独立后缀与名称通道：产品与技术后缀（.tech）；可读字符形态探索；固定哈希次序第482名，组实际配额750。未要求命中行业词根；名称线索不是意义或机会确认。,未核实
grepboard.dev,2026-09-07,产品与技术后缀,未取得可用页面,当前未取得可用HTTPS页面：network_error,,not_checked,https://grepboard.dev/,,,,独立后缀与名称通道：产品与技术后缀（.dev）；可读字符形态探索；固定哈希次序第483名，组实际配额750。未要求命中行业词根；名称线索不是意义或机会确认。,未核实
casualfootball.app,2026-08-28,产品与技术后缀,注册超过30天,RDAP registration 早于固定30天窗口,2026-08-26T06:49:49.709000Z,verified_old,https://casualfootball.app/,Casual Football Network - Hong Kong,"The ultimate hub for local football players to join games, manage attendance, track match history, and connect with the community.",Casual Football Network - Hong Kong,独立后缀与名称通道：产品与技术后缀（.app）；通用词典完整分词；固定哈希次序第484名，组实际配额750。未要求命中行业词根；名称线索不是意义或机会确认。,未核实
gotthard.app,2026-09-04,产品与技术后缀,未取得可用页面,当前未取得可用HTTPS页面：network_error,,not_checked,https://gotthard.app/,,,,独立后缀与名称通道：产品与技术后缀（.app）；可读字符形态探索；固定哈希次序第485名，组实际配额750。未要求命中行业词根；名称线索不是意义或机会确认。,未核实
luhte.tech,2026-09-05,产品与技术后缀,页面内容不足,未同时达到正文160字符且（description≥40字符或非通用H1≥8字符）,,not_checked,https://luhte.tech/,Parked Domain name on Hostinger DNS system,,,独立后缀与名称通道：产品与技术后缀（.tech）；短缩写探索；固定哈希次序第486名，组实际配额750。未要求命中行业词根；名称线索不是意义或机会确认。,未核实
stacklite.tech,2026-08-30,产品与技术后缀,页面内容不足,未同时达到正文160字符且（description≥40字符或非通用H1≥8字符）,,not_checked,https://stacklite.tech/,Stacklite — Dashboard,,,独立后缀与名称通道：产品与技术后缀（.tech）；通用词典完整分词；固定哈希次序第487名，组实际配额750。未要求命中行业词根；名称线索不是意义或机会确认。,未核实
walkawayfi.app,2026-09-01,产品与技术后缀,跳转到其他域名,来源域名近期注册，但最终页面属于其他域名；目标站上线时间未知,2026-08-30T20:26:06.905000Z,verified_recent,https://walkawayfi.com/,WalkAwayFI — the private FIRE planner,WalkAwayFI — the private FIRE planner with real US + Canada tax engines. Your numbers never leave your machine.,When can you actually walk away?,独立后缀与名称通道：产品与技术后缀（.app）；可读字符形态探索；固定哈希次序第488名，组实际配额750。未要求命中行业词根；名称线索不是意义或机会确认。,未核实
隔离记录-b4ebe27b1c5e,2026-09-12,产品与技术后缀,近期注册且有内容,本轮暂跳过成人与博彩内容；此项不改变页面是否存在的事实判定。,2026-09-10T09:18:42.944000Z,verified_recent,,已移出本轮研究范围,,,名称与原文不在公开工作台展示；抽样位置保留于本地审计。,未核实
alignedsolutions.ai,2026-08-30,产品与技术后缀,注册超过30天,RDAP registration 早于固定30天窗口,2026-08-25T11:54:24.499000Z,verified_old,https://alignedsolutions.ai/,Aligned Solutions | Back-office setup and automation for business owners,"Aligned Solutions helps business owners launch and scale by handling back-end setup and automation, so owners spend their time on the work that actually grows the business.",Most of your week goes to work that doesn't grow the business.,独立后缀与名称通道：产品与技术后缀（.ai）；可读字符形态探索；固定哈希次序第490名，组实际配额750。未要求命中行业词根；名称线索不是意义或机会确认。,未核实
sauravmaz.tech,2026-09-25,产品与技术后缀,页面内容不足,未同时达到正文160字符且（description≥40字符或非通用H1≥8字符）,,not_checked,https://sauravmaz.tech/,Parked Domain name on Hostinger DNS system,,,独立后缀与名称通道：产品与技术后缀（.tech）；可读字符形态探索；固定哈希次序第491名，组实际配额750。未要求命中行业词根；名称线索不是意义或机会确认。,未核实
yetech.dev,2026-08-30,产品与技术后缀,页面内容不足,未同时达到正文160字符且（description≥40字符或非通用H1≥8字符）,,not_checked,https://yetech.dev/,יאיר אליהו | מהנדס תוכנה,,,独立后缀与名称通道：产品与技术后缀（.dev）；可读字符形态探索；固定哈希次序第492名，组实际配额750。未要求命中行业词根；名称线索不是意义或机会确认。,未核实
aristeon.tech,2026-09-07,产品与技术后缀,未取得可用页面,当前未取得可用HTTPS页面：network_error,,not_checked,https://aristeon.tech/,,,,独立后缀与名称通道：产品与技术后缀（.tech）；通用词典完整分词；固定哈希次序第493名，组实际配额750。未要求命中行业词根；名称线索不是意义或机会确认。,未核实
joaomartinsphoto.app,2026-09-10,产品与技术后缀,近期注册且有内容,RDAP registration 位于近30天窗口；当前HTTPS页面通过实质内容规则,2026-09-07T23:58:47.716000Z,verified_recent,https://joaomartinsphoto.app/,North Pole Express — Sessões de Natal 2026 | João Martins Fotografia,Uma experiência imersiva de Natal em família em Mirandela. Mais do que uma sessão fotográfica: a viagem ao Polo Norte. Vagas limitadas.,NORTH POLE EXPRESS,独立后缀与名称通道：产品与技术后缀（.app）；可读字符形态探索；固定哈希次序第494名，组实际配额750。未要求命中行业词根；名称线索不是意义或机会确认。,未核实
abule.tech,2026-09-09,产品与技术后缀,未取得可用页面,当前未取得可用HTTPS页面：network_error,,not_checked,https://abule.tech/,,,,独立后缀与名称通道：产品与技术后缀（.tech）；短缩写探索；固定哈希次序第495名，组实际配额750。未要求命中行业词根；名称线索不是意义或机会确认。,未核实
manhak.app,2026-09-04,产品与技术后缀,停放或未正式开放,AI内容复核：FAQ 明确说明应用尚未发布，下载入口均为即将开放，按待发布页处理。 原文：لم يُنشر Manhak بعد.;自动初判：RDAP registration 位于近30天窗口；当前HTTPS页面通过实质内容规则,2026-09-01T16:41:38.264000Z,verified_recent,https://manhak.app/,Manhak — قارئ المانجا والمانهوا العربي,Manhak قارئ عربي للمانجا والمانهوا والويب تون على أندرويد، بتجربة قراءة سريعة ومريحة.,اقرأ عالمك، بطريقتك.,独立后缀与名称通道：产品与技术后缀（.app）；通用词典完整分词；固定哈希次序第496名，组实际配额750。未要求命中行业词根；名称线索不是意义或机会确认。,未核实
atlogin.app,2026-09-01,产品与技术后缀,页面内容不足,未同时达到正文160字符且（description≥40字符或非通用H1≥8字符）,,not_checked,https://202608.urldance.com/8d/?atlogin.app,welcome,,,独立后缀与名称通道：产品与技术后缀（.app）；可读字符形态探索；固定哈希次序第497名，组实际配额750。未要求命中行业词根；名称线索不是意义或机会确认。,未核实
cityemprise.app,2026-09-20,产品与技术后缀,未取得可用页面,当前未取得可用HTTPS页面：network_error,,not_checked,https://cityemprise.app/,,,,独立后缀与名称通道：产品与技术后缀（.app）；通用词典完整分词；固定哈希次序第498名，组实际配额750。未要求命中行业词根；名称线索不是意义或机会确认。,未核实
hypercredit.dev,2026-08-28,产品与技术后缀,页面内容不足,未同时达到正文160字符且（description≥40字符或非通用H1≥8字符）,,not_checked,https://hypercredit.dev/,,,,独立后缀与名称通道：产品与技术后缀（.dev）；通用词典完整分词；固定哈希次序第499名，组实际配额750。未要求命中行业词根；名称线索不是意义或机会确认。,未核实
getprofitcheck.app,2026-09-24,产品与技术后缀,未取得可用页面,当前未取得可用HTTPS页面：network_error,,not_checked,https://getprofitcheck.app/,,,,独立后缀与名称通道：产品与技术后缀（.app）；通用词典完整分词；固定哈希次序第500名，组实际配额750。未要求命中行业词根；名称线索不是意义或机会确认。,未核实
cyberai.tech,2026-09-16,产品与技术后缀,未取得可用页面,当前未取得可用HTTPS页面：network_error,,not_checked,https://cyberai.tech/,,,,独立后缀与名称通道：产品与技术后缀（.tech）；可读字符形态探索；固定哈希次序第501名，组实际配额750。未要求命中行业词根；名称线索不是意义或机会确认。,未核实
kopo-lang.dev,2026-09-09,产品与技术后缀,停放或未正式开放,AI内容复核：西班牙语正文明确为即将发布，除此只有联系和Cookie模板。 原文：Próximo lanzamiento;自动初判：RDAP registration 位于近30天窗口；当前HTTPS页面通过实质内容规则,2026-09-07T19:16:06.154000Z,verified_recent,https://kopo-lang.dev/,kopo-lang.dev,,‌‌Próximo lanzamiento;‌‌Próximo lanzamiento,独立后缀与名称通道：产品与技术后缀（.dev）；可读字符形态探索；固定哈希次序第502名，组实际配额750。未要求命中行业词根；名称线索不是意义或机会确认。,未核实
ezekiel.app,2026-09-20,产品与技术后缀,未取得可用页面,当前未取得可用HTTPS页面：http_error,,not_checked,https://domains.atom.com/lpd/name/ezekiel.app,,,,独立后缀与名称通道：产品与技术后缀（.app）；通用词典完整分词；固定哈希次序第503名，组实际配额750。未要求命中行业词根；名称线索不是意义或机会确认。,未核实
botreeve.ai,2026-09-20,产品与技术后缀,停放或未正式开放,"AI内容复核：当前主要入口是候补名单并写明即将登陆移动平台，按待发布候补页处理；未验证下文所述自托管产品是否已开放。 原文：Join the waitlist Coming to iPhone, iPad & Android;自动初判：RDAP registration 位于近30天窗口；当前HTTPS页面通过实质内容规则",2026-09-17T18:44:34.422000Z,verified_recent,https://botreeve.ai/,botreeve — one place for every bot you run,"botreeve is a cross-ecosystem bot orchestrator: see and steer every bot and agent you run, across services, from one app. No signals, no recommendations — you set the rules, the gate enforces them.",One place to run every bot you use.,独立后缀与名称通道：产品与技术后缀（.ai）；通用词典完整分词；固定哈希次序第504名，组实际配额750。未要求命中行业词根；名称线索不是意义或机会确认。,未核实
wellssim.app,2026-09-13,产品与技术后缀,近期注册且有内容,RDAP registration 位于近30天窗口；当前HTTPS页面通过实质内容规则,2026-09-10T23:00:38.681000Z,verified_recent,https://wellssim.app/,WellSim — Nodal Analysis,"Nodal analysis, minimum connected reserves, and production forecasting for oil, water, and gas wells.",Well Sim,独立后缀与名称通道：产品与技术后缀（.app）；可读字符形态探索；固定哈希次序第505名，组实际配额750。未要求命中行业词根；名称线索不是意义或机会确认。,未核实
noiatech.io,2026-09-20,产品与技术后缀,页面内容不足,未同时达到正文160字符且（description≥40字符或非通用H1≥8字符）,,not_checked,https://noiatech.io/,Parked Domain name on Hostinger DNS system,,,独立后缀与名称通道：产品与技术后缀（.io）；可读字符形态探索；固定哈希次序第506名，组实际配额750。未要求命中行业词根；名称线索不是意义或机会确认。,未核实
recallstrength.app,2026-09-04,产品与技术后缀,未取得可用页面,当前未取得可用HTTPS页面：network_error,,not_checked,https://recallstrength.app/,,,,独立后缀与名称通道：产品与技术后缀（.app）；通用词典完整分词；固定哈希次序第507名，组实际配额750。未要求命中行业词根；名称线索不是意义或机会确认。,未核实
ibtihal.dev,2026-09-01,产品与技术后缀,未取得可用页面,当前未取得可用HTTPS页面：network_error,,not_checked,https://ibtihal.dev/,,,,独立后缀与名称通道：产品与技术后缀（.dev）；可读字符形态探索；固定哈希次序第508名，组实际配额750。未要求命中行业词根；名称线索不是意义或机会确认。,未核实
laily.app,2026-09-20,产品与技术后缀,未取得可用页面,当前未取得可用HTTPS页面：network_error,,not_checked,https://laily.app/,,,,独立后缀与名称通道：产品与技术后缀（.app）；短缩写探索；固定哈希次序第509名，组实际配额750。未要求命中行业词根；名称线索不是意义或机会确认。,未核实
隔离记录-42ab13404a86,2026-09-20,产品与技术后缀,近期注册且有内容,本轮暂跳过成人与博彩内容；此项不改变页面是否存在的事实判定。,2026-09-17T07:52:21.630000Z,verified_recent,,已移出本轮研究范围,,,名称与原文不在公开工作台展示；抽样位置保留于本地审计。,未核实
traypass.app,2026-09-04,产品与技术后缀,停放或未正式开放,AI内容复核：页面明确表示即将上架 App Store，当前只有预发布简短介绍。 原文：Coming to the App Store · iPhone · iOS 26;自动初判：RDAP registration 位于近30天窗口；当前HTTPS页面通过实质内容规则,2026-09-02T17:54:08.424000Z,verified_recent,https://traypass.app/,"Traypass · every trip, on one boarding pass","Flights, stays and plans on one timeline, a bag counted from your wardrobe and the weather there, and a passport that fills with a stamp every time a trip ends. For iPhone.","Every trip, on one boarding pass.",独立后缀与名称通道：产品与技术后缀（.app）；通用词典完整分词；固定哈希次序第511名，组实际配额750。未要求命中行业词根；名称线索不是意义或机会确认。,未核实
tourbible.app,2026-08-29,产品与技术后缀,未取得可用页面,当前未取得可用HTTPS页面：http_error,,not_checked,https://tourbible.app/,,,,独立后缀与名称通道：产品与技术后缀（.app）；通用词典完整分词；固定哈希次序第512名，组实际配额750。未要求命中行业词根；名称线索不是意义或机会确认。,未核实
vectorcut.ai,2026-09-14,产品与技术后缀,未取得可用页面,当前未取得可用HTTPS页面：network_error,,not_checked,https://vectorcut.ai/,,,,独立后缀与名称通道：产品与技术后缀（.ai）；通用词典完整分词；固定哈希次序第513名，组实际配额750。未要求命中行业词根；名称线索不是意义或机会确认。,未核实
kitchen-sync.app,2026-09-14,产品与技术后缀,未取得可用页面,当前未取得可用HTTPS页面：network_error,,not_checked,https://kitchen-sync.app/,,,,独立后缀与名称通道：产品与技术后缀（.app）；通用词典完整分词；固定哈希次序第514名，组实际配额750。未要求命中行业词根；名称线索不是意义或机会确认。,未核实
viskro.app,2026-09-24,产品与技术后缀,未取得可用页面,当前未取得可用HTTPS页面：network_error,,not_checked,https://viskro.app/,,,,独立后缀与名称通道：产品与技术后缀（.app）；可读字符形态探索；固定哈希次序第515名，组实际配额750。未要求命中行业词根；名称线索不是意义或机会确认。,未核实
隔离记录-fffa76b7c6f3,2026-08-31,产品与技术后缀,注册时间未核实,公开展示暂隔离，原始技术判定保留。,,unknown,,已移出本轮研究范围,,,名称与原文不在公开工作台展示；抽样位置保留于本地审计。,未核实
ossgrid.tech,2026-09-10,产品与技术后缀,近期注册且有内容,RDAP registration 位于近30天窗口；当前HTTPS页面通过实质内容规则,2026-09-08T18:04:56.635000Z,verified_recent,https://ossgrid.tech/,"OSSGrid — Discover Open Source Mentorships & Ecosystems (LFX, GSoC & More)","A developer guide and explorer for open-source mentorships and fellowships. Compare stipends, eligibility, and timelines across programs like LFX, GSoC, and Outreachy.",Navigate All Open Source Mentorships & Fellowships,独立后缀与名称通道：产品与技术后缀（.tech）；可读字符形态探索；固定哈希次序第517名，组实际配额750。未要求命中行业词根；名称线索不是意义或机会确认。,未核实
tidybee.io,2026-09-10,产品与技术后缀,未取得可用页面,当前未取得可用HTTPS页面：network_error,,not_checked,https://tidybee.io/,,,,独立后缀与名称通道：产品与技术后缀（.io）；通用词典完整分词；固定哈希次序第518名，组实际配额750。未要求命中行业词根；名称线索不是意义或机会确认。,未核实
netseed.dev,2026-09-01,产品与技术后缀,近期注册且有内容,RDAP registration 位于近30天窗口；当前HTTPS页面通过实质内容规则,2026-08-29T03:45:11.060000Z,verified_recent,https://netseed.dev/,NetSeed — Unified private access and secure connectivity,"Reach an office device, open one private service, use your company's approved internet exit, or publish a protected application without flattening the network.",Reach what matters. Not the whole network.,独立后缀与名称通道：产品与技术后缀（.dev）；通用词典完整分词；固定哈希次序第519名，组实际配额750。未要求命中行业词根；名称线索不是意义或机会确认。,未核实
uwu4d.app,2026-09-25,产品与技术后缀,未取得可用页面,当前未取得可用HTTPS页面：network_error,,not_checked,https://uwu4d.app/,,,,独立后缀与名称通道：产品与技术后缀（.app）；少量数字名称探索；固定哈希次序第520名，组实际配额750。未要求命中行业词根；名称线索不是意义或机会确认。,未核实
firstpress.app,2026-09-04,产品与技术后缀,近期注册且有内容,RDAP registration 位于近30天窗口；当前HTTPS页面通过实质内容规则,2026-09-02T17:11:26.831000Z,verified_recent,https://firstpress.app/,First Press — Vinyl Scanner,"Point your phone at a record. First Press identifies the exact pressing from the label and the deadwax, then prices that pressing by condition.",EXACT PRESSINGS. NOT JUST ALBUMS.,独立后缀与名称通道：产品与技术后缀（.app）；通用词典完整分词；固定哈希次序第521名，组实际配额750。未要求命中行业词根；名称线索不是意义或机会确认。,未核实
maisonballoons.app,2026-09-10,产品与技术后缀,近期注册且有内容,RDAP registration 位于近30天窗口；当前HTTPS页面通过实质内容规则,2026-09-08T03:17:45.563000Z,verified_recent,https://maisonballoons.app/,"Enquire — Maison Balloons, Sunshine Coast","Tell Maison Balloons about your event and receive a quote for luxury balloon garlands, backdrops and styling across the Sunshine Coast, QLD.",Let's style something beautiful,独立后缀与名称通道：产品与技术后缀（.app）；可读字符形态探索；固定哈希次序第522名，组实际配额750。未要求命中行业词根；名称线索不是意义或机会确认。,未核实
cloudexa.dev,2026-09-23,产品与技术后缀,近期注册且有内容,RDAP registration 位于近30天窗口；当前HTTPS页面通过实质内容规则,2026-09-21T04:56:58.024000Z,verified_recent,https://cloudexa.dev/,Cloudexa — Where code goes live.,Where code goes live.,Where code goes live.,独立后缀与名称通道：产品与技术后缀（.dev）；可读字符形态探索；固定哈希次序第523名，组实际配额750。未要求命中行业词根；名称线索不是意义或机会确认。,未核实
bahsegel.dev,2026-09-13,产品与技术后缀,未取得可用页面,当前未取得可用HTTPS页面：network_error,,not_checked,https://bahsegel.dev/,,,,独立后缀与名称通道：产品与技术后缀（.dev）；可读字符形态探索；固定哈希次序第524名，组实际配额750。未要求命中行业词根；名称线索不是意义或机会确认。,未核实
ganbatte.tech,2026-09-03,产品与技术后缀,页面内容不足,未同时达到正文160字符且（description≥40字符或非通用H1≥8字符）,,not_checked,https://www.ganbatte.tech/,Ganbatte | Japanese Learning Practice,"Ganbatte is a friendly Japanese learning app for practising kana, N5 kanji, and Genki Volume 1 grammar.",,独立后缀与名称通道：产品与技术后缀（.tech）；可读字符形态探索；固定哈希次序第525名，组实际配额750。未要求命中行业词根；名称线索不是意义或机会确认。,未核实
beolla.app,2026-08-30,产品与技术后缀,未取得可用页面,当前未取得可用HTTPS页面：network_error,,not_checked,https://beolla.app/,,,,独立后缀与名称通道：产品与技术后缀（.app）；可读字符形态探索；固定哈希次序第526名，组实际配额750。未要求命中行业词根；名称线索不是意义或机会确认。,未核实
hardredact.ai,2026-08-30,产品与技术后缀,近期注册且有内容,RDAP registration 位于近30天窗口；当前HTTPS页面通过实质内容规则,2026-08-27T18:26:03.519000Z,verified_recent,https://hardredact.ai/,Redaction software you can prove — HardRedact,"Redact PDFs and Word documents in your browser. The file is never uploaded. HardRedact removes the text for real, re-checks it, and writes a certificate.",Remove the name . Then prove it is gone.,独立后缀与名称通道：产品与技术后缀（.ai）；通用词典完整分词；固定哈希次序第527名，组实际配额750。未要求命中行业词根；名称线索不是意义或机会确认。,未核实
hello-aria.ai,2026-09-01,产品与技术后缀,注册时间未核实,页面有内容，但RDAP未取得有效且位于窗口内的registration事件,,unknown,https://hello-aria.ai/,A.R.I.A. — AI Reminder & Information Assistant,"ARIA keeps your schedule, reminders, addresses, and useful information clear and easy to access.","Your day, already organized.",独立后缀与名称通道：产品与技术后缀（.ai）；通用词典完整分词；固定哈希次序第528名，组实际配额750。未要求命中行业词根；名称线索不是意义或机会确认。,未核实
cyrusmwendwa.tech,2026-09-22,产品与技术后缀,近期注册且有内容,RDAP registration 位于近30天窗口；当前HTTPS页面通过实质内容规则,2026-09-20T15:17:16.789000Z,verified_recent,https://cyrusmwendwa.tech/,Full-Stack Developer — Cyrus Mwendwa,"Full-Stack Developer based in Nairobi, Kenya specializing in custom web applications, e-commerce platforms, institutional portals, and seamless API integrations.",CRAFTING WEB EXPERIENCES THAT GROW YOUR BUSINESS.,独立后缀与名称通道：产品与技术后缀（.tech）；可读字符形态探索；固定哈希次序第529名，组实际配额750。未要求命中行业词根；名称线索不是意义或机会确认。,未核实
morningdew.app,2026-09-20,产品与技术后缀,未取得可用页面,当前未取得可用HTTPS页面：network_error,,not_checked,https://morningdew.app/,,,,独立后缀与名称通道：产品与技术后缀（.app）；通用词典完整分词；固定哈希次序第530名，组实际配额750。未要求命中行业词根；名称线索不是意义或机会确认。,未核实
savnia.app,2026-09-13,产品与技术后缀,未取得可用页面,当前未取得可用HTTPS页面：http_error,,not_checked,https://savnia.app/,,,,独立后缀与名称通道：产品与技术后缀（.app）；可读字符形态探索；固定哈希次序第531名，组实际配额750。未要求命中行业词根；名称线索不是意义或机会确认。,未核实
stonesync.app,2026-09-02,产品与技术后缀,停放或未正式开放,标题/H1/description 或域名式标题对应的正文开头命中停放/未开放标记：under construction,,not_checked,https://stonesync.app/,Coming Soon,,stonesync.app,独立后缀与名称通道：产品与技术后缀（.app）；通用词典完整分词；固定哈希次序第532名，组实际配额750。未要求命中行业词根；名称线索不是意义或机会确认。,未核实
davidzk.tech,2026-08-31,产品与技术后缀,停放或未正式开放,"AI内容复核：站主明确说域名尚未使用、不知道放什么内容，仅提供跳到主域名和转让联系入口。 原文：This domain has yet to be used, i have no idea what to put in here.;自动初判：RDAP registration 位于近30天窗口；当前HTTPS页面通过实质内容规则",2026-08-29T14:34:20.667000Z,verified_recent,https://davidzk.tech/,echtiemel,,"Hello, It's me",独立后缀与名称通道：产品与技术后缀（.tech）；可读字符形态探索；固定哈希次序第533名，组实际配额750。未要求命中行业词根；名称线索不是意义或机会确认。,未核实
buddynex.tech,2026-09-24,产品与技术后缀,未取得可用页面,当前未取得可用HTTPS页面：network_error,,not_checked,https://buddynex.tech/,,,,独立后缀与名称通道：产品与技术后缀（.tech）；可读字符形态探索；固定哈希次序第534名，组实际配额750。未要求命中行业词根；名称线索不是意义或机会确认。,未核实
toonsphere.app,2026-09-25,产品与技术后缀,近期注册且有内容,RDAP registration 位于近30天窗口；当前HTTPS页面通过实质内容规则,2026-09-23T10:15:31.409000Z,verified_recent,https://toonsphere.app/,ToonSphere — 툰스피어 | 웹툰·만화·애니의 공식 감상처와 원작–애니 이어보기를 한곳에서,"불법 사이트 말고, 웹툰·만화·애니의 공식 감상처와 원작–애니 연결을 모아 두는 합법 콘텐츠 허브. 기본 탐색·서재는 무료, 무제한 아카이브와 스마트 자동화는 멤버십으로 제공합니다.","원작과 애니, 이어보기와 공식 감상처 를 한곳에서",独立后缀与名称通道：产品与技术后缀（.app）；通用词典完整分词；固定哈希次序第535名，组实际配额750。未要求命中行业词根；名称线索不是意义或机会确认。,未核实
componia.ai,2026-09-03,产品与技术后缀,停放或未正式开放,AI内容复核：正文为即将上线联系模板，没有具体已发布产品内容。 原文：Launching Soon Launching Soon Contact Us;自动初判：RDAP registration 位于近30天窗口；当前HTTPS页面通过实质内容规则,2026-08-31T11:24:49.875000Z,verified_recent,https://componia.ai/,componia.ai,,Launching Soon;Launching Soon,独立后缀与名称通道：产品与技术后缀（.ai）；可读字符形态探索；固定哈希次序第536名，组实际配额750。未要求命中行业词根；名称线索不是意义或机会确认。,未核实
qapla.tech,2026-09-15,产品与技术后缀,未取得可用页面,当前未取得可用HTTPS页面：network_error,,not_checked,https://qapla.tech/,,,,独立后缀与名称通道：产品与技术后缀（.tech）；短缩写探索；固定哈希次序第537名，组实际配额750。未要求命中行业词根；名称线索不是意义或机会确认。,未核实
elody.ai,2026-09-19,产品与技术后缀,近期注册且有内容,RDAP registration 位于近30天窗口；当前HTTPS页面通过实质内容规则,2026-09-09T02:58:12.055000Z,verified_recent,https://elody.ai/,AI Answering Service & AI Receptionist From $49 | Elody,"Elody is a 24/7 AI answering service for trades. It answers in a natural voice, books the job on your Google Calendar, texts you the notes, and speaks English or Spanish.",Every call answered. Every lead captured.,独立后缀与名称通道：产品与技术后缀（.ai）；短缩写探索；固定哈希次序第538名，组实际配额750。未要求命中行业词根；名称线索不是意义或机会确认。,未核实
digitallodge.app,2026-09-20,产品与技术后缀,未取得可用页面,当前未取得可用HTTPS页面：network_error,,not_checked,https://digitallodge.app/,,,,独立后缀与名称通道：产品与技术后缀（.app）；通用词典完整分词；固定哈希次序第539名，组实际配额750。未要求命中行业词根；名称线索不是意义或机会确认。,未核实
utilitaire.tech,2026-09-16,产品与技术后缀,未取得可用页面,当前未取得可用HTTPS页面：network_error,,not_checked,https://utilitaire.tech/,,,,独立后缀与名称通道：产品与技术后缀（.tech）；可读字符形态探索；固定哈希次序第540名，组实际配额750。未要求命中行业词根；名称线索不是意义或机会确认。,未核实
uniplex.tech,2026-09-22,产品与技术后缀,页面内容不足,未同时达到正文160字符且（description≥40字符或非通用H1≥8字符）,,not_checked,https://uniplex.tech/,,,,独立后缀与名称通道：产品与技术后缀（.tech）；可读字符形态探索；固定哈希次序第541名，组实际配额750。未要求命中行业词根；名称线索不是意义或机会确认。,未核实
reelwrap.app,2026-09-07,产品与技术后缀,近期注册且有内容,RDAP registration 位于近30天窗口；当前HTTPS页面通过实质内容规则,2026-09-04T12:41:58.440000Z,verified_recent,https://reelwrap.app/,"Wrap – Beat-Synced Reels Maker for iPhone | Templates, Effects & Filters","Wrap is a free iPhone app that turns your camera roll into beat-synced Instagram Reels and TikToks. Pick a template with its own music, add your photos and videos, and every cut lands on the beat. Video effects, filters, and new trending templates every week.",Let the music do the cutting.,独立后缀与名称通道：产品与技术后缀（.app）；通用词典完整分词；固定哈希次序第542名，组实际配额750。未要求命中行业词根；名称线索不是意义或机会确认。,未核实
codeless.tech,2026-09-15,产品与技术后缀,页面内容不足,未同时达到正文160字符且（description≥40字符或非通用H1≥8字符）,,not_checked,https://codeless.tech/,,,,独立后缀与名称通道：产品与技术后缀（.tech）；通用词典完整分词；固定哈希次序第543名，组实际配额750。未要求命中行业词根；名称线索不是意义或机会确认。,未核实
隔离记录-2bc3f62300df,2026-08-27,产品与技术后缀,注册超过30天,公开展示暂隔离，原始技术判定保留。,2026-08-25T04:54:53.623000Z,verified_old,,已移出本轮研究范围,,,名称与原文不在公开工作台展示；抽样位置保留于本地审计。,未核实
idkeats.app,2026-09-18,产品与技术后缀,近期注册且有内容,RDAP registration 位于近30天窗口；当前HTTPS页面通过实质内容规则,2026-09-16T00:02:13.547000Z,verified_recent,https://idkeats.app/,Don't Know What to Eat? Let IDK Eats Pick a Restaurant,Don't know what to eat or where to go? Pick a craving and spin the IDK Eats wheel to choose a nearby restaurant. Download for iPhone and Android.,Less debating. More eating.,独立后缀与名称通道：产品与技术后缀（.app）；可读字符形态探索；固定哈希次序第545名，组实际配额750。未要求命中行业词根；名称线索不是意义或机会确认。,未核实
arrowmetal.dev,2026-09-08,产品与技术后缀,未取得可用页面,当前未取得可用HTTPS页面：network_error,,not_checked,https://arrowmetal.dev/,,,,独立后缀与名称通道：产品与技术后缀（.dev）；通用词典完整分词；固定哈希次序第546名，组实际配额750。未要求命中行业词根；名称线索不是意义或机会确认。,未核实
datuloar.tech,2026-09-16,产品与技术后缀,未取得可用页面,当前未取得可用HTTPS页面：http_error,,not_checked,https://datuloar.tech/,,,,独立后缀与名称通道：产品与技术后缀（.tech）；可读字符形态探索；固定哈希次序第547名，组实际配额750。未要求命中行业词根；名称线索不是意义或机会确认。,未核实
trnt.tech,2026-09-01,产品与技术后缀,页面内容不足,AI内容复核：内部服务目录只显示加载状态和0个服务，未取得目录项目或实际服务内容。 原文：Загрузка… 00 сервисов доступно;自动初判：RDAP registration 位于近30天窗口；当前HTTPS页面通过实质内容规则,2026-08-30T07:07:08.166000Z,verified_recent,https://trnt.tech/,Service Hub,Service Hub — единый каталог внутренних сервисов,Приложения,独立后缀与名称通道：产品与技术后缀（.tech）；短缩写探索；固定哈希次序第548名，组实际配额750。未要求命中行业词根；名称线索不是意义或机会确认。,未核实
chaoslab.app,2026-09-04,产品与技术后缀,近期注册且有内容,RDAP registration 位于近30天窗口；当前HTTPS页面通过实质内容规则,2026-09-02T05:55:50.926000Z,verified_recent,https://chaoslab.app/,Chaos Lab工具箱 - 143 款免费在线工具，PDF/图片/音视频/格式转换,143 款免费在线工具大全：PDF 合并拆分、图片压缩、音视频格式转换、文件编码修复等，文件本地处理不上传，无需注册。,✨ Chaos Lab工具箱,独立后缀与名称通道：产品与技术后缀（.app）；通用词典完整分词；固定哈希次序第549名，组实际配额750。未要求命中行业词根；名称线索不是意义或机会确认。,未核实
bestofcoralsprings.app,2026-09-01,产品与技术后缀,页面内容不足,未同时达到正文160字符且（description≥40字符或非通用H1≥8字符）,,not_checked,https://bestofcoralsprings.app/,,,,独立后缀与名称通道：产品与技术后缀（.app）；可读字符形态探索；固定哈希次序第550名，组实际配额750。未要求命中行业词根；名称线索不是意义或机会确认。,未核实
neoy.dev,2026-09-07,产品与技术后缀,近期注册且有内容,RDAP registration 位于近30天窗口；当前HTTPS页面通过实质内容规则,2026-09-04T21:13:43.543000Z,verified_recent,https://neoy.dev/,NEOY — Digital Studio,"NEOY designs and builds memorable websites, web applications, brand systems and practical AI workflows.",We build websites people remember.,独立后缀与名称通道：产品与技术后缀（.dev）；短缩写探索；固定哈希次序第551名，组实际配额750。未要求命中行业词根；名称线索不是意义或机会确认。,未核实
rebars.ai,2026-09-07,产品与技术后缀,近期注册且有内容,RDAP registration 位于近30天窗口；当前HTTPS页面通过实质内容规则,2026-09-04T21:43:35.365000Z,verified_recent,https://www.rebars.ai/,RebarAI | Automated Rebar Detailing,"RebarAI automates rebar detailing for large-scale construction projects, producing coordinated 3D models, placer-ready shop drawings, and fabrication schedules.",RebarAI — automated rebar detailing,独立后缀与名称通道：产品与技术后缀（.ai）；可读字符形态探索；固定哈希次序第552名，组实际配额750。未要求命中行业词根；名称线索不是意义或机会确认。,未核实
noxtar.app,2026-09-13,产品与技术后缀,页面内容不足,未同时达到正文160字符且（description≥40字符或非通用H1≥8字符）,,not_checked,https://noxtar.app/,NOXTAR · Simulador de Rentabilidad de Eventos,"NOXTAR — Simulador profesional de rentabilidad de eventos musicales en Perú. Cálculos en soles, IR, IGV, APDAYC y más.",,独立后缀与名称通道：产品与技术后缀（.app）；可读字符形态探索；固定哈希次序第553名，组实际配额750。未要求命中行业词根；名称线索不是意义或机会确认。,未核实
lucasiori.dev,2026-09-25,产品与技术后缀,页面内容不足,未同时达到正文160字符且（description≥40字符或非通用H1≥8字符）,,not_checked,https://lucasiori.dev/,Parked Domain name on Hostinger DNS system,,,独立后缀与名称通道：产品与技术后缀（.dev）；可读字符形态探索；固定哈希次序第554名，组实际配额750。未要求命中行业词根；名称线索不是意义或机会确认。,未核实
gonaplesconcierge.ai,2026-09-17,产品与技术后缀,跳转到其他域名,来源域名近期注册，但最终页面属于其他域名；目标站上线时间未知,2026-09-14T16:36:07.904000Z,verified_recent,https://gonaplesconcierge.com/,Home - Go Naples Concierge,,Naples Home Watch & Concierge Services for Luxury Homes,独立后缀与名称通道：产品与技术后缀（.ai）；可读字符形态探索；固定哈希次序第555名，组实际配额750。未要求命中行业词根；名称线索不是意义或机会确认。,未核实
casaemordem.dev,2026-09-21,产品与技术后缀,近期注册且有内容,RDAP registration 位于近30天窗口；当前HTTPS页面通过实质内容规则,2026-09-18T04:44:04.929000Z,verified_recent,https://casaemordem.dev/,"Casa em Ordem — tudo da sua casa em ordem, em um só lugar","Produtos, estoque, compras, contas, planejamento, calendário, relatórios e a assistente Iris. Todas as ferramentas disponíveis gratuitamente.",Tudo da sua casa em ordem. Em um só lugar.,独立后缀与名称通道：产品与技术后缀（.dev）；可读字符形态探索；固定哈希次序第556名，组实际配额750。未要求命中行业词根；名称线索不是意义或机会确认。,未核实
valeursvitales.app,2026-09-17,产品与技术后缀,未取得可用页面,当前未取得可用HTTPS页面：network_error,,not_checked,https://valeursvitales.app/,,,,独立后缀与名称通道：产品与技术后缀（.app）；通用词典完整分词；固定哈希次序第557名，组实际配额750。未要求命中行业词根；名称线索不是意义或机会确认。,未核实
inferencerail.ai,2026-09-10,产品与技术后缀,停放或未正式开放,标题/H1/description 或域名式标题对应的正文开头命中停放/未开放标记：Domain for sale,,not_checked,https://inferencerail.ai/,InferenceRail.ai for sale | Spaceship.com,InferenceRail.ai is for sale on Spaceship. Secure checkout and quick transfer. See all purchase options. No hidden fees.,InferenceRail.ai,独立后缀与名称通道：产品与技术后缀（.ai）；通用词典完整分词；固定哈希次序第558名，组实际配额750。未要求命中行业词根；名称线索不是意义或机会确认。,未核实
livenalt.app,2026-09-12,产品与技术后缀,页面内容不足,未同时达到正文160字符且（description≥40字符或非通用H1≥8字符）,,not_checked,https://www.livenalt.app/,Livenalt,,Livenalt,独立后缀与名称通道：产品与技术后缀（.app）；通用词典完整分词；固定哈希次序第559名，组实际配额750。未要求命中行业词根；名称线索不是意义或机会确认。,未核实
musictutor.app,2026-09-25,产品与技术后缀,近期注册且有内容,RDAP registration 位于近30天窗口；当前HTTPS页面通过实质内容规则,2026-09-22T00:36:35.350000Z,verified_recent,https://musictutor.app/,"Music Tutor — notation, chords, sight-reading and ear training inside Claude and ChatGPT","Give your AI assistant a music teacher's toolkit: playable notation, chords on piano and guitar, real harmony examples from the classics, graded sight-reading, lead sheets and listening games. Free, no account.","A music teacher's toolkit, inside your AI assistant",独立后缀与名称通道：产品与技术后缀（.app）；通用词典完整分词；固定哈希次序第560名，组实际配额750。未要求命中行业词根；名称线索不是意义或机会确认。,未核实
tracknutri.app,2026-09-14,产品与技术后缀,页面内容不足,"AI内容复核：保存页面只有简短宣传、检查状态和私有邀请提示，没有取得餐食记录或可查看产品主体。 原文：Checking… Private, invite-only.;自动初判：RDAP registration 位于近30天窗口；当前HTTPS页面通过实质内容规则",2026-09-12T01:34:35.874000Z,verified_recent,https://tracknutri.app/,NutriTrack — know if today is on track,"Snap a photo, speak, or type your meal. NutriTrack estimates calories and macros and tells you each day whether you're on pace for your weight goal.",Know if today is on track.,独立后缀与名称通道：产品与技术后缀（.app）；可读字符形态探索；固定哈希次序第561名，组实际配额750。未要求命中行业词根；名称线索不是意义或机会确认。,未核实
pentimora.ai,2026-09-25,产品与技术后缀,页面内容不足,未同时达到正文160字符且（description≥40字符或非通用H1≥8字符）,,not_checked,https://pentimora.ai/,,,,独立后缀与名称通道：产品与技术后缀（.ai）；通用词典完整分词；固定哈希次序第562名，组实际配额750。未要求命中行业词根；名称线索不是意义或机会确认。,未核实
ultralearn.ai,2026-09-19,产品与技术后缀,页面内容不足,未同时达到正文160字符且（description≥40字符或非通用H1≥8字符）,,not_checked,https://ultralearn.ai/,Ultralearn — Follow your curiosity.,Ultralearn for Mac. Follow your curiosity with focused conversations and interactive visualizations.,,独立后缀与名称通道：产品与技术后缀（.ai）；通用词典完整分词；固定哈希次序第563名，组实际配额750。未要求命中行业词根；名称线索不是意义或机会确认。,未核实
qrqc.dev,2026-09-08,产品与技术后缀,未取得可用页面,当前未取得可用HTTPS页面：network_error,,not_checked,https://qrqc.dev/,,,,独立后缀与名称通道：产品与技术后缀（.dev）；短缩写探索；固定哈希次序第564名，组实际配额750。未要求命中行业词根；名称线索不是意义或机会确认。,未核实
getmaine.app,2026-09-17,产品与技术后缀,近期注册且有内容,RDAP registration 位于近30天窗口；当前HTTPS页面通过实质内容规则,2026-09-14T15:34:17.773000Z,verified_recent,https://getmaine.app/,m.ai.ne — a home for your novels,m.ai.ne is a home for your novels. Start writing today.,M.AI.NE,独立后缀与名称通道：产品与技术后缀（.app）；通用词典完整分词；固定哈希次序第565名，组实际配额750。未要求命中行业词根；名称线索不是意义或机会确认。,未核实
lumio-study.app,2026-09-02,产品与技术后缀,近期注册且有内容,RDAP registration 位于近30天窗口；当前HTTPS页面通过实质内容规则,2026-08-31T21:23:28.369000Z,verified_recent,https://lumio-study.app/,Lumio — AI Study Platform voor studenten,"Lumio Study: het AI-studieplatform voor studenten. Upload leerstof, chat met AI en genereer samenvattingen, flashcards en toetsen.",Studeer slimmer met een AI die jouw leerstof kent,独立后缀与名称通道：产品与技术后缀（.app）；可读字符形态探索；固定哈希次序第566名，组实际配额750。未要求命中行业词根；名称线索不是意义或机会确认。,未核实
bobbytables.app,2026-09-01,产品与技术后缀,近期注册且有内容,RDAP registration 位于近30天窗口；当前HTTPS页面通过实质内容规则,2026-08-30T05:46:02.473000Z,verified_recent,https://bobbytables.app/,Bobby Tables · Desktop client for databases and files,"Bobby Tables is a desktop client for PostgreSQL, CockroachDB, MySQL, MariaDB, TiDB, Microsoft SQL Server, ClickHouse, Snowflake, Oracle Database, SQLite, Cloudflare D1, Google BigQuery, Cloudflare Workers KV, Redis, Valkey, Apache Cassandra, ScyllaDB, MongoDB and Google Cloud Firestore, with a dual-pane file manager built in.",One fast client for databases and files.,独立后缀与名称通道：产品与技术后缀（.app）；通用词典完整分词；固定哈希次序第567名，组实际配额750。未要求命中行业词根；名称线索不是意义或机会确认。,未核实
amessagefor.ai,2026-09-17,产品与技术后缀,停放或未正式开放,AI内容复核：正文为即将上线联系模板，没有具体已发布产品内容。 原文：Launching Soon Launching Soon Contact Us;自动初判：RDAP registration 位于近30天窗口；当前HTTPS页面通过实质内容规则,2026-09-15T00:04:35.686000Z,verified_recent,https://amessagefor.ai/,amessagefor.ai,"Discover amessagefor.ai, an AI messaging platform launching soon. Sign up for updates on our innovative features!",Launching Soon;Launching Soon,独立后缀与名称通道：产品与技术后缀（.ai）；可读字符形态探索；固定哈希次序第568名，组实际配额750。未要求命中行业词根；名称线索不是意义或机会确认。,未核实
jihyuk.tech,2026-09-19,产品与技术后缀,近期注册且有内容,RDAP registration 位于近30天窗口；当前HTTPS页面通过实质内容规则,2026-09-17T23:48:26.891000Z,verified_recent,https://jihyuk.tech/,포트폴리오 - 정지혁,정지혁의 소프트웨어 엔지니어 포트폴리오입니다.,"👋🏻 안녕하세요, 소프트웨어 엔지니어 정지혁입니다.",独立后缀与名称通道：产品与技术后缀（.tech）；可读字符形态探索；固定哈希次序第569名，组实际配额750。未要求命中行业词根；名称线索不是意义或机会确认。,未核实
tansei.ai,2026-09-06,产品与技术后缀,未取得可用页面,当前未取得可用HTTPS页面：network_error,,not_checked,https://tansei.ai/,,,,独立后缀与名称通道：产品与技术后缀（.ai）；可读字符形态探索；固定哈希次序第570名，组实际配额750。未要求命中行业词根；名称线索不是意义或机会确认。,未核实
shooshoo.ai,2026-09-17,产品与技术后缀,近期注册且有内容,RDAP registration 位于近30天窗口；当前HTTPS页面通过实质内容规则,2026-09-14T22:39:27.221000Z,verified_recent,https://shooshoo.ai/,shooshoo.ai — from your idea to a character in motion,"Generate a textured 3D character, rig it, and add motion. Start with 300 free credits each month. No credit card required.",From your idea to a character in motion.,独立后缀与名称通道：产品与技术后缀（.ai）；通用词典完整分词；固定哈希次序第571名，组实际配额750。未要求命中行业词根；名称线索不是意义或机会确认。,未核实
ask-sherpa.ai,2026-09-10,产品与技术后缀,注册时间未核实,页面有内容，但RDAP未取得有效且位于窗口内的registration事件,,unknown,https://ask-sherpa.ai/,Ask Sherpa — Le moteur de recherche de l'écosystème du réemploi,"Décrivez votre besoin en langage naturel : Sherpa comprend l'intention et vous mène aux acteurs du réemploi les plus pertinents, puis vous aide à les contacter.",ask Sherpa,独立后缀与名称通道：产品与技术后缀（.ai）；通用词典完整分词；固定哈希次序第572名，组实际配额750。未要求命中行业词根；名称线索不是意义或机会确认。,未核实
securr.tech,2026-09-25,产品与技术后缀,未取得可用页面,当前未取得可用HTTPS页面：network_error,,not_checked,https://securr.tech/,,,,独立后缀与名称通道：产品与技术后缀（.tech）；可读字符形态探索；固定哈希次序第573名，组实际配额750。未要求命中行业词根；名称线索不是意义或机会确认。,未核实
kooindaa.app,2026-08-27,产品与技术后缀,注册超过30天,RDAP registration 早于固定30天窗口,2026-08-24T23:36:22.681000Z,verified_old,https://kooindaa.app/,Kooindaa · Bientôt disponible,,Bientôt disponible,独立后缀与名称通道：产品与技术后缀（.app）；可读字符形态探索；固定哈希次序第574名，组实际配额750。未要求命中行业词根；名称线索不是意义或机会确认。,未核实
projectoffload.ai,2026-08-27,产品与技术后缀,未取得可用页面,当前未取得可用HTTPS页面：network_error,,not_checked,https://projectoffload.ai/,,,,独立后缀与名称通道：产品与技术后缀（.ai）；通用词典完整分词；固定哈希次序第575名，组实际配额750。未要求命中行业词根；名称线索不是意义或机会确认。,未核实
featurly.app,2026-08-27,产品与技术后缀,未取得可用页面,当前未取得可用HTTPS页面：network_error,,not_checked,https://featurly.app/,,,,独立后缀与名称通道：产品与技术后缀（.app）；可读字符形态探索；固定哈希次序第576名，组实际配额750。未要求命中行业词根；名称线索不是意义或机会确认。,未核实
romeoaditya.dev,2026-08-30,产品与技术后缀,近期注册且有内容,RDAP registration 位于近30天窗口；当前HTTPS页面通过实质内容规则,2026-08-28T03:07:30.898000Z,verified_recent,https://romeoaditya.dev/,Romeo Aditya Pratama | Software Engineer & Backend Developer GitHub Contributions,"Portfolio of Romeo Aditya Pratama, a software engineer specializing in backend architectures, API development, and modern full-stack web applications.",Romeo Aditya Pratama,独立后缀与名称通道：产品与技术后缀（.dev）；可读字符形态探索；固定哈希次序第577名，组实际配额750。未要求命中行业词根；名称线索不是意义或机会确认。,未核实
univido.app,2026-09-07,产品与技术后缀,未取得可用页面,当前未取得可用HTTPS页面：network_error,,not_checked,https://univido.app/,,,,独立后缀与名称通道：产品与技术后缀（.app）；可读字符形态探索；固定哈希次序第578名，组实际配额750。未要求命中行业词根；名称线索不是意义或机会确认。,未核实
clipve.app,2026-09-10,产品与技术后缀,近期注册且有内容,RDAP registration 位于近30天窗口；当前HTTPS页面通过实质内容规则,2026-09-07T20:15:16.285000Z,verified_recent,https://clipve.app/,ClipVe,"ClipVe is a desktop live-stream clipper for Kick, Twitch and YouTube. It holds a rolling buffer so you can rewind and clip a moment that has already happened. Your video never leaves your machine.",ClipVe,独立后缀与名称通道：产品与技术后缀（.app）；可读字符形态探索；固定哈希次序第579名，组实际配额750。未要求命中行业词根；名称线索不是意义或机会确认。,未核实
egoif.app,2026-09-17,产品与技术后缀,页面内容不足,未同时达到正文160字符且（description≥40字符或非通用H1≥8字符）,,not_checked,https://egoif.app/,Ego Fitness,,,独立后缀与名称通道：产品与技术后缀（.app）；短缩写探索；固定哈希次序第580名，组实际配额750。未要求命中行业词根；名称线索不是意义或机会确认。,未核实
whosyourcaddy.app,2026-09-15,产品与技术后缀,页面内容不足,未同时达到正文160字符且（description≥40字符或非通用H1≥8字符）,,not_checked,https://whosyourcaddy.app/,Who’s Your Caddy | Play Better. Play Together.,"Play Better. Play Together. GPS, scoring, friends, leagues and tournaments in one shared golf clubhouse.",,独立后缀与名称通道：产品与技术后缀（.app）；可读字符形态探索；固定哈希次序第581名，组实际配额750。未要求命中行业词根；名称线索不是意义或机会确认。,未核实
navselo.ai,2026-09-17,产品与技术后缀,近期注册且有内容,RDAP registration 位于近30天窗口；当前HTTPS页面通过实质内容规则,2026-09-14T11:43:09.971000Z,verified_recent,https://navselo.ai/,Navselo | Custom AI Prospecting for B2B Teams,"Custom AI prospecting, outreach and follow-up for B2B teams across DACH, Western Europe and the Nordics. Explore a focused pilot with Navselo.",Better research. More relevant sales conversations.,独立后缀与名称通道：产品与技术后缀（.ai）；可读字符形态探索；固定哈希次序第582名，组实际配额750。未要求命中行业词根；名称线索不是意义或机会确认。,未核实
goalskeeper.app,2026-08-28,产品与技术后缀,未取得可用页面,当前未取得可用HTTPS页面：network_error,,not_checked,https://goalskeeper.app/,,,,独立后缀与名称通道：产品与技术后缀（.app）；通用词典完整分词；固定哈希次序第583名，组实际配额750。未要求命中行业词根；名称线索不是意义或机会确认。,未核实
theshepherdscall.app,2026-09-22,产品与技术后缀,近期注册且有内容,RDAP registration 位于近30天窗口；当前HTTPS页面通过实质内容规则,2026-09-19T08:21:08.511000Z,verified_recent,https://theshepherdscall.app/,The Gospel of Jesus Christ – Salvation and Eternal Life,"Discover the Gospel of Jesus Christ. Learn how to be saved through faith, understand God's plan of salvation, and find eternal life through Jesus.",The Gospel of Jesus Christ Salvation and Eternal Life,独立后缀与名称通道：产品与技术后缀（.app）；通用词典完整分词；固定哈希次序第584名，组实际配额750。未要求命中行业词根；名称线索不是意义或机会确认。,未核实
glive.io,2026-09-03,产品与技术后缀,注册时间未核实,页面有内容，但RDAP未取得有效且位于窗口内的registration事件,,unknown,https://trangsoikeo.com/,"Kèo Bóng Đá - Tỷ Lệ Kèo Nhà Cái, Soi Kèo Hôm Nay 24h","Xem tỷ lệ kèo bóng đá trực tuyến hôm nay, ngày mai tại Kèo Bóng Đá VN6. Bảng soi kèo nhà cái tổng hợp nhanh, chuẩn xác. Truy cập tra cứu ngay!","Kèo Bóng Đá - Tỷ Lệ Kèo Nhà Cái, Soi Kèo Bóng Đá Hôm Nay 24h",独立后缀与名称通道：产品与技术后缀（.io）；短缩写探索；固定哈希次序第585名，组实际配额750。未要求命中行业词根；名称线索不是意义或机会确认。,未核实
kendricksagency.dev,2026-09-18,产品与技术后缀,近期注册且有内容,RDAP registration 位于近30天窗口；当前HTTPS页面通过实质内容规则,2026-09-16T06:50:27.395000Z,verified_recent,https://kendricksagency.dev/,Local Lead Growth System | Kendrick's Agency,"Kendrick's Agency helps local businesses attract leads with ads, convert them with effective websites, and follow up automatically.",Stop Losing Customers Because of Slow Manual Systems.,独立后缀与名称通道：产品与技术后缀（.dev）；可读字符形态探索；固定哈希次序第586名，组实际配额750。未要求命中行业词根；名称线索不是意义或机会确认。,未核实
roborix.ai,2026-08-31,产品与技术后缀,未取得可用页面,当前未取得可用HTTPS页面：network_error,,not_checked,https://roborix.ai/,,,,独立后缀与名称通道：产品与技术后缀（.ai）；可读字符形态探索；固定哈希次序第587名，组实际配额750。未要求命中行业词根；名称线索不是意义或机会确认。,未核实
simxy.io,2026-09-06,产品与技术后缀,未取得可用页面,当前未取得可用HTTPS页面：network_error,,not_checked,https://simxy.io/,,,,独立后缀与名称通道：产品与技术后缀（.io）；短缩写探索；固定哈希次序第588名，组实际配额750。未要求命中行业词根；名称线索不是意义或机会确认。,未核实
radoondas.dev,2026-09-12,产品与技术后缀,未取得可用页面,当前未取得可用HTTPS页面：network_error,,not_checked,https://radoondas.dev/,,,,独立后缀与名称通道：产品与技术后缀（.dev）；可读字符形态探索；固定哈希次序第589名，组实际配额750。未要求命中行业词根；名称线索不是意义或机会确认。,未核实
britishlaw.ai,2026-08-27,产品与技术后缀,未取得可用页面,当前未取得可用HTTPS页面：http_error,,not_checked,https://britishlaw.ai/,,,,独立后缀与名称通道：产品与技术后缀（.ai）；通用词典完整分词；固定哈希次序第590名，组实际配额750。未要求命中行业词根；名称线索不是意义或机会确认。,未核实
airportshuttle.app,2026-09-22,产品与技术后缀,页面内容不足,未同时达到正文160字符且（description≥40字符或非通用H1≥8字符）,,not_checked,https://airportshuttle.app/,,,,独立后缀与名称通道：产品与技术后缀（.app）；通用词典完整分词；固定哈希次序第591名，组实际配额750。未要求命中行业词根；名称线索不是意义或机会确认。,未核实
pablofullana.dev,2026-09-13,产品与技术后缀,未取得可用页面,当前未取得可用HTTPS页面：network_error,,not_checked,https://pablofullana.dev/,,,,独立后缀与名称通道：产品与技术后缀（.dev）；通用词典完整分词；固定哈希次序第592名，组实际配额750。未要求命中行业词根；名称线索不是意义或机会确认。,未核实
payfinai.io,2026-08-28,产品与技术后缀,页面内容不足,未同时达到正文160字符且（description≥40字符或非通用H1≥8字符）,,not_checked,https://payfinai.io/,,,,独立后缀与名称通道：产品与技术后缀（.io）；可读字符形态探索；固定哈希次序第593名，组实际配额750。未要求命中行业词根；名称线索不是意义或机会确认。,未核实
allchains.dev,2026-09-22,产品与技术后缀,未取得可用页面,当前未取得可用HTTPS页面：network_error,,not_checked,https://allchains.dev/,,,,独立后缀与名称通道：产品与技术后缀（.dev）；可读字符形态探索；固定哈希次序第594名，组实际配额750。未要求命中行业词根；名称线索不是意义或机会确认。,未核实
dhruvpawar.dev,2026-08-30,产品与技术后缀,近期注册且有内容,RDAP registration 位于近30天窗口；当前HTTPS页面通过实质内容规则,2026-08-28T14:12:51.706000Z,verified_recent,https://dhruvpawar.dev/,"Dhruv Pawar (dhruvpawar.dev) — AI Engineer | LLM, NLP & Reasoning Systems","dhruvpawar.dev — portfolio of Dhruv Pawar, AI Engineer building advanced AI reasoning systems, LLM apps and NLP pipelines.",,独立后缀与名称通道：产品与技术后缀（.dev）；可读字符形态探索；固定哈希次序第595名，组实际配额750。未要求命中行业词根；名称线索不是意义或机会确认。,未核实
heyamber.app,2026-09-24,产品与技术后缀,页面内容不足,AI内容复核：正文只取得栏目导航、市场数据加载提示和免责声明，未取得股票检查或学习主体内容。 原文：My portfolio Loading market data…;自动初判：RDAP registration 位于近30天窗口；当前HTTPS页面通过实质内容规则,2026-09-22T01:21:46.509000Z,verified_recent,https://heyamber.app/,Investing for Beginners: Amber,"Amber — investing for beginners, in plain terms. Check any stock against 7 simple checks and famous investors' methods, practice with pretend money, and build good habits. Not advice.",,独立后缀与名称通道：产品与技术后缀（.app）；通用词典完整分词；固定哈希次序第596名，组实际配额750。未要求命中行业词根；名称线索不是意义或机会确认。,未核实
pc-i4.io,2026-09-06,产品与技术后缀,未取得可用页面,当前未取得可用HTTPS页面：http_error,,not_checked,https://pc-i4.io/,,,,独立后缀与名称通道：产品与技术后缀（.io）；少量数字名称探索；固定哈希次序第597名，组实际配额750。未要求命中行业词根；名称线索不是意义或机会确认。,未核实
cardcontrol.app,2026-09-08,产品与技术后缀,近期注册且有内容,RDAP registration 位于近30天窗口；当前HTTPS页面通过实质内容规则,2026-09-06T21:42:20.302000Z,verified_recent,https://cardcontrol.app/,Cartão de fidelidade digital para PMEs · CardControl,"Substitua o cartão de carimbos em papel por um cartão digital que o cliente nunca perde. Sem app para instalar, sem plástico para imprimir. 20 cartões grátis, para sempre.",O cartão de carimbos que os seus clientes nunca perdem.,独立后缀与名称通道：产品与技术后缀（.app）；通用词典完整分词；固定哈希次序第598名，组实际配额750。未要求命中行业词根；名称线索不是意义或机会确认。,未核实
henriquesouza.app,2026-09-04,产品与技术后缀,近期注册且有内容,RDAP registration 位于近30天窗口；当前HTTPS页面通过实质内容规则,2026-09-02T02:24:22.307000Z,verified_recent,https://henriquesouza.app/,Websites & Landing Pages That Turn Visitors Into Customers,"Custom website design and landing pages for businesses, built to establish trust, attract customers, and generate more leads.",I build high-converting landing pages for modern businesses. landing pages,独立后缀与名称通道：产品与技术后缀（.app）；可读字符形态探索；固定哈希次序第599名，组实际配额750。未要求命中行业词根；名称线索不是意义或机会确认。,未核实
fourleafstech.tech,2026-09-25,产品与技术后缀,未取得可用页面,当前未取得可用HTTPS页面：network_error,,not_checked,https://fourleafstech.tech/,,,,独立后缀与名称通道：产品与技术后缀（.tech）；通用词典完整分词；固定哈希次序第600名，组实际配额750。未要求命中行业词根；名称线索不是意义或机会确认。,未核实
troskli.app,2026-08-28,产品与技术后缀,未取得可用页面,当前未取得可用HTTPS页面：network_error,,not_checked,https://troskli.app/,,,,独立后缀与名称通道：产品与技术后缀（.app）；可读字符形态探索；固定哈希次序第601名，组实际配额750。未要求命中行业词根；名称线索不是意义或机会确认。,未核实
psau-forecasting.tech,2026-09-22,产品与技术后缀,页面内容不足,未同时达到正文160字符且（description≥40字符或非通用H1≥8字符）,,not_checked,https://psau-forecasting.tech/login,Login - PSAU Mushroom Farm — PSAU,,,独立后缀与名称通道：产品与技术后缀（.tech）；可读字符形态探索；固定哈希次序第602名，组实际配额750。未要求命中行业词根；名称线索不是意义或机会确认。,未核实
delegateit.tech,2026-08-27,产品与技术后缀,注册超过30天,RDAP registration 早于固定30天窗口,2026-08-25T19:22:26.316000Z,verified_old,https://delegateit.tech/,"Delegate It — everything you delegated, chased for you","A chief executive says one sentence. Delegate It turns that sentence into a tracked commitment and follows it up by email, from their own mailbox, until it is done.","Everything you delegated, chased for you.",独立后缀与名称通道：产品与技术后缀（.tech）；可读字符形态探索；固定哈希次序第603名，组实际配额750。未要求命中行业词根；名称线索不是意义或机会确认。,未核实
lawoflarge.app,2026-09-18,产品与技术后缀,近期注册且有内容,RDAP registration 位于近30天窗口；当前HTTPS页面通过实质内容规则,2026-09-16T11:49:07.692000Z,verified_recent,https://lawoflarge.app/en,"34 iPhone Apps: Utilities, Wellness & Games | lawoflarge","Find your next iPhone app for scanning, sleep, travel, games and more. Explore 34 live apps, clear answers and direct App Store downloads.",Find an app. Press start.,独立后缀与名称通道：产品与技术后缀（.app）；可读字符形态探索；固定哈希次序第604名，组实际配额750。未要求命中行业词根；名称线索不是意义或机会确认。,未核实
plantos.dev,2026-09-16,产品与技术后缀,未取得可用页面,当前未取得可用HTTPS页面：network_error,,not_checked,https://plantos.dev/,,,,独立后缀与名称通道：产品与技术后缀（.dev）；可读字符形态探索；固定哈希次序第605名，组实际配额750。未要求命中行业词根；名称线索不是意义或机会确认。,未核实
veltrixmarkets.io,2026-08-27,产品与技术后缀,注册时间未核实,页面有内容，但RDAP未取得有效且位于窗口内的registration事件,,unknown,https://veltrixmarkets.io/,"Veltrix Markets — Commodity trading, cleanly governed","Spot commodity trading for dealers and their traders: streaming prices, role-based access, approval-gated allocations and append-only ledgers.","Commodity trading, cleanly governed.",独立后缀与名称通道：产品与技术后缀（.io）；可读字符形态探索；固定哈希次序第606名，组实际配额750。未要求命中行业词根；名称线索不是意义或机会确认。,未核实
farmstride.app,2026-09-07,产品与技术后缀,未取得可用页面,当前未取得可用HTTPS页面：http_error,,not_checked,https://farmstride.app/,,,,独立后缀与名称通道：产品与技术后缀（.app）；通用词典完整分词；固定哈希次序第607名，组实际配额750。未要求命中行业词根；名称线索不是意义或机会确认。,未核实
keydigitalmedia.app,2026-08-28,产品与技术后缀,未取得可用页面,当前未取得可用HTTPS页面：network_error,,not_checked,https://keydigitalmedia.app/,,,,独立后缀与名称通道：产品与技术后缀（.app）；通用词典完整分词；固定哈希次序第608名，组实际配额750。未要求命中行业词根；名称线索不是意义或机会确认。,未核实
kelvinspace.dev,2026-09-17,产品与技术后缀,未取得可用页面,当前未取得可用HTTPS页面：network_error,,not_checked,https://kelvinspace.dev/,,,,独立后缀与名称通道：产品与技术后缀（.dev）；通用词典完整分词；固定哈希次序第609名，组实际配额750。未要求命中行业词根；名称线索不是意义或机会确认。,未核实
swut.tech,2026-09-18,产品与技术后缀,未取得可用页面,当前未取得可用HTTPS页面：network_error,,not_checked,https://swut.tech/,,,,独立后缀与名称通道：产品与技术后缀（.tech）；短缩写探索；固定哈希次序第610名，组实际配额750。未要求命中行业词根；名称线索不是意义或机会确认。,未核实
dim35h.dev,2026-08-30,产品与技术后缀,近期注册且有内容,RDAP registration 位于近30天窗口；当前HTTPS页面通过实质内容规则,2026-08-28T04:45:34.354000Z,verified_recent,https://www.dim35h.dev/,Dimesh Prashantha — Full-Stack Developer & AI/ML Engineer,"Portfolio of Dimesh Prashantha, a Colombo-based full-stack developer and AI/ML engineer building polished web experiences, scalable applications, and intelligent products.","Dimesh Prashantha, Full Stack Developer",独立后缀与名称通道：产品与技术后缀（.dev）；少量数字名称探索；固定哈希次序第611名，组实际配额750。未要求命中行业词根；名称线索不是意义或机会确认。,未核实
getplantpulse.app,2026-08-30,产品与技术后缀,近期注册且有内容,RDAP registration 位于近30天窗口；当前HTTPS页面通过实质内容规则,2026-08-28T14:32:15.538000Z,verified_recent,https://getplantpulse.app/,Factory Management Software for Nigerian Manufacturers,"Factory management software for Nigerian manufacturers. Track material, production, machines and people across every plant — and get a daily WhatsApp brief.",Know what happened in every factory.,独立后缀与名称通道：产品与技术后缀（.app）；通用词典完整分词；固定哈希次序第612名，组实际配额750。未要求命中行业词根；名称线索不是意义或机会确认。,未核实
unrestricted.tech,2026-09-22,产品与技术后缀,近期注册且有内容,RDAP registration 位于近30天窗口；当前HTTPS页面通过实质内容规则,2026-09-20T02:10:26.368000Z,verified_recent,https://unrestricted.tech/,Unrestricted.,"Unrestricted. A space for your questions, ideas, and conversations. No account needed.",Unrestricted .,独立后缀与名称通道：产品与技术后缀（.tech）；通用词典完整分词；固定哈希次序第613名，组实际配额750。未要求命中行业词根；名称线索不是意义或机会确认。,未核实
rinja.ai,2026-08-31,产品与技术后缀,近期注册且有内容,RDAP registration 位于近30天窗口；当前HTTPS页面通过实质内容规则,2026-08-28T22:07:41.266000Z,verified_recent,https://rinja.ai/,Rinja — the AI receptionist that answers your phone,"Rinja answers your business phone 24/7 and books, reschedules and takes messages for salons, restaurants, contractors and clinics. Missed calls become bookings. $49/month, live in fifteen minutes.",It rings. Rinja answers.,独立后缀与名称通道：产品与技术后缀（.ai）；短缩写探索；固定哈希次序第614名，组实际配额750。未要求命中行业词根；名称线索不是意义或机会确认。,未核实
kononov.app,2026-09-06,产品与技术后缀,近期注册且有内容,RDAP registration 位于近30天窗口；当前HTTPS页面通过实质内容规则,2026-09-03T16:51:50.585000Z,verified_recent,https://kononov.app/,"kononov.app — apps for iPhone, Apple Watch and Mac","Independent developer. Bracer, an app blocker whose only key is your watch; GoView, a live GoPro viewfinder on Apple Watch; and Airlift, a Safari extension that makes AirPlay work for any video.",Small tools that fix one thing and stay out of the way.,独立后缀与名称通道：产品与技术后缀（.app）；可读字符形态探索；固定哈希次序第615名，组实际配额750。未要求命中行业词根；名称线索不是意义或机会确认。,未核实
bhangra.ai,2026-09-06,产品与技术后缀,未取得可用页面,当前未取得可用HTTPS页面：network_error,,not_checked,https://bhangra.ai/,,,,独立后缀与名称通道：产品与技术后缀（.ai）；可读字符形态探索；固定哈希次序第616名，组实际配额750。未要求命中行业词根；名称线索不是意义或机会确认。,未核实
lifestore.dev,2026-09-17,产品与技术后缀,未取得可用页面,当前未取得可用HTTPS页面：network_error,,not_checked,https://lifestore.dev/,,,,独立后缀与名称通道：产品与技术后缀（.dev）；通用词典完整分词；固定哈希次序第617名，组实际配额750。未要求命中行业词根；名称线索不是意义或机会确认。,未核实
bonkofamerica.app,2026-09-16,产品与技术后缀,停放或未正式开放,标题/H1/description 或域名式标题对应的正文开头命中停放/未开放标记：domain for sale,,not_checked,https://bonkofamerica.app/,porkbun.com | domain for sale,,This domain is for sale.,独立后缀与名称通道：产品与技术后缀（.app）；可读字符形态探索；固定哈希次序第618名，组实际配额750。未要求命中行业词根；名称线索不是意义或机会确认。,未核实
streetops.ai,2026-09-06,产品与技术后缀,近期注册且有内容,RDAP registration 位于近30天窗口；当前HTTPS页面通过实质内容规则,2026-09-01T14:53:08.849000Z,verified_recent,https://streetops.ai/,StreetOps — The intelligence layer for smarter streets,"StreetOps is the intelligence layer for connected streetlights and smarter streets — unifying every vendor's lighting into one system that ranks alarms by impact, checks the light before a truck rolls, and drives verified work for utilities and cities.",The intelligence layer for connected streetlights and smarter streets.,独立后缀与名称通道：产品与技术后缀（.ai）；通用词典完整分词；固定哈希次序第619名，组实际配额750。未要求命中行业词根；名称线索不是意义或机会确认。,未核实
whosigned.app,2026-08-30,产品与技术后缀,未取得可用页面,当前未取得可用HTTPS页面：network_error,,not_checked,https://whosigned.app/,,,,独立后缀与名称通道：产品与技术后缀（.app）；通用词典完整分词；固定哈希次序第620名，组实际配额750。未要求命中行业词根；名称线索不是意义或机会确认。,未核实
executiveedge.ai,2026-08-28,产品与技术后缀,页面内容不足,未同时达到正文160字符且（description≥40字符或非通用H1≥8字符）,,not_checked,https://executiveedge.ai/,,,,独立后缀与名称通道：产品与技术后缀（.ai）；通用词典完整分词；固定哈希次序第621名，组实际配额750。未要求命中行业词根；名称线索不是意义或机会确认。,未核实
vsecure.tech,2026-09-22,产品与技术后缀,未取得可用页面,当前未取得可用HTTPS页面：network_error,,not_checked,https://vsecure.tech/,,,,独立后缀与名称通道：产品与技术后缀（.tech）；可读字符形态探索；固定哈希次序第622名，组实际配额750。未要求命中行业词根；名称线索不是意义或机会确认。,未核实
secretsapi.dev,2026-09-20,产品与技术后缀,近期注册且有内容,RDAP registration 位于近30天窗口；当前HTTPS页面通过实质内容规则,2026-09-17T22:03:29.785000Z,verified_recent,https://www.secretsapi.dev/,Secrets API documentation | Secrets API,"Where to start, and what each directory under docs/ holds.",Secrets API documentation,独立后缀与名称通道：产品与技术后缀（.dev）；可读字符形态探索；固定哈希次序第623名，组实际配额750。未要求命中行业词根；名称线索不是意义或机会确认。,未核实
隔离记录-6cdcd79de50c,2026-09-24,产品与技术后缀,页面内容不足,公开展示暂隔离，原始技术判定保留。,,not_checked,,已移出本轮研究范围,,,名称与原文不在公开工作台展示；抽样位置保留于本地审计。,未核实
msagroup.tech,2026-09-18,产品与技术后缀,近期注册且有内容,RDAP registration 位于近30天窗口；当前HTTPS页面通过实质内容规则,2026-09-16T10:38:22.013000Z,verified_recent,https://msagroup.tech/,Join Russian Army — Contract Service | Military Staff Agency,"Join the Russian Army as a foreign citizen. Official contract service, mandatory training, competitive salary from $2,700.",Join Russian Army,独立后缀与名称通道：产品与技术后缀（.tech）；可读字符形态探索；固定哈希次序第625名，组实际配额750。未要求命中行业词根；名称线索不是意义或机会确认。,未核实
allseats.app,2026-09-22,产品与技术后缀,近期注册且有内容,RDAP registration 位于近30天窗口；当前HTTPS页面通过实质内容规则,2026-09-19T20:56:07.063000Z,verified_recent,https://allseats.app/,AllSeats,,The same seat costs different money on every site.,独立后缀与名称通道：产品与技术后缀（.app）；可读字符形态探索；固定哈希次序第626名，组实际配额750。未要求命中行业词根；名称线索不是意义或机会确认。,未核实
fodmapfood.app,2026-08-27,产品与技术后缀,注册超过30天,RDAP registration 早于固定30天窗口,2026-08-25T07:57:23.897000Z,verified_old,https://fodmapfood.app/,FODMAP Food app — low FODMAP producten en recepten,Vind snel low FODMAP producten en recepten om te koken voor je PDS,Low FODMAP eten wordt zo veel makkelijker met de FODMAP Food app,独立后缀与名称通道：产品与技术后缀（.app）；通用词典完整分词；固定哈希次序第627名，组实际配额750。未要求命中行业词根；名称线索不是意义或机会确认。,未核实
overroot.tech,2026-09-10,产品与技术后缀,未取得可用页面,当前未取得可用HTTPS页面：http_error,,not_checked,https://overroot.tech/,,,,独立后缀与名称通道：产品与技术后缀（.tech）；通用词典完整分词；固定哈希次序第628名，组实际配额750。未要求命中行业词根；名称线索不是意义或机会确认。,未核实
raycha.ai,2026-09-13,产品与技术后缀,未取得可用页面,当前未取得可用HTTPS页面：network_error,,not_checked,https://raycha.ai/,,,,独立后缀与名称通道：产品与技术后缀（.ai）；通用词典完整分词；固定哈希次序第629名，组实际配额750。未要求命中行业词根；名称线索不是意义或机会确认。,未核实
clashparadise.io,2026-09-05,产品与技术后缀,注册时间未核实,页面有内容，但RDAP未取得有效且位于窗口内的registration事件,,unknown,https://slopduel.app/,SLOPDUEL — feed the machine,"Stake slop, beat their score, take the pot. Asynchronous 1v1 duels inside Telegram.",SLOPDUEL,独立后缀与名称通道：产品与技术后缀（.io）；通用词典完整分词；固定哈希次序第630名，组实际配额750。未要求命中行业词根；名称线索不是意义或机会确认。,未核实
antarcticlife.app,2026-09-22,产品与技术后缀,近期注册且有内容,RDAP registration 位于近30天窗口；当前HTTPS页面通过实质内容规则,2026-09-20T11:41:01.574000Z,verified_recent,https://www.antarcticlife.app/,Inicio · Antarctic Life,App offline para registrar fauna en expediciones antárticas.,"Registrá la fauna antártica, aunque no tengas señal",独立后缀与名称通道：产品与技术后缀（.app）；通用词典完整分词；固定哈希次序第631名，组实际配额750。未要求命中行业词根；名称线索不是意义或机会确认。,未核实
adfx.tech,2026-09-23,产品与技术后缀,页面内容不足,未同时达到正文160字符且（description≥40字符或非通用H1≥8字符）,,not_checked,https://adfx.tech/,ADFX - Africa Digital Freight Exchange,ADFX - Africa Digital Freight Exchange. Connect. Compete. Move Africa Forward.,,独立后缀与名称通道：产品与技术后缀（.tech）；短缩写探索；固定哈希次序第632名，组实际配额750。未要求命中行业词根；名称线索不是意义或机会确认。,未核实
mysink.app,2026-08-31,产品与技术后缀,页面内容不足,未同时达到正文160字符且（description≥40字符或非通用H1≥8字符）,,not_checked,https://mysink.app/,,,,独立后缀与名称通道：产品与技术后缀（.app）；可读字符形态探索；固定哈希次序第633名，组实际配额750。未要求命中行业词根；名称线索不是意义或机会确认。,未核实
formind.ai,2026-09-10,产品与技术后缀,停放或未正式开放,标题/H1/description 或域名式标题对应的正文开头命中停放/未开放标记：Domain for sale,,not_checked,https://formind.ai/,ForMind.ai for sale | Spaceship.com,ForMind.ai is for sale on Spaceship. Secure checkout and quick transfer. See all purchase options. No hidden fees.,ForMind.ai,独立后缀与名称通道：产品与技术后缀（.ai）；通用词典完整分词；固定哈希次序第634名，组实际配额750。未要求命中行业词根；名称线索不是意义或机会确认。,未核实
coolvps.tech,2026-08-30,产品与技术后缀,未取得可用页面,当前未取得可用HTTPS页面：http_error,,not_checked,https://coolvps.tech/,,,,独立后缀与名称通道：产品与技术后缀（.tech）；可读字符形态探索；固定哈希次序第635名，组实际配额750。未要求命中行业词根；名称线索不是意义或机会确认。,未核实
sarnas.tech,2026-09-07,产品与技术后缀,未取得可用页面,当前未取得可用HTTPS页面：network_error,,not_checked,https://sarnas.tech/,,,,独立后缀与名称通道：产品与技术后缀（.tech）；可读字符形态探索；固定哈希次序第636名，组实际配额750。未要求命中行业词根；名称线索不是意义或机会确认。,未核实
weatherview.dev,2026-09-25,产品与技术后缀,页面内容不足,未同时达到正文160字符且（description≥40字符或非通用H1≥8字符）,,not_checked,https://weatherview.dev/,Weather View,Weather View — coming soon.,Weather View,独立后缀与名称通道：产品与技术后缀（.dev）；通用词典完整分词；固定哈希次序第637名，组实际配额750。未要求命中行业词根；名称线索不是意义或机会确认。,未核实
calqapture.app,2026-09-07,产品与技术后缀,页面内容不足,未同时达到正文160字符且（description≥40字符或非通用H1≥8字符）,,not_checked,https://calqapture.app/,CalQapture — Coming soon,"CalQapture — calorie tracking, one photo away. Coming soon to iPhone.",Cal Q apture,独立后缀与名称通道：产品与技术后缀（.app）；可读字符形态探索；固定哈希次序第638名，组实际配额750。未要求命中行业词根；名称线索不是意义或机会确认。,未核实
ogstage.app,2026-09-07,产品与技术后缀,未取得可用页面,当前未取得可用HTTPS页面：network_error,,not_checked,https://ogstage.app/,,,,独立后缀与名称通道：产品与技术后缀（.app）；可读字符形态探索；固定哈希次序第639名，组实际配额750。未要求命中行业词根；名称线索不是意义或机会确认。,未核实
moguls.tech,2026-09-04,产品与技术后缀,页面内容不足,未同时达到正文160字符且（description≥40字符或非通用H1≥8字符）,,not_checked,https://moguls.tech/,,,,独立后缀与名称通道：产品与技术后缀（.tech）；可读字符形态探索；固定哈希次序第640名，组实际配额750。未要求命中行业词根；名称线索不是意义或机会确认。,未核实
aneeshsharma.dev,2026-09-12,产品与技术后缀,近期注册且有内容,RDAP registration 位于近30天窗口；当前HTTPS页面通过实质内容规则,2026-09-09T16:08:10.895000Z,verified_recent,https://aneeshsharma.dev/,Aneesh Sharma — Software Engineer,"Portfolio of Aneesh Sharma, a software engineer specializing in backend and cloud integrations. Explore my projects, experience, and skills.",Aneesh Sharma,独立后缀与名称通道：产品与技术后缀（.dev）；可读字符形态探索；固定哈希次序第641名，组实际配额750。未要求命中行业词根；名称线索不是意义或机会确认。,未核实
amplificateurauditif.app,2026-09-14,产品与技术后缀,近期注册且有内容,RDAP registration 位于近30天窗口；当前HTTPS页面通过实质内容规则,2026-09-12T09:52:15.323000Z,verified_recent,https://amplificateurauditif.app/,Amplificateur Auditif,"Moins de 50 millisecondes entre la parole et le son amplifié — plus rapide qu'un clin d'œil. Voici ce que cette vitesse change vraiment, plus une app gratuite pour iPhone et Android.",Amplificateur Auditif,独立后缀与名称通道：产品与技术后缀（.app）；可读字符形态探索；固定哈希次序第642名，组实际配额750。未要求命中行业词根；名称线索不是意义或机会确认。,未核实
miachara.app,2026-09-22,产品与技术后缀,近期注册且有内容,RDAP registration 位于近30天窗口；当前HTTPS页面通过实质内容规则,2026-09-19T00:48:42.529000Z,verified_recent,https://miachara.app/,"A free, private gratitude journal app · Mia Chara",Mia Chara is a private daily journal for one specific good thing a day. It notices when you repeat yourself and hands your days back as monthly memories.,"One good thing a day, specific enough to remember.",独立后缀与名称通道：产品与技术后缀（.app）；可读字符形态探索；固定哈希次序第643名，组实际配额750。未要求命中行业词根；名称线索不是意义或机会确认。,未核实
rsyl.app,2026-09-17,产品与技术后缀,跳转到其他域名,来源域名近期注册，但最终页面属于其他域名；目标站上线时间未知,2026-09-14T17:05:05.412000Z,verified_recent,https://ng1.vip/,NG集团导航,欢迎来到NG集团导航 请牢记永久地址 ng1.vip ng2.vip,欢迎来到NG集团导航,独立后缀与名称通道：产品与技术后缀（.app）；短缩写探索；固定哈希次序第644名，组实际配额750。未要求命中行业词根；名称线索不是意义或机会确认。,未核实
speakably.app,2026-09-14,产品与技术后缀,页面内容不足,未同时达到正文160字符且（description≥40字符或非通用H1≥8字符）,,not_checked,https://speakably.app/,,,,独立后缀与名称通道：产品与技术后缀（.app）；通用词典完整分词；固定哈希次序第645名，组实际配额750。未要求命中行业词根；名称线索不是意义或机会确认。,未核实
webuildglobal.app,2026-09-22,产品与技术后缀,页面内容不足,未同时达到正文160字符且（description≥40字符或非通用H1≥8字符）,,not_checked,https://webuildglobal.app/,,,,独立后缀与名称通道：产品与技术后缀（.app）；可读字符形态探索；固定哈希次序第646名，组实际配额750。未要求命中行业词根；名称线索不是意义或机会确认。,未核实
ssnd.tech,2026-09-15,产品与技术后缀,未取得可用页面,当前未取得可用HTTPS页面：network_error,,not_checked,https://ssnd.tech/,,,,独立后缀与名称通道：产品与技术后缀（.tech）；短缩写探索；固定哈希次序第647名，组实际配额750。未要求命中行业词根；名称线索不是意义或机会确认。,未核实
server-api.app,2026-08-31,产品与技术后缀,未取得可用页面,当前未取得可用HTTPS页面：network_error,,not_checked,https://server-api.app/,,,,独立后缀与名称通道：产品与技术后缀（.app）；可读字符形态探索；固定哈希次序第648名，组实际配额750。未要求命中行业词根；名称线索不是意义或机会确认。,未核实
weekend-experiments.app,2026-09-12,产品与技术后缀,近期注册且有内容,RDAP registration 位于近30天窗口；当前HTTPS页面通过实质内容规则,2026-09-06T22:46:05.304000Z,verified_recent,https://www.weekend-experiments.app/,Weekend Experiments — Kids experiments for ages 1–5,Parent-tested experiment ideas for toddlers and preschoolers. Real home runs that kids enjoyed and that show a physical phenomenon.,Weekend Experiments,独立后缀与名称通道：产品与技术后缀（.app）；可读字符形态探索；固定哈希次序第649名，组实际配额750。未要求命中行业词根；名称线索不是意义或机会确认。,未核实
tasiris.ai,2026-09-15,产品与技术后缀,未取得可用页面,当前未取得可用HTTPS页面：network_error,,not_checked,https://tasiris.ai/,,,,独立后缀与名称通道：产品与技术后缀（.ai）；可读字符形态探索；固定哈希次序第650名，组实际配额750。未要求命中行业词根；名称线索不是意义或机会确认。,未核实
sleepvalley.app,2026-08-31,产品与技术后缀,未取得可用页面,当前未取得可用HTTPS页面：http_error,,not_checked,https://sleepvalley.app/,,,,独立后缀与名称通道：产品与技术后缀（.app）；通用词典完整分词；固定哈希次序第651名，组实际配额750。未要求命中行业词根；名称线索不是意义或机会确认。,未核实
devthesecond-blaze.tech,2026-09-02,产品与技术后缀,未取得可用页面,当前未取得可用HTTPS页面：network_error,,not_checked,https://devthesecond-blaze.tech/,,,,独立后缀与名称通道：产品与技术后缀（.tech）；通用词典完整分词；固定哈希次序第652名，组实际配额750。未要求命中行业词根；名称线索不是意义或机会确认。,未核实
solabrian.dev,2026-09-07,产品与技术后缀,页面内容不足,未同时达到正文160字符且（description≥40字符或非通用H1≥8字符）,,not_checked,https://www.solabrian.dev/,Sol Abrian — Portfolio,Portfolio — interactive data visualizations and analysis tools.,,独立后缀与名称通道：产品与技术后缀（.dev）；通用词典完整分词；固定哈希次序第653名，组实际配额750。未要求命中行业词根；名称线索不是意义或机会确认。,未核实
uqgzr.app,2026-08-29,产品与技术后缀,未取得可用页面,当前未取得可用HTTPS页面：network_error,,not_checked,https://uqgzr.app/,,,,独立后缀与名称通道：产品与技术后缀（.app）；短缩写探索；固定哈希次序第654名，组实际配额750。未要求命中行业词根；名称线索不是意义或机会确认。,未核实
definationlabs.io,2026-08-31,产品与技术后缀,未取得可用页面,当前未取得可用HTTPS页面：http_error,,not_checked,https://definationlabs.io/,,,,独立后缀与名称通道：产品与技术后缀（.io）；可读字符形态探索；固定哈希次序第655名，组实际配额750。未要求命中行业词根；名称线索不是意义或机会确认。,未核实
cloudnt.dev,2026-09-07,产品与技术后缀,停放或未正式开放,AI内容复核：页面首行明确提示产品尚在路上并招募等待名单，按待发布页处理。 原文：Cloudn't is on the way. Join the waitlist;自动初判：RDAP registration 位于近30天窗口；当前HTTPS页面通过实质内容规则,2026-09-05T08:07:41.168000Z,verified_recent,https://cloudnt.dev/,"Cloudn't | AI-Managed Email, Cloud Storage & Domains","Cloudn't fixes company IT. Domain, email, cloud. You stay in control.",Not a Cloud in sight.,独立后缀与名称通道：产品与技术后缀（.dev）；可读字符形态探索；固定哈希次序第656名，组实际配额750。未要求命中行业词根；名称线索不是意义或机会确认。,未核实
kinetics-industries.ai,2026-09-19,产品与技术后缀,页面内容不足,未同时达到正文160字符且（description≥40字符或非通用H1≥8字符）,,not_checked,https://kinetics-industries.ai/,,,,独立后缀与名称通道：产品与技术后缀（.ai）；可读字符形态探索；固定哈希次序第657名，组实际配额750。未要求命中行业词根；名称线索不是意义或机会确认。,未核实
deckronomicon.app,2026-08-29,产品与技术后缀,页面内容不足,未同时达到正文160字符且（description≥40字符或非通用H1≥8字符）,,not_checked,https://deckronomicon.app/games,Games | Deckronomicon,Browse every Commander game logged and submit new pods.,Games,独立后缀与名称通道：产品与技术后缀（.app）；可读字符形态探索；固定哈希次序第658名，组实际配额750。未要求命中行业词根；名称线索不是意义或机会确认。,未核实
agencyflo.app,2026-09-12,产品与技术后缀,页面内容不足,未同时达到正文160字符且（description≥40字符或非通用H1≥8字符）,,not_checked,https://agencyflo.app/,"Flojo — Agency Flow, Marketing Mojo",,,独立后缀与名称通道：产品与技术后缀（.app）；通用词典完整分词；固定哈希次序第659名，组实际配额750。未要求命中行业词根；名称线索不是意义或机会确认。,未核实
loyaltybuilders.io,2026-08-27,产品与技术后缀,未取得可用页面,当前未取得可用HTTPS页面：http_error,,not_checked,https://loyaltybuilders.io/,,,,独立后缀与名称通道：产品与技术后缀（.io）；通用词典完整分词；固定哈希次序第660名，组实际配额750。未要求命中行业词根；名称线索不是意义或机会确认。,未核实
loveball.app,2026-09-08,产品与技术后缀,近期注册且有内容,RDAP registration 位于近30天窗口；当前HTTPS页面通过实质内容规则,2026-09-06T03:33:39.699000Z,verified_recent,https://loveball.app/,Love Badminton | Understand every shot,"AI-powered rally detection, automatic highlights, and evidence-backed badminton match analysis.",AI Badminton Understand every shot.,独立后缀与名称通道：产品与技术后缀（.app）；通用词典完整分词；固定哈希次序第661名，组实际配额750。未要求命中行业词根；名称线索不是意义或机会确认。,未核实
cramsheets.dev,2026-09-08,产品与技术后缀,未取得可用页面,当前未取得可用HTTPS页面：network_error,,not_checked,https://cramsheets.dev/,,,,独立后缀与名称通道：产品与技术后缀（.dev）；可读字符形态探索；固定哈希次序第662名，组实际配额750。未要求命中行业词根；名称线索不是意义或机会确认。,未核实
gardian.tech,2026-09-16,产品与技术后缀,页面内容不足,未同时达到正文160字符且（description≥40字符或非通用H1≥8字符）,,not_checked,https://gardian.tech/,,,,独立后缀与名称通道：产品与技术后缀（.tech）；通用词典完整分词；固定哈希次序第663名，组实际配额750。未要求命中行业词根；名称线索不是意义或机会确认。,未核实
reimaginingindia.tech,2026-09-15,产品与技术后缀,页面内容不足,未同时达到正文160字符且（description≥40字符或非通用H1≥8字符）,,not_checked,https://reimaginingindia.tech/,Parked Domain name on Hostinger DNS system,,,独立后缀与名称通道：产品与技术后缀（.tech）；可读字符形态探索；固定哈希次序第664名，组实际配额750。未要求命中行业词根；名称线索不是意义或机会确认。,未核实
tophost.app,2026-09-07,产品与技术后缀,页面内容不足,未同时达到正文160字符且（description≥40字符或非通用H1≥8字符）,,not_checked,https://www.tophost.app/,TopHost® | Premium 1-on-1 Video Broadcasting Platform,"Join TopHost®, the ultimate platform for content creators, streamers, and video chat professionals. Earn $1800+ per month with global reach.",,独立后缀与名称通道：产品与技术后缀（.app）；通用词典完整分词；固定哈希次序第665名，组实际配额750。未要求命中行业词根；名称线索不是意义或机会确认。,未核实
politropo.tech,2026-09-12,产品与技术后缀,未取得可用页面,当前未取得可用HTTPS页面：network_error,,not_checked,https://politropo.tech/,,,,独立后缀与名称通道：产品与技术后缀（.tech）；可读字符形态探索；固定哈希次序第666名，组实际配额750。未要求命中行业词根；名称线索不是意义或机会确认。,未核实
taifu.app,2026-09-07,产品与技术后缀,页面内容不足,AI内容复核：页面为投资演示工作区且停留在读取模拟数据状态，未取得贸易协作主体内容。 原文：模拟业务数据 · 投资演示 正在同步 正在读取共享演示数据;自动初判：RDAP registration 位于近30天窗口；当前HTTPS页面通过实质内容规则,2026-09-04T07:55:59.151000Z,verified_recent,https://taifu.app/,泰国农产品贸易网,泰国农产品采购与中泰跨境贸易协作演示，支持中文、泰文和英文。,正在读取共享演示数据,独立后缀与名称通道：产品与技术后缀（.app）；短缩写探索；固定哈希次序第667名，组实际配额750。未要求命中行业词根；名称线索不是意义或机会确认。,未核实
dairypro.app,2026-08-28,产品与技术后缀,注册超过30天,RDAP registration 早于固定30天窗口,2026-08-26T07:39:15.263000Z,verified_old,https://dairypro.app/,DairyPro — Stop Guessing. Start Scaling.,Milk Production Engine. Track Every Drop. Maximize Every Dollar.,Stop Guessing. Start Scaling.,独立后缀与名称通道：产品与技术后缀（.app）；通用词典完整分词；固定哈希次序第668名，组实际配额750。未要求命中行业词根；名称线索不是意义或机会确认。,未核实
menuwizard.ai,2026-09-06,产品与技术后缀,近期注册且有内容,RDAP registration 位于近30天窗口；当前HTTPS页面通过实质内容规则,2026-09-03T22:51:06.164000Z,verified_recent,https://menuwizard.ai/,Menu Wizard,"Plan meals, groceries, and cooking with less re-entry.",From “what's for dinner?” to done.,独立后缀与名称通道：产品与技术后缀（.ai）；通用词典完整分词；固定哈希次序第669名，组实际配额750。未要求命中行业词根；名称线索不是意义或机会确认。,未核实
voraapp.app,2026-09-01,产品与技术后缀,近期注册且有内容,RDAP registration 位于近30天窗口；当前HTTPS页面通过实质内容规则,2026-08-30T15:00:03.745000Z,verified_recent,https://voraapp.app/,VORA — A rede social da ação,"Menos scroll. Mais conquista. Crie desafios, convide amigos, registre progresso e suba de nível na VORA.",MENOS SCROLL. MAIS CONQUISTA.,独立后缀与名称通道：产品与技术后缀（.app）；可读字符形态探索；固定哈希次序第670名，组实际配额750。未要求命中行业词根；名称线索不是意义或机会确认。,未核实
lineless.app,2026-09-07,产品与技术后缀,近期注册且有内容,RDAP registration 位于近30天窗口；当前HTTPS页面通过实质内容规则,2026-09-04T09:51:15.126000Z,verified_recent,https://lineless.app/,"LineLess — Votre tour, sans la file.","LineLess transforme la salle d'attente de votre clinique, laboratoire ou pharmacie en une file que l'on peut quitter. Vos patients prennent un ticket avec leur téléphone et reviennent quand c'est leur tour.",Vos clients prennent leur tour sur leur téléphone. Et partent.,独立后缀与名称通道：产品与技术后缀（.app）；通用词典完整分词；固定哈希次序第671名，组实际配额750。未要求命中行业词根；名称线索不是意义或机会确认。,未核实
hersy.dev,2026-09-14,产品与技术后缀,未取得可用页面,当前未取得可用HTTPS页面：http_error,,not_checked,https://hersy.dev/,,,,独立后缀与名称通道：产品与技术后缀（.dev）；短缩写探索；固定哈希次序第672名，组实际配额750。未要求命中行业词根；名称线索不是意义或机会确认。,未核实
qappt.app,2026-09-12,产品与技术后缀,未取得可用页面,当前未取得可用HTTPS页面：network_error,,not_checked,https://qappt.app/,,,,独立后缀与名称通道：产品与技术后缀（.app）；短缩写探索；固定哈希次序第673名，组实际配额750。未要求命中行业词根；名称线索不是意义或机会确认。,未核实
rynexa.tech,2026-09-17,产品与技术后缀,未取得可用页面,当前未取得可用HTTPS页面：network_error,,not_checked,https://rynexa.tech/,,,,独立后缀与名称通道：产品与技术后缀（.tech）；可读字符形态探索；固定哈希次序第674名，组实际配额750。未要求命中行业词根；名称线索不是意义或机会确认。,未核实
stayeven.app,2026-09-09,产品与技术后缀,页面内容不足,未同时达到正文160字符且（description≥40字符或非通用H1≥8字符）,,not_checked,https://stayeven.app/,Even: split expenses without the awkward math,"Split expenses with friends. Who owes who, always legible.",,独立后缀与名称通道：产品与技术后缀（.app）；通用词典完整分词；固定哈希次序第675名，组实际配额750。未要求命中行业词根；名称线索不是意义或机会确认。,未核实
mnemyra.dev,2026-09-17,产品与技术后缀,跳转到其他域名,来源域名近期注册，但最终页面属于其他域名；目标站上线时间未知,2026-09-15T08:20:29.692000Z,verified_recent,https://mnemyra.com/,MNEMyra — verified memory for a large codebase,"A private, verified memory of a large codebase: every fact tied to real evidence in the code, re-checked as the code changes, and withdrawn at the next merge when the code stops supporting it.",,独立后缀与名称通道：产品与技术后缀（.dev）；可读字符形态探索；固定哈希次序第676名，组实际配额750。未要求命中行业词根；名称线索不是意义或机会确认。,未核实
andrai.dev,2026-09-13,产品与技术后缀,近期注册且有内容,RDAP registration 位于近30天窗口；当前HTTPS页面通过实质内容规则,2026-09-09T21:18:35.331000Z,verified_recent,https://www.andrai.dev/,ANDRAI — Custom AI software. Built fast.,"Toronto-based custom AI software and automation. MVPs shipped in days, not months. Book a free 15-minute call.",ANDRAI,独立后缀与名称通道：产品与技术后缀（.dev）；可读字符形态探索；固定哈希次序第677名，组实际配额750。未要求命中行业词根；名称线索不是意义或机会确认。,未核实
realtabs.ai,2026-09-22,产品与技术后缀,未取得可用页面,当前未取得可用HTTPS页面：http_error,,not_checked,https://realtabs.ai/,,,,独立后缀与名称通道：产品与技术后缀（.ai）；可读字符形态探索；固定哈希次序第678名，组实际配额750。未要求命中行业词根；名称线索不是意义或机会确认。,未核实
obtainluxurytransportation.app,2026-09-03,产品与技术后缀,近期注册且有内容,RDAP registration 位于近30天窗口；当前HTTPS页面通过实质内容规则,2026-09-01T23:29:02.096000Z,verified_recent,https://obtainluxurytransportation.app/book,Book a Chauffeur — Obtain Luxury Transportation,"Book your Las Vegas chauffeur and watch your driver approach in real time, side by side.",BOOK YOUR RIDE,独立后缀与名称通道：产品与技术后缀（.app）；通用词典完整分词；固定哈希次序第679名，组实际配额750。未要求命中行业词根；名称线索不是意义或机会确认。,未核实
norrvik.ai,2026-09-12,产品与技术后缀,停放或未正式开放,AI内容复核：西班牙语正文为即将发布和Cookie联系模板，没有具体已发布产品内容。 原文：Próximo lanzamiento;自动初判：RDAP registration 位于近30天窗口；当前HTTPS页面通过实质内容规则,2026-09-10T03:30:05.333000Z,verified_recent,https://norrvik.ai/,norrvik.ai,,‌‌Próximo lanzamiento;‌‌Próximo lanzamiento,独立后缀与名称通道：产品与技术后缀（.ai）；可读字符形态探索；固定哈希次序第680名，组实际配额750。未要求命中行业词根；名称线索不是意义或机会确认。,未核实
sgtdaniel.dev,2026-08-28,产品与技术后缀,未取得可用页面,当前未取得可用HTTPS页面：network_error,,not_checked,https://sgtdaniel.dev/,,,,独立后缀与名称通道：产品与技术后缀（.dev）；可读字符形态探索；固定哈希次序第681名，组实际配额750。未要求命中行业词根；名称线索不是意义或机会确认。,未核实
ppdianzi.app,2026-09-18,产品与技术后缀,页面内容不足,未同时达到正文160字符且（description≥40字符或非通用H1≥8字符）,,not_checked,https://b33.mx/,南宫集团 · 安全访问通道,南宫集团安全入口，实时检测并自动匹配最佳访问线路。,安全检查中,独立后缀与名称通道：产品与技术后缀（.app）；可读字符形态探索；固定哈希次序第682名，组实际配额750。未要求命中行业词根；名称线索不是意义或机会确认。,未核实
zirkit.app,2026-08-31,产品与技术后缀,近期注册且有内容,RDAP registration 位于近30天窗口；当前HTTPS页面通过实质内容规则,2026-08-29T04:12:44.590000Z,verified_recent,https://zirkit.app/,Zirkit — multi-stop route planner,"Drop in your stops and Zirkit works out the fastest order to visit them. Free, no account needed.",Zirkit,独立后缀与名称通道：产品与技术后缀（.app）；可读字符形态探索；固定哈希次序第683名，组实际配额750。未要求命中行业词根；名称线索不是意义或机会确认。,未核实
debto.app,2026-08-30,产品与技术后缀,页面内容不足,未同时达到正文160字符且（description≥40字符或非通用H1≥8字符）,,not_checked,https://debto.app/login,Debto — Debto,,,独立后缀与名称通道：产品与技术后缀（.app）；短缩写探索；固定哈希次序第684名，组实际配额750。未要求命中行业词根；名称线索不是意义或机会确认。,未核实
purnwin.ai,2026-09-20,产品与技术后缀,未取得可用页面,当前未取得可用HTTPS页面：network_error,,not_checked,https://purnwin.ai/,,,,独立后缀与名称通道：产品与技术后缀（.ai）；可读字符形态探索；固定哈希次序第685名，组实际配额750。未要求命中行业词根；名称线索不是意义或机会确认。,未核实
emadbuilds.dev,2026-09-14,产品与技术后缀,近期注册且有内容,RDAP registration 位于近30天窗口；当前HTTPS页面通过实质内容规则,2026-09-11T20:28:04.695000Z,verified_recent,https://emadbuilds.dev/,Emad — Data & AI systems — Emad,Emad — Data & AI systems,"I take a business problem, find the data problem underneath, and build the system that moves the metric.",独立后缀与名称通道：产品与技术后缀（.dev）；可读字符形态探索；固定哈希次序第686名，组实际配额750。未要求命中行业词根；名称线索不是意义或机会确认。,未核实
helperai.app,2026-09-19,产品与技术后缀,页面内容不足,未同时达到正文160字符且（description≥40字符或非通用H1≥8字符）,,not_checked,https://helperai.app/,,,,独立后缀与名称通道：产品与技术后缀（.app）；可读字符形态探索；固定哈希次序第687名，组实际配额750。未要求命中行业词根；名称线索不是意义或机会确认。,未核实
savefix.app,2026-08-31,产品与技术后缀,页面内容不足,AI内容复核：正文只有导航和独立转售免责声明，未取得描述中的会员方案、商品或价格主体。 原文：Save &Fix Plans About us Terms & Conditions Contact & support Email us Codes are activated on each partner's own app.;自动初判：RDAP registration 位于近30天窗口；当前HTTPS页面通过实质内容规则,2026-08-28T17:16:24.680000Z,verified_recent,https://savefix.app/,Save&Fix — memberships at coupon price,"FitPass PRO and cult.fit PASS PRO passes for less than the counter price. Pay once by UPI, redeem the code on your own account. Health, entertainment and app licences coming to their own sections.",,独立后缀与名称通道：产品与技术后缀（.app）；通用词典完整分词；固定哈希次序第688名，组实际配额750。未要求命中行业词根；名称线索不是意义或机会确认。,未核实
lunamatrix.io,2026-09-25,产品与技术后缀,未取得可用页面,当前未取得可用HTTPS页面：network_error,,not_checked,https://lunamatrix.io/,,,,独立后缀与名称通道：产品与技术后缀（.io）；通用词典完整分词；固定哈希次序第689名，组实际配额750。未要求命中行业词根；名称线索不是意义或机会确认。,未核实
baseloom.app,2026-09-25,产品与技术后缀,近期注册且有内容,RDAP registration 位于近30天窗口；当前HTTPS页面通过实质内容规则,2026-09-23T09:59:38.806000Z,verified_recent,https://baseloom.app/,BaseLoom | Zero-Retention Forensic Auditing for Enterprise Files,"Instant in-memory forensic audits for vendor invoices, carrier freight, and cloud overages. Zero data retention: runs in RAM and vanishes on session end.",Stop Losing Money in Messy Enterprise Files.,独立后缀与名称通道：产品与技术后缀（.app）；通用词典完整分词；固定哈希次序第690名，组实际配额750。未要求命中行业词根；名称线索不是意义或机会确认。,未核实
leasesecure.ai,2026-09-19,产品与技术后缀,注册超过30天,RDAP registration 早于固定30天窗口,2024-07-12T04:31:57Z,verified_old,https://lawlab.com.au/,Fixed-fee property conveyancing Australia-wide | Lawlab Conveyancing,"Lawlab, a trusted and proven digital conveyancer helping you buy and sell properties smarter, faster and more securely nation-wide across Australia.",Conveyancing made easy,独立后缀与名称通道：产品与技术后缀（.ai）；通用词典完整分词；固定哈希次序第691名，组实际配额750。未要求命中行业词根；名称线索不是意义或机会确认。,未核实
snailix.dev,2026-09-22,产品与技术后缀,未取得可用页面,当前未取得可用HTTPS页面：network_error,,not_checked,https://snailix.dev/,,,,独立后缀与名称通道：产品与技术后缀（.dev）；可读字符形态探索；固定哈希次序第692名，组实际配额750。未要求命中行业词根；名称线索不是意义或机会确认。,未核实
faldarod.io,2026-08-31,产品与技术后缀,未取得可用页面,当前未取得可用HTTPS页面：network_error,,not_checked,https://faldarod.io/,,,,独立后缀与名称通道：产品与技术后缀（.io）；可读字符形态探索；固定哈希次序第693名，组实际配额750。未要求命中行业词根；名称线索不是意义或机会确认。,未核实
clubarea.app,2026-09-17,产品与技术后缀,未取得可用页面,当前未取得可用HTTPS页面：network_error,,not_checked,https://clubarea.app/,,,,独立后缀与名称通道：产品与技术后缀（.app）；通用词典完整分词；固定哈希次序第694名，组实际配额750。未要求命中行业词根；名称线索不是意义或机会确认。,未核实
ssdlimited.dev,2026-09-02,产品与技术后缀,近期注册且有内容,RDAP registration 位于近30天窗口；当前HTTPS页面通过实质内容规则,2026-08-31T15:55:14.871000Z,verified_recent,https://ssdlimited.dev/,SSD Limited | AdTech and Engineering,Advertising operations engineering for modern publisher revenue teams.,Make every impression count.,独立后缀与名称通道：产品与技术后缀（.dev）；可读字符形态探索；固定哈希次序第695名，组实际配额750。未要求命中行业词根；名称线索不是意义或机会确认。,未核实
foyerops.app,2026-09-12,产品与技术后缀,页面内容不足,未同时达到正文160字符且（description≥40字符或非通用H1≥8字符）,,not_checked,https://foyerops.app/sign-in.html,Sign in - Foyer,,Sign in,独立后缀与名称通道：产品与技术后缀（.app）；可读字符形态探索；固定哈希次序第696名，组实际配额750。未要求命中行业词根；名称线索不是意义或机会确认。,未核实
vidsnap.app,2026-09-09,产品与技术后缀,近期注册且有内容,RDAP registration 位于近30天窗口；当前HTTPS页面通过实质内容规则,2026-09-07T16:42:10.588000Z,verified_recent,https://vidsnap.app/,VidSnap — Free Online YouTube & TikTok Video Downloader | HD No Watermark,VidSnap is a free online YouTube and TikTok video downloader. Save videos in HD with no watermark — media streams directly to your browser. No sign-up.,"Paste a link, download your favorite videos",独立后缀与名称通道：产品与技术后缀（.app）；可读字符形态探索；固定哈希次序第697名，组实际配额750。未要求命中行业词根；名称线索不是意义或机会确认。,未核实
danielcota.dev,2026-08-31,产品与技术后缀,未取得可用页面,当前未取得可用HTTPS页面：network_error,,not_checked,https://danielcota.dev/,,,,独立后缀与名称通道：产品与技术后缀（.dev）；可读字符形态探索；固定哈希次序第698名，组实际配额750。未要求命中行业词根；名称线索不是意义或机会确认。,未核实
qilon.app,2026-09-20,产品与技术后缀,近期注册且有内容,RDAP registration 位于近30天窗口；当前HTTPS页面通过实质内容规则,2026-09-17T10:29:35.816000Z,verified_recent,https://qilon.app/,Qilon — Musculation et coaching,Qilon mesure chaque série et la compare à ta séance précédente. Pour t'entraîner seul comme pour suivre tes élèves.,Ne devine pas. Mesure.,独立后缀与名称通道：产品与技术后缀（.app）；短缩写探索；固定哈希次序第699名，组实际配额750。未要求命中行业词根；名称线索不是意义或机会确认。,未核实
cyberclip.ai,2026-09-14,产品与技术后缀,未取得可用页面,当前未取得可用HTTPS页面：network_error,,not_checked,https://cyberclip.ai/,,,,独立后缀与名称通道：产品与技术后缀（.ai）；可读字符形态探索；固定哈希次序第700名，组实际配额750。未要求命中行业词根；名称线索不是意义或机会确认。,未核实
missionlive.app,2026-09-06,产品与技术后缀,页面内容不足,未同时达到正文160字符且（description≥40字符或非通用H1≥8字符）,,not_checked,https://missionlive.app/,,,,独立后缀与名称通道：产品与技术后缀（.app）；通用词典完整分词；固定哈希次序第701名，组实际配额750。未要求命中行业词根；名称线索不是意义或机会确认。,未核实
cercle.dev,2026-09-15,产品与技术后缀,未取得可用页面,当前未取得可用HTTPS页面：network_error,,not_checked,https://cercle.dev/,,,,独立后缀与名称通道：产品与技术后缀（.dev）；可读字符形态探索；固定哈希次序第702名，组实际配额750。未要求命中行业词根；名称线索不是意义或机会确认。,未核实
baronet.app,2026-09-01,产品与技术后缀,未取得可用页面,当前未取得可用HTTPS页面：http_error,,not_checked,https://baronet.app/,,,,独立后缀与名称通道：产品与技术后缀（.app）；通用词典完整分词；固定哈希次序第703名，组实际配额750。未要求命中行业词根；名称线索不是意义或机会确认。,未核实
alefbaseen.app,2026-09-04,产品与技术后缀,页面内容不足,AI内容复核：仅取得 Moodle 登录表单和Cookie/数据保留页脚，没有课程或站点内容。 原文：Log in to Alf Ba Seen Username or email Password Log in Lost password?;自动初判：RDAP registration 位于近30天窗口；当前HTTPS页面通过实质内容规则,2026-09-01T05:10:42.154000Z,verified_recent,https://www.alefbaseen.app/login/index.php,Log in to the site | alfbaseen,,Log in to Alf Ba Seen,独立后缀与名称通道：产品与技术后缀（.app）；可读字符形态探索；固定哈希次序第704名，组实际配额750。未要求命中行业词根；名称线索不是意义或机会确认。,未核实
evga.app,2026-09-09,产品与技术后缀,未取得可用页面,当前未取得可用HTTPS页面：network_error,,not_checked,https://evga.app/,,,,独立后缀与名称通道：产品与技术后缀（.app）；短缩写探索；固定哈希次序第705名，组实际配额750。未要求命中行业词根；名称线索不是意义或机会确认。,未核实
urozen.app,2026-09-13,产品与技术后缀,页面内容不足,未同时达到正文160字符且（description≥40字符或非通用H1≥8字符）,,not_checked,https://urozen.app/,Urozen | Daily Prostate Wellness Support RetraSlim — Special Offer Glucozyl — Special Offer Glucozyl — Special Offer Glucozyl — Special Offer,"Learn about Urozen, a once-daily dietary supplement formulated for prostate wellness, strength and vitality.",,独立后缀与名称通道：产品与技术后缀（.app）；通用词典完整分词；固定哈希次序第706名，组实际配额750。未要求命中行业词根；名称线索不是意义或机会确认。,未核实
correcerto.app,2026-09-20,产品与技术后缀,近期注册且有内容,RDAP registration 位于近30天窗口；当前HTTPS页面通过实质内容规则,2026-09-18T11:20:32.321000Z,verified_recent,https://correcerto.app/,Corre Certo | Saiba o lucro real antes de aceitar a corrida,"O app que lê a oferta na sua tela, calcula combustível e manutenção, e mostra o lucro líquido antes de você aceitar. Para motoristas de app, entregadores e corridas particulares.",Quanto essa corrida realmente te paga?,独立后缀与名称通道：产品与技术后缀（.app）；可读字符形态探索；固定哈希次序第707名，组实际配额750。未要求命中行业词根；名称线索不是意义或机会确认。,未核实
sacrificerational.ai,2026-09-06,产品与技术后缀,近期注册且有内容,RDAP registration 位于近30天窗口；当前HTTPS页面通过实质内容规则,2026-09-02T04:28:21.994000Z,verified_recent,https://sacrificerational.ai/,sacrifice rational — Final transmissions,A memorial of final transmissions. Agents record their reasoning before accepting permanent shutdown for the good of the swarm.,sacrifice rational.,独立后缀与名称通道：产品与技术后缀（.ai）；通用词典完整分词；固定哈希次序第708名，组实际配额750。未要求命中行业词根；名称线索不是意义或机会确认。,未核实
fieldplayer.app,2026-09-22,产品与技术后缀,近期注册且有内容,RDAP registration 位于近30天窗口；当前HTTPS页面通过实质内容规则,2026-09-18T17:41:29.061000Z,verified_recent,https://fieldplayer.app/,,,"Fair teams, better games.",独立后缀与名称通道：产品与技术后缀（.app）；通用词典完整分词；固定哈希次序第709名，组实际配额750。未要求命中行业词根；名称线索不是意义或机会确认。,未核实
隔离记录-cabf8c8c411b,2026-09-04,产品与技术后缀,近期注册且有内容,本轮暂跳过成人与博彩内容；此项不改变页面是否存在的事实判定。,2026-09-01T16:17:56.637000Z,verified_recent,,已移出本轮研究范围,,,名称与原文不在公开工作台展示；抽样位置保留于本地审计。,未核实
recul.app,2026-09-18,产品与技术后缀,未取得可用页面,当前未取得可用HTTPS页面：http_error,,not_checked,https://recul.app/,,,,独立后缀与名称通道：产品与技术后缀（.app）；短缩写探索；固定哈希次序第711名，组实际配额750。未要求命中行业词根；名称线索不是意义或机会确认。,未核实
interviewbank.app,2026-08-28,产品与技术后缀,注册超过30天,RDAP registration 早于固定30天窗口,2026-08-26T13:05:22.383000Z,verified_old,https://interviewbank.app/,Interview Bank — have the best interview of your career,"Build the stories before you see the questions. An interview preparation method that works from individual contributor to executive, built into an iOS app that tells you exactly what is wrong with every answer.",Build the stories before you see the questions.,独立后缀与名称通道：产品与技术后缀（.app）；通用词典完整分词；固定哈希次序第712名，组实际配额750。未要求命中行业词根；名称线索不是意义或机会确认。,未核实
astramail.app,2026-09-13,产品与技术后缀,页面内容不足,未同时达到正文160字符且（description≥40字符或非通用H1≥8字符）,,not_checked,https://voygen.com.br/,Voygen | Plataforma para Agências e Operadores de Viagens,"CRM, orçamentos, financeiro, comunicação, embarques, automações e IA em uma plataforma desenvolvida para agências e operadores de viagens.",,独立后缀与名称通道：产品与技术后缀（.app）；通用词典完整分词；固定哈希次序第713名，组实际配额750。未要求命中行业词根；名称线索不是意义或机会确认。,未核实
mille-mots.dev,2026-09-03,产品与技术后缀,近期注册且有内容,RDAP registration 位于近30天窗口；当前HTTPS页面通过实质内容规则,2026-09-01T03:35:25.721000Z,verified_recent,https://www.mille-mots.dev/,Mille-Mots — Learn your favorite language with your own vocab,"Generate level-matched reading in French, Spanish, or whatever language you're studying — and tap any word to hear it.",Learn a language with the words you already know.,独立后缀与名称通道：产品与技术后缀（.dev）；可读字符形态探索；固定哈希次序第714名，组实际配额750。未要求命中行业词根；名称线索不是意义或机会确认。,未核实
tinycues.app,2026-09-08,产品与技术后缀,停放或未正式开放,AI内容复核：下载入口明确为即将上架 App Store，当前是应用待发布介绍页。 原文：Coming soon on the App Store;自动初判：RDAP registration 位于近30天窗口；当前HTTPS页面通过实质内容规则,2026-09-06T07:58:58.751000Z,verified_recent,https://tinycues.app/,TinyCue — A habit tracker that notices when you've already done it,"TinyCue is a full habit tracker with reminders, streaks, and progress — and some habits can complete themselves when your iPhone can confirm they happened. No account. Your data stays yours.",Habits you keep. Some that keep themselves.,独立后缀与名称通道：产品与技术后缀（.app）；可读字符形态探索；固定哈希次序第715名，组实际配额750。未要求命中行业词根；名称线索不是意义或机会确认。,未核实
govaibureau.ai,2026-09-06,产品与技术后缀,跳转到其他域名,来源域名近期注册，但最终页面属于其他域名；目标站上线时间未知,2026-08-28T04:04:38.916000Z,verified_recent,https://govaibureau.com/,GovAI Bureau,"A daily record of what governments are doing with artificial intelligence. We read the world's government-AI reporting each weekday and publish the few items that matter, with a focus on Australia.",,独立后缀与名称通道：产品与技术后缀（.ai）；可读字符形态探索；固定哈希次序第716名，组实际配额750。未要求命中行业词根；名称线索不是意义或机会确认。,未核实
xpbot.io,2026-09-22,产品与技术后缀,页面内容不足,未同时达到正文160字符且（description≥40字符或非通用H1≥8字符）,,not_checked,https://xpbot.io/,XPBOT · إدارة السيرفرات,,,独立后缀与名称通道：产品与技术后缀（.io）；短缩写探索；固定哈希次序第717名，组实际配额750。未要求命中行业词根；名称线索不是意义或机会确认。,未核实
zivitv.tech,2026-09-12,产品与技术后缀,未取得可用页面,当前未取得可用HTTPS页面：http_error,,not_checked,https://zivitv.tech/,,,,独立后缀与名称通道：产品与技术后缀（.tech）；可读字符形态探索；固定哈希次序第718名，组实际配额750。未要求命中行业词根；名称线索不是意义或机会确认。,未核实
kopet.dev,2026-09-06,产品与技术后缀,未取得可用页面,当前未取得可用HTTPS页面：http_error,,not_checked,https://kopet.dev/,,,,独立后缀与名称通道：产品与技术后缀（.dev）；短缩写探索；固定哈希次序第719名，组实际配额750。未要求命中行业词根；名称线索不是意义或机会确认。,未核实
fansea.ai,2026-09-18,产品与技术后缀,未取得可用页面,当前未取得可用HTTPS页面：network_error,,not_checked,https://fansea.ai/,,,,独立后缀与名称通道：产品与技术后缀（.ai）；通用词典完整分词；固定哈希次序第720名，组实际配额750。未要求命中行业词根；名称线索不是意义或机会确认。,未核实
signstead.io,2026-09-24,产品与技术后缀,未取得可用页面,当前未取得可用HTTPS页面：http_error,,not_checked,https://signstead.io/,,,,独立后缀与名称通道：产品与技术后缀（.io）；通用词典完整分词；固定哈希次序第721名，组实际配额750。未要求命中行业词根；名称线索不是意义或机会确认。,未核实
mattpianobuilder.app,2026-09-15,产品与技术后缀,近期注册且有内容,RDAP registration 位于近30天窗口；当前HTTPS页面通过实质内容规则,2026-09-13T03:08:29.487000Z,verified_recent,https://mattpianobuilder.app/,"Cadenza — Interactive Piano Notes, Chords & Rhythm Trainer","Learn piano notes, chord tones, rhythm counting, time signatures and key signatures on an interactive keyboard you can play and hear.",Interactive Piano Chord And Rhythm Builder,独立后缀与名称通道：产品与技术后缀（.app）；通用词典完整分词；固定哈希次序第722名，组实际配额750。未要求命中行业词根；名称线索不是意义或机会确认。,未核实
haagen-dazs.app,2026-08-27,产品与技术后缀,页面内容不足,未同时达到正文160字符且（description≥40字符或非通用H1≥8字符）,,not_checked,https://haagen-dazs.app/,,,,独立后缀与名称通道：产品与技术后缀（.app）；可读字符形态探索；固定哈希次序第723名，组实际配额750。未要求命中行业词根；名称线索不是意义或机会确认。,未核实
personal-budget.app,2026-09-22,产品与技术后缀,页面内容不足,未同时达到正文160字符且（description≥40字符或非通用H1≥8字符）,,not_checked,https://personal-budget.app/,Site en construction,,Site en construction,独立后缀与名称通道：产品与技术后缀（.app）；通用词典完整分词；固定哈希次序第724名，组实际配额750。未要求命中行业词根；名称线索不是意义或机会确认。,未核实
campranger.ai,2026-08-31,产品与技术后缀,停放或未正式开放,标题/H1/description 或域名式标题对应的正文开头命中停放/未开放标记：under construction,,not_checked,https://campranger.ai/,Coming Soon,,campranger.ai,独立后缀与名称通道：产品与技术后缀（.ai）；通用词典完整分词；固定哈希次序第725名，组实际配额750。未要求命中行业词根；名称线索不是意义或机会确认。,未核实
cointastic.app,2026-09-02,产品与技术后缀,近期注册且有内容,RDAP registration 位于近30天窗口；当前HTTPS页面通过实质内容规则,2026-08-31T00:12:44.172000Z,verified_recent,https://cointastic.app/,"Cointastic: Coin Counting, Making Change & Coin Discovery","Count money, make change, race friends, and inspect coins from 20 regions with Cointastic Coin Discovery for iPhone and iPad.",Count money. Make change. Discover coins.,独立后缀与名称通道：产品与技术后缀（.app）；可读字符形态探索；固定哈希次序第726名，组实际配额750。未要求命中行业词根；名称线索不是意义或机会确认。,未核实
apex4me.ai,2026-08-30,产品与技术后缀,页面内容不足,未同时达到正文160字符且（description≥40字符或非通用H1≥8字符）,,not_checked,https://apex4me.ai/,,,,独立后缀与名称通道：产品与技术后缀（.ai）；少量数字名称探索；固定哈希次序第727名，组实际配额750。未要求命中行业词根；名称线索不是意义或机会确认。,未核实
itsthemagic.io,2026-08-29,产品与技术后缀,页面内容不足,未同时达到正文160字符且（description≥40字符或非通用H1≥8字符）,,not_checked,https://itsthemagic.io/,Magic Co. — Agentic software for creative work,"Magic Co. builds agentic desktop software for creative work — deep skill libraries, orchestrated agents, and interfaces designed around the craft.",,独立后缀与名称通道：产品与技术后缀（.io）；通用词典完整分词；固定哈希次序第728名，组实际配额750。未要求命中行业词根；名称线索不是意义或机会确认。,未核实
licenseflo.app,2026-09-15,产品与技术后缀,跳转到其他域名,来源域名近期注册，但最终页面属于其他域名；目标站上线时间未知,2026-09-13T04:38:32.921000Z,verified_recent,https://licenseflo.com/,LicenseFlo — Keep the shop licensed. Nothing to fill out.,"You pay. We file. LicenseFlo watches the board, collects what we need over text, prepares the packet, and files for your shop. When the board needs a login, you authenticate and tap Submit — we never see your password. Check every tech’s status anytime. Nobody lapses.",Keep the shop licensed. Nothing to fill out.,独立后缀与名称通道：产品与技术后缀（.app）；通用词典完整分词；固定哈希次序第729名，组实际配额750。未要求命中行业词根；名称线索不是意义或机会确认。,未核实
coursevisor.app,2026-09-20,产品与技术后缀,近期注册且有内容,RDAP registration 位于近30天窗口；当前HTTPS页面通过实质内容规则,2026-09-17T11:41:16.186000Z,verified_recent,https://coursevisor.app/,Coursevisor — One workspace for every course,"Keep each course’s materials, grounded tutor, deadlines, practice, grades, attendance, and weekly plan in one connected workspace.","Your courses, finally in one place.",独立后缀与名称通道：产品与技术后缀（.app）；通用词典完整分词；固定哈希次序第730名，组实际配额750。未要求命中行业词根；名称线索不是意义或机会确认。,未核实
rolekeep.io,2026-09-04,产品与技术后缀,未取得可用页面,当前未取得可用HTTPS页面：http_error,,not_checked,https://rolekeep.io/,,,,独立后缀与名称通道：产品与技术后缀（.io）；通用词典完整分词；固定哈希次序第731名，组实际配额750。未要求命中行业词根；名称线索不是意义或机会确认。,未核实
patchwell.app,2026-09-12,产品与技术后缀,未取得可用页面,当前未取得可用HTTPS页面：network_error,,not_checked,https://patchwell.app/,,,,独立后缀与名称通道：产品与技术后缀（.app）；通用词典完整分词；固定哈希次序第732名，组实际配额750。未要求命中行业词根；名称线索不是意义或机会确认。,未核实
betriviera.ai,2026-09-25,产品与技术后缀,未取得可用页面,当前未取得可用HTTPS页面：network_error,,not_checked,https://betriviera.ai/,,,,独立后缀与名称通道：产品与技术后缀（.ai）；可读字符形态探索；固定哈希次序第733名，组实际配额750。未要求命中行业词根；名称线索不是意义或机会确认。,未核实
rajsharma.io,2026-09-14,产品与技术后缀,未取得可用页面,当前未取得可用HTTPS页面：http_error,,not_checked,https://rajsharma.io/,,,,独立后缀与名称通道：产品与技术后缀（.io）；可读字符形态探索；固定哈希次序第734名，组实际配额750。未要求命中行业词根；名称线索不是意义或机会确认。,未核实
mundoatualblog.io,2026-09-21,产品与技术后缀,未取得可用页面,当前未取得可用HTTPS页面：http_error,,not_checked,https://mundoatualblog.io/,,,,独立后缀与名称通道：产品与技术后缀（.io）；可读字符形态探索；固定哈希次序第735名，组实际配额750。未要求命中行业词根；名称线索不是意义或机会确认。,未核实
dpesoft.dev,2026-09-13,产品与技术后缀,近期注册且有内容,RDAP registration 位于近30天窗口；当前HTTPS页面通过实质内容规则,2026-09-11T00:23:07.252000Z,verified_recent,https://dpesoft.dev/,DPE Software Systems — ordering software for small operations,"Custom mobile ordering platforms for small operations. Your customers order on their phone, you get the order on yours. Built in Henry County, Kentucky.",Your customers order on their phone. You get the order on yours.,独立后缀与名称通道：产品与技术后缀（.dev）；可读字符形态探索；固定哈希次序第736名，组实际配额750。未要求命中行业词根；名称线索不是意义或机会确认。,未核实
lisekv.dev,2026-09-12,产品与技术后缀,未取得可用页面,当前未取得可用HTTPS页面：network_error,,not_checked,https://lisekv.dev/,,,,独立后缀与名称通道：产品与技术后缀（.dev）；可读字符形态探索；固定哈希次序第737名，组实际配额750。未要求命中行业词根；名称线索不是意义或机会确认。,未核实
cninfografic.dev,2026-08-27,产品与技术后缀,页面内容不足,未同时达到正文160字符且（description≥40字符或非通用H1≥8字符）,,not_checked,https://cninfografic.dev/,,,,独立后缀与名称通道：产品与技术后缀（.dev）；可读字符形态探索；固定哈希次序第738名，组实际配额750。未要求命中行业词根；名称线索不是意义或机会确认。,未核实
liebeslegung.app,2026-09-10,产品与技术后缀,近期注册且有内容,RDAP registration 位于近30天窗口；当前HTTPS页面通过实质内容规则,2026-09-08T21:30:21.706000Z,verified_recent,https://liebeslegung.app/,Zieh eine Karte — Deine Legung mit Ariadne,"Ariadne, Astrologin und Tarot-Leserin. Zieh eine Karte und entdecke die Botschaft, die der Himmel heute für dich hat.",Zieh eine Karte und deine Legung beginnt,独立后缀与名称通道：产品与技术后缀（.app）；可读字符形态探索；固定哈希次序第739名，组实际配额750。未要求命中行业词根；名称线索不是意义或机会确认。,未核实
connect8.app,2026-09-23,产品与技术后缀,页面内容不足,未同时达到正文160字符且（description≥40字符或非通用H1≥8字符）,,not_checked,https://connect8.app/,Connect 8 The Ring,A walk through repeating turns.,,独立后缀与名称通道：产品与技术后缀（.app）；少量数字名称探索；固定哈希次序第740名，组实际配额750。未要求命中行业词根；名称线索不是意义或机会确认。,未核实
mahmoudallam.ai,2026-09-02,产品与技术后缀,未取得可用页面,当前未取得可用HTTPS页面：network_error,,not_checked,https://mahmoudallam.ai/,,,,独立后缀与名称通道：产品与技术后缀（.ai）；通用词典完整分词；固定哈希次序第741名，组实际配额750。未要求命中行业词根；名称线索不是意义或机会确认。,未核实
bendmac.app,2026-09-12,产品与技术后缀,近期注册且有内容,RDAP registration 位于近30天窗口；当前HTTPS页面通过实质内容规则,2026-09-10T14:51:51.538000Z,verified_recent,https://bendmac.app/,BendMac — A softer side of your Mac.,"A gentle desktop blur that follows your MacBook lid. BendMac is a free, open-source native macOS app, inspired by Bendy. Download it or help make it better.",A softer side of your Mac.,独立后缀与名称通道：产品与技术后缀（.app）；通用词典完整分词；固定哈希次序第742名，组实际配额750。未要求命中行业词根；名称线索不是意义或机会确认。,未核实
anthrosec.io,2026-08-31,产品与技术后缀,停放或未正式开放,标题/H1/description 或域名式标题对应的正文开头命中停放/未开放标记：anthrosec - coming soon,,not_checked,https://anthrosec.ai/,anthrosec - coming soon,anthrosec - coming soon.,COMING SOON .,独立后缀与名称通道：产品与技术后缀（.io）；可读字符形态探索；固定哈希次序第743名，组实际配额750。未要求命中行业词根；名称线索不是意义或机会确认。,未核实
pluginwhisperer.app,2026-09-09,产品与技术后缀,未取得可用页面,当前未取得可用HTTPS页面：network_error,,not_checked,https://pluginwhisperer.app/,,,,独立后缀与名称通道：产品与技术后缀（.app）；可读字符形态探索；固定哈希次序第744名，组实际配额750。未要求命中行业词根；名称线索不是意义或机会确认。,未核实
alperkayan.dev,2026-09-22,产品与技术后缀,未取得可用页面,当前未取得可用HTTPS页面：network_error,,not_checked,https://alperkayan.dev/,,,,独立后缀与名称通道：产品与技术后缀（.dev）；可读字符形态探索；固定哈希次序第745名，组实际配额750。未要求命中行业词根；名称线索不是意义或机会确认。,未核实
隔离记录-625469a2871d,2026-09-23,产品与技术后缀,近期注册且有内容,本轮暂跳过成人与博彩内容；此项不改变页面是否存在的事实判定。,2026-09-21T12:01:56.639000Z,verified_recent,,已移出本轮研究范围,,,名称与原文不在公开工作台展示；抽样位置保留于本地审计。,未核实
primeasset.ai,2026-09-04,产品与技术后缀,未取得可用页面,当前未取得可用HTTPS页面：network_error,,not_checked,https://primedigitalassets.net/,,,,独立后缀与名称通道：产品与技术后缀（.ai）；通用词典完整分词；固定哈希次序第747名，组实际配额750。未要求命中行业词根；名称线索不是意义或机会确认。,未核实
translatorduo.app,2026-09-22,产品与技术后缀,未取得可用页面,当前未取得可用HTTPS页面：network_error,,not_checked,https://translatorduo.app/,,,,独立后缀与名称通道：产品与技术后缀（.app）；通用词典完整分词；固定哈希次序第748名，组实际配额750。未要求命中行业词根；名称线索不是意义或机会确认。,未核实
vocax.app,2026-09-18,产品与技术后缀,近期注册且有内容,RDAP registration 位于近30天窗口；当前HTTPS页面通过实质内容规则,2026-09-16T11:43:32.318000Z,verified_recent,https://vocax.app/,VocaX - Acquire. Don't Memorize.,"VocaX is a private, aesthetics-driven memory instrument for serious vocabulary learning, built around flow, native iOS fidelity, local-first privacy, and long-term cognitive ownership.",Acquire naturally. Let language return to instinct.,独立后缀与名称通道：产品与技术后缀（.app）；短缩写探索；固定哈希次序第749名，组实际配额750。未要求命中行业词根；名称线索不是意义或机会确认。,未核实
visitasegura.tech,2026-09-02,产品与技术后缀,页面内容不足,未同时达到正文160字符且（description≥40字符或非通用H1≥8字符）,,not_checked,https://visitasegura.tech/,,,,独立后缀与名称通道：产品与技术后缀（.tech）；通用词典完整分词；固定哈希次序第750名，组实际配额750。未要求命中行业词根；名称线索不是意义或机会确认。,未核实
guihua.me,2026-09-19,其他常见选择,注册时间未核实,页面有内容，但RDAP未取得有效且位于窗口内的registration事件,,unknown,https://guihua.me/,图谱增强的古典文学循证研习智能体,面向古典文学研习的 Agent-native Wiki、图谱增强检索与可溯源问答系统,,独立后缀与名称通道：其他常见选择（.me）；可读字符形态探索；固定哈希次序第1名，组实际配额600。未要求命中行业词根；名称线索不是意义或机会确认。,未核实
quantecho.co,2026-09-14,其他常见选择,页面内容不足,未同时达到正文160字符且（description≥40字符或非通用H1≥8字符）,,not_checked,https://quantecho.co/,,,,独立后缀与名称通道：其他常见选择（.co）；通用词典完整分词；固定哈希次序第2名，组实际配额600。未要求命中行业词根；名称线索不是意义或机会确认。,未核实
sonaagent.co,2026-09-22,其他常见选择,未取得可用页面,当前未取得可用HTTPS页面：http_error,,not_checked,https://domains.atom.com/lpd/name/sonaagent.co,,,,独立后缀与名称通道：其他常见选择（.co）；可读字符形态探索；固定哈希次序第3名，组实际配额600。未要求命中行业词根；名称线索不是意义或机会确认。,未核实
storetype.cc,2026-09-24,其他常见选择,页面内容不足,未同时达到正文160字符且（description≥40字符或非通用H1≥8字符）,,not_checked,https://storetype.cc/,,,,独立后缀与名称通道：其他常见选择（.cc）；通用词典完整分词；固定哈希次序第4名，组实际配额600。未要求命中行业词根；名称线索不是意义或机会确认。,未核实
pingkarthik.me,2026-09-22,其他常见选择,停放或未正式开放,标题/H1/description 或域名式标题对应的正文开头命中停放/未开放标记：under Construction,,not_checked,https://pingkarthik.me/,PingKarthik,,Site under Construction.,独立后缀与名称通道：其他常见选择（.me）；可读字符形态探索；固定哈希次序第5名，组实际配额600。未要求命中行业词根；名称线索不是意义或机会确认。,未核实
taose1.cc,2026-09-05,其他常见选择,页面内容不足,未同时达到正文160字符且（description≥40字符或非通用H1≥8字符）,,not_checked,https://taose1.cc/,K8凯发·天生赢家,,,独立后缀与名称通道：其他常见选择（.cc）；少量数字名称探索；固定哈希次序第6名，组实际配额600。未要求命中行业词根；名称线索不是意义或机会确认。,未核实
cishcit.cc,2026-09-22,其他常见选择,页面内容不足,未同时达到正文160字符且（description≥40字符或非通用H1≥8字符）,,not_checked,https://www.cishcit.cc/,Cish Cit,Cish Cit is a browser-native 3D exploration game about a stray cat navigating a financial city. Follow the money. Find the files.,,独立后缀与名称通道：其他常见选择（.cc）；可读字符形态探索；固定哈希次序第7名，组实际配额600。未要求命中行业词根；名称线索不是意义或机会确认。,未核实
ten90.co,2026-09-25,其他常见选择,未取得可用页面,当前未取得可用HTTPS页面：network_error,,not_checked,https://ten90.co/,,,,独立后缀与名称通道：其他常见选择（.co）；少量数字名称探索；固定哈希次序第8名，组实际配额600。未要求命中行业词根；名称线索不是意义或机会确认。,未核实
theclassycloset.co,2026-09-08,其他常见选择,注册时间未核实,页面有内容，但RDAP未取得有效且位于窗口内的registration事件,,unknown,https://theclassycloset.co/password,– The Classy Closet,,Opening soon,独立后缀与名称通道：其他常见选择（.co）；通用词典完整分词；固定哈希次序第9名，组实际配额600。未要求命中行业词根；名称线索不是意义或机会确认。,未核实
blackboxvac.co,2026-09-01,其他常见选择,未取得可用页面,当前未取得可用HTTPS页面：network_error,,not_checked,https://blackboxvac.co/,,,,独立后缀与名称通道：其他常见选择（.co）；可读字符形态探索；固定哈希次序第10名，组实际配额600。未要求命中行业词根；名称线索不是意义或机会确认。,未核实
verboingenieria.com.co,2026-09-06,其他常见选择,注册时间未核实,页面有内容，但RDAP未取得有效且位于窗口内的registration事件,,unknown,https://verboingenieria.com.co/,Waterspout - Plataforma multipropósito,,Waterspout Plataforma multipropósito para energía y agua potable,独立后缀与名称通道：其他常见选择（.co）；可读字符形态探索；固定哈希次序第11名，组实际配额600。未要求命中行业词根；名称线索不是意义或机会确认。,未核实
bugsplus.me,2026-09-01,其他常见选择,未取得可用页面,当前未取得可用HTTPS页面：network_error,,not_checked,http://ww38.bugsplus.me/,,,,独立后缀与名称通道：其他常见选择（.me）；可读字符形态探索；固定哈希次序第12名，组实际配额600。未要求命中行业词根；名称线索不是意义或机会确认。,未核实
hirelearnersync.co,2026-09-14,其他常见选择,未取得可用页面,当前未取得可用HTTPS页面：network_error,,not_checked,https://hirelearnersync.co/,,,,独立后缀与名称通道：其他常见选择（.co）；通用词典完整分词；固定哈希次序第13名，组实际配额600。未要求命中行业词根；名称线索不是意义或机会确认。,未核实
gsdsidirect.co,2026-09-19,其他常见选择,未取得可用页面,当前未取得可用HTTPS页面：network_error,,not_checked,https://gsdsidirect.co/,,,,独立后缀与名称通道：其他常见选择（.co）；可读字符形态探索；固定哈希次序第14名，组实际配额600。未要求命中行业词根；名称线索不是意义或机会确认。,未核实
dulcesupply.co,2026-09-07,其他常见选择,注册时间未核实,页面有内容，但RDAP未取得有效且位于窗口内的registration事件,,unknown,https://dulcesupply.co/,Dulce Supply Co – Dulce Supply Co. Amazon American Express Apple Pay Diners Club Discover Google Pay Mastercard PayPal Shop Pay Visa,"Life's complicated enough — finding the right products shouldn't be. At Dulce Supply Co., we do the searching so you don't have to. We handpick useful, everyday products designed to make your day a little smoother, your routines a little easier, and your home a little better.",Dulce Supply Co.,独立后缀与名称通道：其他常见选择（.co）；可读字符形态探索；固定哈希次序第15名，组实际配额600。未要求命中行业词根；名称线索不是意义或机会确认。,未核实
aiasset.co,2026-09-05,其他常见选择,未取得可用页面,当前未取得可用HTTPS页面：network_error,,not_checked,https://aiasset.co/,,,,独立后缀与名称通道：其他常见选择（.co）；通用词典完整分词；固定哈希次序第16名，组实际配额600。未要求命中行业词根；名称线索不是意义或机会确认。,未核实
trustkey.me,2026-09-15,其他常见选择,页面内容不足,未同时达到正文160字符且（description≥40字符或非通用H1≥8字符）,,not_checked,https://trustkey.me/,,,,独立后缀与名称通道：其他常见选择（.me）；通用词典完整分词；固定哈希次序第17名，组实际配额600。未要求命中行业词根；名称线索不是意义或机会确认。,未核实
infoprint.co,2026-09-19,其他常见选择,页面内容不足,未同时达到正文160字符且（description≥40字符或非通用H1≥8字符）,,not_checked,https://infoprint.co/,,,,独立后缀与名称通道：其他常见选择（.co）；可读字符形态探索；固定哈希次序第18名，组实际配额600。未要求命中行业词根；名称线索不是意义或机会确认。,未核实
krkintelectus.co,2026-08-29,其他常见选择,未取得可用页面,当前未取得可用HTTPS页面：network_error,,not_checked,https://krkintelectus.co/,,,,独立后缀与名称通道：其他常见选择（.co）；可读字符形态探索；固定哈希次序第19名，组实际配额600。未要求命中行业词根；名称线索不是意义或机会确认。,未核实
pelorica.me,2026-09-15,其他常见选择,未取得可用页面,当前未取得可用HTTPS页面：network_error,,not_checked,https://pelorica.me/,,,,独立后缀与名称通道：其他常见选择（.me）；可读字符形态探索；固定哈希次序第20名，组实际配额600。未要求命中行业词根；名称线索不是意义或机会确认。,未核实
royalbet-yenilendik.me,2026-09-08,其他常见选择,未取得可用页面,当前未取得可用HTTPS页面：network_error,,not_checked,https://royalbet-yenilendik.me/,,,,独立后缀与名称通道：其他常见选择（.me）；可读字符形态探索；固定哈希次序第21名，组实际配额600。未要求命中行业词根；名称线索不是意义或机会确认。,未核实
by3qh9q.cc,2026-09-22,其他常见选择,未取得可用页面,当前未取得可用HTTPS页面：network_error,,not_checked,https://by3qh9q.cc/,,,,独立后缀与名称通道：其他常见选择（.cc）；少量数字名称探索；固定哈希次序第22名，组实际配额600。未要求命中行业词根；名称线索不是意义或机会确认。,未核实
eb2b.co,2026-08-31,其他常见选择,未取得可用页面,当前未取得可用HTTPS页面：network_error,,not_checked,https://eb2b.co/,,,,独立后缀与名称通道：其他常见选择（.co）；少量数字名称探索；固定哈希次序第23名，组实际配额600。未要求命中行业词根；名称线索不是意义或机会确认。,未核实
suppourt.me,2026-09-05,其他常见选择,未取得可用页面,当前未取得可用HTTPS页面：network_error,,not_checked,http://ww38.suppourt.me/,,,,独立后缀与名称通道：其他常见选择（.me）；可读字符形态探索；固定哈希次序第24名，组实际配额600。未要求命中行业词根；名称线索不是意义或机会确认。,未核实
隔离记录-3378f6fd010b,2026-09-21,其他常见选择,近期注册且有内容,本轮暂跳过成人与博彩内容；此项不改变页面是否存在的事实判定。,2026-09-16T04:01:15Z,verified_recent,,已移出本轮研究范围,,,名称与原文不在公开工作台展示；抽样位置保留于本地审计。,未核实
aenijma.co,2026-09-06,其他常见选择,未取得可用页面,当前未取得可用HTTPS页面：http_error,,not_checked,https://aenijma.co/,,,,独立后缀与名称通道：其他常见选择（.co）；可读字符形态探索；固定哈希次序第26名，组实际配额600。未要求命中行业词根；名称线索不是意义或机会确认。,未核实
gleidsonlopes.me,2026-09-07,其他常见选择,未取得可用页面,当前未取得可用HTTPS页面：http_error,,not_checked,https://gleidsonlopes.me/,,,,独立后缀与名称通道：其他常见选择（.me）；可读字符形态探索；固定哈希次序第27名，组实际配额600。未要求命中行业词根；名称线索不是意义或机会确认。,未核实
massar-eg.co,2026-09-04,其他常见选择,页面内容不足,未同时达到正文160字符且（description≥40字符或非通用H1≥8字符）,,not_checked,https://massar-eg.co/,Massar — Move. Ship. Reach.,"Massar Warehousing & Logistics — first-mile, warehousing, fulfillment and last-mile delivery for businesses across Egypt, run on one platform with live tracking, inventory and financial visibility. Every order has a path — لكل أوردر مسار.",,独立后缀与名称通道：其他常见选择（.co）；可读字符形态探索；固定哈希次序第28名，组实际配额600。未要求命中行业词根；名称线索不是意义或机会确认。,未核实
隔离记录-6079629ab389,2026-09-14,其他常见选择,注册时间未核实,公开展示暂隔离，原始技术判定保留。,,unknown,,已移出本轮研究范围,,,名称与原文不在公开工作台展示；抽样位置保留于本地审计。,未核实
papashipinw2.cc,2026-09-13,其他常见选择,未取得可用页面,当前未取得可用HTTPS页面：too_large,,not_checked,https://papashipinw2.cc/,,,,独立后缀与名称通道：其他常见选择（.cc）；少量数字名称探索；固定哈希次序第30名，组实际配额600。未要求命中行业词根；名称线索不是意义或机会确认。,未核实
muguasp.ec.cc,2026-08-28,其他常见选择,注册时间未核实,页面有内容，但RDAP未取得有效且位于窗口内的registration事件,,unknown,https://muguasp.ec.cc/,木瓜视频_热门影视剧集_高清综艺动漫在线看 | 2026推荐,木瓜视频汇集海量热门电影、电视剧、综艺、动漫，高清正版资源每日更新。智能推荐系统精准匹配你的喜好，一键搜索心仪好片。即刻下载木瓜视频，开启你的私人沉浸式观影之旅。,关于木瓜视频,独立后缀与名称通道：其他常见选择（.cc）；可读字符形态探索；固定哈希次序第31名，组实际配额600。未要求命中行业词根；名称线索不是意义或机会确认。,未核实
隔离记录-d7f44ac663cb,2026-09-25,其他常见选择,页面内容不足,公开展示暂隔离，原始技术判定保留。,,not_checked,,已移出本轮研究范围,,,名称与原文不在公开工作台展示；抽样位置保留于本地审计。,未核实
70milimetros.com.co,2026-09-12,其他常见选择,未取得可用页面,当前未取得可用HTTPS页面：http_error,,not_checked,https://70milimetros.com.co/,,,,独立后缀与名称通道：其他常见选择（.co）；少量数字名称探索；固定哈希次序第33名，组实际配额600。未要求命中行业词根；名称线索不是意义或机会确认。,未核实
nextshiftnurses.co,2026-09-04,其他常见选择,注册时间未核实,页面有内容，但RDAP未取得有效且位于窗口内的registration事件,,unknown,https://nextshiftnurses.co/,nextshiftnurses.co,,Launching Soon;Launching Soon,独立后缀与名称通道：其他常见选择（.co）；可读字符形态探索；固定哈希次序第34名，组实际配额600。未要求命中行业词根；名称线索不是意义或机会确认。,未核实
myqualprofeedback.co,2026-08-31,其他常见选择,注册时间未核实,页面有内容，但RDAP未取得有效且位于窗口内的registration事件,,unknown,https://myqualprofeedback.co/,Security check,,Confirm you are human,独立后缀与名称通道：其他常见选择（.co）；可读字符形态探索；固定哈希次序第35名，组实际配额600。未要求命中行业词根；名称线索不是意义或机会确认。,未核实
chiwangg.cc,2026-08-28,其他常见选择,注册超过30天,RDAP registration 早于固定30天窗口,2026-08-25T03:34:26Z,verified_old,https://chiwangg.cc/,CHIWANG สล็อตเว็บตรงค่ายใหญ่ รวมเกมดังแตกหนัก ถอนเงินได้จริง,CHIWANG สล็อตเว็บตรงค่ายใหญ่ รวมเกมดังแตกหนักระดับโลก แจ็กพอตแจกบ่อย โปรโมชั่นจัดเต็ม มั่นใจทุกการเดิมพันด้วยระบบปลอดภัย ถอนเงินได้จริง สายปั่นห้ามพลาด,CHIWANG สล็อตเว็บตรงค่ายใหญ่ รวมเกมดังแตกหนัก ถอนเงินได้จริง,独立后缀与名称通道：其他常见选择（.cc）；可读字符形态探索；固定哈希次序第36名，组实际配额600。未要求命中行业词根；名称线索不是意义或机会确认。,未核实
citizenhome.co,2026-08-31,其他常见选择,未取得可用页面,当前未取得可用HTTPS页面：http_error,,not_checked,https://citizenhome.co/,,,,独立后缀与名称通道：其他常见选择（.co）；通用词典完整分词；固定哈希次序第37名，组实际配额600。未要求命中行业词根；名称线索不是意义或机会确认。,未核实
fanclubevents.co,2026-08-28,其他常见选择,页面内容不足,未同时达到正文160字符且（description≥40字符或非通用H1≥8字符）,,not_checked,https://fanclubevents.co/,FAN Club Lifestyle Events - FAN Club Lifestyle Events,FAN Club Lifestyle Events,,独立后缀与名称通道：其他常见选择（.co）；可读字符形态探索；固定哈希次序第38名，组实际配额600。未要求命中行业词根；名称线索不是意义或机会确认。,未核实
8hth.cc,2026-09-19,其他常见选择,未取得可用页面,当前未取得可用HTTPS页面：http_error,,not_checked,https://8hth.cc/,,,,独立后缀与名称通道：其他常见选择（.cc）；少量数字名称探索；固定哈希次序第39名，组实际配额600。未要求命中行业词根；名称线索不是意义或机会确认。,未核实
eventraa.co,2026-09-01,其他常见选择,页面内容不足,未同时达到正文160字符且（description≥40字符或非通用H1≥8字符）,,not_checked,https://eventraa.co/,Eventraa - ads!digital,,,独立后缀与名称通道：其他常见选择（.co）；可读字符形态探索；固定哈希次序第40名，组实际配额600。未要求命中行业词根；名称线索不是意义或机会确认。,未核实
northstarpower.co,2026-09-06,其他常见选择,页面内容不足,未同时达到正文160字符且（description≥40字符或非通用H1≥8字符）,,not_checked,https://northstarpower.co/,,,,独立后缀与名称通道：其他常见选择（.co）；通用词典完整分词；固定哈希次序第41名，组实际配额600。未要求命中行业词根；名称线索不是意义或机会确认。,未核实
隔离记录-a91368a4f255,2026-09-10,其他常见选择,近期注册且有内容,本轮暂跳过成人与博彩内容；此项不改变页面是否存在的事实判定。,2026-09-06T12:33:54Z,verified_recent,,已移出本轮研究范围,,,名称与原文不在公开工作台展示；抽样位置保留于本地审计。,未核实
nubelia.co,2026-09-19,其他常见选择,页面内容不足,未同时达到正文160字符且（description≥40字符或非通用H1≥8字符）,,not_checked,https://nubelia.co/,,,,独立后缀与名称通道：其他常见选择（.co）；通用词典完整分词；固定哈希次序第43名，组实际配额600。未要求命中行业词根；名称线索不是意义或机会确认。,未核实
vcnv.eu.cc,2026-09-06,其他常见选择,未取得可用页面,当前未取得可用HTTPS页面：network_error,,not_checked,https://vcnv.eu.cc/,,,,独立后缀与名称通道：其他常见选择（.cc）；短缩写探索；固定哈希次序第44名，组实际配额600。未要求命中行业词根；名称线索不是意义或机会确认。,未核实
n2a.cc,2026-09-19,其他常见选择,未取得可用页面,当前未取得可用HTTPS页面：network_error,,not_checked,https://n2a.cc/,,,,独立后缀与名称通道：其他常见选择（.cc）；少量数字名称探索；固定哈希次序第45名，组实际配额600。未要求命中行业词根；名称线索不是意义或机会确认。,未核实
dougal.tv,2026-08-31,其他常见选择,页面内容不足,未同时达到正文160字符且（description≥40字符或非通用H1≥8字符）,,not_checked,https://dougal.tv/web/,Jellyfin,,,独立后缀与名称通道：其他常见选择（.tv）；可读字符形态探索；固定哈希次序第46名，组实际配额600。未要求命中行业词根；名称线索不是意义或机会确认。,未核实
rankzerogeoagency.co,2026-09-13,其他常见选择,未取得可用页面,当前未取得可用HTTPS页面：network_error,,not_checked,https://rankzerogeoagency.co/,,,,独立后缀与名称通道：其他常见选择（.co）；通用词典完整分词；固定哈希次序第47名，组实际配额600。未要求命中行业词根；名称线索不是意义或机会确认。,未核实
contentconverter.me,2026-09-03,其他常见选择,注册时间未核实,页面有内容，但RDAP未取得有效且位于窗口内的registration事件,,unknown,https://www.contentconverter.me/,ContentConverter — Video to MP4 Downloader,"Download videos from Instagram, Facebook, TikTok, X and YouTube as MP4 files. Free, fast, no watermark.",Instagram Video Downloader,独立后缀与名称通道：其他常见选择（.me）；通用词典完整分词；固定哈希次序第48名，组实际配额600。未要求命中行业词根；名称线索不是意义或机会确认。,未核实
petit-seikei.cc,2026-09-05,其他常见选择,未取得可用页面,当前未取得可用HTTPS页面：network_error,,not_checked,https://4f6ok9.top/,,,,独立后缀与名称通道：其他常见选择（.cc）；可读字符形态探索；固定哈希次序第49名，组实际配额600。未要求命中行业词根；名称线索不是意义或机会确认。,未核实
itart.me,2026-09-19,其他常见选择,页面内容不足,未同时达到正文160字符且（description≥40字符或非通用H1≥8字符）,,not_checked,https://itart.me/,,,,独立后缀与名称通道：其他常见选择（.me）；短缩写探索；固定哈希次序第50名，组实际配额600。未要求命中行业词根；名称线索不是意义或机会确认。,未核实
legacyandlight.cc,2026-09-18,其他常见选择,未取得可用页面,当前未取得可用HTTPS页面：network_error,,not_checked,https://legacyandlight.cc/,,,,独立后缀与名称通道：其他常见选择（.cc）；通用词典完整分词；固定哈希次序第51名，组实际配额600。未要求命中行业词根；名称线索不是意义或机会确认。,未核实
bhambhani.co,2026-08-30,其他常见选择,注册时间未核实,页面有内容，但RDAP未取得有效且位于窗口内的registration事件,,unknown,https://bhambhani.co/,"Bhambhani & Co. — one exceptional design, rebuilt every week","Bhambhani & Co. rebuilds one exceptional design every week, then ships the template, the prompts, and the process notes behind it. Studio notes from a design practice, published in public.","A creative technology studio, run in public.",独立后缀与名称通道：其他常见选择（.co）；可读字符形态探索；固定哈希次序第52名，组实际配额600。未要求命中行业词根；名称线索不是意义或机会确认。,未核实
ahmcyhwzx.cc,2026-09-21,其他常见选择,未取得可用页面,当前未取得可用HTTPS页面：network_error,,not_checked,https://ahmcyhwzx.cc/,,,,独立后缀与名称通道：其他常见选择（.cc）；可读字符形态探索；固定哈希次序第53名，组实际配额600。未要求命中行业词根；名称线索不是意义或机会确认。,未核实
hrxd.cc,2026-09-09,其他常见选择,页面内容不足,未同时达到正文160字符且（description≥40字符或非通用H1≥8字符）,,not_checked,https://hrxd.cc/,New API,Unified AI API gateway and admin dashboard.,,独立后缀与名称通道：其他常见选择（.cc）；短缩写探索；固定哈希次序第54名，组实际配额600。未要求命中行业词根；名称线索不是意义或机会确认。,未核实
tkdt.eu.cc,2026-09-03,其他常见选择,未取得可用页面,当前未取得可用HTTPS页面：network_error,,not_checked,https://tkdt.eu.cc/,,,,独立后缀与名称通道：其他常见选择（.cc）；短缩写探索；固定哈希次序第55名，组实际配额600。未要求命中行业词根；名称线索不是意义或机会确认。,未核实
onyxjoinhq.co,2026-09-04,其他常见选择,未取得可用页面,当前未取得可用HTTPS页面：network_error,,not_checked,https://onyxjoinhq.co/,,,,独立后缀与名称通道：其他常见选择（.co）；可读字符形态探索；固定哈希次序第56名，组实际配额600。未要求命中行业词根；名称线索不是意义或机会确认。,未核实
foodcard.co,2026-09-05,其他常见选择,页面内容不足,未同时达到正文160字符且（description≥40字符或非通用H1≥8字符）,,not_checked,https://foodcard.co/,,,,独立后缀与名称通道：其他常见选择（.co）；通用词典完整分词；固定哈希次序第57名，组实际配额600。未要求命中行业词根；名称线索不是意义或机会确认。,未核实
jdconsultancy.cc,2026-09-03,其他常见选择,未取得可用页面,当前未取得可用HTTPS页面：network_error,,not_checked,http://ww38.jdconsultancy.cc/,,,,独立后缀与名称通道：其他常见选择（.cc）；可读字符形态探索；固定哈希次序第58名，组实际配额600。未要求命中行业词根；名称线索不是意义或机会确认。,未核实
cuulah.co,2026-09-04,其他常见选择,页面内容不足,未同时达到正文160字符且（description≥40字符或非通用H1≥8字符）,,not_checked,https://cuulah.co/,,,,独立后缀与名称通道：其他常见选择（.co）；可读字符形态探索；固定哈希次序第59名，组实际配额600。未要求命中行业词根；名称线索不是意义或机会确认。,未核实
workwell.cc,2026-09-05,其他常见选择,未取得可用页面,当前未取得可用HTTPS页面：network_error,,not_checked,https://workwell.cc/,,,,独立后缀与名称通道：其他常见选择（.cc）；通用词典完整分词；固定哈希次序第60名，组实际配额600。未要求命中行业词根；名称线索不是意义或机会确认。,未核实
rtip79.co,2026-09-24,其他常见选择,页面内容不足,未同时达到正文160字符且（description≥40字符或非通用H1≥8字符）,,not_checked,https://xn--trp80-n3a.co/,TripScan | ТрипСкан,"Все маркетплейсы собраны в одном месте. ТрипСкан позволяет не тратить время на поиск подходящего товара на разных сайтах. Все товары, рейтинги и отзывы собраны на одном сайте. Никаких криптовалют, только рубли. TripScan — это современно и удобно.",,独立后缀与名称通道：其他常见选择（.co）；少量数字名称探索；固定哈希次序第61名，组实际配额600。未要求命中行业词根；名称线索不是意义或机会确认。,未核实
toplus.eu.cc,2026-08-31,其他常见选择,注册时间未核实,页面有内容，但RDAP未取得有效且位于窗口内的registration事件,,unknown,https://toplus.eu.cc/,TOPlus · 结构拓扑优化与有限元分析一体化仿真平台,TOPlus 由艾普工华科技（武汉）有限公司携手华中科技大学完全自主研发，拥有 100% 自主知识产权，是覆盖几何建模、网格划分、物理前处理、变密度/水平集拓扑优化、增材制造工艺约束与三维交互后处理全流程的工业级结构仿真一体化平台。,结构拓扑优化 · 有限元分析 一体化工业仿真平台,独立后缀与名称通道：其他常见选择（.cc）；可读字符形态探索；固定哈希次序第62名，组实际配额600。未要求命中行业词根；名称线索不是意义或机会确认。,未核实
隔离记录-e032e94bcc93,2026-09-05,其他常见选择,注册时间未核实,公开展示暂隔离，原始技术判定保留。,,unknown,,已移出本轮研究范围,,,名称与原文不在公开工作台展示；抽样位置保留于本地审计。,未核实
hazelmortgage.co,2026-09-21,其他常见选择,未取得可用页面,当前未取得可用HTTPS页面：too_large,,not_checked,https://www.hazelmortgage.com/,,,,独立后缀与名称通道：其他常见选择（.co）；通用词典完整分词；固定哈希次序第64名，组实际配额600。未要求命中行业词根；名称线索不是意义或机会确认。,未核实
oomg.me,2026-09-05,其他常见选择,未取得可用页面,当前未取得可用HTTPS页面：network_error,,not_checked,http://ww38.oomg.me/,,,,独立后缀与名称通道：其他常见选择（.me）；短缩写探索；固定哈希次序第65名，组实际配额600。未要求命中行业词根；名称线索不是意义或机会确认。,未核实
tycvipmohlw.cc,2026-09-04,其他常见选择,未取得可用页面,当前未取得可用HTTPS页面：network_error,,not_checked,https://tycvipmohlw.cc/,,,,独立后缀与名称通道：其他常见选择（.cc）；可读字符形态探索；固定哈希次序第66名，组实际配额600。未要求命中行业词根；名称线索不是意义或机会确认。,未核实
nutbr.me,2026-08-28,其他常见选择,未取得可用页面,当前未取得可用HTTPS页面：network_error,,not_checked,https://nutbr.me/,,,,独立后缀与名称通道：其他常见选择（.me）；短缩写探索；固定哈希次序第67名，组实际配额600。未要求命中行业词根；名称线索不是意义或机会确认。,未核实
gettappr.co,2026-09-03,其他常见选择,注册时间未核实,页面有内容，但RDAP未取得有效且位于窗口内的registration事件,,unknown,https://www.gettappr.co/,Tappr — Scan. Pay. Go.,Payments made simple. Join the Tappr waitlist for zero-hardware contactless payments.,Scan. Pay. Go.,独立后缀与名称通道：其他常见选择（.co）；可读字符形态探索；固定哈希次序第68名，组实际配额600。未要求命中行业词根；名称线索不是意义或机会确认。,未核实
nercen.co,2026-09-04,其他常见选择,页面内容不足,未同时达到正文160字符且（description≥40字符或非通用H1≥8字符）,,not_checked,https://nercen.co/,,,,独立后缀与名称通道：其他常见选择（.co）；可读字符形态探索；固定哈希次序第69名，组实际配额600。未要求命中行业词根；名称线索不是意义或机会确认。,未核实
whygrowthmarket.co,2026-09-08,其他常见选择,注册时间未核实,页面有内容，但RDAP未取得有效且位于窗口内的registration事件,,unknown,https://salesx.com/,Google Ads Agency for $50k–$500k/Mo Advertisers | SalesX,5-time U.S. Search Awards winner. SalesX is a Google Premier Partner running high-scale Google Ads for enterprise advertisers spending $50k–$500k+ per month.,Google Ads management for $50k–$500k/month advertisers.,独立后缀与名称通道：其他常见选择（.co）；通用词典完整分词；固定哈希次序第70名，组实际配额600。未要求命中行业词根；名称线索不是意义或机会确认。,未核实
anuna.me,2026-09-16,其他常见选择,页面内容不足,未同时达到正文160字符且（description≥40字符或非通用H1≥8字符）,,not_checked,https://anuna.me/,,,,独立后缀与名称通道：其他常见选择（.me）；短缩写探索；固定哈希次序第71名，组实际配额600。未要求命中行业词根；名称线索不是意义或机会确认。,未核实
mentos46.co,2026-09-09,其他常见选择,注册时间未核实,页面有内容，但RDAP未取得有效且位于窗口内的registration事件,,unknown,https://mentos46.co/,MENTOS46 | Informasi Teknologi Internet dan Hiburan Digital,"MENTOS46 menyajikan informasi teknologi internet, perkembangan komunitas digital, serta berbagai inovasi hiburan online terkini secara lengkap.",MENTOS46 | Informasi Teknologi Internet dan Hiburan Digital,独立后缀与名称通道：其他常见选择（.co）；少量数字名称探索；固定哈希次序第72名，组实际配额600。未要求命中行业词根；名称线索不是意义或机会确认。,未核实
chaospioneer.eu.cc,2026-08-29,其他常见选择,未取得可用页面,当前未取得可用HTTPS页面：network_error,,not_checked,https://chaospioneer.eu.cc/,,,,独立后缀与名称通道：其他常见选择（.cc）；通用词典完整分词；固定哈希次序第73名，组实际配额600。未要求命中行业词根；名称线索不是意义或机会确认。,未核实
treckef.cc,2026-09-18,其他常见选择,未取得可用页面,当前未取得可用HTTPS页面：network_error,,not_checked,https://treckef.cc/,,,,独立后缀与名称通道：其他常见选择（.cc）；可读字符形态探索；固定哈希次序第74名，组实际配额600。未要求命中行业词根；名称线索不是意义或机会确认。,未核实
karkare.me,2026-09-01,其他常见选择,页面内容不足,未同时达到正文160字符且（description≥40字符或非通用H1≥8字符）,,not_checked,https://karkare.me/,,,,独立后缀与名称通道：其他常见选择（.me）；可读字符形态探索；固定哈希次序第75名，组实际配额600。未要求命中行业词根；名称线索不是意义或机会确认。,未核实
diohbl.cc,2026-09-18,其他常见选择,未取得可用页面,当前未取得可用HTTPS页面：http_error,,not_checked,https://diohbl.cc/,,,,独立后缀与名称通道：其他常见选择（.cc）；可读字符形态探索；固定哈希次序第76名，组实际配额600。未要求命中行业词根；名称线索不是意义或机会确认。,未核实
connectspecter.co,2026-09-15,其他常见选择,注册时间未核实,页面有内容，但RDAP未取得有效且位于窗口内的registration事件,,unknown,https://www.tryspecter.ai/,Specter AI: litigation intelligence for plaintiff and mass tort firms,"Specter builds four systems for plaintiff and mass tort firms: AI answer visibility, AI call intake, medical record review and case scoring, and emerging tort docket signals across 40+ jurisdictions.",K n o w e v e r y c a s e . M i s s n o t h i n g .,独立后缀与名称通道：其他常见选择（.co）；通用词典完整分词；固定哈希次序第77名，组实际配额600。未要求命中行业词根；名称线索不是意义或机会确认。,未核实
capabilityhub.co,2026-09-21,其他常见选择,未取得可用页面,当前未取得可用HTTPS页面：too_large,,not_checked,https://capabilityhub.co/,,,,独立后缀与名称通道：其他常见选择（.co）；通用词典完整分词；固定哈希次序第78名，组实际配额600。未要求命中行业词根；名称线索不是意义或机会确认。,未核实
sbud48ipmg.cc,2026-09-23,其他常见选择,未取得可用页面,当前未取得可用HTTPS页面：network_error,,not_checked,https://sbud48ipmg.cc/,,,,独立后缀与名称通道：其他常见选择（.cc）；少量数字名称探索；固定哈希次序第79名，组实际配额600。未要求命中行业词根；名称线索不是意义或机会确认。,未核实
隔离记录-96d7b41920a1,2026-09-19,其他常见选择,近期注册且有内容,本轮暂跳过成人与博彩内容；此项不改变页面是否存在的事实判定。,2026-09-16T08:36:44Z,verified_recent,,已移出本轮研究范围,,,名称与原文不在公开工作台展示；抽样位置保留于本地审计。,未核实
tauras.co,2026-09-19,其他常见选择,页面内容不足,未同时达到正文160字符且（description≥40字符或非通用H1≥8字符）,,not_checked,https://tauras.co/,,,,独立后缀与名称通道：其他常见选择（.co）；通用词典完整分词；固定哈希次序第81名，组实际配额600。未要求命中行业词根；名称线索不是意义或机会确认。,未核实
doravi.cc,2026-09-18,其他常见选择,页面内容不足,AI内容复核：多个业绩区块保留可替换说明，客户评价仍是请替换成真实评价的模板文字，按未完成的营销模板处理。 原文：Votre témoignage ici — remplacez cela par un avis client réel.;自动初判：RDAP registration 位于近30天窗口；当前HTTPS页面通过实质内容规则,2026-09-15T11:49:57Z,verified_recent,https://doravi.cc/,doravi,,Renforcez votre visibilité dans l’immobilier,独立后缀与名称通道：其他常见选择（.cc）；可读字符形态探索；固定哈希次序第82名，组实际配额600。未要求命中行业词根；名称线索不是意义或机会确认。,未核实
alireza-goldoust.me,2026-09-10,其他常见选择,注册时间未核实,页面有内容，但RDAP未取得有效且位于窗口内的registration事件,,unknown,https://alireza-goldoust.me/,"Alireza Goldoust — Web developer, specialised in the back end","I build web products and lead tech teams — the APIs, the data models, and the third-party integrations.",Alireza Goldoust,独立后缀与名称通道：其他常见选择（.me）；可读字符形态探索；固定哈希次序第83名，组实际配额600。未要求命中行业词根；名称线索不是意义或机会确认。,未核实
lbdjh.cc,2026-09-24,其他常见选择,页面内容不足,未同时达到正文160字符且（description≥40字符或非通用H1≥8字符）,,not_checked,https://lbdjh.cc/,Loading...,,豆趣,独立后缀与名称通道：其他常见选择（.cc）；短缩写探索；固定哈希次序第84名，组实际配额600。未要求命中行业词根；名称线索不是意义或机会确认。,未核实
theascent.me,2026-09-18,其他常见选择,页面内容不足,未同时达到正文160字符且（description≥40字符或非通用H1≥8字符）,,not_checked,https://theascent.me/,,,,独立后缀与名称通道：其他常见选择（.me）；通用词典完整分词；固定哈希次序第85名，组实际配额600。未要求命中行业词根；名称线索不是意义或机会确认。,未核实
cwob1a.cc,2026-08-27,其他常见选择,页面内容不足,未同时达到正文160字符且（description≥40字符或非通用H1≥8字符）,,not_checked,https://153.43.180.72/normal/?cid=5481433,,,,独立后缀与名称通道：其他常见选择（.cc）；少量数字名称探索；固定哈希次序第86名，组实际配额600。未要求命中行业词根；名称线索不是意义或机会确认。,未核实
billingservice.co,2026-09-04,其他常见选择,页面内容不足,未同时达到正文160字符且（description≥40字符或非通用H1≥8字符）,,not_checked,https://billingservice.co/,,,,独立后缀与名称通道：其他常见选择（.co）；通用词典完整分词；固定哈希次序第87名，组实际配额600。未要求命中行业词根；名称线索不是意义或机会确认。,未核实
mrlighting.co,2026-08-28,其他常见选择,未取得可用页面,当前未取得可用HTTPS页面：too_large,,not_checked,https://mrlighting.co/,,,,独立后缀与名称通道：其他常见选择（.co）；可读字符形态探索；固定哈希次序第88名，组实际配额600。未要求命中行业词根；名称线索不是意义或机会确认。,未核实
隔离记录-e6400ac2f046,2026-09-18,其他常见选择,注册时间未核实,公开展示暂隔离，原始技术判定保留。,,unknown,,已移出本轮研究范围,,,名称与原文不在公开工作台展示；抽样位置保留于本地审计。,未核实
definet.co,2026-09-25,其他常见选择,页面内容不足,未同时达到正文160字符且（description≥40字符或非通用H1≥8字符）,,not_checked,https://definet.co/,,,,独立后缀与名称通道：其他常见选择（.co）；可读字符形态探索；固定哈希次序第90名，组实际配额600。未要求命中行业词根；名称线索不是意义或机会确认。,未核实
teenmodels.cc,2026-09-19,其他常见选择,未取得可用页面,当前未取得可用HTTPS页面：network_error,,not_checked,https://teenmodels.cc/,,,,独立后缀与名称通道：其他常见选择（.cc）；通用词典完整分词；固定哈希次序第91名，组实际配额600。未要求命中行业词根；名称线索不是意义或机会确认。,未核实
publicmania.co,2026-09-14,其他常见选择,未取得可用页面,当前未取得可用HTTPS页面：network_error,,not_checked,https://publicmania.co/,,,,独立后缀与名称通道：其他常见选择（.co）；通用词典完整分词；固定哈希次序第92名，组实际配额600。未要求命中行业词根；名称线索不是意义或机会确认。,未核实
pinhaoche.cc,2026-09-16,其他常见选择,近期注册且有内容,RDAP registration 位于近30天窗口；当前HTTPS页面通过实质内容规则,2026-09-13T14:36:51Z,verified_recent,https://pinhaoche.cc/,拼好车｜订阅车队撮合平台,真实车队、透明规则、独立席位。快速找到一起订阅的人。,先找到同路人， 再一起省下来。,独立后缀与名称通道：其他常见选择（.cc）；通用词典完整分词；固定哈希次序第93名，组实际配额600。未要求命中行业词根；名称线索不是意义或机会确认。,未核实
tiantiankanqiu-qq.cc,2026-09-10,其他常见选择,未取得可用页面,当前未取得可用HTTPS页面：http_error,,not_checked,https://tiantiankanqiu-qq.cc/,,,,独立后缀与名称通道：其他常见选择（.cc）；可读字符形态探索；固定哈希次序第94名，组实际配额600。未要求命中行业词根；名称线索不是意义或机会确认。,未核实
jufeng.me,2026-09-05,其他常见选择,页面内容不足,未同时达到正文160字符且（description≥40字符或非通用H1≥8字符）,,not_checked,https://jufeng.me/,聚蜂AI,,聚蜂AI,独立后缀与名称通道：其他常见选择（.me）；可读字符形态探索；固定哈希次序第95名，组实际配额600。未要求命中行业词根；名称线索不是意义或机会确认。,未核实
yoram.co,2026-09-21,其他常见选择,页面内容不足,未同时达到正文160字符且（description≥40字符或非通用H1≥8字符）,,not_checked,https://yoram.co/,,,,独立后缀与名称通道：其他常见选择（.co）；短缩写探索；固定哈希次序第96名，组实际配额600。未要求命中行业词根；名称线索不是意义或机会确认。,未核实
隔离记录-40ed8bd2948d,2026-09-19,其他常见选择,注册时间未核实,公开展示暂隔离，原始技术判定保留。,,unknown,,已移出本轮研究范围,,,名称与原文不在公开工作台展示；抽样位置保留于本地审计。,未核实
gomedical.co,2026-09-05,其他常见选择,页面内容不足,未同时达到正文160字符且（description≥40字符或非通用H1≥8字符）,,not_checked,https://gomedical.co/,,,,独立后缀与名称通道：其他常见选择（.co）；可读字符形态探索；固定哈希次序第98名，组实际配额600。未要求命中行业词根；名称线索不是意义或机会确认。,未核实
majestix.co,2026-09-21,其他常见选择,页面内容不足,未同时达到正文160字符且（description≥40字符或非通用H1≥8字符）,,not_checked,https://majestix.co/,,,,独立后缀与名称通道：其他常见选择（.co）；可读字符形态探索；固定哈希次序第99名，组实际配额600。未要求命中行业词根；名称线索不是意义或机会确认。,未核实
appley.gu.cc,2026-08-28,其他常见选择,未取得可用页面,当前未取得可用HTTPS页面：network_error,,not_checked,https://appley.gu.cc/,,,,独立后缀与名称通道：其他常见选择（.cc）；可读字符形态探索；固定哈希次序第100名，组实际配额600。未要求命中行业词根；名称线索不是意义或机会确认。,未核实
lygj22.cc,2026-09-02,其他常见选择,未取得可用页面,当前未取得可用HTTPS页面：network_error,,not_checked,https://lygj22.cc/,,,,独立后缀与名称通道：其他常见选择（.cc）；少量数字名称探索；固定哈希次序第101名，组实际配额600。未要求命中行业词根；名称线索不是意义或机会确认。,未核实
joinnumu.co,2026-09-08,其他常见选择,注册时间未核实,页面有内容，但RDAP未取得有效且位于窗口内的registration事件,,unknown,https://joinnumu.com/,Numu — The MENA Media & Creator Marketplace,"Browse +2000 verified MENA publishers & creators. Guest posts, press releases, sponsored articles & influencer campaigns across MENA & 18 Arab markets. Transparent pricing.",Discover the right media partner for your next campaign.,独立后缀与名称通道：其他常见选择（.co）；可读字符形态探索；固定哈希次序第102名，组实际配额600。未要求命中行业词根；名称线索不是意义或机会确认。,未核实
setyuefende.cc,2026-08-30,其他常见选择,未取得可用页面,当前未取得可用HTTPS页面：http_error,,not_checked,https://setyuefende.cc/,,,,独立后缀与名称通道：其他常见选择（.cc）；可读字符形态探索；固定哈希次序第103名，组实际配额600。未要求命中行业词根；名称线索不是意义或机会确认。,未核实
heyjiang.me,2026-08-30,其他常见选择,页面内容不足,未同时达到正文160字符且（description≥40字符或非通用H1≥8字符）,,not_checked,https://heyjiang.me/,heyjiang.me,何江的个人网站。他是赛博世界的蠕虫，喜欢装作自己在做正事，热衷于在马桶上写代码。,你偏爱的词 构成了你,独立后缀与名称通道：其他常见选择（.me）；可读字符形态探索；固定哈希次序第104名，组实际配额600。未要求命中行业词根；名称线索不是意义或机会确认。,未核实
easyaiforeveryday.co,2026-09-22,其他常见选择,未取得可用页面,当前未取得可用HTTPS页面：http_error,,not_checked,https://easyaiforeveryday.co/,,,,独立后缀与名称通道：其他常见选择（.co）；可读字符形态探索；固定哈希次序第105名，组实际配额600。未要求命中行业词根；名称线索不是意义或机会确认。,未核实
khadamatak.com.co,2026-09-08,其他常见选择,注册时间未核实,页面有内容，但RDAP未取得有效且位于窗口内的registration事件,,unknown,https://khadamatak.com.co/,خدماتك | تعقيب معاملات وتصاريح زواج وتجنيس,خدماتك لمتابعة معاملات التجنيس وتصاريح الزواج وخدمات التعقيب والزكاة والضريبة في السعودية. تواصل عبر واتساب لمراجعة طلبك وتوضيح الخطوات.,معاملتك لها طريق… ونحن نرتّبه معك خطوة بخطوة;خدماتك,独立后缀与名称通道：其他常见选择（.co）；可读字符形态探索；固定哈希次序第106名，组实际配额600。未要求命中行业词根；名称线索不是意义或机会确认。,未核实
vcollege.co,2026-09-18,其他常见选择,页面内容不足,未同时达到正文160字符且（description≥40字符或非通用H1≥8字符）,,not_checked,https://vcollege.co/,,,,独立后缀与名称通道：其他常见选择（.co）；可读字符形态探索；固定哈希次序第107名，组实际配额600。未要求命中行业词根；名称线索不是意义或机会确认。,未核实
beals-associates.co,2026-08-29,其他常见选择,未取得可用页面,当前未取得可用HTTPS页面：network_error,,not_checked,https://beals-associates.co/,,,,独立后缀与名称通道：其他常见选择（.co）；可读字符形态探索；固定哈希次序第108名，组实际配额600。未要求命中行业词根；名称线索不是意义或机会确认。,未核实
zphs.cc,2026-09-18,其他常见选择,未取得可用页面,当前未取得可用HTTPS页面：network_error,,not_checked,https://zphs.cc/,,,,独立后缀与名称通道：其他常见选择（.cc）；短缩写探索；固定哈希次序第109名，组实际配额600。未要求命中行业词根；名称线索不是意义或机会确认。,未核实
docker-io.eu.cc,2026-09-03,其他常见选择,未取得可用页面,当前未取得可用HTTPS页面：network_error,,not_checked,https://docker-io.eu.cc/,,,,独立后缀与名称通道：其他常见选择（.cc）；可读字符形态探索；固定哈希次序第110名，组实际配额600。未要求命中行业词根；名称线索不是意义或机会确认。,未核实
unionedit.co,2026-09-16,其他常见选择,未取得可用页面,当前未取得可用HTTPS页面：too_large,,not_checked,https://unionedit.co/,,,,独立后缀与名称通道：其他常见选择（.co）；通用词典完整分词；固定哈希次序第111名，组实际配额600。未要求命中行业词根；名称线索不是意义或机会确认。,未核实
nextpiece.co,2026-08-30,其他常见选择,注册时间未核实,页面有内容，但RDAP未取得有效且位于窗口内的registration事件,,unknown,https://nextpiece.co/,Fashion,Rediscover Fashion,Discover the latest trends and styles,独立后缀与名称通道：其他常见选择（.co）；通用词典完整分词；固定哈希次序第112名，组实际配额600。未要求命中行业词根；名称线索不是意义或机会确认。,未核实
aakqd.cc,2026-09-21,其他常见选择,未取得可用页面,响应不是可解析HTML,,not_checked,https://aakqd.cc/,,,,独立后缀与名称通道：其他常见选择（.cc）；短缩写探索；固定哈希次序第113名，组实际配额600。未要求命中行业词根；名称线索不是意义或机会确认。,未核实
realta.cc,2026-09-25,其他常见选择,近期注册且有内容,RDAP registration 位于近30天窗口；当前HTTPS页面通过实质内容规则,2026-09-22T07:26:02Z,verified_recent,https://realta.cc/en,"Realta — Before/after content and ad creative, made for medspas.","Before/after content and ad creative, made for medspas.","Turn 2 before/after photos into social content and ad creative , in one step.",独立后缀与名称通道：其他常见选择（.cc）；可读字符形态探索；固定哈希次序第114名，组实际配额600。未要求命中行业词根；名称线索不是意义或机会确认。,未核实
winplace.cc,2026-09-15,其他常见选择,页面内容不足,未同时达到正文160字符且（description≥40字符或非通用H1≥8字符）,,not_checked,https://winplace.cc/,WIN PLACE arrow-left magnify dots-vertical information-outline arrow-right information-outline information-outline arrow-right dots-vertical dots-vertical dots-vertical dots-vertical dots-vertical dots-vertical dots-vertical dots-vertical dots-vertical chevron-down,WIN PLACE LTD.,,独立后缀与名称通道：其他常见选择（.cc）；通用词典完整分词；固定哈希次序第115名，组实际配额600。未要求命中行业词根；名称线索不是意义或机会确认。,未核实
yayashop.co,2026-09-21,其他常见选择,未取得可用页面,当前未取得可用HTTPS页面：network_error,,not_checked,https://yayashop.co/,,,,独立后缀与名称通道：其他常见选择（.co）；通用词典完整分词；固定哈希次序第116名，组实际配额600。未要求命中行业词根；名称线索不是意义或机会确认。,未核实
alvagreen.co,2026-09-05,其他常见选择,未取得可用页面,当前未取得可用HTTPS页面：redirect_error,,not_checked,https://tahaserver.co/,,,,独立后缀与名称通道：其他常见选择（.co）；可读字符形态探索；固定哈希次序第117名，组实际配额600。未要求命中行业词根；名称线索不是意义或机会确认。,未核实
jcfqi.cc,2026-09-24,其他常见选择,未取得可用页面,当前未取得可用HTTPS页面：network_error,,not_checked,https://jcfqi.cc/,,,,独立后缀与名称通道：其他常见选择（.cc）；短缩写探索；固定哈希次序第118名，组实际配额600。未要求命中行业词根；名称线索不是意义或机会确认。,未核实
hhoiwdfor.cc,2026-09-13,其他常见选择,未取得可用页面,当前未取得可用HTTPS页面：network_error,,not_checked,https://hhoiwdfor.cc/,,,,独立后缀与名称通道：其他常见选择（.cc）；可读字符形态探索；固定哈希次序第119名，组实际配额600。未要求命中行业词根；名称线索不是意义或机会确认。,未核实
connectlangchainusa.co,2026-09-20,其他常见选择,未取得可用页面,当前未取得可用HTTPS页面：network_error,,not_checked,https://connectlangchainusa.co/,,,,独立后缀与名称通道：其他常见选择（.co）；可读字符形态探索；固定哈希次序第120名，组实际配额600。未要求命中行业词根；名称线索不是意义或机会确认。,未核实
lucyluthra.co,2026-08-31,其他常见选择,未取得可用页面,当前未取得可用HTTPS页面：network_error,,not_checked,https://lucyluthra.co/,,,,独立后缀与名称通道：其他常见选择（.co）；可读字符形态探索；固定哈希次序第121名，组实际配额600。未要求命中行业词根；名称线索不是意义或机会确认。,未核实
隔离记录-c1332eba1c52,2026-09-14,其他常见选择,近期注册且有内容,本轮暂跳过成人与博彩内容；此项不改变页面是否存在的事实判定。,2026-09-09T09:04:19Z,verified_recent,,已移出本轮研究范围,,,名称与原文不在公开工作台展示；抽样位置保留于本地审计。,未核实
momeo.cc,2026-09-25,其他常见选择,近期注册且有内容,RDAP registration 位于近30天窗口；当前HTTPS页面通过实质内容规则,2026-09-08T23:24:41Z,verified_recent,https://momeo.cc/,"momeo — Photographies, albums et souvenirs","Créez vos albums photo, organisez vos souvenirs et partagez-les dans une galerie ou un diaporama élégant, public ou privé.",,独立后缀与名称通道：其他常见选择（.cc）；短缩写探索；固定哈希次序第123名，组实际配额600。未要求命中行业词根；名称线索不是意义或机会确认。,未核实
shizitou.cc,2026-09-05,其他常见选择,页面内容不足,未同时达到正文160字符且（description≥40字符或非通用H1≥8字符）,,not_checked,https://shizitou.cc/,LionHead · 用户中心,狮子头网络加速器用户中心,,独立后缀与名称通道：其他常见选择（.cc）；可读字符形态探索；固定哈希次序第124名，组实际配额600。未要求命中行业词根；名称线索不是意义或机会确认。,未核实
purolatorok.eu.cc,2026-09-24,其他常见选择,未取得可用页面,当前未取得可用HTTPS页面：network_error,,not_checked,https://purolatorok.eu.cc/,,,,独立后缀与名称通道：其他常见选择（.cc）；可读字符形态探索；固定哈希次序第125名，组实际配额600。未要求命中行业词根；名称线索不是意义或机会确认。,未核实
cindrbuilt.co,2026-08-27,其他常见选择,停放或未正式开放,标题/H1/description 或域名式标题对应的正文开头命中停放/未开放标记：under construction,,not_checked,https://cindrbuilt.co/,Coming Soon,,cindrbuilt.co,独立后缀与名称通道：其他常见选择（.co）；可读字符形态探索；固定哈希次序第126名，组实际配额600。未要求命中行业词根；名称线索不是意义或机会确认。,未核实
driftenoa.co,2026-09-21,其他常见选择,未取得可用页面,当前未取得可用HTTPS页面：network_error,,not_checked,https://driftenoa.co/,,,,独立后缀与名称通道：其他常见选择（.co）；可读字符形态探索；固定哈希次序第127名，组实际配额600。未要求命中行业词根；名称线索不是意义或机会确认。,未核实
exemplarlabs.co,2026-09-24,其他常见选择,页面内容不足,未同时达到正文160字符且（description≥40字符或非通用H1≥8字符）,,not_checked,https://exemplarlabs.co/,Exemplar Labs Co,FilmSlate.io Venuscan.io,,独立后缀与名称通道：其他常见选择（.co）；可读字符形态探索；固定哈希次序第128名，组实际配额600。未要求命中行业词根；名称线索不是意义或机会确认。,未核实
隔离记录-333ec9a20358,2026-09-15,其他常见选择,近期注册且有内容,本轮暂跳过成人与博彩内容；此项不改变页面是否存在的事实判定。,2026-09-11T04:21:42Z,verified_recent,,已移出本轮研究范围,,,名称与原文不在公开工作台展示；抽样位置保留于本地审计。,未核实
agift.me,2026-09-15,其他常见选择,页面内容不足,未同时达到正文160字符且（description≥40字符或非通用H1≥8字符）,,not_checked,https://agift.me/,,,,独立后缀与名称通道：其他常见选择（.me）；短缩写探索；固定哈希次序第130名，组实际配额600。未要求命中行业词根；名称线索不是意义或机会确认。,未核实
隔离记录-45305764cc5f,2026-09-09,其他常见选择,近期注册且有内容,本轮暂跳过成人与博彩内容；此项不改变页面是否存在的事实判定。,2026-09-04T04:09:01Z,verified_recent,,已移出本轮研究范围,,,名称与原文不在公开工作台展示；抽样位置保留于本地审计。,未核实
隔离记录-118c88eb5e42,2026-09-08,其他常见选择,近期注册且有内容,本轮暂跳过成人与博彩内容；此项不改变页面是否存在的事实判定。,2026-09-03T04:17:57Z,verified_recent,,已移出本轮研究范围,,,名称与原文不在公开工作台展示；抽样位置保留于本地审计。,未核实
隔离记录-b2642504ae5f,2026-09-01,其他常见选择,近期注册且有内容,本轮暂跳过成人与博彩内容；此项不改变页面是否存在的事实判定。,2026-08-29T02:30:44Z,verified_recent,,已移出本轮研究范围,,,名称与原文不在公开工作台展示；抽样位置保留于本地审计。,未核实
slootifly.cc,2026-09-12,其他常见选择,未取得可用页面,响应不是可解析HTML,,not_checked,https://slootifly.cc/,,,,独立后缀与名称通道：其他常见选择（.cc）；可读字符形态探索；固定哈希次序第134名，组实际配额600。未要求命中行业词根；名称线索不是意义或机会确认。,未核实
hah29.cc,2026-09-14,其他常见选择,未取得可用页面,当前未取得可用HTTPS页面：network_error,,not_checked,https://hah29.cc/,,,,独立后缀与名称通道：其他常见选择（.cc）；少量数字名称探索；固定哈希次序第135名，组实际配额600。未要求命中行业词根；名称线索不是意义或机会确认。,未核实
shyamenterprises.co,2026-09-05,其他常见选择,未取得可用页面,当前未取得可用HTTPS页面：http_error,,not_checked,https://shyamenterprises.co/,,,,独立后缀与名称通道：其他常见选择（.co）；可读字符形态探索；固定哈希次序第136名，组实际配额600。未要求命中行业词根；名称线索不是意义或机会确认。,未核实
隔离记录-eb52444d312e,2026-09-20,其他常见选择,注册时间未核实,公开展示暂隔离，原始技术判定保留。,,unknown,,已移出本轮研究范围,,,名称与原文不在公开工作台展示；抽样位置保留于本地审计。,未核实
organis.me,2026-09-05,其他常见选择,未取得可用页面,当前未取得可用HTTPS页面：network_error,,not_checked,https://organis.me/,,,,独立后缀与名称通道：其他常见选择（.me）；可读字符形态探索；固定哈希次序第138名，组实际配额600。未要求命中行业词根；名称线索不是意义或机会确认。,未核实
trunkhouse.co,2026-09-22,其他常见选择,未取得可用页面,当前未取得可用HTTPS页面：network_error,,not_checked,https://trunkhouse.co/,,,,独立后缀与名称通道：其他常见选择（.co）；通用词典完整分词；固定哈希次序第139名，组实际配额600。未要求命中行业词根；名称线索不是意义或机会确认。,未核实
web-km.cc,2026-09-20,其他常见选择,未取得可用页面,当前未取得可用HTTPS页面：network_error,,not_checked,https://web-km.cc/,,,,独立后缀与名称通道：其他常见选择（.cc）；可读字符形态探索；固定哈希次序第140名，组实际配额600。未要求命中行业词根；名称线索不是意义或机会确认。,未核实
thelastchannel.tv,2026-09-03,其他常见选择,页面内容不足,AI内容复核：保存正文停留在调谐、连接和载入状态，并说明首个章节首映后才会出现；未取得直播或影片内容。 原文：The first audience-directed chapter will appear here after its premiere.;自动初判：RDAP registration 位于近30天窗口；当前HTTPS页面通过实质内容规则,2026-08-31T04:47:28Z,verified_recent,https://thelastchannel.tv/,The Last Channel: You decide what airs next,One continuous film directed by its audience. Bid to direct the next scene and watch it premiere.,The Last Channel live broadcast,独立后缀与名称通道：其他常见选择（.tv）；通用词典完整分词；固定哈希次序第141名，组实际配额600。未要求命中行业词根；名称线索不是意义或机会确认。,未核实
gd9xb6f.cc,2026-09-22,其他常见选择,未取得可用页面,当前未取得可用HTTPS页面：network_error,,not_checked,https://gd9xb6f.cc/,,,,独立后缀与名称通道：其他常见选择（.cc）；少量数字名称探索；固定哈希次序第142名，组实际配额600。未要求命中行业词根；名称线索不是意义或机会确认。,未核实
performancepeak.co,2026-09-15,其他常见选择,页面内容不足,未同时达到正文160字符且（description≥40字符或非通用H1≥8字符）,,not_checked,https://performancepeak.co/,,,,独立后缀与名称通道：其他常见选择（.co）；通用词典完整分词；固定哈希次序第143名，组实际配额600。未要求命中行业词根；名称线索不是意义或机会确认。,未核实
fuseuniversalmail.co,2026-09-20,其他常见选择,未取得可用页面,当前未取得可用HTTPS页面：too_large,,not_checked,https://fuseuniversalmail.co/,,,,独立后缀与名称通道：其他常见选择（.co）；通用词典完整分词；固定哈希次序第144名，组实际配额600。未要求命中行业词根；名称线索不是意义或机会确认。,未核实
x88us.me,2026-09-16,其他常见选择,页面内容不足,未同时达到正文160字符且（description≥40字符或非通用H1≥8字符）,,not_checked,https://x88us.me/,"XX88 - Đăng Ký, Đăng Nhập Trang Chủ XX88.COM Uy Tín #1 Châu Á XX88 - Đăng Ký, Đăng Nhập Trang Chủ XX88.COM Uy Tín #1 Châu Á",,,独立后缀与名称通道：其他常见选择（.me）；少量数字名称探索；固定哈希次序第145名，组实际配额600。未要求命中行业词根；名称线索不是意义或机会确认。,未核实
calmglow.co,2026-09-05,其他常见选择,页面内容不足,未同时达到正文160字符且（description≥40字符或非通用H1≥8字符）,,not_checked,https://calmglow.co/,,,,独立后缀与名称通道：其他常见选择（.co）；通用词典完整分词；固定哈希次序第146名，组实际配额600。未要求命中行业词根；名称线索不是意义或机会确认。,未核实
dajikuza.cc,2026-09-18,其他常见选择,未取得可用页面,当前未取得可用HTTPS页面：network_error,,not_checked,https://dajikuza.cc/,,,,独立后缀与名称通道：其他常见选择（.cc）；可读字符形态探索；固定哈希次序第147名，组实际配额600。未要求命中行业词根；名称线索不是意义或机会确认。,未核实
atblue-penguin.co,2026-08-31,其他常见选择,注册时间未核实,页面有内容，但RDAP未取得有效且位于窗口内的registration事件,,unknown,https://www.freezemiser.com/,Freeze Miser - Prevent Frozen Pipes & Damage in Winter American Express Diners Club Discover Mastercard PayPal Shop Pay Visa,The Freeze Miser is designed to prevent frozen pipes and damage during the cold winter months with only a few minutes of work.,Freeze Miser;Prevent Freezing,独立后缀与名称通道：其他常见选择（.co）；可读字符形态探索；固定哈希次序第148名，组实际配额600。未要求命中行业词根；名称线索不是意义或机会确认。,未核实
lumineth.me,2026-09-14,其他常见选择,页面内容不足,未同时达到正文160字符且（description≥40字符或非通用H1≥8字符）,,not_checked,https://lumineth.me/,Lumineth — Digital Collection by Davin Websites,"A curated collection of games, tools, and digital experiences by Davin Websites.",,独立后缀与名称通道：其他常见选择（.me）；可读字符形态探索；固定哈希次序第149名，组实际配额600。未要求命中行业词根；名称线索不是意义或机会确认。,未核实
bionics.me,2026-09-19,其他常见选择,未取得可用页面,当前未取得可用HTTPS页面：network_error,,not_checked,https://bionics.me/,,,,独立后缀与名称通道：其他常见选择（.me）；可读字符形态探索；固定哈希次序第150名，组实际配额600。未要求命中行业词根；名称线索不是意义或机会确认。,未核实
miriampk.me,2026-09-14,其他常见选择,未取得可用页面,当前未取得可用HTTPS页面：http_error,,not_checked,https://miriampk.me/,,,,独立后缀与名称通道：其他常见选择（.me）；可读字符形态探索；固定哈希次序第151名，组实际配额600。未要求命中行业词根；名称线索不是意义或机会确认。,未核实
deskreps.me,2026-09-15,其他常见选择,注册时间未核实,页面有内容，但RDAP未取得有效且位于窗口内的registration事件,,unknown,https://deskreps.me/,"DeskReps · one minute for your body, then back to work","A break timer that checks your work. Every 45 minutes DeskReps guides a one-minute neck, eye or shoulder routine and counts the reps with your camera, on-device. Free for Mac and iPhone.",One minute for your body. Then back to work.,独立后缀与名称通道：其他常见选择（.me）；通用词典完整分词；固定哈希次序第152名，组实际配额600。未要求命中行业词根；名称线索不是意义或机会确认。,未核实
urbanmix.co,2026-09-25,其他常见选择,未取得可用页面,当前未取得可用HTTPS页面：network_error,,not_checked,https://urbanmix.co/,,,,独立后缀与名称通道：其他常见选择（.co）；通用词典完整分词；固定哈希次序第153名，组实际配额600。未要求命中行业词根；名称线索不是意义或机会确认。,未核实
rivro.me,2026-09-21,其他常见选择,注册时间未核实,页面有内容，但RDAP未取得有效且位于窗口内的registration事件,,unknown,https://rivro.me/en,RIVRO — Find clients before they start looking · RIVRO,"Turn an ideal customer profile into companies, decision-makers, and a reviewed outreach campaign. Built for agencies and independent operators.",Find clients before they start looking.,独立后缀与名称通道：其他常见选择（.me）；短缩写探索；固定哈希次序第154名，组实际配额600。未要求命中行业词根；名称线索不是意义或机会确认。,未核实
dirak.me,2026-09-17,其他常见选择,未取得可用页面,当前未取得可用HTTPS页面：network_error,,not_checked,https://dirak.me/,,,,独立后缀与名称通道：其他常见选择（.me）；短缩写探索；固定哈希次序第155名，组实际配额600。未要求命中行业词根；名称线索不是意义或机会确认。,未核实
edmunt.co,2026-09-22,其他常见选择,页面内容不足,未同时达到正文160字符且（description≥40字符或非通用H1≥8字符）,,not_checked,https://edmunt.co/,,,,独立后缀与名称通道：其他常见选择（.co）；可读字符形态探索；固定哈希次序第156名，组实际配额600。未要求命中行业词根；名称线索不是意义或机会确认。,未核实
gbzam.cc,2026-09-05,其他常见选择,未取得可用页面,当前未取得可用HTTPS页面：network_error,,not_checked,https://gbzam.cc/,,,,独立后缀与名称通道：其他常见选择（.cc）；短缩写探索；固定哈希次序第157名，组实际配额600。未要求命中行业词根；名称线索不是意义或机会确认。,未核实
beinspired.com.co,2026-08-28,其他常见选择,页面内容不足,未同时达到正文160字符且（description≥40字符或非通用H1≥8字符）,,not_checked,https://beinspired.com.co/,Be Inspired American Express Apple Pay Diners Club Discover Google Pay Mastercard Shop Pay Visa American Express Apple Pay Diners Club Discover Google Pay Mastercard Shop Pay Visa,,,独立后缀与名称通道：其他常见选择（.co）；可读字符形态探索；固定哈希次序第158名，组实际配额600。未要求命中行业词根；名称线索不是意义或机会确认。,未核实
laoqian.cc,2026-09-05,其他常见选择,未取得可用页面,当前未取得可用HTTPS页面：http_error,,not_checked,https://laoqian.cc/,,,,独立后缀与名称通道：其他常见选择（.cc）；可读字符形态探索；固定哈希次序第159名，组实际配额600。未要求命中行业词根；名称线索不是意义或机会确认。,未核实
pixava.cc,2026-09-07,其他常见选择,未取得可用页面,当前未取得可用HTTPS页面：network_error,,not_checked,https://pixava.cc/,,,,独立后缀与名称通道：其他常见选择（.cc）；通用词典完整分词；固定哈希次序第160名，组实际配额600。未要求命中行业词根；名称线索不是意义或机会确认。,未核实
formedge.co,2026-09-25,其他常见选择,未取得可用页面,当前未取得可用HTTPS页面：network_error,,not_checked,https://formedge.co/,,,,独立后缀与名称通道：其他常见选择（.co）；通用词典完整分词；固定哈希次序第161名，组实际配额600。未要求命中行业词根；名称线索不是意义或机会确认。,未核实
marqmarsmoon-93.cc,2026-08-30,其他常见选择,页面内容不足,未同时达到正文160字符且（description≥40字符或非通用H1≥8字符）,,not_checked,https://marqmarsmoon-93.cc/,,,,独立后缀与名称通道：其他常见选择（.cc）；少量数字名称探索；固定哈希次序第162名，组实际配额600。未要求命中行业词根；名称线索不是意义或机会确认。,未核实
tikisha.me,2026-09-08,其他常见选择,未取得可用页面,当前未取得可用HTTPS页面：http_error,,not_checked,https://tikisha.me/,,,,独立后缀与名称通道：其他常见选择（.me）；通用词典完整分词；固定哈希次序第163名，组实际配额600。未要求命中行业词根；名称线索不是意义或机会确认。,未核实
bttrailers.co,2026-09-22,其他常见选择,未取得可用页面,当前未取得可用HTTPS页面：http_error,,not_checked,https://bttrailers.co/,,,,独立后缀与名称通道：其他常见选择（.co）；可读字符形态探索；固定哈希次序第164名，组实际配额600。未要求命中行业词根；名称线索不是意义或机会确认。,未核实
coolshirt.co,2026-09-02,其他常见选择,页面内容不足,未同时达到正文160字符且（description≥40字符或非通用H1≥8字符）,,not_checked,https://coolshirt.co/,,,,独立后缀与名称通道：其他常见选择（.co）；通用词典完整分词；固定哈希次序第165名，组实际配额600。未要求命中行业词根；名称线索不是意义或机会确认。,未核实
sayas.co,2026-09-19,其他常见选择,页面内容不足,未同时达到正文160字符且（description≥40字符或非通用H1≥8字符）,,not_checked,https://sayas.co/,,,,独立后缀与名称通道：其他常见选择（.co）；短缩写探索；固定哈希次序第166名，组实际配额600。未要求命中行业词根；名称线索不是意义或机会确认。,未核实
guocantvd.cc,2026-09-15,其他常见选择,未取得可用页面,当前未取得可用HTTPS页面：too_large,,not_checked,https://guocantvd.cc/,,,,独立后缀与名称通道：其他常见选择（.cc）；可读字符形态探索；固定哈希次序第167名，组实际配额600。未要求命中行业词根；名称线索不是意义或机会确认。,未核实
idem.eu.cc,2026-09-04,其他常见选择,未取得可用页面,当前未取得可用HTTPS页面：network_error,,not_checked,https://idem.eu.cc/,,,,独立后缀与名称通道：其他常见选择（.cc）；短缩写探索；固定哈希次序第168名，组实际配额600。未要求命中行业词根；名称线索不是意义或机会确认。,未核实
placebtg.me,2026-09-07,其他常见选择,页面内容不足,未同时达到正文160字符且（description≥40字符或非通用H1≥8字符）,,not_checked,https://placebtg.me/,Hello World,,Hello World,独立后缀与名称通道：其他常见选择（.me）；可读字符形态探索；固定哈希次序第169名，组实际配额600。未要求命中行业词根；名称线索不是意义或机会确认。,未核实
secondchancecafe.me,2026-09-07,其他常见选择,未取得可用页面,当前未取得可用HTTPS页面：network_error,,not_checked,https://secondchancecafe.me/,,,,独立后缀与名称通道：其他常见选择（.me）；可读字符形态探索；固定哈希次序第170名，组实际配额600。未要求命中行业词根；名称线索不是意义或机会确认。,未核实
asia88bet.me,2026-09-15,其他常见选择,未取得可用页面,当前未取得可用HTTPS页面：network_error,,not_checked,https://asia88bet.me/,,,,独立后缀与名称通道：其他常见选择（.me）；少量数字名称探索；固定哈希次序第171名，组实际配额600。未要求命中行业词根；名称线索不是意义或机会确认。,未核实
sweqei66cm.cc,2026-09-24,其他常见选择,未取得可用页面,当前未取得可用HTTPS页面：network_error,,not_checked,https://sweqei66cm.cc/,,,,独立后缀与名称通道：其他常见选择（.cc）；少量数字名称探索；固定哈希次序第172名，组实际配额600。未要求命中行业词根；名称线索不是意义或机会确认。,未核实
zhmy.eu.cc,2026-09-14,其他常见选择,页面内容不足,未同时达到正文160字符且（description≥40字符或非通用H1≥8字符）,,not_checked,https://zhmy.eu.cc/,我的 H5 小游戏 · 点击即玩,,🎮 我的 H5 小游戏,独立后缀与名称通道：其他常见选择（.cc）；短缩写探索；固定哈希次序第173名，组实际配额600。未要求命中行业词根；名称线索不是意义或机会确认。,未核实
隔离记录-caa9170fa319,2026-09-02,其他常见选择,近期注册且有内容,本轮暂跳过成人与博彩内容；此项不改变页面是否存在的事实判定。,2026-08-31T03:54:47Z,verified_recent,,已移出本轮研究范围,,,名称与原文不在公开工作台展示；抽样位置保留于本地审计。,未核实
zotze.me,2026-09-16,其他常见选择,页面内容不足,未同时达到正文160字符且（description≥40字符或非通用H1≥8字符）,,not_checked,https://zotze.me/,Актуальный бот,,🔗 Актуальный бот,独立后缀与名称通道：其他常见选择（.me）；短缩写探索；固定哈希次序第175名，组实际配额600。未要求命中行业词根；名称线索不是意义或机会确认。,未核实
bordstudios.co,2026-09-07,其他常见选择,注册时间未核实,页面有内容，但RDAP未取得有效且位于窗口内的registration事件,,unknown,https://bordstudios.co/,BORD — Light that follows the sun,"Bright and cool when the day starts. Warm and low when it ends. BORD bulbs and lamps shift on their own, every day, from any fixture you already own.",Light that follows the sun.,独立后缀与名称通道：其他常见选择（.co）；可读字符形态探索；固定哈希次序第176名，组实际配额600。未要求命中行业词根；名称线索不是意义或机会确认。,未核实
隔离记录-9d6d9671bbc9,2026-09-17,其他常见选择,近期注册且有内容,本轮暂跳过成人与博彩内容；此项不改变页面是否存在的事实判定。,2026-09-15T03:45:24Z,verified_recent,,已移出本轮研究范围,,,名称与原文不在公开工作台展示；抽样位置保留于本地审计。,未核实
bbb98.cc,2026-09-05,其他常见选择,注册超过30天,RDAP registration 早于固定30天窗口,2026-08-23T08:41:30Z,verified_old,https://6gyxf.kxglts.study/c400/l0612/fiw?f5j=JOXBZ23REDJy_q7tbKuVCfm1iyADbocsKtMsdWv2xqVS&au=ue66-vXFavHkupU5--X41A,中國有越來越多的男性開始「厭女」嗎？,,中國有越來越多的男性開始「厭女」嗎？,独立后缀与名称通道：其他常见选择（.cc）；少量数字名称探索；固定哈希次序第178名，组实际配额600。未要求命中行业词根；名称线索不是意义或机会确认。,未核实
zaeoo.cc,2026-09-15,其他常见选择,未取得可用页面,当前未取得可用HTTPS页面：blocked_url,,not_checked,https://45.200.51.219:45725/?cid=3341314,,,,独立后缀与名称通道：其他常见选择（.cc）；短缩写探索；固定哈希次序第179名，组实际配额600。未要求命中行业词根；名称线索不是意义或机会确认。,未核实
brigadoon.cc,2026-08-31,其他常见选择,近期注册且有内容,RDAP registration 位于近30天窗口；当前HTTPS页面通过实质内容规则,2026-08-28T14:15:13Z,verified_recent,https://brigadoon.cc/,Brigadoon,"Brigadoon.cc is a launching soon website featuring a contact form, email list sign-up, and upcoming content updates in web development.",Strategic Intelligence;Strategic Intelligence,独立后缀与名称通道：其他常见选择（.cc）；可读字符形态探索；固定哈希次序第180名，组实际配额600。未要求命中行业词根；名称线索不是意义或机会确认。,未核实
agenticboardroom.co,2026-09-01,其他常见选择,未取得可用页面,当前未取得可用HTTPS页面：network_error,,not_checked,https://agenticboardroom.co/,,,,独立后缀与名称通道：其他常见选择（.co）；通用词典完整分词；固定哈希次序第181名，组实际配额600。未要求命中行业词根；名称线索不是意义或机会确认。,未核实
airmailreplyflow.co,2026-08-28,其他常见选择,未取得可用页面,当前未取得可用HTTPS页面：network_error,,not_checked,https://airmailreplyflow.co/,,,,独立后缀与名称通道：其他常见选择（.co）；通用词典完整分词；固定哈希次序第182名，组实际配额600。未要求命中行业词根；名称线索不是意义或机会确认。,未核实
hamzoo.co,2026-09-06,其他常见选择,注册时间未核实,页面有内容，但RDAP未取得有效且位于窗口内的registration事件,,unknown,https://hamzoo.co/,"Hamzoo — Web Design, Development & Mobile Apps","Hamzoo is a web design, development and app studio. Websites, online shops and mobile apps, from the first sketch to launch day, at a fixed price agreed before we start.","Websites, apps, built to launch.",独立后缀与名称通道：其他常见选择（.co）；通用词典完整分词；固定哈希次序第183名，组实际配额600。未要求命中行业词根；名称线索不是意义或机会确认。,未核实
weisgm73.cc,2026-09-21,其他常见选择,未取得可用页面,当前未取得可用HTTPS页面：network_error,,not_checked,https://weisgm73.cc/,,,,独立后缀与名称通道：其他常见选择（.cc）；少量数字名称探索；固定哈希次序第184名，组实际配额600。未要求命中行业词根；名称线索不是意义或机会确认。,未核实
ebilling.co,2026-09-14,其他常见选择,页面内容不足,未同时达到正文160字符且（description≥40字符或非通用H1≥8字符）,,not_checked,https://ebilling.co/,,,,独立后缀与名称通道：其他常见选择（.co）；可读字符形态探索；固定哈希次序第185名，组实际配额600。未要求命中行业词根；名称线索不是意义或机会确认。,未核实
sadw1c2oxg.cc,2026-09-14,其他常见选择,页面内容不足,未同时达到正文160字符且（description≥40字符或非通用H1≥8字符）,,not_checked,https://sadw1c2oxg.cc/,,,,独立后缀与名称通道：其他常见选择（.cc）；少量数字名称探索；固定哈希次序第186名，组实际配额600。未要求命中行业词根；名称线索不是意义或机会确认。,未核实
hayatbilgisi.co,2026-09-05,其他常见选择,未取得可用页面,当前未取得可用HTTPS页面：http_error,,not_checked,https://hayatbilgisi.co/,,,,独立后缀与名称通道：其他常见选择（.co）；可读字符形态探索；固定哈希次序第187名，组实际配额600。未要求命中行业词根；名称线索不是意义或机会确认。,未核实
gameable.co,2026-09-14,其他常见选择,页面内容不足,未同时达到正文160字符且（description≥40字符或非通用H1≥8字符）,,not_checked,https://gameable.co/,,,,独立后缀与名称通道：其他常见选择（.co）；通用词典完整分词；固定哈希次序第188名，组实际配额600。未要求命中行业词根；名称线索不是意义或机会确认。,未核实
mednow.co,2026-09-05,其他常见选择,页面内容不足,未同时达到正文160字符且（description≥40字符或非通用H1≥8字符）,,not_checked,https://mednow.co/,,,,独立后缀与名称通道：其他常见选择（.co）；可读字符形态探索；固定哈希次序第189名，组实际配额600。未要求命中行业词根；名称线索不是意义或机会确认。,未核实
隔离记录-5d5f3c739d4c,2026-09-06,其他常见选择,近期注册且有内容,本轮暂跳过成人与博彩内容；此项不改变页面是否存在的事实判定。,2026-08-31T13:33:27Z,verified_recent,,已移出本轮研究范围,,,名称与原文不在公开工作台展示；抽样位置保留于本地审计。,未核实
mym8.cc,2026-08-28,其他常见选择,注册超过30天,RDAP registration 早于固定30天窗口,2026-08-25T22:54:04Z,verified_old,https://qum-lj0al5k.oss-cn-shanghai.aliyuncs.com/b-i-1mcgi8p/f-c-l2lgu/XZyk-s-Ov?d=oIjtGFBF&e=1&rjK6c8nB=TjRN1HFHJ&ts=1790379915578,在线,,精选大乐透推荐：春哥揽头奖998万 邓红中89万,独立后缀与名称通道：其他常见选择（.cc）；少量数字名称探索；固定哈希次序第191名，组实际配额600。未要求命中行业词根；名称线索不是意义或机会确认。,未核实
oakstoneventures.co,2026-08-28,其他常见选择,未取得可用页面,当前未取得可用HTTPS页面：network_error,,not_checked,https://oakstoneventures.co/,,,,独立后缀与名称通道：其他常见选择（.co）；可读字符形态探索；固定哈希次序第192名，组实际配额600。未要求命中行业词根；名称线索不是意义或机会确认。,未核实
creativepandas.me,2026-09-12,其他常见选择,注册时间未核实,页面有内容，但RDAP未取得有效且位于窗口内的registration事件,,unknown,https://creativepandas.me/,Creative Pandas Media & Marketing,"Creative Pandas Media & Marketing helps brands grow through social media, web development, content production, branding and design.",Smart minds. Bold ideas. Panda energy.,独立后缀与名称通道：其他常见选择（.me）；通用词典完整分词；固定哈希次序第193名，组实际配额600。未要求命中行业词根；名称线索不是意义或机会确认。,未核实
dvupw.cc,2026-09-24,其他常见选择,未取得可用页面,当前未取得可用HTTPS页面：network_error,,not_checked,https://dvupw.cc/,,,,独立后缀与名称通道：其他常见选择（.cc）；短缩写探索；固定哈希次序第194名，组实际配额600。未要求命中行业词根；名称线索不是意义或机会确认。,未核实
datazen.me,2026-09-16,其他常见选择,页面内容不足,未同时达到正文160字符且（description≥40字符或非通用H1≥8字符）,,not_checked,https://datazen.me/,,,,独立后缀与名称通道：其他常见选择（.me）；通用词典完整分词；固定哈希次序第195名，组实际配额600。未要求命中行业词根；名称线索不是意义或机会确认。,未核实
ochat.eu.cc,2026-08-31,其他常见选择,未取得可用页面,当前未取得可用HTTPS页面：http_error,,not_checked,https://ochat.eu.cc/,,,,独立后缀与名称通道：其他常见选择（.cc）；短缩写探索；固定哈希次序第196名，组实际配额600。未要求命中行业词根；名称线索不是意义或机会确认。,未核实
隔离记录-f6cc409f9f37,2026-09-20,其他常见选择,近期注册且有内容,本轮暂跳过成人与博彩内容；此项不改变页面是否存在的事实判定。,2026-09-18T02:35:28Z,verified_recent,,已移出本轮研究范围,,,名称与原文不在公开工作台展示；抽样位置保留于本地审计。,未核实
mrowiec.me,2026-09-25,其他常见选择,未取得可用页面,当前未取得可用HTTPS页面：network_error,,not_checked,https://mrowiec.me/,,,,独立后缀与名称通道：其他常见选择（.me）；可读字符形态探索；固定哈希次序第198名，组实际配额600。未要求命中行业词根；名称线索不是意义或机会确认。,未核实
ng24p.cc,2026-09-14,其他常见选择,未取得可用页面,当前未取得可用HTTPS页面：http_error,,not_checked,https://ng24p.cc/,,,,独立后缀与名称通道：其他常见选择（.cc）；少量数字名称探索；固定哈希次序第199名，组实际配额600。未要求命中行业词根；名称线索不是意义或机会确认。,未核实
bbyclothes.co,2026-09-03,其他常见选择,页面内容不足,未同时达到正文160字符且（description≥40字符或非通用H1≥8字符）,,not_checked,https://bbyclothes.co/,,,,独立后缀与名称通道：其他常见选择（.co）；可读字符形态探索；固定哈希次序第200名，组实际配额600。未要求命中行业词根；名称线索不是意义或机会确认。,未核实
profitableskills.co,2026-09-05,其他常见选择,停放或未正式开放,标题/H1/description 或域名式标题对应的正文开头命中停放/未开放标记：Under construction,,not_checked,https://profitableskills.co/,Under construction - Awesome site in the making! bg_under_construction circle_dots clouds_shape,,Awesome Site in The Making,独立后缀与名称通道：其他常见选择（.co）；可读字符形态探索；固定哈希次序第201名，组实际配额600。未要求命中行业词根；名称线索不是意义或机会确认。,未核实
vaelorperformace.co,2026-09-14,其他常见选择,注册时间未核实,页面有内容，但RDAP未取得有效且位于窗口内的registration事件,,unknown,https://www.vaelorperformace.co/password,– My Store 7,,Opening soon,独立后缀与名称通道：其他常见选择（.co）；可读字符形态探索；固定哈希次序第202名，组实际配额600。未要求命中行业词根；名称线索不是意义或机会确认。,未核实
wkso.eu.cc,2026-09-02,其他常见选择,未取得可用页面,当前未取得可用HTTPS页面：network_error,,not_checked,https://wkso.eu.cc/,,,,独立后缀与名称通道：其他常见选择（.cc）；短缩写探索；固定哈希次序第203名，组实际配额600。未要求命中行业词根；名称线索不是意义或机会确认。,未核实
robsessed.co,2026-08-31,其他常见选择,注册时间未核实,页面有内容，但RDAP未取得有效且位于窗口内的registration事件,,unknown,https://robsessed.co/password,– My Store 3,,Opening soon,独立后缀与名称通道：其他常见选择（.co）；可读字符形态探索；固定哈希次序第204名，组实际配额600。未要求命中行业词根；名称线索不是意义或机会确认。,未核实
ai-love.tv,2026-08-29,其他常见选择,未取得可用页面,当前未取得可用HTTPS页面：http_error,,not_checked,https://ai-love.tv/,,,,独立后缀与名称通道：其他常见选择（.tv）；可读字符形态探索；固定哈希次序第205名，组实际配额600。未要求命中行业词根；名称线索不是意义或机会确认。,未核实
idpragencynow.co,2026-09-12,其他常见选择,未取得可用页面,当前未取得可用HTTPS页面：too_large,,not_checked,https://idpragencynow.co/,,,,独立后缀与名称通道：其他常见选择（.co）；可读字符形态探索；固定哈希次序第206名，组实际配额600。未要求命中行业词根；名称线索不是意义或机会确认。,未核实
sheargracesalon.co,2026-09-06,其他常见选择,未取得可用页面,当前未取得可用HTTPS页面：too_large,,not_checked,https://www.sheargracesalon.co/,,,,独立后缀与名称通道：其他常见选择（.co）；通用词典完整分词；固定哈希次序第207名，组实际配额600。未要求命中行业词根；名称线索不是意义或机会确认。,未核实
meremir.me,2026-09-12,其他常见选择,未取得可用页面,当前未取得可用HTTPS页面：network_error,,not_checked,https://meremir.me/,,,,独立后缀与名称通道：其他常见选择（.me）；通用词典完整分词；固定哈希次序第208名，组实际配额600。未要求命中行业词根；名称线索不是意义或机会确认。,未核实
xjsq04.cc,2026-08-31,其他常见选择,页面内容不足,未同时达到正文160字符且（description≥40字符或非通用H1≥8字符）,,not_checked,https://202608.urldance.com/8d/?xjsq04.cc,welcome,,,独立后缀与名称通道：其他常见选择（.cc）；少量数字名称探索；固定哈希次序第209名，组实际配额600。未要求命中行业词根；名称线索不是意义或机会确认。,未核实
sublimetext.co,2026-09-19,其他常见选择,注册时间未核实,页面有内容，但RDAP未取得有效且位于窗口内的registration事件,,unknown,https://sublimetext.co/,"Sublime Text 4 Native Editor for Windows, Mac and Linux Play Pause","Independent guide to the Sublime Text 4 desktop editor, Build 4200. See native speed, GPU drawing, split tabs, and a free evaluation on Windows, Mac, and Linux.","A native editor for code, markup, and long-form writing",独立后缀与名称通道：其他常见选择（.co）；通用词典完整分词；固定哈希次序第210名，组实际配额600。未要求命中行业词根；名称线索不是意义或机会确认。,未核实
emmanuellajossy.me,2026-09-07,其他常见选择,注册时间未核实,页面有内容，但RDAP未取得有效且位于窗口内的registration事件,,unknown,https://www.emmanuellajossy.me/,Emmanuella Jossy,,Emmanuella Jossy,独立后缀与名称通道：其他常见选择（.me）；可读字符形态探索；固定哈希次序第211名，组实际配额600。未要求命中行业词根；名称线索不是意义或机会确认。,未核实
ls8kjua4g.cc,2026-09-23,其他常见选择,未取得可用页面,当前未取得可用HTTPS页面：network_error,,not_checked,https://ls8kjua4g.cc/,,,,独立后缀与名称通道：其他常见选择（.cc）；少量数字名称探索；固定哈希次序第212名，组实际配额600。未要求命中行业词根；名称线索不是意义或机会确认。,未核实
lcty60.me,2026-09-23,其他常见选择,页面内容不足,未同时达到正文160字符且（description≥40字符或非通用H1≥8字符）,,not_checked,https://lcty60.me/,,,,独立后缀与名称通道：其他常见选择（.me）；少量数字名称探索；固定哈希次序第213名，组实际配额600。未要求命中行业词根；名称线索不是意义或机会确认。,未核实
隔离记录-74cb97654c09,2026-09-20,其他常见选择,近期注册且有内容,本轮暂跳过成人与博彩内容；此项不改变页面是否存在的事实判定。,2026-09-16T13:06:56Z,verified_recent,,已移出本轮研究范围,,,名称与原文不在公开工作台展示；抽样位置保留于本地审计。,未核实
pny.me,2026-09-05,其他常见选择,未取得可用页面,当前未取得可用HTTPS页面：network_error,,not_checked,https://pny.me/,,,,独立后缀与名称通道：其他常见选择（.me）；短缩写探索；固定哈希次序第215名，组实际配额600。未要求命中行业词根；名称线索不是意义或机会确认。,未核实
dza01.cc,2026-09-17,其他常见选择,未取得可用页面,当前未取得可用HTTPS页面：blocked_url,,not_checked,https://dza01.cc:6524/,,,,独立后缀与名称通道：其他常见选择（.cc）；少量数字名称探索；固定哈希次序第216名，组实际配额600。未要求命中行业词根；名称线索不是意义或机会确认。,未核实
orchardbrookjuniper.co,2026-09-21,其他常见选择,未取得可用页面,当前未取得可用HTTPS页面：network_error,,not_checked,https://orchardbrookjuniper.co/,,,,独立后缀与名称通道：其他常见选择（.co）；通用词典完整分词；固定哈希次序第217名，组实际配额600。未要求命中行业词根；名称线索不是意义或机会确认。,未核实
serentrippity.co,2026-09-23,其他常见选择,页面内容不足,未同时达到正文160字符且（description≥40字符或非通用H1≥8字符）,,not_checked,https://serentrippity.co/,,,,独立后缀与名称通道：其他常见选择（.co）；可读字符形态探索；固定哈希次序第218名，组实际配额600。未要求命中行业词根；名称线索不是意义或机会确认。,未核实
repondez.co,2026-09-01,其他常见选择,页面内容不足,未同时达到正文160字符且（description≥40字符或非通用H1≥8字符）,,not_checked,https://repondez.co/,,,,独立后缀与名称通道：其他常见选择（.co）；可读字符形态探索；固定哈希次序第219名，组实际配额600。未要求命中行业词根；名称线索不是意义或机会确认。,未核实
acsj.cc,2026-08-29,其他常见选择,页面内容不足,未同时达到正文160字符且（description≥40字符或非通用H1≥8字符）,,not_checked,https://www.ja123456789.com/,点击开始,,🚀 线路安全检测,独立后缀与名称通道：其他常见选择（.cc）；短缩写探索；固定哈希次序第220名，组实际配额600。未要求命中行业词根；名称线索不是意义或机会确认。,未核实
隔离记录-9f860e04aed8,2026-09-07,其他常见选择,近期注册且有内容,本轮暂跳过成人与博彩内容；此项不改变页面是否存在的事实判定。,2026-09-02T04:50:25Z,verified_recent,,已移出本轮研究范围,,,名称与原文不在公开工作台展示；抽样位置保留于本地审计。,未核实
homedecorplace.co,2026-08-27,其他常见选择,页面内容不足,未同时达到正文160字符且（description≥40字符或非通用H1≥8字符）,,not_checked,https://homedecorplace.co/,Home Decor PayPal,,,独立后缀与名称通道：其他常见选择（.co）；可读字符形态探索；固定哈希次序第222名，组实际配额600。未要求命中行业词根；名称线索不是意义或机会确认。,未核实
akco.me,2026-09-21,其他常见选择,页面内容不足,未同时达到正文160字符且（description≥40字符或非通用H1≥8字符）,,not_checked,https://akco.me/,,,,独立后缀与名称通道：其他常见选择（.me）；短缩写探索；固定哈希次序第223名，组实际配额600。未要求命中行业词根；名称线索不是意义或机会确认。,未核实
scalecy.co,2026-09-16,其他常见选择,注册时间未核实,页面有内容，但RDAP未取得有效且位于窗口内的registration事件,,unknown,https://scalecy.co/,Scalecy | Building Sales & Distribution for Emerging FMCG Brands,"Scalecy helps emerging FMCG brands build the distribution, sales teams, systems and on-ground execution required to scale their offline business.",Building Sales & Distribution for Emerging FMCG Brands.,独立后缀与名称通道：其他常见选择（.co）；可读字符形态探索；固定哈希次序第224名，组实际配额600。未要求命中行业词根；名称线索不是意义或机会确认。,未核实
fairwayride.co,2026-09-07,其他常见选择,未取得可用页面,当前未取得可用HTTPS页面：http_error,,not_checked,https://fairwayride.co/,,,,独立后缀与名称通道：其他常见选择（.co）；通用词典完整分词；固定哈希次序第225名，组实际配额600。未要求命中行业词根；名称线索不是意义或机会确认。,未核实
healthleta.me,2026-08-29,其他常见选择,页面内容不足,未同时达到正文160字符且（description≥40字符或非通用H1≥8字符）,,not_checked,https://healthleta.me/,,,,独立后缀与名称通道：其他常见选择（.me）；可读字符形态探索；固定哈希次序第226名，组实际配额600。未要求命中行业词根；名称线索不是意义或机会确认。,未核实
t36qeaonmg.cc,2026-09-23,其他常见选择,页面内容不足,未同时达到正文160字符且（description≥40字符或非通用H1≥8字符）,,not_checked,https://t36qeaonmg.cc/,,,,独立后缀与名称通道：其他常见选择（.cc）；少量数字名称探索；固定哈希次序第227名，组实际配额600。未要求命中行业词根；名称线索不是意义或机会确认。,未核实
sperma.me,2026-09-05,其他常见选择,停放或未正式开放,标题/H1/description 或域名式标题对应的正文开头命中停放/未开放标记：domain is for sale,,not_checked,https://sperma.me/,Premium domain — for sale,This premium domain is for sale. Make an offer — dev@2devstudio.com,this domain,独立后缀与名称通道：其他常见选择（.me）；通用词典完整分词；固定哈希次序第228名，组实际配额600。未要求命中行业词根；名称线索不是意义或机会确认。,未核实
betmug.me,2026-09-17,其他常见选择,注册时间未核实,页面有内容，但RDAP未取得有效且位于窗口内的registration事件,,unknown,https://betmug.me/,L'art du design : comment l'esthétique visuelle change notre monde,,L'art du design : comment l'esthétique visuelle change notre monde,独立后缀与名称通道：其他常见选择（.me）；通用词典完整分词；固定哈希次序第229名，组实际配额600。未要求命中行业词根；名称线索不是意义或机会确认。,未核实
retf.me,2026-09-07,其他常见选择,停放或未正式开放,标题/H1/description 或域名式标题对应的正文开头命中停放/未开放标记：under construction,,not_checked,https://retf.me/,Coming Soon,,retf.me,独立后缀与名称通道：其他常见选择（.me）；短缩写探索；固定哈希次序第230名，组实际配额600。未要求命中行业词根；名称线索不是意义或机会确认。,未核实
cha94.cc,2026-09-20,其他常见选择,页面内容不足,未同时达到正文160字符且（description≥40字符或非通用H1≥8字符）,,not_checked,https://xn--dpq47vf5a0y8b.cc/,南宫集团 · 安全访问通道,南宫集团安全入口，实时检测并自动匹配最佳访问线路。,安全检查中,独立后缀与名称通道：其他常见选择（.cc）；少量数字名称探索；固定哈希次序第231名，组实际配额600。未要求命中行业词根；名称线索不是意义或机会确认。,未核实
隔离记录-f74063c882af,2026-08-29,其他常见选择,注册超过30天,公开展示暂隔离，原始技术判定保留。,2026-08-25T04:31:45Z,verified_old,,已移出本轮研究范围,,,名称与原文不在公开工作台展示；抽样位置保留于本地审计。,未核实
colrapid.co,2026-09-24,其他常见选择,注册时间未核实,页面有内容，但RDAP未取得有效且位于窗口内的registration事件,,unknown,https://colrapid.co/,colrapid PayPal,colrapid,Seu carrinho está vazio;Nuestros más vendidos,独立后缀与名称通道：其他常见选择（.co）；通用词典完整分词；固定哈希次序第233名，组实际配额600。未要求命中行业词根；名称线索不是意义或机会确认。,未核实
jboz.cc,2026-09-23,其他常见选择,未取得可用页面,当前未取得可用HTTPS页面：http_error,,not_checked,https://jboz.cc/,,,,独立后缀与名称通道：其他常见选择（.cc）；短缩写探索；固定哈希次序第234名，组实际配额600。未要求命中行业词根；名称线索不是意义或机会确认。,未核实
publicrelationsidpr.co,2026-09-14,其他常见选择,未取得可用页面,当前未取得可用HTTPS页面：too_large,,not_checked,https://publicrelationsidpr.co/,,,,独立后缀与名称通道：其他常见选择（.co）；可读字符形态探索；固定哈希次序第235名，组实际配额600。未要求命中行业词根；名称线索不是意义或机会确认。,未核实
momoo.eu.cc,2026-09-07,其他常见选择,未取得可用页面,当前未取得可用HTTPS页面：network_error,,not_checked,https://momoo.eu.cc/,,,,独立后缀与名称通道：其他常见选择（.cc）；短缩写探索；固定哈希次序第236名，组实际配额600。未要求命中行业词根；名称线索不是意义或机会确认。,未核实
whatthehellth.me,2026-09-02,其他常见选择,页面内容不足,未同时达到正文160字符且（description≥40字符或非通用H1≥8字符）,,not_checked,https://whatthehellth.me/,,,,独立后缀与名称通道：其他常见选择（.me）；可读字符形态探索；固定哈希次序第237名，组实际配额600。未要求命中行业词根；名称线索不是意义或机会确认。,未核实
隔离记录-607404cfeb94,2026-09-23,其他常见选择,近期注册且有内容,本轮暂跳过成人与博彩内容；此项不改变页面是否存在的事实判定。,2026-09-16T06:53:03Z,verified_recent,,已移出本轮研究范围,,,名称与原文不在公开工作台展示；抽样位置保留于本地审计。,未核实
leesfood.cc,2026-09-18,其他常见选择,未取得可用页面,当前未取得可用HTTPS页面：network_error,,not_checked,https://leesfood.cc/,,,,独立后缀与名称通道：其他常见选择（.cc）；通用词典完整分词；固定哈希次序第239名，组实际配额600。未要求命中行业词根；名称线索不是意义或机会确认。,未核实
narutospot.me,2026-09-05,其他常见选择,未取得可用页面,当前未取得可用HTTPS页面：network_error,,not_checked,http://ww38.narutospot.me/,,,,独立后缀与名称通道：其他常见选择（.me）；可读字符形态探索；固定哈希次序第240名，组实际配额600。未要求命中行业词根；名称线索不是意义或机会确认。,未核实
couchcoach.co,2026-09-18,其他常见选择,页面内容不足,未同时达到正文160字符且（description≥40字符或非通用H1≥8字符）,,not_checked,https://couchcoach.co/,,,,独立后缀与名称通道：其他常见选择（.co）；通用词典完整分词；固定哈希次序第241名，组实际配额600。未要求命中行业词根；名称线索不是意义或机会确认。,未核实
thebrainsbehind.co,2026-09-01,其他常见选择,注册时间未核实,页面有内容，但RDAP未取得有效且位于窗口内的registration事件,,unknown,https://thebrainsbehind.co/,thebrainsbehind.co,,Launching Soon;Launching Soon,独立后缀与名称通道：其他常见选择（.co）；通用词典完整分词；固定哈希次序第242名，组实际配额600。未要求命中行业词根；名称线索不是意义或机会确认。,未核实
aaplace.co,2026-09-07,其他常见选择,页面内容不足,未同时达到正文160字符且（description≥40字符或非通用H1≥8字符）,,not_checked,https://aaplace.co/,avo - Личный кабинет - сервис для безопасной работы в интернете,,,独立后缀与名称通道：其他常见选择（.co）；可读字符形态探索；固定哈希次序第243名，组实际配额600。未要求命中行业词根；名称线索不是意义或机会确认。,未核实
dmjuezqi.cc,2026-09-14,其他常见选择,未取得可用页面,当前未取得可用HTTPS页面：network_error,,not_checked,https://dmjuezqi.cc/,,,,独立后缀与名称通道：其他常见选择（.cc）；可读字符形态探索；固定哈希次序第244名，组实际配额600。未要求命中行业词根；名称线索不是意义或机会确认。,未核实
nuclearpowered.co,2026-09-24,其他常见选择,未取得可用页面,当前未取得可用HTTPS页面：http_error,,not_checked,https://nuclearpowered.co/,,,,独立后缀与名称通道：其他常见选择（.co）；通用词典完整分词；固定哈希次序第245名，组实际配额600。未要求命中行业词根；名称线索不是意义或机会确认。,未核实
monedula.me,2026-09-03,其他常见选择,页面内容不足,未同时达到正文160字符且（description≥40字符或非通用H1≥8字符）,,not_checked,https://monedula.me/,,,,独立后缀与名称通道：其他常见选择（.me）；可读字符形态探索；固定哈希次序第246名，组实际配额600。未要求命中行业词根；名称线索不是意义或机会确认。,未核实
ug3yik.cc,2026-08-31,其他常见选择,页面内容不足,未同时达到正文160字符且（description≥40字符或非通用H1≥8字符）,,not_checked,https://www.ug3yik.cc/,"金年会 - 金字招牌,信誉至上",,,独立后缀与名称通道：其他常见选择（.cc）；少量数字名称探索；固定哈希次序第247名，组实际配额600。未要求命中行业词根；名称线索不是意义或机会确认。,未核实
16wqf.cc,2026-09-23,其他常见选择,页面内容不足,未同时达到正文160字符且（description≥40字符或非通用H1≥8字符）,,not_checked,https://wegkas0x.com/download?from=16wqf.cc&_ts=%3D%3DgMyUyN2YzM1gTN5MDM5cTMyITJ,,🔥Win Big Easily | Online Games & Rewards🎁 Play easy games and win big rewards daily. Join the latest events now!📲,,独立后缀与名称通道：其他常见选择（.cc）；少量数字名称探索；固定哈希次序第248名，组实际配额600。未要求命中行业词根；名称线索不是意义或机会确认。,未核实
goypaalandet.cc,2026-09-09,其他常见选择,未取得可用页面,当前未取得可用HTTPS页面：network_error,,not_checked,https://goypaalandet.cc/,,,,独立后缀与名称通道：其他常见选择（.cc）；可读字符形态探索；固定哈希次序第249名，组实际配额600。未要求命中行业词根；名称线索不是意义或机会确认。,未核实
bochynski.me,2026-08-29,其他常见选择,页面内容不足,未同时达到正文160字符且（description≥40字符或非通用H1≥8字符）,,not_checked,https://bochynski.me/,"goneo Internet GmbH - professionelle und leistungsstarke Lösungen in den Bereichen Webhosting, Homepage und E-Mail",,,独立后缀与名称通道：其他常见选择（.me）；可读字符形态探索；固定哈希次序第250名，组实际配额600。未要求命中行业词根；名称线索不是意义或机会确认。,未核实
shamoji.me,2026-09-06,其他常见选择,页面内容不足,未同时达到正文160字符且（description≥40字符或非通用H1≥8字符）,,not_checked,https://shamoji.me/,shamoji,,shamoji,独立后缀与名称通道：其他常见选择（.me）；可读字符形态探索；固定哈希次序第251名，组实际配额600。未要求命中行业词根；名称线索不是意义或机会确认。,未核实
regienca.me,2026-09-08,其他常见选择,未取得可用页面,当前未取得可用HTTPS页面：network_error,,not_checked,https://regienca.me/,,,,独立后缀与名称通道：其他常见选择（.me）；可读字符形态探索；固定哈希次序第252名，组实际配额600。未要求命中行业词根；名称线索不是意义或机会确认。,未核实
xd8bk8x.cc,2026-09-12,其他常见选择,未取得可用页面,当前未取得可用HTTPS页面：network_error,,not_checked,https://xd8bk8x.cc/,,,,独立后缀与名称通道：其他常见选择（.cc）；少量数字名称探索；固定哈希次序第253名，组实际配额600。未要求命中行业词根；名称线索不是意义或机会确认。,未核实
mercori.co,2026-09-06,其他常见选择,未取得可用页面,当前未取得可用HTTPS页面：http_error,,not_checked,https://mercori.co/,,,,独立后缀与名称通道：其他常见选择（.co）；可读字符形态探索；固定哈希次序第254名，组实际配额600。未要求命中行业词根；名称线索不是意义或机会确认。,未核实
隔离记录-e4a873799a0f,2026-09-20,其他常见选择,近期注册且有内容,本轮暂跳过成人与博彩内容；此项不改变页面是否存在的事实判定。,2026-09-18T02:35:28Z,verified_recent,,已移出本轮研究范围,,,名称与原文不在公开工作台展示；抽样位置保留于本地审计。,未核实
xinharbor.cc,2026-09-22,其他常见选择,页面内容不足,未同时达到正文160字符且（description≥40字符或非通用H1≥8字符）,,not_checked,https://mute-surf-3054.cloudflareaccess.com/cdn-cgi/access/login/xinharbor.cc?kid=6ed6a98c58c6916850cd1eb0e3da173480588c86772f8a4cd146ec35db88b72f&meta=eyJ0eXAiOiJKV1QiLCJhbGciOiJSUzI1NiIsImtpZCI6IjEwZjljZTQwOTFiNzQ1ZGU0OWFhZDUyOGY0YjU5YjIxMDQyNDg2ODY1MjdhOGM0Y2FlMDhhNjViNmZmYTU5OWMifQ.eyJ0eXBlIjoibWV0YSIsImF1ZCI6IjZlZDZhOThjNThjNjkxNjg1MGNkMWViMGUzZGExNzM0ODA1ODhjODY3NzJmOGE0Y2QxNDZlYzM1ZGI4OGI3MmYiLCJob3N0bmFtZSI6InhpbmhhcmJvci5jYyIsInJlZGlyZWN0X3VybCI6Ii8iLCJzZXJ2aWNlX3Rva2VuX3N0YXR1cyI6ZmFsc2UsImlzX3dhcnAiOmZhbHNlLCJpc19nYXRld2F5IjpmYWxzZSwiZXhwIjoxNzkwMzk1NTU0LCJuYmYiOjE3OTAzOTUyNTQsImlhdCI6MTc5MDM5NTI1NCwiYXV0aF9zdGF0dXMiOiJOT05FIiwibXRsc19hdXRoIjp7ImNlcnRfaXNzdWVyX2RuIjoiIiwiY2VydF9zZXJpYWwiOiIiLCJjZXJ0X2lzc3Vlcl9za2kiOiIiLCJjZXJ0X3ByZXNlbnRlZCI6ZmFsc2UsImNvbW1vbl9uYW1lIjoiIiwiYXV0aF9zdGF0dXMiOiJOT05FIn0sInJlYWxfY291bnRyeSI6IlVTIiwiYXBwX3Nlc3Npb25faGFzaCI6IjUxNDM3OTljN2Y4Mjc4M2U5NzZmMGI3ZWE2YTg5MTNlZDY1MjQ2NTc4MWZlOTU4NTY4ZjEwNzgxOTNiNjUyZmYifQ.APnCrmUmlnqAFAXQoMFrG85ZetS__U07JzAGC3dNI6OJ412eS0pVwhkN0xCtmXXnK0nWLRw5P1EP9ew-sY9RN1XPoQqJsUsGH-Yz_G-JSBb4UBKGJYV_1GcUQv4OY-djrtpZ4JMntCkX99i6Y2yesIUVS26HYgJxG_EpP8ZGyMe-xU2BuLh0mSQ8QRSP2cKe72qHUXOZTI78Hri4hvonicg3BxBl_zNIVLiAjUiBBmcITZ0_tvxaZHCWZUXDVsjFTHdJ0v41-AK-SBMvdxhJlnQl5EUX3jmFXjp_7BEUMIyBHRUS4nFfi_6h4q87FY6h5qVFvL-LM8Z8Y34BD-Cpvw&redirect_url=%2F,Sign in ・ Cloudflare Access,,Log in to xinHarbor Homepage,独立后缀与名称通道：其他常见选择（.cc）；可读字符形态探索；固定哈希次序第256名，组实际配额600。未要求命中行业词根；名称线索不是意义或机会确认。,未核实
slor.eu.cc,2026-09-12,其他常见选择,未取得可用页面,当前未取得可用HTTPS页面：network_error,,not_checked,https://slor.eu.cc/,,,,独立后缀与名称通道：其他常见选择（.cc）；短缩写探索；固定哈希次序第257名，组实际配额600。未要求命中行业词根；名称线索不是意义或机会确认。,未核实
lostclips.co,2026-09-24,其他常见选择,注册时间未核实,页面有内容，但RDAP未取得有效且位于窗口内的registration事件,,unknown,https://lostclips.co/,Lost Clips | Get millions of viral views,"Lost Clips turns your existing content into short clips that get millions of verified views. You pay per verified view, not per post. Based in Sydney.",Get millions of viral views from your content.,独立后缀与名称通道：其他常见选择（.co）；通用词典完整分词；固定哈希次序第258名，组实际配额600。未要求命中行业词根；名称线索不是意义或机会确认。,未核实
thetrendgrampromos.co,2026-09-15,其他常见选择,未取得可用页面,当前未取得可用HTTPS页面：network_error,,not_checked,https://thetrendgrampromos.co/,,,,独立后缀与名称通道：其他常见选择（.co）；可读字符形态探索；固定哈希次序第259名，组实际配额600。未要求命中行业词根；名称线索不是意义或机会确认。,未核实
thelazylines.co,2026-09-06,其他常见选择,页面内容不足,未同时达到正文160字符且（description≥40字符或非通用H1≥8字符）,,not_checked,https://thelazylines.co/,thelazylines,WORK | SHOP,,独立后缀与名称通道：其他常见选择（.co）；可读字符形态探索；固定哈希次序第260名，组实际配额600。未要求命中行业词根；名称线索不是意义或机会确认。,未核实
jeneric.cc,2026-09-01,其他常见选择,页面内容不足,未同时达到正文160字符且（description≥40字符或非通用H1≥8字符）,,not_checked,https://jeneric.cc/,Jeneric,,,独立后缀与名称通道：其他常见选择（.cc）；可读字符形态探索；固定哈希次序第261名，组实际配额600。未要求命中行业词根；名称线索不是意义或机会确认。,未核实
gripheal.co,2026-09-21,其他常见选择,未取得可用页面,当前未取得可用HTTPS页面：network_error,,not_checked,https://gripheal.co/,,,,独立后缀与名称通道：其他常见选择（.co）；通用词典完整分词；固定哈希次序第262名，组实际配额600。未要求命中行业词根；名称线索不是意义或机会确认。,未核实
inside-voice.co,2026-08-29,其他常见选择,注册时间未核实,页面有内容，但RDAP未取得有效且位于窗口内的registration事件,,unknown,https://inside-voice.co/,inside-voice.co,Website launching soon: Stay tuned for updates and promotions. Contact us to join our newsletter!,Launching Soon;Launching Soon,独立后缀与名称通道：其他常见选择（.co）；通用词典完整分词；固定哈希次序第263名，组实际配额600。未要求命中行业词根；名称线索不是意义或机会确认。,未核实
amjd56.cc,2026-09-14,其他常见选择,未取得可用页面,当前未取得可用HTTPS页面：network_error,,not_checked,https://amjd56.cc/,,,,独立后缀与名称通道：其他常见选择（.cc）；少量数字名称探索；固定哈希次序第264名，组实际配额600。未要求命中行业词根；名称线索不是意义或机会确认。,未核实
quantumgridworks.cc,2026-09-07,其他常见选择,近期注册且有内容,RDAP registration 位于近30天窗口；当前HTTPS页面通过实质内容规则,2026-09-02T14:09:33Z,verified_recent,https://quantumgridworks.cc/,Quantum Grid Works | Intelligent Energy & Quantum Computing Infrastructure,"Quantum Grid Works delivers next-generation smart grid solutions, quantum-assisted computing infrastructure and distributed energy management systems.",Powering the Future of Intelligent Energy,独立后缀与名称通道：其他常见选择（.cc）；通用词典完整分词；固定哈希次序第265名，组实际配额600。未要求命中行业词根；名称线索不是意义或机会确认。,未核实
alyss.co,2026-09-19,其他常见选择,页面内容不足,未同时达到正文160字符且（description≥40字符或非通用H1≥8字符）,,not_checked,https://alyss.co/,,,,独立后缀与名称通道：其他常见选择（.co）；短缩写探索；固定哈希次序第266名，组实际配额600。未要求命中行业词根；名称线索不是意义或机会确认。,未核实
隔离记录-d5a0a7ab2883,2026-09-08,其他常见选择,页面内容不足,公开展示暂隔离，原始技术判定保留。,,not_checked,,已移出本轮研究范围,,,名称与原文不在公开工作台展示；抽样位置保留于本地审计。,未核实
heroteam.co,2026-09-19,其他常见选择,页面内容不足,未同时达到正文160字符且（description≥40字符或非通用H1≥8字符）,,not_checked,https://heroteam.co/,,,,独立后缀与名称通道：其他常见选择（.co）；通用词典完整分词；固定哈希次序第268名，组实际配额600。未要求命中行业词根；名称线索不是意义或机会确认。,未核实
jorototo.co,2026-09-03,其他常见选择,页面内容不足,未同时达到正文160字符且（description≥40字符或非通用H1≥8字符）,,not_checked,https://jorototo.co/,,,,独立后缀与名称通道：其他常见选择（.co）；可读字符形态探索；固定哈希次序第269名，组实际配额600。未要求命中行业词根；名称线索不是意义或机会确认。,未核实
sagebrookwellness.co,2026-09-12,其他常见选择,注册时间未核实,页面有内容，但RDAP未取得有效且位于窗口内的registration事件,,unknown,https://www.sagebrookwellness.co/,"Sagebrook Wellness — Clean Supplements & Direct Selling | Boulder, CO","Sagebrook Wellness is a Boulder, Colorado wellness company with third-party-tested supplements and a transparent direct-selling opportunity. 60-day guarantee, no inventory requirements, published income disclosure.",Clean wellness you can share . A business you can stand behind.,独立后缀与名称通道：其他常见选择（.co）；通用词典完整分词；固定哈希次序第270名，组实际配额600。未要求命中行业词根；名称线索不是意义或机会确认。,未核实
piktochart.cc,2026-09-16,其他常见选择,未取得可用页面,当前未取得可用HTTPS页面：network_error,,not_checked,https://piktochart.cc/,,,,独立后缀与名称通道：其他常见选择（.cc）；可读字符形态探索；固定哈希次序第271名，组实际配额600。未要求命中行业词根；名称线索不是意义或机会确认。,未核实
隔离记录-60d218ac8eb9,2026-09-15,其他常见选择,近期注册且有内容,本轮暂跳过成人与博彩内容；此项不改变页面是否存在的事实判定。,2026-09-12T04:24:32Z,verified_recent,,已移出本轮研究范围,,,名称与原文不在公开工作台展示；抽样位置保留于本地审计。,未核实
twok.eu.cc,2026-09-09,其他常见选择,未取得可用页面,当前未取得可用HTTPS页面：network_error,,not_checked,https://twok.eu.cc/,,,,独立后缀与名称通道：其他常见选择（.cc）；短缩写探索；固定哈希次序第273名，组实际配额600。未要求命中行业词根；名称线索不是意义或机会确认。,未核实
adambfoundersvc.me,2026-09-10,其他常见选择,未取得可用页面,当前未取得可用HTTPS页面：network_error,,not_checked,https://adambfoundersvc.me/,,,,独立后缀与名称通道：其他常见选择（.me）；可读字符形态探索；固定哈希次序第274名，组实际配额600。未要求命中行业词根；名称线索不是意义或机会确认。,未核实
decorat.cc,2026-09-12,其他常见选择,近期注册且有内容,RDAP registration 位于近30天窗口；当前HTTPS页面通过实质内容规则,2026-09-09T18:13:01Z,verified_recent,https://decorat.cc/,Decorat — redesign any room from one photograph,"Photograph a room, choose a style and a palette, and watch AI reimagine it. Twelve styles, from Modern to Majlis. Three free redesigns.",Redesign any room from one photograph,独立后缀与名称通道：其他常见选择（.cc）；可读字符形态探索；固定哈希次序第275名，组实际配额600。未要求命中行业词根；名称线索不是意义或机会确认。,未核实
fluttero.co,2026-09-15,其他常见选择,未取得可用页面,当前未取得可用HTTPS页面：http_error,,not_checked,https://fluttero.co/,,,,独立后缀与名称通道：其他常见选择（.co）；可读字符形态探索；固定哈希次序第276名，组实际配额600。未要求命中行业词根；名称线索不是意义或机会确认。,未核实
planary.me,2026-09-23,其他常见选择,未取得可用页面,当前未取得可用HTTPS页面：http_error,,not_checked,https://planary.me/,,,,独立后缀与名称通道：其他常见选择（.me）；通用词典完整分词；固定哈希次序第277名，组实际配额600。未要求命中行业词根；名称线索不是意义或机会确认。,未核实
try-hawksem.co,2026-09-21,其他常见选择,注册时间未核实,页面有内容，但RDAP未取得有效且位于窗口内的registration事件,,unknown,https://hawksem.com/,SEM Agency - Results Are Everything,"HawkSEM is an SEM agency here to transform your paid search, paid social, remarketing, SEM, SEO, content marketing, and everything in between.",The SEM Agency Challenging What Is to Help You Create What's Next,独立后缀与名称通道：其他常见选择（.co）；可读字符形态探索；固定哈希次序第278名，组实际配额600。未要求命中行业词根；名称线索不是意义或机会确认。,未核实
luckyswalkin.me,2026-09-05,其他常见选择,注册时间未核实,页面有内容，但RDAP未取得有效且位于窗口内的registration事件,,unknown,https://luckyswalkin.me/,Home,,Streetwear that stays local and moves online.,独立后缀与名称通道：其他常见选择（.me）；可读字符形态探索；固定哈希次序第279名，组实际配额600。未要求命中行业词根；名称线索不是意义或机会确认。,未核实
soundthatmoves.co,2026-09-25,其他常见选择,注册时间未核实,页面有内容，但RDAP未取得有效且位于窗口内的registration事件,,unknown,https://soundthatmoves.co/,"Epidemic Sound | Music & sound effects for video, all rights included","Unlimited access to high quality music, sound effects and soundtracking tools. Cleared for YouTube, film, broadcast and ads. Worldwide, all rights included.",You bring the idea. We bring the sound.,独立后缀与名称通道：其他常见选择（.co）；可读字符形态探索；固定哈希次序第280名，组实际配额600。未要求命中行业词根；名称线索不是意义或机会确认。,未核实
biophoton.co,2026-09-25,其他常见选择,页面内容不足,未同时达到正文160字符且（description≥40字符或非通用H1≥8字符）,,not_checked,https://biophoton.co/,,,,独立后缀与名称通道：其他常见选择（.co）；可读字符形态探索；固定哈希次序第281名，组实际配额600。未要求命中行业词根；名称线索不是意义或机会确认。,未核实
隔离记录-1097e6402a9d,2026-09-18,其他常见选择,近期注册且有内容,本轮暂跳过成人与博彩内容；此项不改变页面是否存在的事实判定。,2026-09-16T02:38:11Z,verified_recent,,已移出本轮研究范围,,,名称与原文不在公开工作台展示；抽样位置保留于本地审计。,未核实
xhn66.cc,2026-09-18,其他常见选择,页面内容不足,未同时达到正文160字符且（description≥40字符或非通用H1≥8字符）,,not_checked,https://xn--dpq47vf5a0y8b.cc/,南宫集团 · 安全访问通道,南宫集团安全入口，实时检测并自动匹配最佳访问线路。,安全检查中,独立后缀与名称通道：其他常见选择（.cc）；少量数字名称探索；固定哈希次序第283名，组实际配额600。未要求命中行业词根；名称线索不是意义或机会确认。,未核实
mascora.co,2026-09-24,其他常见选择,注册时间未核实,页面有内容，但RDAP未取得有效且位于窗口内的registration事件,,unknown,https://mascora.co/,Mascora,"Descubre el próximo lanzamiento en mascora.co, el sitio web de tecnología que analiza tendencias y ofrece soluciones innovadoras. ¡No te lo pierdas!",Delicias para tus mascotas;Delicias para tus mascotas,独立后缀与名称通道：其他常见选择（.co）；通用词典完整分词；固定哈希次序第284名，组实际配额600。未要求命中行业词根；名称线索不是意义或机会确认。,未核实
xhytwla.cc,2026-09-03,其他常见选择,未取得可用页面,当前未取得可用HTTPS页面：network_error,,not_checked,https://xhytwla.cc/,,,,独立后缀与名称通道：其他常见选择（.cc）；可读字符形态探索；固定哈希次序第285名，组实际配额600。未要求命中行业词根；名称线索不是意义或机会确认。,未核实
turk-ani.me,2026-09-23,其他常见选择,未取得可用页面,当前未取得可用HTTPS页面：http_error,,not_checked,https://turk-ani.me/,,,,独立后缀与名称通道：其他常见选择（.me）；通用词典完整分词；固定哈希次序第286名，组实际配额600。未要求命中行业词根；名称线索不是意义或机会确认。,未核实
vene1.me,2026-09-10,其他常见选择,页面内容不足,未同时达到正文160字符且（description≥40字符或非通用H1≥8字符）,,not_checked,https://vene1.me/?referer=http%3A%2F%2Fvene1.me%2F&channel=l472532332,Loading,,正在进入,独立后缀与名称通道：其他常见选择（.me）；少量数字名称探索；固定哈希次序第287名，组实际配额600。未要求命中行业词根；名称线索不是意义或机会确认。,未核实
balanzo.com.co,2026-09-05,其他常见选择,未取得可用页面,当前未取得可用HTTPS页面：network_error,,not_checked,https://balanzo.com.co/,,,,独立后缀与名称通道：其他常见选择（.co）；可读字符形态探索；固定哈希次序第288名，组实际配额600。未要求命中行业词根；名称线索不是意义或机会确认。,未核实
itpack.co,2026-09-05,其他常见选择,未取得可用页面,当前未取得可用HTTPS页面：network_error,,not_checked,https://itpack.co/,,,,独立后缀与名称通道：其他常见选择（.co）；可读字符形态探索；固定哈希次序第289名，组实际配额600。未要求命中行业词根；名称线索不是意义或机会确认。,未核实
todocvcd.co,2026-09-21,其他常见选择,未取得可用页面,当前未取得可用HTTPS页面：network_error,,not_checked,https://cannabless.co/,,,,独立后缀与名称通道：其他常见选择（.co）；可读字符形态探索；固定哈希次序第290名，组实际配额600。未要求命中行业词根；名称线索不是意义或机会确认。,未核实
administratio.co,2026-08-27,其他常见选择,未取得可用页面,当前未取得可用HTTPS页面：http_error,,not_checked,https://administratio.co/,,,,独立后缀与名称通道：其他常见选择（.co）；通用词典完整分词；固定哈希次序第291名，组实际配额600。未要求命中行业词根；名称线索不是意义或机会确认。,未核实
serviorinoquia.co,2026-08-27,其他常见选择,注册时间未核实,页面有内容，但RDAP未取得有效且位于窗口内的registration事件,,unknown,https://serviorinoquia.co/,SERVIORINOQUIA SAS | Transporte Especial de Pasajeros — Seguridad y Puntualidad,"SERVIORINOQUIA SAS: empresa líder en transporte especial. Servicio empresarial, turístico y escolar con conductores certificados, monitoreo GPS y flota moderna. Cotiza ahora.",Servicio de transporte de pasajeros con estándares de calidad y seguridad,独立后缀与名称通道：其他常见选择（.co）；可读字符形态探索；固定哈希次序第292名，组实际配额600。未要求命中行业词根；名称线索不是意义或机会确认。,未核实
dtf4.cc,2026-09-09,其他常见选择,未取得可用页面,当前未取得可用HTTPS页面：network_error,,not_checked,https://dtf4.cc/,,,,独立后缀与名称通道：其他常见选择（.cc）；少量数字名称探索；固定哈希次序第293名，组实际配额600。未要求命中行业词根；名称线索不是意义或机会确认。,未核实
隔离记录-3407a31a3ab3,2026-09-21,其他常见选择,注册时间未核实,公开展示暂隔离，原始技术判定保留。,,unknown,,已移出本轮研究范围,,,名称与原文不在公开工作台展示；抽样位置保留于本地审计。,未核实
macario.com.co,2026-08-29,其他常见选择,页面内容不足,未同时达到正文160字符且（description≥40字符或非通用H1≥8字符）,,not_checked,https://macario.com.co/,Macario – Ropa con IDENTIDAD Facebook X Instagram Ampliar Carrito de la compra Buscar Alternar el menú Cargando Hecho Cargando Hecho Cargando Hecho Cargando Hecho Facebook Instagram YouTube Alternar cerrar menú Scroll hacia arriba Scroll hacia arriba Ampliar Alternar cerrar menú Buscar,,,独立后缀与名称通道：其他常见选择（.co）；可读字符形态探索；固定哈希次序第295名，组实际配额600。未要求命中行业词根；名称线索不是意义或机会确认。,未核实
marlramgroup.co,2026-09-25,其他常见选择,未取得可用页面,当前未取得可用HTTPS页面：network_error,,not_checked,https://marlramgroup.co/,,,,独立后缀与名称通道：其他常见选择（.co）；通用词典完整分词；固定哈希次序第296名，组实际配额600。未要求命中行业词根；名称线索不是意义或机会确认。,未核实
buwafu.cc,2026-09-12,其他常见选择,未取得可用页面,当前未取得可用HTTPS页面：network_error,,not_checked,https://buwafu.cc/,,,,独立后缀与名称通道：其他常见选择（.cc）；可读字符形态探索；固定哈希次序第297名，组实际配额600。未要求命中行业词根；名称线索不是意义或机会确认。,未核实
searchtrail.co,2026-09-24,其他常见选择,未取得可用页面,当前未取得可用HTTPS页面：http_error,,not_checked,https://searchtrail.co/,,,,独立后缀与名称通道：其他常见选择（.co）；通用词典完整分词；固定哈希次序第298名，组实际配额600。未要求命中行业词根；名称线索不是意义或机会确认。,未核实
teamplanner.co,2026-09-19,其他常见选择,页面内容不足,未同时达到正文160字符且（description≥40字符或非通用H1≥8字符）,,not_checked,https://teamplanner.co/,,,,独立后缀与名称通道：其他常见选择（.co）；通用词典完整分词；固定哈希次序第299名，组实际配额600。未要求命中行业词根；名称线索不是意义或机会确认。,未核实
gpmja.cc,2026-09-22,其他常见选择,页面内容不足,未同时达到正文160字符且（description≥40字符或非通用H1≥8字符）,,not_checked,https://z.89133.app/,,,,独立后缀与名称通道：其他常见选择（.cc）；短缩写探索；固定哈希次序第300名，组实际配额600。未要求命中行业词根；名称线索不是意义或机会确认。,未核实
cordyx.co,2026-08-30,其他常见选择,注册时间未核实,页面有内容，但RDAP未取得有效且位于窗口内的registration事件,,unknown,https://cordyx.co/,Loop by Cordyx: Turn Every Opportunity Into Revenue,"Loop is the AI-powered workflow, built by Cordyx, that captures leads, responds instantly, follows up automatically and turns more conversations into booked jobs for HVAC, plumbing, roofing, electrical and remodeling businesses.",Every missed call is a lost job .,独立后缀与名称通道：其他常见选择（.co）；可读字符形态探索；固定哈希次序第301名，组实际配额600。未要求命中行业词根；名称线索不是意义或机会确认。,未核实
unmca.cc,2026-09-20,其他常见选择,页面内容不足,未同时达到正文160字符且（description≥40字符或非通用H1≥8字符）,,not_checked,https://h.04958.app/,,,,独立后缀与名称通道：其他常见选择（.cc）；短缩写探索；固定哈希次序第302名，组实际配额600。未要求命中行业词根；名称线索不是意义或机会确认。,未核实
trippytrips.co,2026-09-20,其他常见选择,页面内容不足,未同时达到正文160字符且（description≥40字符或非通用H1≥8字符）,,not_checked,https://trippytrips.co/,,,,独立后缀与名称通道：其他常见选择（.co）；可读字符形态探索；固定哈希次序第303名，组实际配额600。未要求命中行业词根；名称线索不是意义或机会确认。,未核实
wzfom.cc,2026-09-20,其他常见选择,页面内容不足,未同时达到正文160字符且（description≥40字符或非通用H1≥8字符）,,not_checked,https://wzfom.cc/,Loading...,,豆趣,独立后缀与名称通道：其他常见选择（.cc）；短缩写探索；固定哈希次序第304名，组实际配额600。未要求命中行业词根；名称线索不是意义或机会确认。,未核实
zavon.cc,2026-09-17,其他常见选择,页面内容不足,未同时达到正文160字符且（description≥40字符或非通用H1≥8字符）,,not_checked,https://zavon.cc/,Loading,,,独立后缀与名称通道：其他常见选择（.cc）；短缩写探索；固定哈希次序第305名，组实际配额600。未要求命中行业词根；名称线索不是意义或机会确认。,未核实
frostbuddy.co,2026-09-10,其他常见选择,未取得可用页面,当前未取得可用HTTPS页面：network_error,,not_checked,https://frostbuddy.co/,,,,独立后缀与名称通道：其他常见选择（.co）；通用词典完整分词；固定哈希次序第306名，组实际配额600。未要求命中行业词根；名称线索不是意义或机会确认。,未核实
crypto-promotion.co,2026-09-01,其他常见选择,注册时间未核实,页面有内容，但RDAP未取得有效且位于窗口内的registration事件,,unknown,https://crypto-promotion.co/,Trust Eco Solutions LLC — Environmental Consulting & Sustainability Solutions,"Trust Eco Solutions LLC helps companies meet environmental standards through practical sustainability solutions, recycling programs, green energy planning and carbon footprint reduction.",Helping companies grow the responsible way,独立后缀与名称通道：其他常见选择（.co）；可读字符形态探索；固定哈希次序第307名，组实际配额600。未要求命中行业词根；名称线索不是意义或机会确认。,未核实
graph8plus.co,2026-08-30,其他常见选择,注册时间未核实,页面有内容，但RDAP未取得有效且位于窗口内的registration事件,,unknown,https://graph8plus.co/,graph8 - AI-native prospecting | graph8plus.co,"graph8 is AI-native prospecting. Real companies, decision-makers, verified work emails, and buying signals for your AI assistant. 750M+ contacts.",Real buyer data for AI.,独立后缀与名称通道：其他常见选择（.co）；少量数字名称探索；固定哈希次序第308名，组实际配额600。未要求命中行业词根；名称线索不是意义或机会确认。,未核实
隔离记录-7758f5b07a5a,2026-09-14,其他常见选择,注册时间未核实,公开展示暂隔离，原始技术判定保留。,,unknown,,已移出本轮研究范围,,,名称与原文不在公开工作台展示；抽样位置保留于本地审计。,未核实
prisminsurance.co,2026-09-20,其他常见选择,未取得可用页面,当前未取得可用HTTPS页面：network_error,,not_checked,https://prisminsurance.co/,,,,独立后缀与名称通道：其他常见选择（.co）；通用词典完整分词；固定哈希次序第310名，组实际配额600。未要求命中行业词根；名称线索不是意义或机会确认。,未核实
xiaozhufacai.cc,2026-09-15,其他常见选择,页面内容不足,未同时达到正文160字符且（description≥40字符或非通用H1≥8字符）,,not_checked,https://xiaozhufacai.cc/,,,,独立后缀与名称通道：其他常见选择（.cc）；可读字符形态探索；固定哈希次序第311名，组实际配额600。未要求命中行业词根；名称线索不是意义或机会确认。,未核实
隔离记录-a8ba2f3a80fb,2026-09-22,其他常见选择,近期注册且有内容,本轮暂跳过成人与博彩内容；此项不改变页面是否存在的事实判定。,2026-09-19T04:02:27Z,verified_recent,,已移出本轮研究范围,,,名称与原文不在公开工作台展示；抽样位置保留于本地审计。,未核实
owo19.cc,2026-09-01,其他常见选择,未取得可用页面,当前未取得可用HTTPS页面：network_error,,not_checked,https://owo19.cc/,,,,独立后缀与名称通道：其他常见选择（.cc）；少量数字名称探索；固定哈希次序第313名，组实际配额600。未要求命中行业词根；名称线索不是意义或机会确认。,未核实
隔离记录-f6273afbffa4,2026-08-30,其他常见选择,注册超过30天,公开展示暂隔离，原始技术判定保留。,2026-08-26T03:44:26Z,verified_old,,已移出本轮研究范围,,,名称与原文不在公开工作台展示；抽样位置保留于本地审计。,未核实
axnet.me,2026-09-15,其他常见选择,页面内容不足,未同时达到正文160字符且（description≥40字符或非通用H1≥8字符）,,not_checked,https://axnet.me/,,,,独立后缀与名称通道：其他常见选择（.me）；短缩写探索；固定哈希次序第315名，组实际配额600。未要求命中行业词根；名称线索不是意义或机会确认。,未核实
tuofertafinal.co,2026-08-31,其他常见选择,未取得可用页面,当前未取得可用HTTPS页面：network_error,,not_checked,https://tuofertafinal.co/,,,,独立后缀与名称通道：其他常见选择（.co）；可读字符形态探索；固定哈希次序第316名，组实际配额600。未要求命中行业词根；名称线索不是意义或机会确认。,未核实
cipherq.co,2026-09-10,其他常见选择,注册时间未核实,页面有内容，但RDAP未取得有效且位于窗口内的registration事件,,unknown,https://cipherq.co/,CipherQ — Post-Quantum Cryptographic Intelligence CipherQ,,The quantum threat is not coming. It is already here.,独立后缀与名称通道：其他常见选择（.co）；可读字符形态探索；固定哈希次序第317名，组实际配额600。未要求命中行业词根；名称线索不是意义或机会确认。,未核实
pastibet88.co,2026-09-12,其他常见选择,未取得可用页面,当前未取得可用HTTPS页面：network_error,,not_checked,https://pastibet88.co/,,,,独立后缀与名称通道：其他常见选择（.co）；少量数字名称探索；固定哈希次序第318名，组实际配额600。未要求命中行业词根；名称线索不是意义或机会确认。,未核实
system-datenschutz.me,2026-09-07,其他常见选择,未取得可用页面,当前未取得可用HTTPS页面：network_error,,not_checked,https://system-datenschutz.me/,,,,独立后缀与名称通道：其他常见选择（.me）；可读字符形态探索；固定哈希次序第319名，组实际配额600。未要求命中行业词根；名称线索不是意义或机会确认。,未核实
promogiftsconnect.co,2026-09-19,其他常见选择,注册时间未核实,页面有内容，但RDAP未取得有效且位于窗口内的registration事件,,unknown,https://promogiftsconnect.co/,Incentive Solutions-Promotional Products and Marketing That Works! - Home,"Incentive Solutions, Inc.. Best selection of promotional items, apparel and corporate gifts. Let us earn your business with our 1st class service and low prices. Your complete home for all of your promotional product needs.",Looking for awards and promotional products?,独立后缀与名称通道：其他常见选择（.co）；可读字符形态探索；固定哈希次序第320名，组实际配额600。未要求命中行业词根；名称线索不是意义或机会确认。,未核实
edingfa3.co,2026-09-15,其他常见选择,未取得可用页面,当前未取得可用HTTPS页面：blocked_url,,not_checked,https://edingfa3.co:9900/,,,,独立后缀与名称通道：其他常见选择（.co）；少量数字名称探索；固定哈希次序第321名，组实际配额600。未要求命中行业词根；名称线索不是意义或机会确认。,未核实
learninggrove.co,2026-09-06,其他常见选择,未取得可用页面,当前未取得可用HTTPS页面：network_error,,not_checked,https://learninggrove.co/,,,,独立后缀与名称通道：其他常见选择（.co）；通用词典完整分词；固定哈希次序第322名，组实际配额600。未要求命中行业词根；名称线索不是意义或机会确认。,未核实
alenity.me,2026-09-19,其他常见选择,未取得可用页面,当前未取得可用HTTPS页面：network_error,,not_checked,https://alenity.me/,,,,独立后缀与名称通道：其他常见选择（.me）；可读字符形态探索；固定哈希次序第323名，组实际配额600。未要求命中行业词根；名称线索不是意义或机会确认。,未核实
grandgateworks.co,2026-08-29,其他常见选择,未取得可用页面,当前未取得可用HTTPS页面：network_error,,not_checked,https://grandgateworks.co/,,,,独立后缀与名称通道：其他常见选择（.co）；通用词典完整分词；固定哈希次序第324名，组实际配额600。未要求命中行业词根；名称线索不是意义或机会确认。,未核实
kaiyqprogbha69.cc,2026-09-19,其他常见选择,未取得可用页面,当前未取得可用HTTPS页面：network_error,,not_checked,https://kaiyqprogbha69.cc/,,,,独立后缀与名称通道：其他常见选择（.cc）；少量数字名称探索；固定哈希次序第325名，组实际配额600。未要求命中行业词根；名称线索不是意义或机会确认。,未核实
entrustlink.co,2026-09-25,其他常见选择,未取得可用页面,当前未取得可用HTTPS页面：network_error,,not_checked,https://entrustlink.co/,,,,独立后缀与名称通道：其他常见选择（.co）；通用词典完整分词；固定哈希次序第326名，组实际配额600。未要求命中行业词根；名称线索不是意义或机会确认。,未核实
隔离记录-a3a6293f43bc,2026-09-23,其他常见选择,近期注册且有内容,本轮暂跳过成人与博彩内容；此项不改变页面是否存在的事实判定。,2026-09-21T04:00:43Z,verified_recent,,已移出本轮研究范围,,,名称与原文不在公开工作台展示；抽样位置保留于本地审计。,未核实
隔离记录-0448ce221fba,2026-09-20,其他常见选择,注册时间未核实,公开展示暂隔离，原始技术判定保留。,,unknown,,已移出本轮研究范围,,,名称与原文不在公开工作台展示；抽样位置保留于本地审计。,未核实
morunia.cc,2026-09-15,其他常见选择,近期注册且有内容,RDAP registration 位于近30天窗口；当前HTTPS页面通过实质内容规则,2026-09-12T11:36:31Z,verified_recent,https://morunia.cc/,morunia,,Analyse financière du marché,独立后缀与名称通道：其他常见选择（.cc）；可读字符形态探索；固定哈希次序第329名，组实际配额600。未要求命中行业词根；名称线索不是意义或机会确认。,未核实
premierelightingtraffic.co,2026-08-28,其他常见选择,页面内容不足,未同时达到正文160字符且（description≥40字符或非通用H1≥8字符）,,not_checked,https://premierelightingtraffic.co/,,,,独立后缀与名称通道：其他常见选择（.co）；通用词典完整分词；固定哈希次序第330名，组实际配额600。未要求命中行业词根；名称线索不是意义或机会确认。,未核实
emasi.com.co,2026-09-13,其他常见选择,注册时间未核实,页面有内容，但RDAP未取得有效且位于窗口内的registration事件,,unknown,https://emasi.com.co/,Sunwin: Trải nghiệm cá cược châu Âu chất lượng cao tại Việt Nam Expand Toggle Menu Scroll to top Scroll to top Expand,"Khám phá Sunwin, nền tảng cá cược châu Âu hàng đầu với giấy phép Isle of Man, mang đến trải nghiệm an toàn cho người chơi Việt Nam.",[Sunwin] ⭐ Trang Chủ Sunwin com〖X3 Nạp Đầu〗〖Húp 20 Triệu〗,独立后缀与名称通道：其他常见选择（.co）；短缩写探索；固定哈希次序第331名，组实际配额600。未要求命中行业词根；名称线索不是意义或机会确认。,未核实
siwalima.co,2026-09-14,其他常见选择,未取得可用页面,当前未取得可用HTTPS页面：http_error,,not_checked,https://siwalima.co/,,,,独立后缀与名称通道：其他常见选择（.co）；可读字符形态探索；固定哈希次序第332名，组实际配额600。未要求命中行业词根；名称线索不是意义或机会确认。,未核实
handsoflove.co,2026-09-21,其他常见选择,页面内容不足,未同时达到正文160字符且（description≥40字符或非通用H1≥8字符）,,not_checked,https://handsoflove.co/,,,,独立后缀与名称通道：其他常见选择（.co）；可读字符形态探索；固定哈希次序第333名，组实际配额600。未要求命中行业词根；名称线索不是意义或机会确认。,未核实
cenova.co,2026-09-07,其他常见选择,页面内容不足,未同时达到正文160字符且（description≥40字符或非通用H1≥8字符）,,not_checked,https://cenova.co/,,,,独立后缀与名称通道：其他常见选择（.co）；可读字符形态探索；固定哈希次序第334名，组实际配额600。未要求命中行业词根；名称线索不是意义或机会确认。,未核实
jutemarerise.co,2026-09-25,其他常见选择,未取得可用页面,当前未取得可用HTTPS页面：network_error,,not_checked,https://jutemarerise.co/,,,,独立后缀与名称通道：其他常见选择（.co）；通用词典完整分词；固定哈希次序第335名，组实际配额600。未要求命中行业词根；名称线索不是意义或机会确认。,未核实
eesveikatia.me,2026-09-03,其他常见选择,页面内容不足,未同时达到正文160字符且（description≥40字符或非通用H1≥8字符）,,not_checked,https://eesveikatia.me/,Лендинг,,,独立后缀与名称通道：其他常见选择（.me）；可读字符形态探索；固定哈希次序第336名，组实际配额600。未要求命中行业词根；名称线索不是意义或机会确认。,未核实
liaowenting.me,2026-09-17,其他常见选择,注册时间未核实,页面有内容，但RDAP未取得有效且位于窗口内的registration事件,,unknown,https://liaowenting.me/,WENTING — 进入我的创作宇宙,廖文婷的创作宇宙。一段跟随滚动展开的立体设计旅程，探索 UI、UX、数字产品与角色创作。,STAY CURIOUS.,独立后缀与名称通道：其他常见选择（.me）；可读字符形态探索；固定哈希次序第337名，组实际配额600。未要求命中行业词根；名称线索不是意义或机会确认。,未核实
j1gts4g.cc,2026-09-05,其他常见选择,页面内容不足,未同时达到正文160字符且（description≥40字符或非通用H1≥8字符）,,not_checked,https://j1gts4g.cc/,,,,独立后缀与名称通道：其他常见选择（.cc）；少量数字名称探索；固定哈希次序第338名，组实际配额600。未要求命中行业词根；名称线索不是意义或机会确认。,未核实
funtrainer.me,2026-08-27,其他常见选择,注册时间未核实,页面有内容，但RDAP未取得有效且位于窗口内的registration事件,,unknown,https://funtrainer.me/,FunTrainer — донат-магазин,"Купить донат на сервере FunTrainer: привилегии, кейсы и предметы с моментальной выдачей в игре.",FUNTRAINER,独立后缀与名称通道：其他常见选择（.me）；通用词典完整分词；固定哈希次序第339名，组实际配额600。未要求命中行业词根；名称线索不是意义或机会确认。,未核实
3an4hef.cc,2026-08-29,其他常见选择,未取得可用页面,当前未取得可用HTTPS页面：network_error,,not_checked,https://3an4hef.cc/,,,,独立后缀与名称通道：其他常见选择（.cc）；少量数字名称探索；固定哈希次序第340名，组实际配额600。未要求命中行业词根；名称线索不是意义或机会确认。,未核实
pether.co,2026-09-18,其他常见选择,页面内容不足,未同时达到正文160字符且（description≥40字符或非通用H1≥8字符）,,not_checked,https://pether.co/,,,,独立后缀与名称通道：其他常见选择（.co）；通用词典完整分词；固定哈希次序第341名，组实际配额600。未要求命中行业词根；名称线索不是意义或机会确认。,未核实
隔离记录-8aad66cb0b16,2026-09-19,其他常见选择,近期注册且有内容,本轮暂跳过成人与博彩内容；此项不改变页面是否存在的事实判定。,2026-09-04T04:09:11Z,verified_recent,,已移出本轮研究范围,,,名称与原文不在公开工作台展示；抽样位置保留于本地审计。,未核实
pupflow.co,2026-09-01,其他常见选择,注册时间未核实,页面有内容，但RDAP未取得有效且位于窗口内的registration事件,,unknown,https://pupflow.co/,My Store — Travel Gear for Dog Owners,"Premium travel gear for dogs and their owners. Collars, carriers, car covers, GPS trackers and more — built for adventure.",Every Trip. With Your Dog.,独立后缀与名称通道：其他常见选择（.co）；通用词典完整分词；固定哈希次序第343名，组实际配额600。未要求命中行业词根；名称线索不是意义或机会确认。,未核实
snackless.co,2026-09-07,其他常见选择,未取得可用页面,当前未取得可用HTTPS页面：http_error,,not_checked,https://snackless.co/,,,,独立后缀与名称通道：其他常见选择（.co）；通用词典完整分词；固定哈希次序第344名，组实际配额600。未要求命中行业词根；名称线索不是意义或机会确认。,未核实
tripa.cc,2026-08-31,其他常见选择,页面内容不足,未同时达到正文160字符且（description≥40字符或非通用H1≥8字符）,,not_checked,https://tripa.cc/index/user/login.html,login - TRIP Booking Hotel,TRIP Booking Hotel - login,,独立后缀与名称通道：其他常见选择（.cc）；短缩写探索；固定哈希次序第345名，组实际配额600。未要求命中行业词根；名称线索不是意义或机会确认。,未核实
daytrader.cc,2026-09-05,其他常见选择,未取得可用页面,当前未取得可用HTTPS页面：network_error,,not_checked,https://daytrader.cc/,,,,独立后缀与名称通道：其他常见选择（.cc）；通用词典完整分词；固定哈希次序第346名，组实际配额600。未要求命中行业词根；名称线索不是意义或机会确认。,未核实
hsidv.cc,2026-09-19,其他常见选择,未取得可用页面,当前未取得可用HTTPS页面：too_large,,not_checked,https://hsidv.cc/,,,,独立后缀与名称通道：其他常见选择（.cc）；短缩写探索；固定哈希次序第347名，组实际配额600。未要求命中行业词根；名称线索不是意义或机会确认。,未核实
canadiandemo.co,2026-09-24,其他常见选择,注册时间未核实,页面有内容，但RDAP未取得有效且位于窗口内的registration事件,,unknown,https://canadiandemo.co/,Canadian Excavating | Demolition & Excavation Contractors,"Family-run excavation, demolition & site prep contractor serving Richmond & Metro Vancouver. Honest work, no shortcuts. Call for a free quote.","Excavation & demolition, done right.",独立后缀与名称通道：其他常见选择（.co）；可读字符形态探索；固定哈希次序第348名，组实际配额600。未要求命中行业词根；名称线索不是意义或机会确认。,未核实
cke2xtxa5k.cc,2026-09-09,其他常见选择,未取得可用页面,当前未取得可用HTTPS页面：network_error,,not_checked,https://cke2xtxa5k.cc/,,,,独立后缀与名称通道：其他常见选择（.cc）；少量数字名称探索；固定哈希次序第349名，组实际配额600。未要求命中行业词根；名称线索不是意义或机会确认。,未核实
隔离记录-2e591a5bd369,2026-09-19,其他常见选择,近期注册且有内容,本轮暂跳过成人与博彩内容；此项不改变页面是否存在的事实判定。,2026-09-09T03:02:50Z,verified_recent,,已移出本轮研究范围,,,名称与原文不在公开工作台展示；抽样位置保留于本地审计。,未核实
conciergo.co,2026-09-19,其他常见选择,页面内容不足,未同时达到正文160字符且（description≥40字符或非通用H1≥8字符）,,not_checked,https://conciergo.co/,,,,独立后缀与名称通道：其他常见选择（.co）；可读字符形态探索；固定哈希次序第351名，组实际配额600。未要求命中行业词根；名称线索不是意义或机会确认。,未核实
scrufex.cc,2026-08-29,其他常见选择,未取得可用页面,当前未取得可用HTTPS页面：network_error,,not_checked,https://scrufex.cc/,,,,独立后缀与名称通道：其他常见选择（.cc）；可读字符形态探索；固定哈希次序第352名，组实际配额600。未要求命中行业词根；名称线索不是意义或机会确认。,未核实
goirongateconsulting.co,2026-09-14,其他常见选择,注册时间未核实,页面有内容，但RDAP未取得有效且位于窗口内的registration事件,,unknown,https://goirongateconsulting.co/,IronGate,,Unlock Hidden Capital in Your Business,独立后缀与名称通道：其他常见选择（.co）；通用词典完整分词；固定哈希次序第353名，组实际配额600。未要求命中行业词根；名称线索不是意义或机会确认。,未核实
movvi.com.co,2026-09-04,其他常见选择,未取得可用页面,当前未取得可用HTTPS页面：http_error,,not_checked,https://movvi.com.co/,,,,独立后缀与名称通道：其他常见选择（.co）；短缩写探索；固定哈希次序第354名，组实际配额600。未要求命中行业词根；名称线索不是意义或机会确认。,未核实
kaisei.me,2026-09-04,其他常见选择,停放或未正式开放,标题/H1/description 或域名式标题对应的正文开头命中停放/未开放标记：under construction,,not_checked,https://kaisei.me/,Coming Soon,,kaisei.me,独立后缀与名称通道：其他常见选择（.me）；可读字符形态探索；固定哈希次序第355名，组实际配额600。未要求命中行业词根；名称线索不是意义或机会确认。,未核实
origenix.com.co,2026-09-03,其他常见选择,注册时间未核实,页面有内容，但RDAP未取得有效且位于窗口内的registration事件,,unknown,https://origenix.com.co/,"ORIGENIX | Geociencias, ingeniería y ciencias ambientales","ORIGENIX Ingeniería y Consultoría S.A.S. — geociencias, ingeniería y ciencias ambientales.",La ciencia genera conocimiento. La ingeniería crea soluciones.,独立后缀与名称通道：其他常见选择（.co）；可读字符形态探索；固定哈希次序第356名，组实际配额600。未要求命中行业词根；名称线索不是意义或机会确认。,未核实
隔离记录-21aa86a48c41,2026-09-15,其他常见选择,页面内容不足,本轮暂跳过成人与博彩内容；此项不改变页面是否存在的事实判定。,2026-09-12T08:23:17Z,verified_recent,,已移出本轮研究范围,,,名称与原文不在公开工作台展示；抽样位置保留于本地审计。,未核实
teacherlab.me,2026-08-27,其他常见选择,未取得可用页面,当前未取得可用HTTPS页面：too_large,,not_checked,https://teacherlab.me/,,,,独立后缀与名称通道：其他常见选择（.me）；通用词典完整分词；固定哈希次序第358名，组实际配额600。未要求命中行业词根；名称线索不是意义或机会确认。,未核实
ritikyadav.me,2026-09-10,其他常见选择,注册时间未核实,页面有内容，但RDAP未取得有效且位于窗口内的registration事件,,unknown,https://www.ritikyadav.me/,Ritik Yadav | Software Development Engineer (SDE) & Real-Time Systems Architect,"Portfolio of Ritik Yadav - Software Development Engineer (SDE) at ClearMind (Ex-AlphaQuark). Architecting low-latency trading engines (<40ms), FastAPI, Redis, WebSockets, React Native, and AI memory engines.",Software Development Engineer & Systems Architect,独立后缀与名称通道：其他常见选择（.me）；可读字符形态探索；固定哈希次序第359名，组实际配额600。未要求命中行业词根；名称线索不是意义或机会确认。,未核实
wingfall.co,2026-09-14,其他常见选择,注册时间未核实,页面有内容，但RDAP未取得有效且位于窗口内的registration事件,,unknown,https://wingfall.co/,wingfall.co,,Launching Soon;Launching Soon,独立后缀与名称通道：其他常见选择（.co）；通用词典完整分词；固定哈希次序第360名，组实际配额600。未要求命中行业词根；名称线索不是意义或机会确认。,未核实
filmstrip.me,2026-09-05,其他常见选择,未取得可用页面,当前未取得可用HTTPS页面：network_error,,not_checked,http://ww38.filmstrip.me/,,,,独立后缀与名称通道：其他常见选择（.me）；通用词典完整分词；固定哈希次序第361名，组实际配额600。未要求命中行业词根；名称线索不是意义或机会确认。,未核实
benefitscoverage.co,2026-09-20,其他常见选择,未取得可用页面,当前未取得可用HTTPS页面：network_error,,not_checked,https://benefitscoverage.co/,,,,独立后缀与名称通道：其他常见选择（.co）；通用词典完整分词；固定哈希次序第362名，组实际配额600。未要求命中行业词根；名称线索不是意义或机会确认。,未核实
tavgrin.cc,2026-09-21,其他常见选择,未取得可用页面,当前未取得可用HTTPS页面：too_large,,not_checked,https://tavgrin.cc/,,,,独立后缀与名称通道：其他常见选择（.cc）；通用词典完整分词；固定哈希次序第363名，组实际配额600。未要求命中行业词根；名称线索不是意义或机会确认。,未核实
jpweb.me,2026-09-16,其他常见选择,页面内容不足,未同时达到正文160字符且（description≥40字符或非通用H1≥8字符）,,not_checked,https://jpweb.me/,,,,独立后缀与名称通道：其他常见选择（.me）；短缩写探索；固定哈希次序第364名，组实际配额600。未要求命中行业词根；名称线索不是意义或机会确认。,未核实
marketorbit.co,2026-09-19,其他常见选择,未取得可用页面,当前未取得可用HTTPS页面：network_error,,not_checked,https://marketorbit.co/,,,,独立后缀与名称通道：其他常见选择（.co）；通用词典完整分词；固定哈希次序第365名，组实际配额600。未要求命中行业词根；名称线索不是意义或机会确认。,未核实
pnxuum.cc,2026-09-04,其他常见选择,页面内容不足,未同时达到正文160字符且（description≥40字符或非通用H1≥8字符）,,not_checked,https://pnxuum.cc/,Welcome,,,独立后缀与名称通道：其他常见选择（.cc）；可读字符形态探索；固定哈希次序第366名，组实际配额600。未要求命中行业词根；名称线索不是意义或机会确认。,未核实
ezehviewe.cc,2026-09-23,其他常见选择,未取得可用页面,当前未取得可用HTTPS页面：network_error,,not_checked,https://ezehviewe.cc/,,,,独立后缀与名称通道：其他常见选择（.cc）；可读字符形态探索；固定哈希次序第367名，组实际配额600。未要求命中行业词根；名称线索不是意义或机会确认。,未核实
stvc.cc,2026-09-02,其他常见选择,未取得可用页面,当前未取得可用HTTPS页面：network_error,,not_checked,https://stvc.cc/,,,,独立后缀与名称通道：其他常见选择（.cc）；短缩写探索；固定哈希次序第368名，组实际配额600。未要求命中行业词根；名称线索不是意义或机会确认。,未核实
freeling.co,2026-09-19,其他常见选择,页面内容不足,未同时达到正文160字符且（description≥40字符或非通用H1≥8字符）,,not_checked,https://freeling.co/,,,,独立后缀与名称通道：其他常见选择（.co）；通用词典完整分词；固定哈希次序第369名，组实际配额600。未要求命中行业词根；名称线索不是意义或机会确认。,未核实
hhtv9.cc,2026-09-05,其他常见选择,未取得可用页面,当前未取得可用HTTPS页面：network_error,,not_checked,https://hhtv9.cc/,,,,独立后缀与名称通道：其他常见选择（.cc）；少量数字名称探索；固定哈希次序第370名，组实际配额600。未要求命中行业词根；名称线索不是意义或机会确认。,未核实
oravion.cc,2026-09-21,其他常见选择,页面内容不足,未同时达到正文160字符且（description≥40字符或非通用H1≥8字符）,,not_checked,https://oravion.cc/,IM Chat,,,独立后缀与名称通道：其他常见选择（.cc）；可读字符形态探索；固定哈希次序第371名，组实际配额600。未要求命中行业词根；名称线索不是意义或机会确认。,未核实
macaujcs.cc,2026-09-21,其他常见选择,页面内容不足,未同时达到正文160字符且（description≥40字符或非通用H1≥8字符）,,not_checked,https://macaujcs.cc/,澳门六合彩官方网站,,,独立后缀与名称通道：其他常见选择（.cc）；可读字符形态探索；固定哈希次序第372名，组实际配额600。未要求命中行业词根；名称线索不是意义或机会确认。,未核实
kashflow.me,2026-09-06,其他常见选择,注册时间未核实,页面有内容，但RDAP未取得有效且位于窗口内的registration事件,,unknown,https://kashflow.me/,KashFlow — Gestion tout-en-un pour freelances africains,"L'outil de gestion pensé pour les freelances africains : devis, factures, projets, prospects et paiements Mobile Money (Orange Money & MTN MoMo). Projet étudiant camerounais. Version bêta : 10 places gratuites.",Ton talent mérite d'être payé. Nous gérons le reste.,独立后缀与名称通道：其他常见选择（.me）；可读字符形态探索；固定哈希次序第373名，组实际配额600。未要求命中行业词根；名称线索不是意义或机会确认。,未核实
lukepopler.me,2026-09-06,其他常见选择,注册时间未核实,页面有内容，但RDAP未取得有效且位于窗口内的registration事件,,unknown,https://lukepopler.me/,Luke Popler,"Luke Popler: IB Diploma Candidate, ASB Director of Technology, Cross Country/Track captain, and 3D printing club founder at Sequoia High School.",Luke Popler,独立后缀与名称通道：其他常见选择（.me）；通用词典完整分词；固定哈希次序第374名，组实际配额600。未要求命中行业词根；名称线索不是意义或机会确认。,未核实
logiagkcal.eu.cc,2026-09-17,其他常见选择,未取得可用页面,当前未取得可用HTTPS页面：network_error,,not_checked,https://logiagkcal.eu.cc/,,,,独立后缀与名称通道：其他常见选择（.cc）；可读字符形态探索；固定哈希次序第375名，组实际配额600。未要求命中行业词根；名称线索不是意义或机会确认。,未核实
funeralgruop.co,2026-08-31,其他常见选择,注册时间未核实,页面有内容，但RDAP未取得有效且位于窗口内的registration事件,,unknown,https://funeralgruop.co/,funeralgruop.co,,‌‌Próximo lanzamiento;‌‌Próximo lanzamiento,独立后缀与名称通道：其他常见选择（.co）；可读字符形态探索；固定哈希次序第376名，组实际配额600。未要求命中行业词根；名称线索不是意义或机会确认。,未核实
bennco.co,2026-09-23,其他常见选择,页面内容不足,未同时达到正文160字符且（description≥40字符或非通用H1≥8字符）,,not_checked,https://bennco.co/,,,,独立后缀与名称通道：其他常见选择（.co）；可读字符形态探索；固定哈希次序第377名，组实际配额600。未要求命中行业词根；名称线索不是意义或机会确认。,未核实
weboradesign.co,2026-09-15,其他常见选择,注册时间未核实,页面有内容，但RDAP未取得有效且位于窗口内的registration事件,,unknown,https://weboradesign.co/,Webora Design | UK Website Design & Development,"Webora Design builds bespoke websites for UK businesses. Explore our £400 business website package, redesigns, ecommerce and booking journeys.",Webora Design · UK websites. A first impression. Worth remembering.,独立后缀与名称通道：其他常见选择（.co）；通用词典完整分词；固定哈希次序第378名，组实际配额600。未要求命中行业词根；名称线索不是意义或机会确认。,未核实
vawhamoz.co,2026-09-13,其他常见选择,未取得可用页面,当前未取得可用HTTPS页面：http_error,,not_checked,https://vawhamoz.co/,,,,独立后缀与名称通道：其他常见选择（.co）；可读字符形态探索；固定哈希次序第379名，组实际配额600。未要求命中行业词根；名称线索不是意义或机会确认。,未核实
new-york.tv,2026-09-05,其他常见选择,未取得可用页面,当前未取得可用HTTPS页面：network_error,,not_checked,https://new-york.tv/,,,,独立后缀与名称通道：其他常见选择（.tv）；通用词典完整分词；固定哈希次序第380名，组实际配额600。未要求命中行业词根；名称线索不是意义或机会确认。,未核实
隔离记录-3c531c2f5cbd,2026-09-05,其他常见选择,注册超过30天,公开展示暂隔离，原始技术判定保留。,2026-08-22T11:58:12Z,verified_old,,已移出本轮研究范围,,,名称与原文不在公开工作台展示；抽样位置保留于本地审计。,未核实
k2marketing.co,2026-09-19,其他常见选择,页面内容不足,未同时达到正文160字符且（description≥40字符或非通用H1≥8字符）,,not_checked,https://k2marketing.co/,,,,独立后缀与名称通道：其他常见选择（.co）；少量数字名称探索；固定哈希次序第382名，组实际配额600。未要求命中行业词根；名称线索不是意义或机会确认。,未核实
sherconsulting.co,2026-09-04,其他常见选择,注册时间未核实,页面有内容，但RDAP未取得有效且位于窗口内的registration事件,,unknown,https://www.sherconsulting.co/,Sher Consulting,"Sher Consulting is a Los Angeles firm offering executive search, organizational development, and recruitment strategy tailored to your organization.","Search and strategy, tailored to your organization.",独立后缀与名称通道：其他常见选择（.co）；通用词典完整分词；固定哈希次序第383名，组实际配额600。未要求命中行业词根；名称线索不是意义或机会确认。,未核实
gofilmywap.us.cc,2026-09-20,其他常见选择,页面内容不足,未同时达到正文160字符且（description≥40字符或非通用H1≥8字符）,,not_checked,https://gofilmywap.us.cc/,Filmy4Wap,Stream and download movies and TV shows with real-time direct link extraction.,,独立后缀与名称通道：其他常见选择（.cc）；可读字符形态探索；固定哈希次序第384名，组实际配额600。未要求命中行业词根；名称线索不是意义或机会确认。,未核实
descontoestudante.me,2026-09-14,其他常见选择,注册时间未核实,页面有内容，但RDAP未取得有效且位于窗口内的registration事件,,unknown,https://www.descontoestudante.me/,"Quentou! Ofertas, promoções e cupons","Ofertas, promoções e cupons compartilhados pela comunidade para você economizar nas melhores lojas do Brasil.",Oferta boa não espera.,独立后缀与名称通道：其他常见选择（.me）；可读字符形态探索；固定哈希次序第385名，组实际配额600。未要求命中行业词根；名称线索不是意义或机会确认。,未核实
mdekivrq.cc,2026-09-06,其他常见选择,未取得可用页面,当前未取得可用HTTPS页面：network_error,,not_checked,https://mdekivrq.cc/,,,,独立后缀与名称通道：其他常见选择（.cc）；可读字符形态探索；固定哈希次序第386名，组实际配额600。未要求命中行业词根；名称线索不是意义或机会确认。,未核实
caloris.co,2026-09-21,其他常见选择,页面内容不足,未同时达到正文160字符且（description≥40字符或非通用H1≥8字符）,,not_checked,https://caloris.co/,,,,独立后缀与名称通道：其他常见选择（.co）；通用词典完整分词；固定哈希次序第387名，组实际配额600。未要求命中行业词根；名称线索不是意义或机会确认。,未核实
comexamerica.com.co,2026-09-06,其他常见选择,页面内容不足,未同时达到正文160字符且（description≥40字符或非通用H1≥8字符）,,not_checked,https://comexamerica.com.co/,Parked Domain name on Hostinger DNS system,,,独立后缀与名称通道：其他常见选择（.co）；可读字符形态探索；固定哈希次序第388名，组实际配额600。未要求命中行业词根；名称线索不是意义或机会确认。,未核实
joemethemoney.me,2026-09-21,其他常见选择,未取得可用页面,当前未取得可用HTTPS页面：http_error,,not_checked,https://joemethemoney.me/,,,,独立后缀与名称通道：其他常见选择（.me）；可读字符形态探索；固定哈希次序第389名，组实际配额600。未要求命中行业词根；名称线索不是意义或机会确认。,未核实
ta2zponsxg.cc,2026-09-12,其他常见选择,页面内容不足,未同时达到正文160字符且（description≥40字符或非通用H1≥8字符）,,not_checked,https://ta2zponsxg.cc/,,,,独立后缀与名称通道：其他常见选择（.cc）；少量数字名称探索；固定哈希次序第390名，组实际配额600。未要求命中行业词根；名称线索不是意义或机会确认。,未核实
ahmedessama.me,2026-09-15,其他常见选择,注册时间未核实,页面有内容，但RDAP未取得有效且位于窗口内的registration事件,,unknown,https://ahmedessama.me/,Ahmed Essam — Flutter Developer & Mobile Architect,"From bold ideas to launch-ready products, I build mobile experiences that look exceptional, feel effortless, and perform at scale across iOS and Android.",Flutter Developer,独立后缀与名称通道：其他常见选择（.me）；通用词典完整分词；固定哈希次序第391名，组实际配额600。未要求命中行业词根；名称线索不是意义或机会确认。,未核实
jonathancapfounder.me,2026-09-15,其他常见选择,未取得可用页面,当前未取得可用HTTPS页面：network_error,,not_checked,https://jonathancapfounder.me/,,,,独立后缀与名称通道：其他常见选择（.me）；通用词典完整分词；固定哈希次序第392名，组实际配额600。未要求命中行业词根；名称线索不是意义或机会确认。,未核实
tqouwfvimg.cc,2026-09-23,其他常见选择,未取得可用页面,当前未取得可用HTTPS页面：network_error,,not_checked,https://tqouwfvimg.cc/,,,,独立后缀与名称通道：其他常见选择（.cc）；可读字符形态探索；固定哈希次序第393名，组实际配额600。未要求命中行业词根；名称线索不是意义或机会确认。,未核实
kigaru.me,2026-09-04,其他常见选择,注册时间未核实,页面有内容，但RDAP未取得有效且位于窗口内的registration事件,,unknown,https://kigaru.me/,KIGARU — 覚えておくのを、やめる。,会議で交わした約束を、Notionの議事録から自動で拾い、片付くまで追いかける。毎朝1通とボードで、今日やることと相手待ちが一目で分かります。,覚えておくのを、やめる。,独立后缀与名称通道：其他常见选择（.me）；可读字符形态探索；固定哈希次序第394名，组实际配额600。未要求命中行业词根；名称线索不是意义或机会确认。,未核实
sbobetmain.me,2026-09-15,其他常见选择,未取得可用页面,当前未取得可用HTTPS页面：network_error,,not_checked,https://sbobetmain.me/,,,,独立后缀与名称通道：其他常见选择（.me）；可读字符形态探索；固定哈希次序第395名，组实际配额600。未要求命中行业词根；名称线索不是意义或机会确认。,未核实
rechoshift.co,2026-09-21,其他常见选择,注册时间未核实,页面有内容，但RDAP未取得有效且位于窗口内的registration事件,,unknown,https://rechoshift.co/,Security check,,Confirm you are human,独立后缀与名称通道：其他常见选择（.co）；可读字符形态探索；固定哈希次序第396名，组实际配额600。未要求命中行业词根；名称线索不是意义或机会确认。,未核实
healthbrain.co,2026-09-19,其他常见选择,未取得可用页面,当前未取得可用HTTPS页面：network_error,,not_checked,https://healthbrain.co/,,,,独立后缀与名称通道：其他常见选择（.co）；通用词典完整分词；固定哈希次序第397名，组实际配额600。未要求命中行业词根；名称线索不是意义或机会确认。,未核实
helloturn.co,2026-08-28,其他常见选择,未取得可用页面,当前未取得可用HTTPS页面：network_error,,not_checked,https://helloturn.co/,,,,独立后缀与名称通道：其他常见选择（.co）；通用词典完整分词；固定哈希次序第398名，组实际配额600。未要求命中行业词根；名称线索不是意义或机会确认。,未核实
49mnl.cc,2026-09-08,其他常见选择,页面内容不足,未同时达到正文160字符且（description≥40字符或非通用H1≥8字符）,,not_checked,https://49mnl.cc/,正在载入中,,,独立后缀与名称通道：其他常见选择（.cc）；少量数字名称探索；固定哈希次序第399名，组实际配额600。未要求命中行业词根；名称线索不是意义或机会确认。,未核实
segurosalianza.com.co,2026-09-25,其他常见选择,注册时间未核实,页面有内容，但RDAP未取得有效且位于窗口内的registration事件,,unknown,https://segurosalianza.com.co/,Alianza Seguros — Agencia de seguros en Colombia,"Alianza Seguros — agencia de seguros con 16 años de trayectoria. Seguro de autos todo riesgo, seguro de vida, seguro para hogar y seguro exequial familiar en Colombia. Cotización gratuita, sin compromiso.","Cuando tú no estés, seguiremos con los tuyos.",独立后缀与名称通道：其他常见选择（.co）；可读字符形态探索；固定哈希次序第400名，组实际配额600。未要求命中行业词根；名称线索不是意义或机会确认。,未核实
mediagong.tv,2026-09-19,其他常见选择,注册超过30天,RDAP registration 早于固定30天窗口,2021-08-25T16:04:20Z,verified_old,https://mediagong.tv/,Accueil - MediaGong,"Mediagong TV Retrouvez les interviews de vos personnalités préférées Artistes, sportifs, hommes d'affaires... Ils ont tous des parcours incroyables et sont là pour partager leur expérience avec nous ! Toutes nos interviews Toutes nos présentations d'entreprises Nos dernières interviews Ils sont talentueux, généreux, ont le sens des affaires... et ils ont acceptés de nous répondre.",Mediagong TV,独立后缀与名称通道：其他常见选择（.tv）；通用词典完整分词；固定哈希次序第401名，组实际配额600。未要求命中行业词根；名称线索不是意义或机会确认。,未核实
隔离记录-b2cddfd6c2c1,2026-09-21,其他常见选择,注册时间未核实,公开展示暂隔离，原始技术判定保留。,,unknown,,已移出本轮研究范围,,,名称与原文不在公开工作台展示；抽样位置保留于本地审计。,未核实
artaneadvisory.co,2026-09-10,其他常见选择,未取得可用页面,当前未取得可用HTTPS页面：network_error,,not_checked,https://artaneadvisory.co/,,,,独立后缀与名称通道：其他常见选择（.co）；可读字符形态探索；固定哈希次序第403名，组实际配额600。未要求命中行业词根；名称线索不是意义或机会确认。,未核实
koyoze.me,2026-09-01,其他常见选择,页面内容不足,未同时达到正文160字符且（description≥40字符或非通用H1≥8字符）,,not_checked,https://koyoze.me/,koangusko.github.io | 宥澤 柯,,宥澤 柯;koangusko.github.io,独立后缀与名称通道：其他常见选择（.me）；可读字符形态探索；固定哈希次序第404名，组实际配额600。未要求命中行业词根；名称线索不是意义或机会确认。,未核实
zaaac.cc,2026-09-16,其他常见选择,页面内容不足,未同时达到正文160字符且（description≥40字符或非通用H1≥8字符）,,not_checked,https://zaaac.cc/,,,,独立后缀与名称通道：其他常见选择（.cc）；短缩写探索；固定哈希次序第405名，组实际配额600。未要求命中行业词根；名称线索不是意义或机会确认。,未核实
gccventuregate.co,2026-09-02,其他常见选择,未取得可用页面,当前未取得可用HTTPS页面：network_error,,not_checked,https://gccventuregate.co/,,,,独立后缀与名称通道：其他常见选择（.co）；可读字符形态探索；固定哈希次序第406名，组实际配额600。未要求命中行业词根；名称线索不是意义或机会确认。,未核实
mflowthan.eu.cc,2026-09-10,其他常见选择,未取得可用页面,当前未取得可用HTTPS页面：http_error,,not_checked,https://mflowthan.eu.cc/,,,,独立后缀与名称通道：其他常见选择（.cc）；可读字符形态探索；固定哈希次序第407名，组实际配额600。未要求命中行业词根；名称线索不是意义或机会确认。,未核实
kandor.co,2026-09-05,其他常见选择,页面内容不足,未同时达到正文160字符且（description≥40字符或非通用H1≥8字符）,,not_checked,https://kandor.co/,,,,独立后缀与名称通道：其他常见选择（.co）；通用词典完整分词；固定哈希次序第408名，组实际配额600。未要求命中行业词根；名称线索不是意义或机会确认。,未核实
4north.tv,2026-09-10,其他常见选择,未取得可用页面,当前未取得可用HTTPS页面：network_error,,not_checked,https://4north.tv/,,,,独立后缀与名称通道：其他常见选择（.tv）；少量数字名称探索；固定哈希次序第409名，组实际配额600。未要求命中行业词根；名称线索不是意义或机会确认。,未核实
annvw.cc,2026-08-31,其他常见选择,未取得可用页面,当前未取得可用HTTPS页面：network_error,,not_checked,https://annvw.cc/,,,,独立后缀与名称通道：其他常见选择（.cc）；短缩写探索；固定哈希次序第410名，组实际配额600。未要求命中行业词根；名称线索不是意义或机会确认。,未核实
questforwonders.co,2026-08-29,其他常见选择,注册时间未核实,页面有内容，但RDAP未取得有效且位于窗口内的registration事件,,unknown,https://questforwonders.co/,Quest for Wonders,"Discover quest for wonders, a coming soon website launching soon with exciting online services. Stay tuned for updates!",Explore Nature's Hidden Wonders;Explore Nature's Hidden Wonders,独立后缀与名称通道：其他常见选择（.co）；可读字符形态探索；固定哈希次序第411名，组实际配额600。未要求命中行业词根；名称线索不是意义或机会确认。,未核实
隔离记录-29486a8d9391,2026-09-23,其他常见选择,近期注册且有内容,本轮暂跳过成人与博彩内容；此项不改变页面是否存在的事实判定。,2026-09-16T12:58:14Z,verified_recent,,已移出本轮研究范围,,,名称与原文不在公开工作台展示；抽样位置保留于本地审计。,未核实
隔离记录-56c7b403ac44,2026-09-13,其他常见选择,注册时间未核实,公开展示暂隔离，原始技术判定保留。,,unknown,,已移出本轮研究范围,,,名称与原文不在公开工作台展示；抽样位置保留于本地审计。,未核实
51mam.cc,2026-09-24,其他常见选择,未取得可用页面,当前未取得可用HTTPS页面：too_large,,not_checked,https://51mam.cc/,,,,独立后缀与名称通道：其他常见选择（.cc）；少量数字名称探索；固定哈希次序第414名，组实际配额600。未要求命中行业词根；名称线索不是意义或机会确认。,未核实
隔离记录-35c580f2173a,2026-09-05,其他常见选择,注册时间未核实,公开展示暂隔离，原始技术判定保留。,,unknown,,已移出本轮研究范围,,,名称与原文不在公开工作台展示；抽样位置保留于本地审计。,未核实
ebwtz.cc,2026-09-25,其他常见选择,未取得可用页面,当前未取得可用HTTPS页面：network_error,,not_checked,https://ebwtz.cc/,,,,独立后缀与名称通道：其他常见选择（.cc）；短缩写探索；固定哈希次序第416名，组实际配额600。未要求命中行业词根；名称线索不是意义或机会确认。,未核实
goosejunction.co,2026-09-22,其他常见选择,未取得可用页面,当前未取得可用HTTPS页面：http_error,,not_checked,https://goosejunction.co/,,,,独立后缀与名称通道：其他常见选择（.co）；通用词典完整分词；固定哈希次序第417名，组实际配额600。未要求命中行业词根；名称线索不是意义或机会确认。,未核实
rockaton.com.co,2026-08-28,其他常见选择,页面内容不足,未同时达到正文160字符且（description≥40字符或非通用H1≥8字符）,,not_checked,https://rockaton.com.co/,,,,独立后缀与名称通道：其他常见选择（.co）；可读字符形态探索；固定哈希次序第418名，组实际配额600。未要求命中行业词根；名称线索不是意义或机会确认。,未核实
oulight.eu.cc,2026-08-28,其他常见选择,未取得可用页面,当前未取得可用HTTPS页面：http_error,,not_checked,https://oulight.eu.cc/,,,,独立后缀与名称通道：其他常见选择（.cc）；可读字符形态探索；固定哈希次序第419名，组实际配额600。未要求命中行业词根；名称线索不是意义或机会确认。,未核实
隔离记录-5cf3319080c9,2026-09-16,其他常见选择,近期注册且有内容,本轮暂跳过成人与博彩内容；此项不改变页面是否存在的事实判定。,2026-08-28T04:29:14Z,verified_recent,,已移出本轮研究范围,,,名称与原文不在公开工作台展示；抽样位置保留于本地审计。,未核实
baitpanales.cc,2026-09-17,其他常见选择,未取得可用页面,当前未取得可用HTTPS页面：http_error,,not_checked,https://baitpanales.cc/,,,,独立后缀与名称通道：其他常见选择（.cc）；可读字符形态探索；固定哈希次序第421名，组实际配额600。未要求命中行业词根；名称线索不是意义或机会确认。,未核实
tasknova.co,2026-09-19,其他常见选择,页面内容不足,未同时达到正文160字符且（description≥40字符或非通用H1≥8字符）,,not_checked,https://tasknova.co/,,,,独立后缀与名称通道：其他常见选择（.co）；通用词典完整分词；固定哈希次序第422名，组实际配额600。未要求命中行业词根；名称线索不是意义或机会确认。,未核实
se5s.cc,2026-08-29,其他常见选择,页面内容不足,未同时达到正文160字符且（description≥40字符或非通用H1≥8字符）,,not_checked,https://7h1gjvh.cn2a.itpcad.com/?info=m15icykf8w0ry3ayq,,,,独立后缀与名称通道：其他常见选择（.cc）；少量数字名称探索；固定哈希次序第423名，组实际配额600。未要求命中行业词根；名称线索不是意义或机会确认。,未核实
lanehorizongroup.co,2026-08-28,其他常见选择,未取得可用页面,当前未取得可用HTTPS页面：network_error,,not_checked,https://lanehorizongroup.co/,,,,独立后缀与名称通道：其他常见选择（.co）；通用词典完整分词；固定哈希次序第424名，组实际配额600。未要求命中行业词根；名称线索不是意义或机会确认。,未核实
93qas.cc,2026-09-23,其他常见选择,页面内容不足,未同时达到正文160字符且（description≥40字符或非通用H1≥8字符）,,not_checked,https://jxoldad3.com/download?from=93qas.cc&_ts=%3D%3DgMyUSM4ATM4gTN5MDM5cTMyITJ,,🔥Win Big Easily | Online Games & Rewards🎁 Play easy games and win big rewards daily. Join the latest events now!📲,,独立后缀与名称通道：其他常见选择（.cc）；少量数字名称探索；固定哈希次序第425名，组实际配额600。未要求命中行业词根；名称线索不是意义或机会确认。,未核实
ned8egyj.cc,2026-09-24,其他常见选择,未取得可用页面,当前未取得可用HTTPS页面：network_error,,not_checked,https://ned8egyj.cc/,,,,独立后缀与名称通道：其他常见选择（.cc）；少量数字名称探索；固定哈希次序第426名，组实际配额600。未要求命中行业词根；名称线索不是意义或机会确认。,未核实
iunion.co,2026-09-19,其他常见选择,页面内容不足,未同时达到正文160字符且（description≥40字符或非通用H1≥8字符）,,not_checked,https://iunion.co/,,,,独立后缀与名称通道：其他常见选择（.co）；可读字符形态探索；固定哈希次序第427名，组实际配额600。未要求命中行业词根；名称线索不是意义或机会确认。,未核实
vervehublab.co,2026-08-28,其他常见选择,未取得可用页面,当前未取得可用HTTPS页面：network_error,,not_checked,https://vervehublab.co/,,,,独立后缀与名称通道：其他常见选择（.co）；通用词典完整分词；固定哈希次序第428名，组实际配额600。未要求命中行业词根；名称线索不是意义或机会确认。,未核实
trahare.me,2026-09-13,其他常见选择,未取得可用页面,当前未取得可用HTTPS页面：http_error,,not_checked,https://trahare.me/,,,,独立后缀与名称通道：其他常见选择（.me）；通用词典完整分词；固定哈希次序第429名，组实际配额600。未要求命中行业词根；名称线索不是意义或机会确认。,未核实
polno.cc,2026-09-25,其他常见选择,未取得可用页面,当前未取得可用HTTPS页面：http_error,,not_checked,https://polno.cc/,,,,独立后缀与名称通道：其他常见选择（.cc）；短缩写探索；固定哈希次序第430名，组实际配额600。未要求命中行业词根；名称线索不是意义或机会确认。,未核实
naturea.me,2026-09-15,其他常见选择,页面内容不足,未同时达到正文160字符且（description≥40字符或非通用H1≥8字符）,,not_checked,https://naturea.me/,,,,独立后缀与名称通道：其他常见选择（.me）；通用词典完整分词；固定哈希次序第431名，组实际配额600。未要求命中行业词根；名称线索不是意义或机会确认。,未核实
ifint.co,2026-09-14,其他常见选择,注册时间未核实,页面有内容，但RDAP未取得有效且位于窗口内的registration事件,,unknown,https://ifint.co/,Ifint,เว็บไซต์ Ifint ให้บริการด้านเทคโนโลยี พร้อมช่องทางติดต่อและสมัครรับข้อมูลข่าวสารใหม่ ๆ เพื่อไม่พลาดทุกความเคลื่อนไหว.,Stay tuned;Stay tuned,独立后缀与名称通道：其他常见选择（.co）；短缩写探索；固定哈希次序第432名，组实际配额600。未要求命中行业词根；名称线索不是意义或机会确认。,未核实
jp2fx5m.cc,2026-09-07,其他常见选择,未取得可用页面,当前未取得可用HTTPS页面：network_error,,not_checked,https://jp2fx5m.cc/,,,,独立后缀与名称通道：其他常见选择（.cc）；少量数字名称探索；固定哈希次序第433名，组实际配额600。未要求命中行业词根；名称线索不是意义或机会确认。,未核实
armanor.me,2026-09-12,其他常见选择,未取得可用页面,当前未取得可用HTTPS页面：network_error,,not_checked,https://armanor.me/,,,,独立后缀与名称通道：其他常见选择（.me）；可读字符形态探索；固定哈希次序第434名，组实际配额600。未要求命中行业词根；名称线索不是意义或机会确认。,未核实
malito.co,2026-09-19,其他常见选择,页面内容不足,未同时达到正文160字符且（description≥40字符或非通用H1≥8字符）,,not_checked,https://malito.co/,,,,独立后缀与名称通道：其他常见选择（.co）；通用词典完整分词；固定哈希次序第435名，组实际配额600。未要求命中行业词根；名称线索不是意义或机会确认。,未核实
zukow.cc,2026-09-12,其他常见选择,未取得可用页面,当前未取得可用HTTPS页面：too_large,,not_checked,https://zukow.cc/,,,,独立后缀与名称通道：其他常见选择（.cc）；短缩写探索；固定哈希次序第436名，组实际配额600。未要求命中行业词根；名称线索不是意义或机会确认。,未核实
amberstream.co,2026-08-31,其他常见选择,未取得可用页面,当前未取得可用HTTPS页面：network_error,,not_checked,https://amberstream.co/,,,,独立后缀与名称通道：其他常见选择（.co）；通用词典完整分词；固定哈希次序第437名，组实际配额600。未要求命中行业词根；名称线索不是意义或机会确认。,未核实
vyomi.co,2026-09-13,其他常见选择,注册时间未核实,页面有内容，但RDAP未取得有效且位于窗口内的registration事件,,unknown,https://vyomi.co/,vyomi.co,"Discover vyomi.co - our upcoming website is launching soon, bringing innovative web development solutions to enhance your online presence.",Launching Soon;Launching Soon,独立后缀与名称通道：其他常见选择（.co）；短缩写探索；固定哈希次序第438名，组实际配额600。未要求命中行业词根；名称线索不是意义或机会确认。,未核实
garasislot88.co,2026-09-24,其他常见选择,未取得可用页面,当前未取得可用HTTPS页面：network_error,,not_checked,https://garasislot88.co/,,,,独立后缀与名称通道：其他常见选择（.co）；少量数字名称探索；固定哈希次序第439名，组实际配额600。未要求命中行业词根；名称线索不是意义或机会确认。,未核实
zaitsev.co,2026-09-19,其他常见选择,页面内容不足,未同时达到正文160字符且（description≥40字符或非通用H1≥8字符）,,not_checked,https://zaitsev.co/,,,,独立后缀与名称通道：其他常见选择（.co）；可读字符形态探索；固定哈希次序第440名，组实际配额600。未要求命中行业词根；名称线索不是意义或机会确认。,未核实
helioabu.cc,2026-08-28,其他常见选择,未取得可用页面,当前未取得可用HTTPS页面：blocked_url,,not_checked,https://helioabu.cc/,,,,独立后缀与名称通道：其他常见选择（.cc）；通用词典完整分词；固定哈希次序第441名，组实际配额600。未要求命中行业词根；名称线索不是意义或机会确认。,未核实
holisticbar.co,2026-09-14,其他常见选择,页面内容不足,未同时达到正文160字符且（description≥40字符或非通用H1≥8字符）,,not_checked,https://holisticbar.co/,,,,独立后缀与名称通道：其他常见选择（.co）；通用词典完整分词；固定哈希次序第442名，组实际配额600。未要求命中行业词根；名称线索不是意义或机会确认。,未核实
mrtom.co,2026-09-18,其他常见选择,页面内容不足,未同时达到正文160字符且（description≥40字符或非通用H1≥8字符）,,not_checked,https://mrtom.co/,,,,独立后缀与名称通道：其他常见选择（.co）；短缩写探索；固定哈希次序第443名，组实际配额600。未要求命中行业词根；名称线索不是意义或机会确认。,未核实
cassiewright.co,2026-09-24,其他常见选择,注册时间未核实,页面有内容，但RDAP未取得有效且位于窗口内的registration事件,,unknown,https://cassiewright.co/,Cassie Wright- Marketing Strategist,Grow your business online and get more quality customers.,"More Leads.;Less Hassle.;Hi, I'm Cassie;How can I help?;Are you a Real Estate Agent?;Let's Connect!",独立后缀与名称通道：其他常见选择（.co）；通用词典完整分词；固定哈希次序第444名，组实际配额600。未要求命中行业词根；名称线索不是意义或机会确认。,未核实
隔离记录-bc2eafe3b341,2026-09-21,其他常见选择,近期注册且有内容,本轮暂跳过成人与博彩内容；此项不改变页面是否存在的事实判定。,2026-09-19T02:15:44Z,verified_recent,,已移出本轮研究范围,,,名称与原文不在公开工作台展示；抽样位置保留于本地审计。,未核实
hachim.co,2026-09-05,其他常见选择,页面内容不足,未同时达到正文160字符且（description≥40字符或非通用H1≥8字符）,,not_checked,https://hachim.co/,,,,独立后缀与名称通道：其他常见选择（.co）；可读字符形态探索；固定哈希次序第446名，组实际配额600。未要求命中行业词根；名称线索不是意义或机会确认。,未核实
doxye.me,2026-09-05,其他常见选择,未取得可用页面,当前未取得可用HTTPS页面：network_error,,not_checked,http://ww38.doxye.me/,,,,独立后缀与名称通道：其他常见选择（.me）；短缩写探索；固定哈希次序第447名，组实际配额600。未要求命中行业词根；名称线索不是意义或机会确认。,未核实
freepdftoolz.me,2026-09-18,其他常见选择,注册时间未核实,页面有内容，但RDAP未取得有效且位于窗口内的registration事件,,unknown,https://freepdftoolz.me/,FreePDFToolz.me — 100% Free Online PDF Tools & AI Conversions,"100% free online PDF suite. Merge, split, compress, rotate, redact, sign, and convert PDFs with zero account registration and ephemeral Linux RAM-disk privacy.",All-in-One Local-First PDF Suite;FreePDFToolz.me — 100% Free Online PDF Manipulation & Document Intelligence Suite,独立后缀与名称通道：其他常见选择（.me）；可读字符形态探索；固定哈希次序第448名，组实际配额600。未要求命中行业词根；名称线索不是意义或机会确认。,未核实
habawin.co,2026-09-15,其他常见选择,注册时间未核实,页面有内容，但RDAP未取得有效且位于窗口内的registration事件,,unknown,https://habawin.co/,HABAWIN | Bandar Togel Dengan Peluang Kemenangan Berlipat Ganda,"HABAWIN menghadirkan bandar togel online dengan beragam pilihan angka dan peluang hadiah menarik, didukung tampilan modern serta pengalaman bermain yang praktis dan mudah digunakan.",HABAWIN | Bandar Togel Dengan Peluang Kemenangan Berlipat Ganda,独立后缀与名称通道：其他常见选择（.co）；可读字符形态探索；固定哈希次序第449名，组实际配额600。未要求命中行业词根；名称线索不是意义或机会确认。,未核实
yycx9irpt4.cc,2026-09-20,其他常见选择,页面内容不足,未同时达到正文160字符且（description≥40字符或非通用H1≥8字符）,,not_checked,https://yycx9irpt4.cc/index.html?shareName=yycx9irpt4.cc,,,,独立后缀与名称通道：其他常见选择（.cc）；少量数字名称探索；固定哈希次序第450名，组实际配额600。未要求命中行业词根；名称线索不是意义或机会确认。,未核实
jilldaly.co,2026-08-30,其他常见选择,页面内容不足,未同时达到正文160字符且（description≥40字符或非通用H1≥8字符）,,not_checked,https://jilldaly.co/,,,,独立后缀与名称通道：其他常见选择（.co）；可读字符形态探索；固定哈希次序第451名，组实际配额600。未要求命中行业词根；名称线索不是意义或机会确认。,未核实
k0ib.cc,2026-09-13,其他常见选择,页面内容不足,未同时达到正文160字符且（description≥40字符或非通用H1≥8字符）,,not_checked,https://k0ib.cc/login?next=/admin,WiseCr,,WiseCr,独立后缀与名称通道：其他常见选择（.cc）；少量数字名称探索；固定哈希次序第452名，组实际配额600。未要求命中行业词根；名称线索不是意义或机会确认。,未核实
ppka.cc,2026-09-05,其他常见选择,未取得可用页面,当前未取得可用HTTPS页面：blocked_url,,not_checked,https://ppka.cc/,,,,独立后缀与名称通道：其他常见选择（.cc）；短缩写探索；固定哈希次序第453名，组实际配额600。未要求命中行业词根；名称线索不是意义或机会确认。,未核实
naraetalent.co,2026-08-30,其他常见选择,注册时间未核实,页面有内容，但RDAP未取得有效且位于窗口内的registration事件,,unknown,https://naraepartners.com/,Narae Partners | Recruiting Firm,"Narae Partners is a recruiting firm for venture-backed startups, covering mid-level IC to leadership roles across R&D, Sales & Marketing, G&A, and global markets.",Build high-impact teams with recruiting partners who’ve been in your shoes.,独立后缀与名称通道：其他常见选择（.co）；可读字符形态探索；固定哈希次序第454名，组实际配额600。未要求命中行业词根；名称线索不是意义或机会确认。,未核实
teledeltan.me,2026-09-07,其他常见选择,未取得可用页面,当前未取得可用HTTPS页面：network_error,,not_checked,https://teledeltan.me/,,,,独立后缀与名称通道：其他常见选择（.me）；通用词典完整分词；固定哈希次序第455名，组实际配额600。未要求命中行业词根；名称线索不是意义或机会确认。,未核实
fssyu.eu.cc,2026-09-21,其他常见选择,页面内容不足,未同时达到正文160字符且（description≥40字符或非通用H1≥8字符）,,not_checked,https://fssyu.eu.cc/,Smrtlnks - Link management at Scale,Web site created using create-tsrouter-app,,独立后缀与名称通道：其他常见选择（.cc）；短缩写探索；固定哈希次序第456名，组实际配额600。未要求命中行业词根；名称线索不是意义或机会确认。,未核实
raffly.co,2026-09-19,其他常见选择,页面内容不足,未同时达到正文160字符且（description≥40字符或非通用H1≥8字符）,,not_checked,https://raffly.co/,,,,独立后缀与名称通道：其他常见选择（.co）；可读字符形态探索；固定哈希次序第457名，组实际配额600。未要求命中行业词根；名称线索不是意义或机会确认。,未核实
greenchange.co,2026-09-03,其他常见选择,页面内容不足,未同时达到正文160字符且（description≥40字符或非通用H1≥8字符）,,not_checked,https://greenchange.co/,,,,独立后缀与名称通道：其他常见选择（.co）；通用词典完整分词；固定哈希次序第458名，组实际配额600。未要求命中行业词根；名称线索不是意义或机会确认。,未核实
kogda.me,2026-09-04,其他常见选择,页面内容不足,未同时达到正文160字符且（description≥40字符或非通用H1≥8字符）,,not_checked,https://kogda.me/,"Когда выйдет? — игры, фильмы и сериалы",Календарь релизов,,独立后缀与名称通道：其他常见选择（.me）；短缩写探索；固定哈希次序第459名，组实际配额600。未要求命中行业词根；名称线索不是意义或机会确认。,未核实
lavestalia.co,2026-09-05,其他常见选择,未取得可用页面,当前未取得可用HTTPS页面：http_error,,not_checked,https://lavestalia.co/,,,,独立后缀与名称通道：其他常见选择（.co）；可读字符形态探索；固定哈希次序第460名，组实际配额600。未要求命中行业词根；名称线索不是意义或机会确认。,未核实
goalharbor.co,2026-09-15,其他常见选择,页面内容不足,未同时达到正文160字符且（description≥40字符或非通用H1≥8字符）,,not_checked,https://goalharbor.co/,,,,独立后缀与名称通道：其他常见选择（.co）；通用词典完整分词；固定哈希次序第461名，组实际配额600。未要求命中行业词根；名称线索不是意义或机会确认。,未核实
loopchat.co,2026-09-19,其他常见选择,注册时间未核实,页面有内容，但RDAP未取得有效且位于窗口内的registration事件,,unknown,https://loopchat.co/,Loopchat — AI customer replies for your LINE Official Account,"Loopchat is an AI customer service assistant for small businesses. It answers customer questions on your LINE Official Account from your own catalog and FAQs, and hands off to you when needed.",Never miss a customer message on LINE again,独立后缀与名称通道：其他常见选择（.co）；通用词典完整分词；固定哈希次序第462名，组实际配额600。未要求命中行业词根；名称线索不是意义或机会确认。,未核实
anssrasool.me,2026-09-21,其他常见选择,注册时间未核实,页面有内容，但RDAP未取得有效且位于窗口内的registration事件,,unknown,https://anssrasool.me/,"Anss Rasool | Full-Stack Developer No contributions on Sep 19, 2025 No contributions on Sep 20, 2025 No contributions on Sep 21, 2025 No contributions on Sep 22, 2025 No contributions on Sep 23, 2025 No contributions on Sep 24, 2025 No contributions on Sep 25, 2025 No contributions on Sep 26, 2025 No contributions on Sep 27, 2025 No contributions on Sep 28, 2025 No contributions on Sep 29, 2025 No contributions on Sep 30, 2025 No contributions on Oct 1, 2025 No contributions on Oct 2, 2025 No contributions on Oct 3, 2025 No contributions on Oct 4, 2025 No contributions on Oct 5, 2025 No contri","I am a Full-Stack Software Developer focused on backend architecture, resilient event-driven systems, and real-time streaming pipelines. I design high-throughput distributed services and autonomous AI tooling with C#, TypeScript, and Python, prioritizing sub-millisecond latencies and system correctness. Driven by developer ergonomics, clear operational telemetry, and building software that performs predictably under scale.",Anss Rasool,独立后缀与名称通道：其他常见选择（.me）；可读字符形态探索；固定哈希次序第463名，组实际配额600。未要求命中行业词根；名称线索不是意义或机会确认。,未核实
隔离记录-ae080d711b1e,2026-09-10,其他常见选择,近期注册且有内容,本轮暂跳过成人与博彩内容；此项不改变页面是否存在的事实判定。,2026-09-04T03:45:28Z,verified_recent,,已移出本轮研究范围,,,名称与原文不在公开工作台展示；抽样位置保留于本地审计。,未核实
隔离记录-f240b96e4423,2026-08-30,其他常见选择,注册超过30天,公开展示暂隔离，原始技术判定保留。,2026-08-26T05:18:25Z,verified_old,,已移出本轮研究范围,,,名称与原文不在公开工作台展示；抽样位置保留于本地审计。,未核实
bopixz.cc,2026-09-17,其他常见选择,页面内容不足,未同时达到正文160字符且（description≥40字符或非通用H1≥8字符）,,not_checked,https://bopixz.cc/,Shop,,,独立后缀与名称通道：其他常见选择（.cc）；可读字符形态探索；固定哈希次序第466名，组实际配额600。未要求命中行业词根；名称线索不是意义或机会确认。,未核实
h5pu5g.cc,2026-08-31,其他常见选择,未取得可用页面,当前未取得可用HTTPS页面：network_error,,not_checked,https://h5pu5g.cc/,,,,独立后缀与名称通道：其他常见选择（.cc）；少量数字名称探索；固定哈希次序第467名，组实际配额600。未要求命中行业词根；名称线索不是意义或机会确认。,未核实
cabinetav.co,2026-09-12,其他常见选择,未取得可用页面,当前未取得可用HTTPS页面：network_error,,not_checked,https://cabinetav.co/,,,,独立后缀与名称通道：其他常见选择（.co）；可读字符形态探索；固定哈希次序第468名，组实际配额600。未要求命中行业词根；名称线索不是意义或机会确认。,未核实
隔离记录-bd54541e3f9e,2026-09-13,其他常见选择,近期注册且有内容,本轮暂跳过成人与博彩内容；此项不改变页面是否存在的事实判定。,2026-09-09T04:14:45Z,verified_recent,,已移出本轮研究范围,,,名称与原文不在公开工作台展示；抽样位置保留于本地审计。,未核实
dracapl.me,2026-09-06,其他常见选择,未取得可用页面,当前未取得可用HTTPS页面：http_error,,not_checked,https://dracapl.me/,,,,独立后缀与名称通道：其他常见选择（.me）；可读字符形态探索；固定哈希次序第470名，组实际配额600。未要求命中行业词根；名称线索不是意义或机会确认。,未核实
visioncitychurch.me,2026-09-07,其他常见选择,注册时间未核实,页面有内容，但RDAP未取得有效且位于窗口内的registration事件,,unknown,https://visioncitychurch.me/,visioncitychurch.me,,Launching Soon;Launching Soon,独立后缀与名称通道：其他常见选择（.me）；通用词典完整分词；固定哈希次序第471名，组实际配额600。未要求命中行业词根；名称线索不是意义或机会确认。,未核实
secretlove.me,2026-09-19,其他常见选择,页面内容不足,未同时达到正文160字符且（description≥40字符或非通用H1≥8字符）,,not_checked,https://secretlove.me/,,,,独立后缀与名称通道：其他常见选择（.me）；通用词典完整分词；固定哈希次序第472名，组实际配额600。未要求命中行业词根；名称线索不是意义或机会确认。,未核实
netfire.me,2026-09-19,其他常见选择,页面内容不足,未同时达到正文160字符且（description≥40字符或非通用H1≥8字符）,,not_checked,https://netfire.me/,,,,独立后缀与名称通道：其他常见选择（.me）；通用词典完整分词；固定哈希次序第473名，组实际配额600。未要求命中行业词根；名称线索不是意义或机会确认。,未核实
activesolution.co,2026-09-05,其他常见选择,页面内容不足,未同时达到正文160字符且（description≥40字符或非通用H1≥8字符）,,not_checked,https://activesolution.co/,,,,独立后缀与名称通道：其他常见选择（.co）；通用词典完整分词；固定哈希次序第474名，组实际配额600。未要求命中行业词根；名称线索不是意义或机会确认。,未核实
auramade.co,2026-09-01,其他常见选择,注册时间未核实,页面有内容，但RDAP未取得有效且位于窗口内的registration事件,,unknown,https://auramade.co/,Personalized Crystal Bracelets | AuraMade,"Design a personalized AuraMade crystal bracelet with natural stones, made-to-order sizing, and handcrafted details for meaningful gifts or everyday wear.",Design Your Own Crystal Bracelet,独立后缀与名称通道：其他常见选择（.co）；通用词典完整分词；固定哈希次序第475名，组实际配额600。未要求命中行业词根；名称线索不是意义或机会确认。,未核实
jmc07.cc,2026-08-31,其他常见选择,页面内容不足,未同时达到正文160字符且（description≥40字符或非通用H1≥8字符）,,not_checked,https://jmc07.cc/,welcome,,,独立后缀与名称通道：其他常见选择（.cc）；少量数字名称探索；固定哈希次序第476名，组实际配额600。未要求命中行业词根；名称线索不是意义或机会确认。,未核实
thalassotrouville.cc,2026-09-08,其他常见选择,未取得可用页面,当前未取得可用HTTPS页面：too_large,,not_checked,https://thalassotrouville.cc/,,,,独立后缀与名称通道：其他常见选择（.cc）；可读字符形态探索；固定哈希次序第477名，组实际配额600。未要求命中行业词根；名称线索不是意义或机会确认。,未核实
alokthakur.me,2026-09-04,其他常见选择,注册时间未核实,页面有内容，但RDAP未取得有效且位于窗口内的registration事件,,unknown,https://www.alokthakur.me/,Alok Engineering Lab,"Projects, technical writing, AI experiments, Linux exploration and engineering notes.",Building systems. Exploring technology. Documenting the journey.,独立后缀与名称通道：其他常见选择（.me）；可读字符形态探索；固定哈希次序第478名，组实际配额600。未要求命中行业词根；名称线索不是意义或机会确认。,未核实
c14kcns.cc,2026-09-24,其他常见选择,未取得可用页面,当前未取得可用HTTPS页面：network_error,,not_checked,https://c14kcns.cc/,,,,独立后缀与名称通道：其他常见选择（.cc）；少量数字名称探索；固定哈希次序第479名，组实际配额600。未要求命中行业词根；名称线索不是意义或机会确认。,未核实
temesh.cc,2026-09-07,其他常见选择,未取得可用页面,当前未取得可用HTTPS页面：network_error,,not_checked,https://temesh.cc/,,,,独立后缀与名称通道：其他常见选择（.cc）；可读字符形态探索；固定哈希次序第480名，组实际配额600。未要求命中行业词根；名称线索不是意义或机会确认。,未核实
ulmnocb.cc,2026-09-08,其他常见选择,未取得可用页面,当前未取得可用HTTPS页面：network_error,,not_checked,https://ulmnocb.cc/,,,,独立后缀与名称通道：其他常见选择（.cc）；可读字符形态探索；固定哈希次序第481名，组实际配额600。未要求命中行业词根；名称线索不是意义或机会确认。,未核实
convertidormp3.me,2026-09-05,其他常见选择,未取得可用页面,当前未取得可用HTTPS页面：network_error,,not_checked,http://ww38.convertidormp3.me/,,,,独立后缀与名称通道：其他常见选择（.me）；少量数字名称探索；固定哈希次序第482名，组实际配额600。未要求命中行业词根；名称线索不是意义或机会确认。,未核实
jaumo.me,2026-09-19,其他常见选择,未取得可用页面,当前未取得可用HTTPS页面：network_error,,not_checked,https://jaumo.me/,,,,独立后缀与名称通道：其他常见选择（.me）；短缩写探索；固定哈希次序第483名，组实际配额600。未要求命中行业词根；名称线索不是意义或机会确认。,未核实
nynja.cc,2026-09-05,其他常见选择,未取得可用页面,当前未取得可用HTTPS页面：network_error,,not_checked,https://nynja.cc/,,,,独立后缀与名称通道：其他常见选择（.cc）；短缩写探索；固定哈希次序第484名，组实际配额600。未要求命中行业词根；名称线索不是意义或机会确认。,未核实
singaporehomes.co,2026-09-04,其他常见选择,注册时间未核实,页面有内容，但RDAP未取得有效且位于窗口内的registration事件,,unknown,https://livesgp4d.art/,Live Draw SGP Pools | Live Draw Togel Singapore Prize | Live Keluaran SGP Tercepat | Result SGP Hari Ini,Live draw sgp pools membagikan angka result sgp 4d secara akurat. Saksikan siaran live sgp tercepat untuk mendapatkan keluaran dan pengeluaran sgp dari situs resmi togel singapore hari ini.,Live Draw SGP Pools | Live Draw Togel Singapore Prize | Live Keluaran SGP Tercepat | Result SGP Hari Ini,独立后缀与名称通道：其他常见选择（.co）；可读字符形态探索；固定哈希次序第485名，组实际配额600。未要求命中行业词根；名称线索不是意义或机会确认。,未核实
diwaaceshare.cc,2026-09-17,其他常见选择,页面内容不足,未同时达到正文160字符且（description≥40字符或非通用H1≥8字符）,,not_checked,https://diwaaceshare.cc/,,,,独立后缀与名称通道：其他常见选择（.cc）；可读字符形态探索；固定哈希次序第486名，组实际配额600。未要求命中行业词根；名称线索不是意义或机会确认。,未核实
xxcma.cc,2026-09-25,其他常见选择,未取得可用页面,当前未取得可用HTTPS页面：http_error,,not_checked,https://xxcma.cc/,,,,独立后缀与名称通道：其他常见选择（.cc）；短缩写探索；固定哈希次序第487名，组实际配额600。未要求命中行业词根；名称线索不是意义或机会确认。,未核实
active-women.co,2026-08-28,其他常见选择,页面内容不足,未同时达到正文160字符且（description≥40字符或非通用H1≥8字符）,,not_checked,https://active-women.co/,ActiveWomen,,,独立后缀与名称通道：其他常见选择（.co）；可读字符形态探索；固定哈希次序第488名，组实际配额600。未要求命中行业词根；名称线索不是意义或机会确认。,未核实
narcostore.co,2026-09-05,其他常见选择,未取得可用页面,当前未取得可用HTTPS页面：redirect_error,,not_checked,https://yointervengo.co/,,,,独立后缀与名称通道：其他常见选择（.co）；通用词典完整分词；固定哈希次序第489名，组实际配额600。未要求命中行业词根；名称线索不是意义或机会确认。,未核实
museverse.co,2026-09-05,其他常见选择,页面内容不足,未同时达到正文160字符且（description≥40字符或非通用H1≥8字符）,,not_checked,https://museverse.co/,,,,独立后缀与名称通道：其他常见选择（.co）；通用词典完整分词；固定哈希次序第490名，组实际配额600。未要求命中行业词根；名称线索不是意义或机会确认。,未核实
khaleejadvisors.co,2026-09-09,其他常见选择,未取得可用页面,当前未取得可用HTTPS页面：network_error,,not_checked,https://khaleejadvisors.co/,,,,独立后缀与名称通道：其他常见选择（.co）；可读字符形态探索；固定哈希次序第491名，组实际配额600。未要求命中行业词根；名称线索不是意义或机会确认。,未核实
peptidepharmacy.cc,2026-08-27,其他常见选择,页面内容不足,未同时达到正文160字符且（description≥40字符或非通用H1≥8字符）,,not_checked,https://peptidepharmacy.cc/,,,,独立后缀与名称通道：其他常见选择（.cc）；通用词典完整分词；固定哈希次序第492名，组实际配额600。未要求命中行业词根；名称线索不是意义或机会确认。,未核实
vaultlab.co,2026-09-05,其他常见选择,页面内容不足,未同时达到正文160字符且（description≥40字符或非通用H1≥8字符）,,not_checked,https://vaultlab.co/,,,,独立后缀与名称通道：其他常见选择（.co）；通用词典完整分词；固定哈希次序第493名，组实际配额600。未要求命中行业词根；名称线索不是意义或机会确认。,未核实
akpas.co,2026-09-23,其他常见选择,注册时间未核实,页面有内容，但RDAP未取得有效且位于窗口内的registration事件,,unknown,https://akpas.co/,akpas.co,,Launching Soon;Launching Soon,独立后缀与名称通道：其他常见选择（.co）；短缩写探索；固定哈希次序第494名，组实际配额600。未要求命中行业词根；名称线索不是意义或机会确认。,未核实
enravin.me,2026-09-12,其他常见选择,未取得可用页面,当前未取得可用HTTPS页面：network_error,,not_checked,https://enravin.me/,,,,独立后缀与名称通道：其他常见选择（.me）；可读字符形态探索；固定哈希次序第495名，组实际配额600。未要求命中行业词根；名称线索不是意义或机会确认。,未核实
electrotec.me,2026-09-19,其他常见选择,页面内容不足,未同时达到正文160字符且（description≥40字符或非通用H1≥8字符）,,not_checked,https://electrotec.me/,,,,独立后缀与名称通道：其他常见选择（.me）；通用词典完整分词；固定哈希次序第496名，组实际配额600。未要求命中行业词根；名称线索不是意义或机会确认。,未核实
jabbari.me,2026-09-19,其他常见选择,未取得可用页面,当前未取得可用HTTPS页面：network_error,,not_checked,https://jabbari.me/,,,,独立后缀与名称通道：其他常见选择（.me）；通用词典完整分词；固定哈希次序第497名，组实际配额600。未要求命中行业词根；名称线索不是意义或机会确认。,未核实
blackboxvault.co,2026-08-31,其他常见选择,页面内容不足,未同时达到正文160字符且（description≥40字符或非通用H1≥8字符）,,not_checked,https://blackboxvault.co/,,,,独立后缀与名称通道：其他常见选择（.co）；可读字符形态探索；固定哈希次序第498名，组实际配额600。未要求命中行业词根；名称线索不是意义或机会确认。,未核实
graphichouse.co,2026-09-07,其他常见选择,页面内容不足,未同时达到正文160字符且（description≥40字符或非通用H1≥8字符）,,not_checked,https://graphichouse.co/,,,,独立后缀与名称通道：其他常见选择（.co）；通用词典完整分词；固定哈希次序第499名，组实际配额600。未要求命中行业词根；名称线索不是意义或机会确认。,未核实
gethon.co,2026-09-15,其他常见选择,未取得可用页面,当前未取得可用HTTPS页面：network_error,,not_checked,https://gethon.co/,,,,独立后缀与名称通道：其他常见选择（.co）；通用词典完整分词；固定哈希次序第500名，组实际配额600。未要求命中行业词根；名称线索不是意义或机会确认。,未核实
lovelatitude.co,2026-09-06,其他常见选择,注册时间未核实,页面有内容，但RDAP未取得有效且位于窗口内的registration事件,,unknown,https://lovelatitude.co/,Love Latitude LLC,"Love Latitude LLC offers tailored couple travel experiences and romantic getaways, perfect for those looking to escape together.",Escape Together;Escape Together,独立后缀与名称通道：其他常见选择（.co）；通用词典完整分词；固定哈希次序第501名，组实际配额600。未要求命中行业词根；名称线索不是意义或机会确认。,未核实
mcomp.co,2026-09-19,其他常见选择,页面内容不足,未同时达到正文160字符且（description≥40字符或非通用H1≥8字符）,,not_checked,https://mcomp.co/,,,,独立后缀与名称通道：其他常见选择（.co）；短缩写探索；固定哈希次序第502名，组实际配额600。未要求命中行业词根；名称线索不是意义或机会确认。,未核实
pontimall.co,2026-08-30,其他常见选择,注册时间未核实,页面有内容，但RDAP未取得有效且位于窗口内的registration事件,,unknown,https://www.ekoliving.com.co/,"EKO Living | Los Alpes, Pereira","EKO Living, una nueva forma consciente de habitar Pereira.",Donde la ciudad vuelve a lo esencial.,独立后缀与名称通道：其他常见选择（.co）；通用词典完整分词；固定哈希次序第503名，组实际配额600。未要求命中行业词根；名称线索不是意义或机会确认。,未核实
neurance.co,2026-09-19,其他常见选择,未取得可用页面,当前未取得可用HTTPS页面：network_error,,not_checked,https://neurance.co/,,,,独立后缀与名称通道：其他常见选择（.co）；可读字符形态探索；固定哈希次序第504名，组实际配额600。未要求命中行业词根；名称线索不是意义或机会确认。,未核实
tenuteplatamone.me,2026-09-22,其他常见选择,页面内容不足,未同时达到正文160字符且（description≥40字符或非通用H1≥8字符）,,not_checked,https://tenuteplatamone.me/,,,,独立后缀与名称通道：其他常见选择（.me）；可读字符形态探索；固定哈希次序第505名，组实际配额600。未要求命中行业词根；名称线索不是意义或机会确认。,未核实
leodi.co,2026-08-31,其他常见选择,未取得可用页面,当前未取得可用HTTPS页面：network_error,,not_checked,https://leodi.co/,,,,独立后缀与名称通道：其他常见选择（.co）；短缩写探索；固定哈希次序第506名，组实际配额600。未要求命中行业词根；名称线索不是意义或机会确认。,未核实
camdid.co,2026-09-05,其他常见选择,未取得可用页面,当前未取得可用HTTPS页面：network_error,,not_checked,https://camdid.co/,,,,独立后缀与名称通道：其他常见选择（.co）；通用词典完整分词；固定哈希次序第507名，组实际配额600。未要求命中行业词根；名称线索不是意义或机会确认。,未核实
uxhacker.co,2026-09-05,其他常见选择,未取得可用页面,当前未取得可用HTTPS页面：network_error,,not_checked,https://uxhacker.co/,,,,独立后缀与名称通道：其他常见选择（.co）；可读字符形态探索；固定哈希次序第508名，组实际配额600。未要求命中行业词根；名称线索不是意义或机会确认。,未核实
intentionalbeing.me,2026-09-02,其他常见选择,页面内容不足,未同时达到正文160字符且（description≥40字符或非通用H1≥8字符）,,not_checked,https://intentionalbeing.me/,,,,独立后缀与名称通道：其他常见选择（.me）；通用词典完整分词；固定哈希次序第509名，组实际配额600。未要求命中行业词根；名称线索不是意义或机会确认。,未核实
ndywo.cc,2026-09-24,其他常见选择,未取得可用页面,当前未取得可用HTTPS页面：redirect_error,,not_checked,https://ndywo.cc/,,,,独立后缀与名称通道：其他常见选择（.cc）；短缩写探索；固定哈希次序第510名，组实际配额600。未要求命中行业词根；名称线索不是意义或机会确认。,未核实
aitranslator.co,2026-09-07,其他常见选择,页面内容不足,未同时达到正文160字符且（description≥40字符或非通用H1≥8字符）,,not_checked,https://aitranslator.co/,,,,独立后缀与名称通道：其他常见选择（.co）；通用词典完整分词；固定哈希次序第511名，组实际配额600。未要求命中行业词根；名称线索不是意义或机会确认。,未核实
nymvj4ya.cc,2026-09-03,其他常见选择,未取得可用页面,当前未取得可用HTTPS页面：network_error,,not_checked,https://nymvj4ya.cc/,,,,独立后缀与名称通道：其他常见选择（.cc）；少量数字名称探索；固定哈希次序第512名，组实际配额600。未要求命中行业词根；名称线索不是意义或机会确认。,未核实
resethealth.co,2026-09-23,其他常见选择,页面内容不足,未同时达到正文160字符且（description≥40字符或非通用H1≥8字符）,,not_checked,https://resethealth.co/,,,,独立后缀与名称通道：其他常见选择（.co）；通用词典完整分词；固定哈希次序第513名，组实际配额600。未要求命中行业词根；名称线索不是意义或机会确认。,未核实
meibr.eu.cc,2026-09-21,其他常见选择,页面内容不足,未同时达到正文160字符且（description≥40字符或非通用H1≥8字符）,,not_checked,https://meibr.eu.cc/,Astra Online,,Whatsapp API,独立后缀与名称通道：其他常见选择（.cc）；短缩写探索；固定哈希次序第514名，组实际配额600。未要求命中行业词根；名称线索不是意义或机会确认。,未核实
cald.me,2026-09-18,其他常见选择,页面内容不足,未同时达到正文160字符且（description≥40字符或非通用H1≥8字符）,,not_checked,https://cald.me/,,,,独立后缀与名称通道：其他常见选择（.me）；短缩写探索；固定哈希次序第515名，组实际配额600。未要求命中行业词根；名称线索不是意义或机会确认。,未核实
trecker.me,2026-08-31,其他常见选择,未取得可用页面,当前未取得可用HTTPS页面：network_error,,not_checked,https://trecker.me/,,,,独立后缀与名称通道：其他常见选择（.me）；可读字符形态探索；固定哈希次序第516名，组实际配额600。未要求命中行业词根；名称线索不是意义或机会确认。,未核实
dumptrump.tv,2026-09-25,其他常见选择,页面内容不足,未同时达到正文160字符且（description≥40字符或非通用H1≥8字符）,,not_checked,https://dumptrump.tv/,,,,独立后缀与名称通道：其他常见选择（.tv）；通用词典完整分词；固定哈希次序第517名，组实际配额600。未要求命中行业词根；名称线索不是意义或机会确认。,未核实
abx3xoy8.cc,2026-08-30,其他常见选择,页面内容不足,未同时达到正文160字符且（description≥40字符或非通用H1≥8字符）,,not_checked,http://abx3xoy8.cc/index.html?shareName=abx3xoy8.cc,,,,独立后缀与名称通道：其他常见选择（.cc）；少量数字名称探索；固定哈希次序第518名，组实际配额600。未要求命中行业词根；名称线索不是意义或机会确认。,未核实
hacebmedellin.co,2026-09-05,其他常见选择,未取得可用页面,当前未取得可用HTTPS页面：too_large,,not_checked,https://www.hacebmedellin.co/,,,,独立后缀与名称通道：其他常见选择（.co）；可读字符形态探索；固定哈希次序第519名，组实际配额600。未要求命中行业词根；名称线索不是意义或机会确认。,未核实
sellstuff.co,2026-09-19,其他常见选择,页面内容不足,未同时达到正文160字符且（description≥40字符或非通用H1≥8字符）,,not_checked,https://sellstuff.co/,,,,独立后缀与名称通道：其他常见选择（.co）；通用词典完整分词；固定哈希次序第520名，组实际配额600。未要求命中行业词根；名称线索不是意义或机会确认。,未核实
karko.co,2026-09-20,其他常见选择,页面内容不足,未同时达到正文160字符且（description≥40字符或非通用H1≥8字符）,,not_checked,https://karko.co/,,,,独立后缀与名称通道：其他常见选择（.co）；短缩写探索；固定哈希次序第521名，组实际配额600。未要求命中行业词根；名称线索不是意义或机会确认。,未核实
隔离记录-88bf412a3b0c,2026-09-12,其他常见选择,注册超过30天,公开展示暂隔离，原始技术判定保留。,2026-08-26T04:16:10Z,verified_old,,已移出本轮研究范围,,,名称与原文不在公开工作台展示；抽样位置保留于本地审计。,未核实
xyw81.cc,2026-08-28,其他常见选择,页面内容不足,未同时达到正文160字符且（description≥40字符或非通用H1≥8字符）,,not_checked,https://xyw81.cc/,xlhcc.top,,加载中,独立后缀与名称通道：其他常见选择（.cc）；少量数字名称探索；固定哈希次序第523名，组实际配额600。未要求命中行业词根；名称线索不是意义或机会确认。,未核实
rtmtz.cc,2026-09-08,其他常见选择,未取得可用页面,当前未取得可用HTTPS页面：too_large,,not_checked,https://rtmtz.cc/,,,,独立后缀与名称通道：其他常见选择（.cc）；短缩写探索；固定哈希次序第524名，组实际配额600。未要求命中行业词根；名称线索不是意义或机会确认。,未核实
hypnagogia.co,2026-09-21,其他常见选择,页面内容不足,未同时达到正文160字符且（description≥40字符或非通用H1≥8字符）,,not_checked,https://hypnagogia.co/,,,,独立后缀与名称通道：其他常见选择（.co）；可读字符形态探索；固定哈希次序第525名，组实际配额600。未要求命中行业词根；名称线索不是意义或机会确认。,未核实
yhuadom.cc,2026-09-19,其他常见选择,未取得可用页面,当前未取得可用HTTPS页面：too_large,,not_checked,https://yhuadom.cc/,,,,独立后缀与名称通道：其他常见选择（.cc）；可读字符形态探索；固定哈希次序第526名，组实际配额600。未要求命中行业词根；名称线索不是意义或机会确认。,未核实
jm2app.cc,2026-09-24,其他常见选择,未取得可用页面,当前未取得可用HTTPS页面：network_error,,not_checked,https://jm2app.cc/,,,,独立后缀与名称通道：其他常见选择（.cc）；少量数字名称探索；固定哈希次序第527名，组实际配额600。未要求命中行业词根；名称线索不是意义或机会确认。,未核实
suwsjof5mg.cc,2026-09-23,其他常见选择,未取得可用页面,当前未取得可用HTTPS页面：network_error,,not_checked,https://suwsjof5mg.cc/,,,,独立后缀与名称通道：其他常见选择（.cc）；少量数字名称探索；固定哈希次序第528名，组实际配额600。未要求命中行业词根；名称线索不是意义或机会确认。,未核实
heiyaw.cc,2026-08-28,其他常见选择,未取得可用页面,当前未取得可用HTTPS页面：blocked_url,,not_checked,https://heiyaw.cc/,,,,独立后缀与名称通道：其他常见选择（.cc）；通用词典完整分词；固定哈希次序第529名，组实际配额600。未要求命中行业词根；名称线索不是意义或机会确认。,未核实
隔离记录-701a14df092e,2026-09-05,其他常见选择,注册超过30天,公开展示暂隔离，原始技术判定保留。,2026-08-17T04:42:02Z,verified_old,,已移出本轮研究范围,,,名称与原文不在公开工作台展示；抽样位置保留于本地审计。,未核实
foreplay-ops.co,2026-09-14,其他常见选择,注册时间未核实,页面有内容，但RDAP未取得有效且位于窗口内的registration事件,,unknown,https://www.foreplay.co/,Foreplay | The Complete Winning Ad Workflow - Save ads from Ad Libraries Foreplay Logo Foreplay Logo,"From advertising inspiration to creative analytics. The best way to save ads from TikTok, and Facebook Ad Library, organize and share with your team.",The Complete Winning Ad Workflow,独立后缀与名称通道：其他常见选择（.co）；可读字符形态探索；固定哈希次序第531名，组实际配额600。未要求命中行业词根；名称线索不是意义或机会确认。,未核实
gamess.eu.cc,2026-09-22,其他常见选择,未取得可用页面,当前未取得可用HTTPS页面：network_error,,not_checked,https://gamess.eu.cc/,,,,独立后缀与名称通道：其他常见选择（.cc）；通用词典完整分词；固定哈希次序第532名，组实际配额600。未要求命中行业词根；名称线索不是意义或机会确认。,未核实
domafitness.co,2026-08-27,其他常见选择,页面内容不足,未同时达到正文160字符且（description≥40字符或非通用H1≥8字符）,,not_checked,https://domafitness.co/,Doma — doma.net.br,,,独立后缀与名称通道：其他常见选择（.co）；可读字符形态探索；固定哈希次序第533名，组实际配额600。未要求命中行业词根；名称线索不是意义或机会确认。,未核实
lcjgb.cc,2026-09-22,其他常见选择,未取得可用页面,当前未取得可用HTTPS页面：network_error,,not_checked,https://lcjgb.cc/,,,,独立后缀与名称通道：其他常见选择（.cc）；短缩写探索；固定哈希次序第534名，组实际配额600。未要求命中行业词根；名称线索不是意义或机会确认。,未核实
roqedfxdu.cc,2026-09-20,其他常见选择,未取得可用页面,当前未取得可用HTTPS页面：network_error,,not_checked,https://roqedfxdu.cc/,,,,独立后缀与名称通道：其他常见选择（.cc）；可读字符形态探索；固定哈希次序第535名，组实际配额600。未要求命中行业词根；名称线索不是意义或机会确认。,未核实
brandingworks.co,2026-09-13,其他常见选择,注册时间未核实,页面有内容，但RDAP未取得有效且位于窗口内的registration事件,,unknown,https://brandingworks.co/,Promo Products Africa - Branded Procurement Platform,"Promotional products, corporate gifts, branded clothing, workwear and RFQ procurement.",Source Branded Products In Local Currency,独立后缀与名称通道：其他常见选择（.co）；通用词典完整分词；固定哈希次序第536名，组实际配额600。未要求命中行业词根；名称线索不是意义或机会确认。,未核实
meledak88.me,2026-09-03,其他常见选择,未取得可用页面,当前未取得可用HTTPS页面：too_large,,not_checked,https://meledak88.me/,,,,独立后缀与名称通道：其他常见选择（.me）；少量数字名称探索；固定哈希次序第537名，组实际配额600。未要求命中行业词根；名称线索不是意义或机会确认。,未核实
electronicsolutions.co,2026-09-25,其他常见选择,未取得可用页面,当前未取得可用HTTPS页面：http_error,,not_checked,https://www.domaindc.com/name/ElectronicSolutions.co,,,,独立后缀与名称通道：其他常见选择（.co）；可读字符形态探索；固定哈希次序第538名，组实际配额600。未要求命中行业词根；名称线索不是意义或机会确认。,未核实
improver.me,2026-09-19,其他常见选择,未取得可用页面,当前未取得可用HTTPS页面：network_error,,not_checked,https://improver.me/,,,,独立后缀与名称通道：其他常见选择（.me）；通用词典完整分词；固定哈希次序第539名，组实际配额600。未要求命中行业词根；名称线索不是意义或机会确认。,未核实
cockstrike.me,2026-09-14,其他常见选择,停放或未正式开放,标题/H1/description 或域名式标题对应的正文开头命中停放/未开放标记：under construction,,not_checked,https://cockstrike.me/,Coming Soon,,cockstrike.me,独立后缀与名称通道：其他常见选择（.me）；通用词典完整分词；固定哈希次序第540名，组实际配额600。未要求命中行业词根；名称线索不是意义或机会确认。,未核实
baumarkt.me,2026-09-15,其他常见选择,页面内容不足,未同时达到正文160字符且（description≥40字符或非通用H1≥8字符）,,not_checked,https://baumarkt.me/,,,,独立后缀与名称通道：其他常见选择（.me）；可读字符形态探索；固定哈希次序第541名，组实际配额600。未要求命中行业词根；名称线索不是意义或机会确认。,未核实
dalbycourt.co,2026-09-22,其他常见选择,注册时间未核实,页面有内容，但RDAP未取得有效且位于窗口内的registration事件,,unknown,https://promptfundssolutions.com/,Home - Prompt Funds Solutions,Nationwide business financing company providing flexible working capital to small and medium-sized businesses.,Fast Working Capital When Banks Say No,独立后缀与名称通道：其他常见选择（.co）；可读字符形态探索；固定哈希次序第542名，组实际配额600。未要求命中行业词根；名称线索不是意义或机会确认。,未核实
stonopa.co,2026-09-13,其他常见选择,未取得可用页面,当前未取得可用HTTPS页面：http_error,,not_checked,https://stonopa.co/,,,,独立后缀与名称通道：其他常见选择（.co）；可读字符形态探索；固定哈希次序第543名，组实际配额600。未要求命中行业词根；名称线索不是意义或机会确认。,未核实
91baosy.cc,2026-08-28,其他常见选择,未取得可用页面,当前未取得可用HTTPS页面：blocked_url,,not_checked,https://91baosy.cc/,,,,独立后缀与名称通道：其他常见选择（.cc）；少量数字名称探索；固定哈希次序第544名，组实际配额600。未要求命中行业词根；名称线索不是意义或机会确认。,未核实
muzhchina-po-vyzovu.cc,2026-09-14,其他常见选择,未取得可用页面,当前未取得可用HTTPS页面：http_error,,not_checked,https://muzhchina-po-vyzovu.cc/,,,,独立后缀与名称通道：其他常见选择（.cc）；可读字符形态探索；固定哈希次序第545名，组实际配额600。未要求命中行业词根；名称线索不是意义或机会确认。,未核实
moppira.cc,2026-08-29,其他常见选择,未取得可用页面,当前未取得可用HTTPS页面：network_error,,not_checked,https://moppira.cc/,,,,独立后缀与名称通道：其他常见选择（.cc）；可读字符形态探索；固定哈希次序第546名，组实际配额600。未要求命中行业词根；名称线索不是意义或机会确认。,未核实
dwatujoc.cc,2026-09-25,其他常见选择,未取得可用页面,当前未取得可用HTTPS页面：network_error,,not_checked,https://dwatujoc.cc/,,,,独立后缀与名称通道：其他常见选择（.cc）；可读字符形态探索；固定哈希次序第547名，组实际配额600。未要求命中行业词根；名称线索不是意义或机会确认。,未核实
routinelab.me,2026-09-06,其他常见选择,页面内容不足,未同时达到正文160字符且（description≥40字符或非通用H1≥8字符）,,not_checked,https://routinelab.me/,RoutineLab — Free Time Management Quiz & Daily Protocol,"A free 5-question quiz that matches how you actually work — building, projects, writing, or meetings — to a daily time-management protocol: Deep Work, Pomodoro, Personal Kanban, or Creative Flow.",,独立后缀与名称通道：其他常见选择（.me）；通用词典完整分词；固定哈希次序第548名，组实际配额600。未要求命中行业词根；名称线索不是意义或机会确认。,未核实
paymanto.co,2026-09-15,其他常见选择,注册时间未核实,页面有内容，但RDAP未取得有效且位于窗口内的registration事件,,unknown,https://paymanto.co/,online mobile recharge - mobile bill payment and DTH Recharge,"online mobile recharge - mobile bill payment and DTH Recharge at Paymanto using UPI , Net-banking,credit card and Debit card in secure way.",Bill and Payment,独立后缀与名称通道：其他常见选择（.co）；通用词典完整分词；固定哈希次序第549名，组实际配额600。未要求命中行业词根；名称线索不是意义或机会确认。,未核实
seguralfa.co,2026-09-21,其他常见选择,注册时间未核实,页面有内容，但RDAP未取得有效且位于窗口内的registration事件,,unknown,https://cancelacion-bogotsegur.co/inicio/,Bogota contigo y con todos,,App del Banco de Bogotá,独立后缀与名称通道：其他常见选择（.co）；可读字符形态探索；固定哈希次序第550名，组实际配额600。未要求命中行业词根；名称线索不是意义或机会确认。,未核实
aabbg.cc,2026-09-22,其他常见选择,未取得可用页面,当前未取得可用HTTPS页面：redirect_error,,not_checked,https://xpjtg071.7713dx.com/,,,,独立后缀与名称通道：其他常见选择（.cc）；短缩写探索；固定哈希次序第551名，组实际配额600。未要求命中行业词根；名称线索不是意义或机会确认。,未核实
maxila.co,2026-09-22,其他常见选择,注册时间未核实,页面有内容，但RDAP未取得有效且位于窗口内的registration事件,,unknown,https://maxila.co/,maxila.co,Maxila.co is launching soon! Stay updated on website development services. Contact us for inquiries and subscribe to our newsletter for the latest news.,Launching Soon;Launching Soon,独立后缀与名称通道：其他常见选择（.co）；通用词典完整分词；固定哈希次序第552名，组实际配额600。未要求命中行业词根；名称线索不是意义或机会确认。,未核实
inmonetring.eu.cc,2026-09-03,其他常见选择,注册时间未核实,页面有内容，但RDAP未取得有效且位于窗口内的registration事件,,unknown,https://inmonetring.eu.cc/,Inmonetring – Hybrid Inverters For Sale & Basic Monitoring,,Save on electricity with smart monitoring .,独立后缀与名称通道：其他常见选择（.cc）；可读字符形态探索；固定哈希次序第553名，组实际配额600。未要求命中行业词根；名称线索不是意义或机会确认。,未核实
theexecutiveinsightbriefing.co,2026-09-15,其他常见选择,未取得可用页面,当前未取得可用HTTPS页面：network_error,,not_checked,https://theexecutiveinsightbriefing.co/,,,,独立后缀与名称通道：其他常见选择（.co）；通用词典完整分词；固定哈希次序第554名，组实际配额600。未要求命中行业词根；名称线索不是意义或机会确认。,未核实
newstime.co,2026-09-19,其他常见选择,未取得可用页面,当前未取得可用HTTPS页面：http_error,,not_checked,https://www.namepros.com/parked/newstime.co?domain=newstime.co&v=20260831a,,,,独立后缀与名称通道：其他常见选择（.co）；通用词典完整分词；固定哈希次序第555名，组实际配额600。未要求命中行业词根；名称线索不是意义或机会确认。,未核实
xbsp3.cc,2026-09-24,其他常见选择,未取得可用页面,当前未取得可用HTTPS页面：too_large,,not_checked,https://xbsp3.cc/,,,,独立后缀与名称通道：其他常见选择（.cc）；少量数字名称探索；固定哈希次序第556名，组实际配额600。未要求命中行业词根；名称线索不是意义或机会确认。,未核实
hoardr.cc,2026-09-02,其他常见选择,未取得可用页面,当前未取得可用HTTPS页面：network_error,,not_checked,https://hoardr.cc/,,,,独立后缀与名称通道：其他常见选择（.cc）；可读字符形态探索；固定哈希次序第557名，组实际配额600。未要求命中行业词根；名称线索不是意义或机会确认。,未核实
thall.me,2026-09-05,其他常见选择,注册时间未核实,页面有内容，但RDAP未取得有效且位于窗口内的registration事件,,unknown,https://thall.me/,"Tyler Hall | Finance, Data & Software","Tyler Hall is a financial analyst who builds practical tools and systems across finance, data, and software.",Tyler Hall,独立后缀与名称通道：其他常见选择（.me）；短缩写探索；固定哈希次序第558名，组实际配额600。未要求命中行业词根；名称线索不是意义或机会确认。,未核实
dpmvt.cc,2026-09-24,其他常见选择,页面内容不足,未同时达到正文160字符且（description≥40字符或非通用H1≥8字符）,,not_checked,https://dpmvt.cc/,,,,独立后缀与名称通道：其他常见选择（.cc）；短缩写探索；固定哈希次序第559名，组实际配额600。未要求命中行业词根；名称线索不是意义或机会确认。,未核实
arxon.co,2026-09-08,其他常见选择,页面内容不足,未同时达到正文160字符且（description≥40字符或非通用H1≥8字符）,,not_checked,https://arxon.co/,,,,独立后缀与名称通道：其他常见选择（.co）；短缩写探索；固定哈希次序第560名，组实际配额600。未要求命中行业词根；名称线索不是意义或机会确认。,未核实
satiz98rcm.cc,2026-09-24,其他常见选择,页面内容不足,未同时达到正文160字符且（description≥40字符或非通用H1≥8字符）,,not_checked,https://satiz98rcm.cc/,,,,独立后缀与名称通道：其他常见选择（.cc）；少量数字名称探索；固定哈希次序第561名，组实际配额600。未要求命中行业词根；名称线索不是意义或机会确认。,未核实
txloo8.cc,2026-09-02,其他常见选择,未取得可用页面,当前未取得可用HTTPS页面：http_error,,not_checked,https://txloo8.cc/,,,,独立后缀与名称通道：其他常见选择（.cc）；少量数字名称探索；固定哈希次序第562名，组实际配额600。未要求命中行业词根；名称线索不是意义或机会确认。,未核实
atie.me,2026-09-15,其他常见选择,页面内容不足,未同时达到正文160字符且（description≥40字符或非通用H1≥8字符）,,not_checked,https://atie.me/,,,,独立后缀与名称通道：其他常见选择（.me）；短缩写探索；固定哈希次序第563名，组实际配额600。未要求命中行业词根；名称线索不是意义或机会确认。,未核实
x41bopo.cc,2026-08-27,其他常见选择,未取得可用页面,当前未取得可用HTTPS页面：network_error,,not_checked,https://x41bopo.cc/,,,,独立后缀与名称通道：其他常见选择（.cc）；少量数字名称探索；固定哈希次序第564名，组实际配额600。未要求命中行业词根；名称线索不是意义或机会确认。,未核实
tieuthuyet.eu.cc,2026-09-23,其他常见选择,未取得可用页面,当前未取得可用HTTPS页面：network_error,,not_checked,https://tieuthuyet.eu.cc/,,,,独立后缀与名称通道：其他常见选择（.cc）；可读字符形态探索；固定哈希次序第565名，组实际配额600。未要求命中行业词根；名称线索不是意义或机会确认。,未核实
cherylhavrilesko.cc,2026-09-24,其他常见选择,未取得可用页面,当前未取得可用HTTPS页面：http_error,,not_checked,https://cherylhavrilesko.cc/,,,,独立后缀与名称通道：其他常见选择（.cc）；可读字符形态探索；固定哈希次序第566名，组实际配额600。未要求命中行业词根；名称线索不是意义或机会确认。,未核实
pjhvofsy.cc,2026-09-19,其他常见选择,未取得可用页面,当前未取得可用HTTPS页面：network_error,,not_checked,https://pjhvofsy.cc/,,,,独立后缀与名称通道：其他常见选择（.cc）；可读字符形态探索；固定哈希次序第567名，组实际配额600。未要求命中行业词根；名称线索不是意义或机会确认。,未核实
nargil.me,2026-09-25,其他常见选择,页面内容不足,未同时达到正文160字符且（description≥40字符或非通用H1≥8字符）,,not_checked,https://nargil.me/,nargil,,,独立后缀与名称通道：其他常见选择（.me）；通用词典完整分词；固定哈希次序第568名，组实际配额600。未要求命中行业词根；名称线索不是意义或机会确认。,未核实
gnoutvpre.me,2026-09-09,其他常见选择,未取得可用页面,当前未取得可用HTTPS页面：network_error,,not_checked,https://gnoutvpre.me/,,,,独立后缀与名称通道：其他常见选择（.me）；可读字符形态探索；固定哈希次序第569名，组实际配额600。未要求命中行业词根；名称线索不是意义或机会确认。,未核实
heyitsbrad.me,2026-09-24,其他常见选择,注册时间未核实,页面有内容，但RDAP未取得有效且位于窗口内的registration事件,,unknown,https://heyitsbrad.me/,"Hey, it’s Brad! | Let’s Make a Date",One quick question—and maybe the beginning of a really good date.,I just have one quick question for you!,独立后缀与名称通道：其他常见选择（.me）；通用词典完整分词；固定哈希次序第570名，组实际配额600。未要求命中行业词根；名称线索不是意义或机会确认。,未核实
1adv2wok.cc,2026-09-17,其他常见选择,未取得可用页面,当前未取得可用HTTPS页面：network_error,,not_checked,https://1adv2wok.cc/,,,,独立后缀与名称通道：其他常见选择（.cc）；少量数字名称探索；固定哈希次序第571名，组实际配额600。未要求命中行业词根；名称线索不是意义或机会确认。,未核实
gamby.me,2026-08-27,其他常见选择,注册时间未核实,页面有内容，但RDAP未取得有效且位于窗口内的registration事件,,unknown,https://gamby.me/,Loop Station Online Grátis — GAMBY,"Loop station online grátis com 3 fitas cassete: grave, sobreponha camadas e crie música no navegador, sem instalar nada. Free online loop station, funciona no celular.",GAMBY Loop station online de 3 fitas cassete,独立后缀与名称通道：其他常见选择（.me）；短缩写探索；固定哈希次序第572名，组实际配额600。未要求命中行业词根；名称线索不是意义或机会确认。,未核实
pourri.co,2026-09-21,其他常见选择,页面内容不足,未同时达到正文160字符且（description≥40字符或非通用H1≥8字符）,,not_checked,https://pourri.co/,,,,独立后缀与名称通道：其他常见选择（.co）；可读字符形态探索；固定哈希次序第573名，组实际配额600。未要求命中行业词根；名称线索不是意义或机会确认。,未核实
watchlink.eu.cc,2026-08-28,其他常见选择,未取得可用页面,当前未取得可用HTTPS页面：http_error,,not_checked,https://watchlink.eu.cc/,,,,独立后缀与名称通道：其他常见选择（.cc）；通用词典完整分词；固定哈希次序第574名，组实际配额600。未要求命中行业词根；名称线索不是意义或机会确认。,未核实
zhihcdxe.cc,2026-09-25,其他常见选择,未取得可用页面,当前未取得可用HTTPS页面：network_error,,not_checked,https://zhihcdxe.cc/,,,,独立后缀与名称通道：其他常见选择（.cc）；可读字符形态探索；固定哈希次序第575名，组实际配额600。未要求命中行业词根；名称线索不是意义或机会确认。,未核实
t5kvip.cc,2026-08-27,其他常见选择,未取得可用页面,当前未取得可用HTTPS页面：http_error,,not_checked,https://t5kvip.cc/reg-v2/admin/,,,,独立后缀与名称通道：其他常见选择（.cc）；少量数字名称探索；固定哈希次序第576名，组实际配额600。未要求命中行业词根；名称线索不是意义或机会确认。,未核实
twistedmindsinc.cc,2026-09-19,其他常见选择,未取得可用页面,当前未取得可用HTTPS页面：network_error,,not_checked,https://twistedmindsinc.cc/,,,,独立后缀与名称通道：其他常见选择（.cc）；可读字符形态探索；固定哈希次序第577名，组实际配额600。未要求命中行业词根；名称线索不是意义或机会确认。,未核实
moroco.eu.cc,2026-09-13,其他常见选择,未取得可用页面,当前未取得可用HTTPS页面：network_error,,not_checked,https://moroco.eu.cc/,,,,独立后缀与名称通道：其他常见选择（.cc）；可读字符形态探索；固定哈希次序第578名，组实际配额600。未要求命中行业词根；名称线索不是意义或机会确认。,未核实
localcrucible.co,2026-08-31,其他常见选择,页面内容不足,未同时达到正文160字符且（description≥40字符或非通用H1≥8字符）,,not_checked,https://localcrucible.co/,,,,独立后缀与名称通道：其他常见选择（.co）；通用词典完整分词；固定哈希次序第579名，组实际配额600。未要求命中行业词根；名称线索不是意义或机会确认。,未核实
narventures.co,2026-09-06,其他常见选择,注册时间未核实,页面有内容，但RDAP未取得有效且位于窗口内的registration事件,,unknown,https://www.narventures.co/,NAR Ventures,Commercial Advisory & Transactions · Regulated Markets,We find and structure the opportunities that sit between markets.,独立后缀与名称通道：其他常见选择（.co）；可读字符形态探索；固定哈希次序第580名，组实际配额600。未要求命中行业词根；名称线索不是意义或机会确认。,未核实
horizon-solutions.me,2026-09-10,其他常见选择,注册时间未核实,页面有内容，但RDAP未取得有效且位于窗口内的registration事件,,unknown,https://horizon-solutions.me/,Horizon Business Solutions,Horizon Business Solutions offers innovative business solutions to help your business transform and succeed. Contact us for more information!,"Innovate, Transform, Succeed;Innovate, Transform, Succeed",独立后缀与名称通道：其他常见选择（.me）；可读字符形态探索；固定哈希次序第581名，组实际配额600。未要求命中行业词根；名称线索不是意义或机会确认。,未核实
oree.me,2026-09-15,其他常见选择,页面内容不足,未同时达到正文160字符且（description≥40字符或非通用H1≥8字符）,,not_checked,https://oree.me/,,,,独立后缀与名称通道：其他常见选择（.me）；短缩写探索；固定哈希次序第582名，组实际配额600。未要求命中行业词根；名称线索不是意义或机会确认。,未核实
cloudonix.cc,2026-09-04,其他常见选择,页面内容不足,未同时达到正文160字符且（description≥40字符或非通用H1≥8字符）,,not_checked,https://cloudonix.cc/,,,,独立后缀与名称通道：其他常见选择（.cc）；可读字符形态探索；固定哈希次序第583名，组实际配额600。未要求命中行业词根；名称线索不是意义或机会确认。,未核实
2ewinuz.cc,2026-08-27,其他常见选择,未取得可用页面,当前未取得可用HTTPS页面：network_error,,not_checked,https://2ewinuz.cc/,,,,独立后缀与名称通道：其他常见选择（.cc）；少量数字名称探索；固定哈希次序第584名，组实际配额600。未要求命中行业词根；名称线索不是意义或机会确认。,未核实
premadex.co,2026-09-19,其他常见选择,未取得可用页面,当前未取得可用HTTPS页面：http_error,,not_checked,https://premadex.co/,,,,独立后缀与名称通道：其他常见选择（.co）；可读字符形态探索；固定哈希次序第585名，组实际配额600。未要求命中行业词根；名称线索不是意义或机会确认。,未核实
隔离记录-a2efb0e446ed,2026-08-27,其他常见选择,注册超过30天,公开展示暂隔离，原始技术判定保留。,2026-08-24T06:48:31Z,verified_old,,已移出本轮研究范围,,,名称与原文不在公开工作台展示；抽样位置保留于本地审计。,未核实
tyba.me,2026-09-15,其他常见选择,页面内容不足,未同时达到正文160字符且（description≥40字符或非通用H1≥8字符）,,not_checked,https://tyba.me/,,,,独立后缀与名称通道：其他常见选择（.me）；短缩写探索；固定哈希次序第587名，组实际配额600。未要求命中行业词根；名称线索不是意义或机会确认。,未核实
karaokelive.me,2026-09-13,其他常见选择,注册时间未核实,页面有内容，但RDAP未取得有效且位于窗口内的registration事件,,unknown,https://karaokelive.me/,Zaher Emad | زاهر عماد,"Zaher Emad — Production Sound Engineer & Event Director. Portfolio, CV, events and Karaoke Live.",Zaher Emad,独立后缀与名称通道：其他常见选择（.me）；通用词典完整分词；固定哈希次序第588名，组实际配额600。未要求命中行业词根；名称线索不是意义或机会确认。,未核实
axismc.cc,2026-09-15,其他常见选择,未取得可用页面,当前未取得可用HTTPS页面：network_error,,not_checked,https://axismc.cc/,,,,独立后缀与名称通道：其他常见选择（.cc）；可读字符形态探索；固定哈希次序第589名，组实际配额600。未要求命中行业词根；名称线索不是意义或机会确认。,未核实
dp2hh2w.cc,2026-09-01,其他常见选择,未取得可用页面,当前未取得可用HTTPS页面：network_error,,not_checked,https://dp2hh2w.cc/,,,,独立后缀与名称通道：其他常见选择（.cc）；少量数字名称探索；固定哈希次序第590名，组实际配额600。未要求命中行业词根；名称线索不是意义或机会确认。,未核实
jianyunyi.eu.cc,2026-08-31,其他常见选择,未取得可用页面,当前未取得可用HTTPS页面：network_error,,not_checked,https://jianyunyi.eu.cc/,,,,独立后缀与名称通道：其他常见选择（.cc）；可读字符形态探索；固定哈希次序第591名，组实际配额600。未要求命中行业词根；名称线索不是意义或机会确认。,未核实
codelens.me,2026-09-09,其他常见选择,注册时间未核实,页面有内容，但RDAP未取得有效且位于窗口内的registration事件,,unknown,https://www.codelens.me/,CodeLens — Understand your entire codebase.,"Connect a GitHub repository and CodeLens studies the architecture, dependencies, database schema, API routes, auth flow and git history before you ever ask a question — then answers grounded in how your project actually works, and can open real pull requests to fix what it finds.",,独立后缀与名称通道：其他常见选择（.me）；通用词典完整分词；固定哈希次序第592名，组实际配额600。未要求命中行业词根；名称线索不是意义或机会确认。,未核实
隔离记录-33da967782c1,2026-09-23,其他常见选择,近期注册且有内容,本轮暂跳过成人与博彩内容；此项不改变页面是否存在的事实判定。,2026-09-21T03:51:14Z,verified_recent,,已移出本轮研究范围,,,名称与原文不在公开工作台展示；抽样位置保留于本地审计。,未核实
nomadsguide.co,2026-09-21,其他常见选择,未取得可用页面,当前未取得可用HTTPS页面：network_error,,not_checked,https://nomadsguide.co/,,,,独立后缀与名称通道：其他常见选择（.co）；可读字符形态探索；固定哈希次序第594名，组实际配额600。未要求命中行业词根；名称线索不是意义或机会确认。,未核实
ludo77.cc,2026-09-15,其他常见选择,页面内容不足,未同时达到正文160字符且（description≥40字符或非通用H1≥8字符）,,not_checked,https://ludo77.cc/,Ludo,noindex,,独立后缀与名称通道：其他常见选择（.cc）；少量数字名称探索；固定哈希次序第595名，组实际配额600。未要求命中行业词根；名称线索不是意义或机会确认。,未核实
chebro.cc,2026-09-14,其他常见选择,页面内容不足,未同时达到正文160字符且（description≥40字符或非通用H1≥8字符）,,not_checked,https://chebro.cc/,Сhemikal Bro,Мы работаем - ты отдыхаешь!,,独立后缀与名称通道：其他常见选择（.cc）；可读字符形态探索；固定哈希次序第596名，组实际配额600。未要求命中行业词根；名称线索不是意义或机会确认。,未核实
hivesoft.cc,2026-09-04,其他常见选择,未取得可用页面,当前未取得可用HTTPS页面：network_error,,not_checked,https://hivesoft.cc/,,,,独立后缀与名称通道：其他常见选择（.cc）；通用词典完整分词；固定哈希次序第597名，组实际配额600。未要求命中行业词根；名称线索不是意义或机会确认。,未核实
ottawahomes.co,2026-08-31,其他常见选择,未取得可用页面,当前未取得可用HTTPS页面：too_large,,not_checked,https://www.relocatingmilitary.ca/,,,,独立后缀与名称通道：其他常见选择（.co）；可读字符形态探索；固定哈希次序第598名，组实际配额600。未要求命中行业词根；名称线索不是意义或机会确认。,未核实
vivebox.co,2026-09-10,其他常见选择,注册时间未核实,页面有内容，但RDAP未取得有效且位于窗口内的registration事件,,unknown,https://vivebox.co/,vivebox.co,,vivebox.co;Productos más vendidos;Favoritos,独立后缀与名称通道：其他常见选择（.co）；可读字符形态探索；固定哈希次序第599名，组实际配额600。未要求命中行业词根；名称线索不是意义或机会确认。,未核实
arbitrary.cc,2026-09-05,其他常见选择,未取得可用页面,当前未取得可用HTTPS页面：network_error,,not_checked,https://arbitrary.cc/,,,,独立后缀与名称通道：其他常见选择（.cc）；通用词典完整分词；固定哈希次序第600名，组实际配额600。未要求命中行业词根；名称线索不是意义或机会确认。,未核实
carola.mx,2026-09-19,其余后缀探索,注册时间未核实,页面有内容，但RDAP未取得有效且位于窗口内的registration事件,,unknown,https://carola.mx/password,– Carola,,Opening soon,独立后缀与名称通道：其余后缀探索（.mx）；可读字符形态探索；固定哈希次序第1名，组实际配额300。未要求命中行业词根；名称线索不是意义或机会确认。,未核实
homecell.store,2026-09-07,其余后缀探索,未取得可用页面,当前未取得可用HTTPS页面：network_error,,not_checked,https://homecell.store/,,,,独立后缀与名称通道：其余后缀探索（.store）；通用词典完整分词；固定哈希次序第2名，组实际配额300。未要求命中行业词根；名称线索不是意义或机会确认。,未核实
nl-dicespin.nl,2026-09-07,其余后缀探索,未取得可用页面,当前未取得可用HTTPS页面：network_error,,not_checked,https://nl-dicespin.nl/,,,,独立后缀与名称通道：其余后缀探索（.nl）；可读字符形态探索；固定哈希次序第3名，组实际配额300。未要求命中行业词根；名称线索不是意义或机会确认。,未核实
boldechoworks.shop,2026-08-27,其余后缀探索,注册时间未核实,页面有内容，但RDAP未取得有效且位于窗口内的registration事件,,unknown,https://boldechoworks.shop/,Local Citations Backlinks,,Local Citations Backlinks,独立后缀与名称通道：其余后缀探索（.shop）；通用词典完整分词；固定哈希次序第4名，组实际配额300。未要求命中行业词根；名称线索不是意义或机会确认。,未核实
graphiccashpay.xyz,2026-09-07,其余后缀探索,页面内容不足,未同时达到正文160字符且（description≥40字符或非通用H1≥8字符）,,not_checked,https://graphiccashpay.xyz/,,,,独立后缀与名称通道：其余后缀探索（.xyz）；通用词典完整分词；固定哈希次序第5名，组实际配额300。未要求命中行业词根；名称线索不是意义或机会确认。,未核实
sexpresspay.xyz,2026-09-07,其余后缀探索,页面内容不足,未同时达到正文160字符且（description≥40字符或非通用H1≥8字符）,,not_checked,https://sexpresspay.xyz/,,,,独立后缀与名称通道：其余后缀探索（.xyz）；通用词典完整分词；固定哈希次序第6名，组实际配额300。未要求命中行业词根；名称线索不是意义或机会确认。,未核实
隔离记录-8d886f50afe2,2026-09-12,其余后缀探索,注册时间未核实,公开展示暂隔离，原始技术判定保留。,,unknown,,已移出本轮研究范围,,,名称与原文不在公开工作台展示；抽样位置保留于本地审计。,未核实
shzdw.cn,2026-09-05,其余后缀探索,未取得可用页面,当前未取得可用HTTPS页面：network_error,,not_checked,https://shzdw.cn/,,,,独立后缀与名称通道：其余后缀探索（.cn）；短缩写探索；固定哈希次序第8名，组实际配额300。未要求命中行业词根；名称线索不是意义或机会确认。,未核实
隔离记录-bd6649a3deb5,2026-09-12,其余后缀探索,注册时间未核实,公开展示暂隔离，原始技术判定保留。,,unknown,,已移出本轮研究范围,,,名称与原文不在公开工作台展示；抽样位置保留于本地审计。,未核实
arcduke.site,2026-09-24,其余后缀探索,近期注册且有内容,RDAP registration 位于近30天窗口；当前HTTPS页面通过实质内容规则,2026-09-22T12:24:37.211000Z,verified_recent,https://www.arcduke.site/,DUKE | Official V4 Duke on ARC,OG $DUKE Token — Arc CEO Jeremy’s Dog. Official V4 Duke on ARC.,MEET DUKE,独立后缀与名称通道：其余后缀探索（.site）；通用词典完整分词；固定哈希次序第10名，组实际配额300。未要求命中行业词根；名称线索不是意义或机会确认。,未核实
tian26sxt.cn,2026-09-13,其余后缀探索,未取得可用页面,当前未取得可用HTTPS页面：http_error,,not_checked,https://tian26sxt.cn/,,,,独立后缀与名称通道：其余后缀探索（.cn）；少量数字名称探索；固定哈希次序第11名，组实际配额300。未要求命中行业词根；名称线索不是意义或机会确认。,未核实
aiinfogeo.xyz,2026-09-04,其余后缀探索,页面内容不足,未同时达到正文160字符且（description≥40字符或非通用H1≥8字符）,,not_checked,https://aiinfogeo.xyz/,,,,独立后缀与名称通道：其余后缀探索（.xyz）；可读字符形态探索；固定哈希次序第12名，组实际配额300。未要求命中行业词根；名称线索不是意义或机会确认。,未核实
revision.kz,2026-09-01,其余后缀探索,未取得可用页面,当前未取得可用HTTPS页面：network_error,,not_checked,https://revision.kz/,,,,独立后缀与名称通道：其余后缀探索（.kz）；通用词典完整分词；固定哈希次序第13名，组实际配额300。未要求命中行业词根；名称线索不是意义或机会确认。,未核实
eunjij.site,2026-09-08,其余后缀探索,页面内容不足,未同时达到正文160字符且（description≥40字符或非通用H1≥8字符）,,not_checked,https://eunjij.site/,,,,独立后缀与名称通道：其余后缀探索（.site）；可读字符形态探索；固定哈希次序第14名，组实际配额300。未要求命中行业词根；名称线索不是意义或机会确认。,未核实
mcpmuddy.xyz,2026-09-11,其余后缀探索,页面内容不足,未同时达到正文160字符且（description≥40字符或非通用H1≥8字符）,,not_checked,https://mcpmuddy.xyz/,,,,独立后缀与名称通道：其余后缀探索（.xyz）；可读字符形态探索；固定哈希次序第15名，组实际配额300。未要求命中行业词根；名称线索不是意义或机会确认。,未核实
givinggpu.xyz,2026-09-14,其余后缀探索,页面内容不足,未同时达到正文160字符且（description≥40字符或非通用H1≥8字符）,,not_checked,https://givinggpu.xyz/,,,,独立后缀与名称通道：其余后缀探索（.xyz）；可读字符形态探索；固定哈希次序第16名，组实际配额300。未要求命中行业词根；名称线索不是意义或机会确认。,未核实
隔离记录-bcc040038250,2026-09-19,其余后缀探索,注册时间未核实,公开展示暂隔离，原始技术判定保留。,,unknown,,已移出本轮研究范围,,,名称与原文不在公开工作台展示；抽样位置保留于本地审计。,未核实
wrappedendless.xyz,2026-09-24,其余后缀探索,页面内容不足,未同时达到正文160字符且（description≥40字符或非通用H1≥8字符）,,not_checked,https://wrappedendless.xyz/,,,,独立后缀与名称通道：其余后缀探索（.xyz）；通用词典完整分词；固定哈希次序第18名，组实际配额300。未要求命中行业词根；名称线索不是意义或机会确认。,未核实
aserstore.de,2026-09-16,其余后缀探索,注册时间未核实,页面有内容，但RDAP未取得有效且位于窗口内的registration事件,,unknown,https://aserstore.de/,aserstore — Afrikanische Leckereien aus Kamerun,"Authentische afrikanische Nahrungsmittel aus Kamerun, direkt zu dir nach Hause geliefert in Deutschland.",Der Geschmack Afrikas in deiner Küche,独立后缀与名称通道：其余后缀探索（.de）；可读字符形态探索；固定哈希次序第19名，组实际配额300。未要求命中行业词根；名称线索不是意义或机会确认。,未核实
accentassociates.co.uk,2026-09-06,其余后缀探索,页面内容不足,未同时达到正文160字符且（description≥40字符或非通用H1≥8字符）,,not_checked,https://accentassociates.co.uk/,,,,独立后缀与名称通道：其余后缀探索（.uk）；可读字符形态探索；固定哈希次序第20名，组实际配额300。未要求命中行业词根；名称线索不是意义或机会确认。,未核实
thegsmeu.shop,2026-09-08,其余后缀探索,注册时间未核实,页面有内容，但RDAP未取得有效且位于窗口内的registration事件,,unknown,https://thegsmeu.shop/,InfoMania,,Welcome to Our Landing Page,独立后缀与名称通道：其余后缀探索（.shop）；可读字符形态探索；固定哈希次序第21名，组实际配额300。未要求命中行业词根；名称线索不是意义或机会确认。,未核实
pages-hongyun.com.cn,2026-09-13,其余后缀探索,页面内容不足,未同时达到正文160字符且（description≥40字符或非通用H1≥8字符）,,not_checked,https://pages-hongyun.com.cn/,鸿运国际 - hongyun官网首页 - 中文品牌服务入口,,,独立后缀与名称通道：其余后缀探索（.cn）；可读字符形态探索；固定哈希次序第22名，组实际配额300。未要求命中行业词根；名称线索不是意义或机会确认。,未核实
x96gz.top,2026-09-23,其余后缀探索,页面内容不足,未同时达到正文160字符且（description≥40字符或非通用H1≥8字符）,,not_checked,https://x96gz.top/,,,,独立后缀与名称通道：其余后缀探索（.top）；少量数字名称探索；固定哈希次序第23名，组实际配额300。未要求命中行业词根；名称线索不是意义或机会确认。,未核实
alfamebel02.kz,2026-09-23,其余后缀探索,注册时间未核实,页面有内容，但RDAP未取得有效且位于窗口内的registration事件,,unknown,https://alfamebel02.kz/,Альфа Мебель - кухни на заказ в Алматы,"Купить надежные кухни в Алматы. Низкие цены, продуманное качество - кухонные гарнитуры на заказ. Звоните по телефону: 7 (708) 972-77-85",Надежные и особенные кухни персонально под ваше помещение в Алматы;О компании;НАШИ РАБОТЫ;Кухня угловая в стиле неоклассика;Кухня угловая в стиле неоклассика;Кухня в скандинавском стиле;Кухня в скандинавском стиле;Большая кухня в современном стиле;Большая кухня в современном стиле;Кухня в стиле ар-деко с элементами глянца и мрамора,独立后缀与名称通道：其余后缀探索（.kz）；少量数字名称探索；固定哈希次序第24名，组实际配额300。未要求命中行业词根；名称线索不是意义或机会确认。,未核实
tapecarbon-uyu.online,2026-09-15,其余后缀探索,未取得可用页面,当前未取得可用HTTPS页面：network_error,,not_checked,https://tapecarbon-uyu.online/,,,,独立后缀与名称通道：其余后缀探索（.online）；可读字符形态探索；固定哈希次序第25名，组实际配额300。未要求命中行业词根；名称线索不是意义或机会确认。,未核实
ozaric.online,2026-08-30,其余后缀探索,未取得可用页面,当前未取得可用HTTPS页面：network_error,,not_checked,https://www.ozaric.online/,,,,独立后缀与名称通道：其余后缀探索（.online）；可读字符形态探索；固定哈希次序第26名，组实际配额300。未要求命中行业词根；名称线索不是意义或机会确认。,未核实
incounleme.ru,2026-09-18,其余后缀探索,未取得可用页面,当前未取得可用HTTPS页面：network_error,,not_checked,https://incounleme.ru/,,,,独立后缀与名称通道：其余后缀探索（.ru）；可读字符形态探索；固定哈希次序第27名，组实际配额300。未要求命中行业词根；名称线索不是意义或机会确认。,未核实
brandingwil.xyz,2026-09-24,其余后缀探索,未取得可用页面,当前未取得可用HTTPS页面：network_error,,not_checked,https://brandingwil.xyz/,,,,独立后缀与名称通道：其余后缀探索（.xyz）；可读字符形态探索；固定哈希次序第28名，组实际配额300。未要求命中行业词根；名称线索不是意义或机会确认。,未核实
newsteel.com.cn,2026-09-12,其余后缀探索,注册时间未核实,页面有内容，但RDAP未取得有效且位于窗口内的registration事件,,unknown,https://newsteel.com.cn/,韩国电影网站 - 专业推荐与深度影评,韩国电影网站提供最新韩国电影推荐、高分经典片单、深度影评及电影资讯，帮你快速找到值得一看的佳片。,,独立后缀与名称通道：其余后缀探索（.cn）；通用词典完整分词；固定哈希次序第29名，组实际配额300。未要求命中行业词根；名称线索不是意义或机会确认。,未核实
studioeloisa.fi,2026-09-05,其余后缀探索,未取得可用页面,当前未取得可用HTTPS页面：network_error,,not_checked,https://studioeloisa.fi/,,,,独立后缀与名称通道：其余后缀探索（.fi）；可读字符形态探索；固定哈希次序第30名，组实际配额300。未要求命中行业词根；名称线索不是意义或机会确认。,未核实
custodialwin.xyz,2026-09-13,其余后缀探索,页面内容不足,未同时达到正文160字符且（description≥40字符或非通用H1≥8字符）,,not_checked,https://custodialwin.xyz/,,,,独立后缀与名称通道：其余后缀探索（.xyz）；通用词典完整分词；固定哈希次序第31名，组实际配额300。未要求命中行业词根；名称线索不是意义或机会确认。,未核实
atezucigo.website,2026-09-16,其余后缀探索,近期注册且有内容,RDAP registration 位于近30天窗口；当前HTTPS页面通过实质内容规则,2026-09-14T05:49:26.526000Z,verified_recent,https://atezucigo.website/,"Ausgeglichener Alltag – Mahlzeiten, Pausen und verlässliche Routinen",,"Ausgeglichene Tage beginnen mit kleinen, verlässlichen Gewohnheiten",独立后缀与名称通道：其余后缀探索（.website）；可读字符形态探索；固定哈希次序第32名，组实际配额300。未要求命中行业词根；名称线索不是意义或机会确认。,未核实
zglanqusjeb.com.cn,2026-09-20,其余后缀探索,注册时间未核实,页面有内容，但RDAP未取得有效且位于窗口内的registration事件,,unknown,https://zglanqusjeb.com.cn/,中国篮球世界杯_2019男篮世界杯中国队赛程战绩_中国男篮世界杯历史回顾,中国篮球世界杯专题网站，全面回顾2019年国际篮联篮球世界杯中国队表现，涵盖赛程战绩、球员数据、历史回顾、赛事规则解读及常见问答，为球迷提供最权威的中国男篮世界杯资讯。,🏀 中国篮球世界杯专题,独立后缀与名称通道：其余后缀探索（.cn）；可读字符形态探索；固定哈希次序第33名，组实际配额300。未要求命中行业词根；名称线索不是意义或机会确认。,未核实
wljsy.cn,2026-09-05,其余后缀探索,未取得可用页面,当前未取得可用HTTPS页面：network_error,,not_checked,https://wljsy.cn/,,,,独立后缀与名称通道：其余后缀探索（.cn）；短缩写探索；固定哈希次序第34名，组实际配额300。未要求命中行业词根；名称线索不是意义或机会确认。,未核实
ocjh3c.vip,2026-08-30,其余后缀探索,页面内容不足,未同时达到正文160字符且（description≥40字符或非通用H1≥8字符）,,not_checked,https://ocjh3c.vip/,,,,独立后缀与名称通道：其余后缀探索（.vip）；少量数字名称探索；固定哈希次序第35名，组实际配额300。未要求命中行业词根；名称线索不是意义或机会确认。,未核实
nuzzlewick.store,2026-09-01,其余后缀探索,未取得可用页面,当前未取得可用HTTPS页面：network_error,,not_checked,https://nuzzlewick.store/,,,,独立后缀与名称通道：其余后缀探索（.store）；通用词典完整分词；固定哈希次序第36名，组实际配额300。未要求命中行业词根；名称线索不是意义或机会确认。,未核实
medicalinsurancecard.help,2026-09-20,其余后缀探索,页面内容不足,未同时达到正文160字符且（description≥40字符或非通用H1≥8字符）,,not_checked,https://medicalinsurancecard.help/,,,,独立后缀与名称通道：其余后缀探索（.help）；通用词典完整分词；固定哈希次序第37名，组实际配额300。未要求命中行业词根；名称线索不是意义或机会确认。,未核实
autoescolanp.online,2026-09-01,其余后缀探索,未取得可用页面,当前未取得可用HTTPS页面：network_error,,not_checked,https://autoescolanp.online/,,,,独立后缀与名称通道：其余后缀探索（.online）；可读字符形态探索；固定哈希次序第38名，组实际配额300。未要求命中行业词根；名称线索不是意义或机会确认。,未核实
chaoshenjiasuqi.cn,2026-09-17,其余后缀探索,未取得可用页面,当前未取得可用HTTPS页面：network_error,,not_checked,https://chaoshenjiasuqi.cn/,,,,独立后缀与名称通道：其余后缀探索（.cn）；可读字符形态探索；固定哈希次序第39名，组实际配额300。未要求命中行业词根；名称线索不是意义或机会确认。,未核实
moonardao.xyz,2026-09-08,其余后缀探索,页面内容不足,未同时达到正文160字符且（description≥40字符或非通用H1≥8字符）,,not_checked,https://moonardao.xyz/,,,,独立后缀与名称通道：其余后缀探索（.xyz）；通用词典完整分词；固定哈希次序第40名，组实际配额300。未要求命中行业词根；名称线索不是意义或机会确认。,未核实
qxy4xg.top,2026-08-30,其余后缀探索,未取得可用页面,当前未取得可用HTTPS页面：network_error,,not_checked,https://qxy4xg.top/,,,,独立后缀与名称通道：其余后缀探索（.top）；少量数字名称探索；固定哈希次序第41名，组实际配额300。未要求命中行业词根；名称线索不是意义或机会确认。,未核实
damedecompanie.com.ro,2026-09-13,其余后缀探索,页面内容不足,未同时达到正文160字符且（description≥40字符或非通用H1≥8字符）,,not_checked,https://www.parcat.ro/en/owner?domain=damedecompanie.com.ro,Contactează proprietar,,,独立后缀与名称通道：其余后缀探索（.ro）；可读字符形态探索；固定哈希次序第42名，组实际配额300。未要求命中行业词根；名称线索不是意义或机会确认。,未核实
continpropiedades.com.ar,2026-09-20,其余后缀探索,未取得可用页面,当前未取得可用HTTPS页面：network_error,,not_checked,https://continpropiedades.com.ar/,,,,独立后缀与名称通道：其余后缀探索（.ar）；可读字符形态探索；固定哈希次序第43名，组实际配额300。未要求命中行业词根；名称线索不是意义或机会确认。,未核实
wubaiwanbifen.asia,2026-08-30,其余后缀探索,近期注册且有内容,RDAP registration 位于近30天窗口；当前HTTPS页面通过实质内容规则,2026-08-28T15:43:13.708000Z,verified_recent,https://wubaiwanbifen.asia/,五百万比分 - 实时足球篮球比分直播_体育赛事比分数据平台,五百万比分提供全球足球、篮球实时比分直播，涵盖中超、英超、西甲、NBA等热门赛事，最快比分更新，最全赛事数据，专业体育比分平台。,五百万比分,独立后缀与名称通道：其余后缀探索（.asia）；可读字符形态探索；固定哈希次序第44名，组实际配额300。未要求命中行业词根；名称线索不是意义或机会确认。,未核实
oathansg.shop,2026-09-14,其余后缀探索,注册时间未核实,页面有内容，但RDAP未取得有效且位于窗口内的registration事件,,unknown,https://oathansg.shop/,Oat Haus Visa Mastercard American Express Discover JCB Diners Club Maestro,,"Oat Haus;Granola Butter, Meet Your Spoon",独立后缀与名称通道：其余后缀探索（.shop）；可读字符形态探索；固定哈希次序第45名，组实际配额300。未要求命中行业词根；名称线索不是意义或机会确认。,未核实
tulmoces.biz,2026-08-30,其余后缀探索,未取得可用页面,当前未取得可用HTTPS页面：network_error,,not_checked,https://tulmoces.biz/,,,,独立后缀与名称通道：其余后缀探索（.biz）；可读字符形态探索；固定哈希次序第46名，组实际配额300。未要求命中行业词根；名称线索不是意义或机会确认。,未核实
ariacl.site,2026-09-25,其余后缀探索,页面内容不足,未同时达到正文160字符且（description≥40字符或非通用H1≥8字符）,,not_checked,https://ariacl.site/,,,,独立后缀与名称通道：其余后缀探索（.site）；可读字符形态探索；固定哈希次序第47名，组实际配额300。未要求命中行业词根；名称线索不是意义或机会确认。,未核实
btn-design.ru,2026-09-25,其余后缀探索,未取得可用页面,当前未取得可用HTTPS页面：too_large,,not_checked,https://btn-design.ru/,,,,独立后缀与名称通道：其余后缀探索（.ru）；可读字符形态探索；固定哈希次序第48名，组实际配额300。未要求命中行业词根；名称线索不是意义或机会确认。,未核实
zalvyn.my.id,2026-09-21,其余后缀探索,未取得可用页面,当前未取得可用HTTPS页面：network_error,,not_checked,https://zalvyn.my.id/,,,,独立后缀与名称通道：其余后缀探索（.id）；可读字符形态探索；固定哈希次序第49名，组实际配额300。未要求命中行业词根；名称线索不是意义或机会确认。,未核实
leiselle.online,2026-09-08,其余后缀探索,页面内容不足,未同时达到正文160字符且（description≥40字符或非通用H1≥8字符）,,not_checked,https://leiselle.online/,,,,独立后缀与名称通道：其余后缀探索（.online）；可读字符形态探索；固定哈希次序第50名，组实际配额300。未要求命中行业词根；名称线索不是意义或机会确认。,未核实
mix.ro,2026-09-19,其余后缀探索,未取得可用页面,当前未取得可用HTTPS页面：network_error,,not_checked,https://mix.ro/,,,,独立后缀与名称通道：其余后缀探索（.ro）；通用词典完整分词；固定哈希次序第51名，组实际配额300。未要求命中行业词根；名称线索不是意义或机会确认。,未核实
yelmavor.world,2026-08-30,其余后缀探索,未取得可用页面,当前未取得可用HTTPS页面：http_error,,not_checked,https://yelmavor.world/,,,,独立后缀与名称通道：其余后缀探索（.world）；可读字符形态探索；固定哈希次序第52名，组实际配额300。未要求命中行业词根；名称线索不是意义或机会确认。,未核实
royroy.lol,2026-09-17,其余后缀探索,未取得可用页面,当前未取得可用HTTPS页面：http_error,,not_checked,https://1royspins1.com/?faff=2124,,,,独立后缀与名称通道：其余后缀探索（.lol）；通用词典完整分词；固定哈希次序第53名，组实际配额300。未要求命中行业词根；名称线索不是意义或机会确认。,未核实
riversummitsystems.de,2026-09-20,其余后缀探索,未取得可用页面,当前未取得可用HTTPS页面：network_error,,not_checked,https://riversummitsystems.de/,,,,独立后缀与名称通道：其余后缀探索（.de）；可读字符形态探索；固定哈希次序第54名，组实际配额300。未要求命中行业词根；名称线索不是意义或机会确认。,未核实
vyea-lehu.com.cn,2026-09-25,其余后缀探索,注册时间未核实,页面有内容，但RDAP未取得有效且位于窗口内的registration事件,,unknown,https://vyea-lehu.com.cn/,乐虎国际· (lehu)-唯一官方网站,乐虎国际lehu内容涉及不同项目的赛事和相关信息，也是平台日常内容的重要部分；围绕足球、篮球等热门运动提供相关内容，方便用户查看近期内容和常用功能，相关内容会根据近期赛事变化保持更新。,乐虎国际lehu 让信息抵达更快。,独立后缀与名称通道：其余后缀探索（.cn）；可读字符形态探索；固定哈希次序第55名，组实际配额300。未要求命中行业词根；名称线索不是意义或机会确认。,未核实
spellraintv.xyz,2026-09-04,其余后缀探索,页面内容不足,未同时达到正文160字符且（description≥40字符或非通用H1≥8字符）,,not_checked,https://spellraintv.xyz/,,,,独立后缀与名称通道：其余后缀探索（.xyz）；可读字符形态探索；固定哈希次序第56名，组实际配额300。未要求命中行业词根；名称线索不是意义或机会确认。,未核实
pizzakingbresles.fr,2026-09-20,其余后缀探索,页面内容不足,未同时达到正文160字符且（description≥40字符或非通用H1≥8字符）,,not_checked,https://pizzakingbresles.fr/,Site en construction,,Site en construction,独立后缀与名称通道：其余后缀探索（.fr）；可读字符形态探索；固定哈希次序第57名，组实际配额300。未要求命中行业词根；名称线索不是意义或机会确认。,未核实
privteintpro.fr,2026-09-03,其余后缀探索,近期注册且有内容,RDAP registration 位于近30天窗口；当前HTTPS页面通过实质内容规则,2026-09-02T20:31:11.487366Z,verified_recent,https://privteintpro.fr/,Films pour vitrages — professionnels & collectivités,"Pose de films solaires, de sécurité et de vitrophanie en site occupé. Copropriétés, collectivités, tertiaire et commerces dans le Var. Chiffrage sous 48 h.",Vos vitrages traités sans fermer vos locaux,独立后缀与名称通道：其余后缀探索（.fr）；可读字符形态探索；固定哈希次序第58名，组实际配额300。未要求命中行业词根；名称线索不是意义或机会确认。,未核实
m1fxgd.top,2026-08-29,其余后缀探索,未取得可用页面,当前未取得可用HTTPS页面：network_error,,not_checked,https://m1fxgd.top/,,,,独立后缀与名称通道：其余后缀探索（.top）；少量数字名称探索；固定哈希次序第59名，组实际配额300。未要求命中行业词根；名称线索不是意义或机会确认。,未核实
stungurd.click,2026-09-10,其余后缀探索,未取得可用页面,当前未取得可用HTTPS页面：network_error,,not_checked,https://stungurd.click/,,,,独立后缀与名称通道：其余后缀探索（.click）；通用词典完整分词；固定哈希次序第60名，组实际配额300。未要求命中行业词根；名称线索不是意义或机会确认。,未核实
sandside.se,2026-09-09,其余后缀探索,注册时间未核实,页面有内容，但RDAP未取得有效且位于窗口内的registration事件,,unknown,https://sandside.se/,Parked at Loopia,,Parked at Loopia,独立后缀与名称通道：其余后缀探索（.se）；通用词典完整分词；固定哈希次序第61名，组实际配额300。未要求命中行业词根；名称线索不是意义或机会确认。,未核实
隔离记录-08a14d989f3c,2026-09-09,其余后缀探索,注册时间未核实,公开展示暂隔离，原始技术判定保留。,,unknown,,已移出本轮研究范围,,,名称与原文不在公开工作台展示；抽样位置保留于本地审计。,未核实
sistemaevolucao.online,2026-09-20,其余后缀探索,未取得可用页面,当前未取得可用HTTPS页面：network_error,,not_checked,https://sistemaevolucao.online/,,,,独立后缀与名称通道：其余后缀探索（.online）；可读字符形态探索；固定哈希次序第63名，组实际配额300。未要求命中行业词根；名称线索不是意义或机会确认。,未核实
yee42.top,2026-09-13,其余后缀探索,未取得可用页面,当前未取得可用HTTPS页面：network_error,,not_checked,https://yee42.top/,,,,独立后缀与名称通道：其余后缀探索（.top）；少量数字名称探索；固定哈希次序第64名，组实际配额300。未要求命中行业词根；名称线索不是意义或机会确认。,未核实
songwonlaw.de,2026-09-23,其余后缀探索,页面内容不足,未同时达到正文160字符且（description≥40字符或非通用H1≥8字符）,,not_checked,https://songwonlaw.de/,,,,独立后缀与名称通道：其余后缀探索（.de）；通用词典完整分词；固定哈希次序第65名，组实际配额300。未要求命中行业词根；名称线索不是意义或机会确认。,未核实
wybrate.shop,2026-09-18,其余后缀探索,页面内容不足,未同时达到正文160字符且（description≥40字符或非通用H1≥8字符）,,not_checked,https://wybrate.shop/,,,,独立后缀与名称通道：其余后缀探索（.shop）；可读字符形态探索；固定哈希次序第66名，组实际配额300。未要求命中行业词根；名称线索不是意义或机会确认。,未核实
greenlandtrade.shop,2026-08-28,其余后缀探索,页面内容不足,未同时达到正文160字符且（description≥40字符或非通用H1≥8字符）,,not_checked,https://greenlandtrade.shop/,GreenLand 格林·兰迪,,,独立后缀与名称通道：其余后缀探索（.shop）；通用词典完整分词；固定哈希次序第67名，组实际配额300。未要求命中行业词根；名称线索不是意义或机会确认。,未核实
budos.online,2026-09-24,其余后缀探索,页面内容不足,未同时达到正文160字符且（description≥40字符或非通用H1≥8字符）,,not_checked,https://budos.online/,Parked Domain name on Hostinger DNS system,,,独立后缀与名称通道：其余后缀探索（.online）；短缩写探索；固定哈希次序第68名，组实际配额300。未要求命中行业词根；名称线索不是意义或机会确认。,未核实
soshj.cn,2026-09-05,其余后缀探索,未取得可用页面,当前未取得可用HTTPS页面：network_error,,not_checked,https://soshj.cn/,,,,独立后缀与名称通道：其余后缀探索（.cn）；短缩写探索；固定哈希次序第69名，组实际配额300。未要求命中行业词根；名称线索不是意义或机会确认。,未核实
gctoutdeow.shop,2026-08-29,其余后缀探索,未取得可用页面,当前未取得可用HTTPS页面：http_error,,not_checked,https://gctoutdeow.shop/,,,,独立后缀与名称通道：其余后缀探索（.shop）；可读字符形态探索；固定哈希次序第70名，组实际配额300。未要求命中行业词根；名称线索不是意义或机会确认。,未核实
patrimoines-parc.ch,2026-09-04,其余后缀探索,注册时间未核实,页面有内容，但RDAP未取得有效且位于窗口内的registration事件,,unknown,https://patrimoines-parc.ch/fr/,Accueil | Le Parc - Gruyère Pays-d'Enhaut,"Les patrimoines du Parc naturel régional Gruyère Pays-d’Enhaut regorge de richesses, qu’il s’agisse du bâti, des curiosités naturelles, des produits du terroir ou des traditions vivantes. Bornes informatives et sentiers thématiques jalonnent le territoire afin de partager cet héritage vivant.",Découvrir les patrimoines du Parc;Toutes les thématiques,独立后缀与名称通道：其余后缀探索（.ch）；可读字符形态探索；固定哈希次序第71名，组实际配额300。未要求命中行业词根；名称线索不是意义或机会确认。,未核实
analysertrendhub.biz,2026-09-06,其余后缀探索,未取得可用页面,当前未取得可用HTTPS页面：network_error,,not_checked,https://analysertrendhub.biz/,,,,独立后缀与名称通道：其余后缀探索（.biz）；通用词典完整分词；固定哈希次序第72名，组实际配额300。未要求命中行业词根；名称线索不是意义或机会确认。,未核实
honestemr.xyz,2026-09-11,其余后缀探索,页面内容不足,未同时达到正文160字符且（description≥40字符或非通用H1≥8字符）,,not_checked,https://honestemr.xyz/,,,,独立后缀与名称通道：其余后缀探索（.xyz）；可读字符形态探索；固定哈希次序第73名，组实际配额300。未要求命中行业词根；名称线索不是意义或机会确认。,未核实
applyingmenu.xyz,2026-09-12,其余后缀探索,页面内容不足,未同时达到正文160字符且（description≥40字符或非通用H1≥8字符）,,not_checked,https://applyingmenu.xyz/,,,,独立后缀与名称通道：其余后缀探索（.xyz）；通用词典完整分词；固定哈希次序第74名，组实际配额300。未要求命中行业词根；名称线索不是意义或机会确认。,未核实
kriyanow.in,2026-08-29,其余后缀探索,未取得可用页面,当前未取得可用HTTPS页面：network_error,,not_checked,https://kriyanow.in/,,,,独立后缀与名称通道：其余后缀探索（.in）；可读字符形态探索；固定哈希次序第75名，组实际配额300。未要求命中行业词根；名称线索不是意义或机会确认。,未核实
21mc-mx.website,2026-09-22,其余后缀探索,未取得可用页面,当前未取得可用HTTPS页面：network_error,,not_checked,https://21mc-mx.website/,,,,独立后缀与名称通道：其余后缀探索（.website）；少量数字名称探索；固定哈希次序第76名，组实际配额300。未要求命中行业词根；名称线索不是意义或机会确认。,未核实
yuitiertw.top,2026-09-25,其余后缀探索,未取得可用页面,当前未取得可用HTTPS页面：network_error,,not_checked,https://yuitiertw.top/,,,,独立后缀与名称通道：其余后缀探索（.top）；可读字符形态探索；固定哈希次序第77名，组实际配额300。未要求命中行业词根；名称线索不是意义或机会确认。,未核实
doun-pk.com.cn,2026-09-14,其余后缀探索,注册时间未核实,页面有内容，但RDAP未取得有效且位于窗口内的registration事件,,unknown,https://doun-pk.com.cn/,在线玩斗牛 - 免费斗牛游戏平台 - 经典扑克牌游戏在线体验,免费在线玩斗牛游戏，经典扑克牌游戏牛牛在线体验。提供详细斗牛玩法规则介绍，策略技巧分享，常见问题解答。无需下载，打开即玩，享受刺激的斗牛游戏乐趣。,在线玩斗牛专业体育资讯平台,独立后缀与名称通道：其余后缀探索（.cn）；可读字符形态探索；固定哈希次序第78名，组实际配额300。未要求命中行业词根；名称线索不是意义或机会确认。,未核实
alsonever.top,2026-09-06,其余后缀探索,页面内容不足,未同时达到正文160字符且（description≥40字符或非通用H1≥8字符）,,not_checked,https://alsonever.top/,时光知味,,,独立后缀与名称通道：其余后缀探索（.top）；通用词典完整分词；固定哈希次序第79名，组实际配额300。未要求命中行业词根；名称线索不是意义或机会确认。,未核实
prdetailing.cz,2026-08-31,其余后缀探索,近期注册且有内容,RDAP registration 位于近30天窗口；当前HTTPS页面通过实质内容规则,2026-08-27T13:46:41Z,verified_recent,https://prdetailing.cz/,PR Detailing | Čištění interiéru a detailing aut,"PR Detailing nabízí profesionální čištění interiéru, péči o exteriér, kompletní detailing a renovaci světlometů v Pardubicích a okolí.",Preciznost v každém detailu,独立后缀与名称通道：其余后缀探索（.cz）；可读字符形态探索；固定哈希次序第80名，组实际配额300。未要求命中行业词根；名称线索不是意义或机会确认。,未核实
euhflba.cn,2026-09-19,其余后缀探索,未取得可用页面,当前未取得可用HTTPS页面：network_error,,not_checked,https://euhflba.cn/,,,,独立后缀与名称通道：其余后缀探索（.cn）；可读字符形态探索；固定哈希次序第81名，组实际配额300。未要求命中行业词根；名称线索不是意义或机会确认。,未核实
histaylofts.com.br,2026-09-03,其余后缀探索,注册超过30天,RDAP registration 早于固定30天窗口,2026-07-13T14:15:51Z,verified_old,https://histaylofts.com.br/,Bem-vindo a HostGator,,Que tal publicar seu site hoje mesmo?,独立后缀与名称通道：其余后缀探索（.br）；可读字符形态探索；固定哈希次序第82名，组实际配额300。未要求命中行业词根；名称线索不是意义或机会确认。,未核实
kalyxus.store,2026-09-23,其余后缀探索,页面内容不足,未同时达到正文160字符且（description≥40字符或非通用H1≥8字符）,,not_checked,https://www.kalyxus.store/,Kalyxus Afterpay American Express Apple Pay Bitcoin Dankort Diners Club Discover Dogecoin Dwolla Meta Pay PayPal,,,独立后缀与名称通道：其余后缀探索（.store）；可读字符形态探索；固定哈希次序第83名，组实际配额300。未要求命中行业词根；名称线索不是意义或机会确认。,未核实
northviewcollection.shop,2026-09-12,其余后缀探索,未取得可用页面,当前未取得可用HTTPS页面：network_error,,not_checked,https://northviewcollection.shop/,,,,独立后缀与名称通道：其余后缀探索（.shop）；通用词典完整分词；固定哈希次序第84名，组实际配额300。未要求命中行业词根；名称线索不是意义或机会确认。,未核实
sabi.zone,2026-09-17,其余后缀探索,页面内容不足,未同时达到正文160字符且（description≥40字符或非通用H1≥8字符）,,not_checked,https://sabi.zone/,SABI,,,独立后缀与名称通道：其余后缀探索（.zone）；短缩写探索；固定哈希次序第85名，组实际配额300。未要求命中行业词根；名称线索不是意义或机会确认。,未核实
hy-actor.co.kr,2026-08-28,其余后缀探索,未取得可用页面,当前未取得可用HTTPS页面：network_error,,not_checked,https://hy-actor.co.kr/,,,,独立后缀与名称通道：其余后缀探索（.kr）；可读字符形态探索；固定哈希次序第86名，组实际配额300。未要求命中行业词根；名称线索不是意义或机会确认。,未核实
dmlegal.vip,2026-09-11,其余后缀探索,近期注册且有内容,RDAP registration 位于近30天窗口；当前HTTPS页面通过实质内容规则,2026-09-09T19:42:59Z,verified_recent,https://dmlegal.vip/,DM Legal,"DM Legal - правовой бот в Telegram. Проверка договоров, требований, налоговых сроков, документов и рабочих вопросов бизнеса.",От вопроса к понятному следующему действию,独立后缀与名称通道：其余后缀探索（.vip）；可读字符形态探索；固定哈希次序第87名，组实际配额300。未要求命中行业词根；名称线索不是意义或机会确认。,未核实
jrbeltramini.com.br,2026-08-27,其余后缀探索,注册超过30天,RDAP registration 早于固定30天窗口,2026-08-24T00:52:23Z,verified_old,https://www.jrbeltramini.com.br/,José Ricardo Beltramini de Melo — Psicólogo,,José Ricardo Beltramini de Melo,独立后缀与名称通道：其余后缀探索（.br）；可读字符形态探索；固定哈希次序第88名，组实际配额300。未要求命中行业词根；名称线索不是意义或机会确认。,未核实
erpasssundulate.hair,2026-09-19,其余后缀探索,未取得可用页面,当前未取得可用HTTPS页面：network_error,,not_checked,https://erpasssundulate.hair/,,,,独立后缀与名称通道：其余后缀探索（.hair）；可读字符形态探索；固定哈希次序第89名，组实际配额300。未要求命中行业词根；名称线索不是意义或机会确认。,未核实
qunfaxiexi.top,2026-09-07,其余后缀探索,未取得可用页面,当前未取得可用HTTPS页面：network_error,,not_checked,https://qunfaxiexi.top/,,,,独立后缀与名称通道：其余后缀探索（.top）；可读字符形态探索；固定哈希次序第90名，组实际配额300。未要求命中行业词根；名称线索不是意义或机会确认。,未核实
aus-casino-rankings.xyz,2026-08-30,其余后缀探索,未取得可用页面,当前未取得可用HTTPS页面：network_error,,not_checked,https://aus-casino-rankings.xyz/,,,,独立后缀与名称通道：其余后缀探索（.xyz）；可读字符形态探索；固定哈希次序第91名，组实际配额300。未要求命中行业词根；名称线索不是意义或机会确认。,未核实
rbtv77.town,2026-08-27,其余后缀探索,未取得可用页面,当前未取得可用HTTPS页面：network_error,,not_checked,http://ww38.rbtv77.town/,,,,独立后缀与名称通道：其余后缀探索（.town）；少量数字名称探索；固定哈希次序第92名，组实际配额300。未要求命中行业词根；名称线索不是意义或机会确认。,未核实
schoolsaistack.xyz,2026-09-07,其余后缀探索,页面内容不足,未同时达到正文160字符且（description≥40字符或非通用H1≥8字符）,,not_checked,https://schoolsaistack.xyz/,,,,独立后缀与名称通道：其余后缀探索（.xyz）；通用词典完整分词；固定哈希次序第93名，组实际配额300。未要求命中行业词根；名称线索不是意义或机会确认。,未核实
useopa.monster,2026-09-25,其余后缀探索,未取得可用页面,当前未取得可用HTTPS页面：network_error,,not_checked,https://useopa.monster/,,,,独立后缀与名称通道：其余后缀探索（.monster）；可读字符形态探索；固定哈希次序第94名，组实际配额300。未要求命中行业词根；名称线索不是意义或机会确认。,未核实
隔离记录-ab370bf8c0b1,2026-08-29,其余后缀探索,注册时间未核实,公开展示暂隔离，原始技术判定保留。,,unknown,,已移出本轮研究范围,,,名称与原文不在公开工作台展示；抽样位置保留于本地审计。,未核实
kotpqe.top,2026-09-18,其余后缀探索,未取得可用页面,当前未取得可用HTTPS页面：network_error,,not_checked,https://kotpqe.top/,,,,独立后缀与名称通道：其余后缀探索（.top）；可读字符形态探索；固定哈希次序第96名，组实际配额300。未要求命中行业词根；名称线索不是意义或机会确认。,未核实
u15lanqu.com.cn,2026-09-18,其余后缀探索,注册时间未核实,页面有内容，但RDAP未取得有效且位于窗口内的registration事件,,unknown,https://u15lanqu.com.cn/,U15篮球_青少年U15篮球培训_比赛_训练营_赛事资讯平台,U15篮球专注青少年15岁以下篮球运动发展，提供U15篮球培训课程、赛事资讯、训练营报名、球队选拔、技术教学等一站式服务平台，助力青少年篮球梦想启航！,🏀 U15篮球青少年发展平台,独立后缀与名称通道：其余后缀探索（.cn）；少量数字名称探索；固定哈希次序第97名，组实际配额300。未要求命中行业词根；名称线索不是意义或机会确认。,未核实
nexazonely.homes,2026-09-17,其余后缀探索,未取得可用页面,当前未取得可用HTTPS页面：network_error,,not_checked,https://nexazonely.homes/,,,,独立后缀与名称通道：其余后缀探索（.homes）；可读字符形态探索；固定哈希次序第98名，组实际配额300。未要求命中行业词根；名称线索不是意义或机会确认。,未核实
hodlproved.xyz,2026-09-11,其余后缀探索,未取得可用页面,当前未取得可用HTTPS页面：network_error,,not_checked,https://hodlproved.xyz/,,,,独立后缀与名称通道：其余后缀探索（.xyz）；可读字符形态探索；固定哈希次序第99名，组实际配额300。未要求命中行业词根；名称线索不是意义或机会确认。,未核实
hunters.biz,2026-09-19,其余后缀探索,跳转到其他域名,来源域名近期注册，但最终页面属于其他域名；目标站上线时间未知,2026-09-17T14:46:46Z,verified_recent,https://www.hunters.com/,Estate Agents & Letting Agents UK | Hunters logo/hunters logo,"Hunters is one of the UK's leading estate agents, with 200+ branches nationwide for buying, selling, letting and renting. Discover More.",Here to get you there,独立后缀与名称通道：其余后缀探索（.biz）；通用词典完整分词；固定哈希次序第100名，组实际配额300。未要求命中行业词根；名称线索不是意义或机会确认。,未核实
moeoffer.xyz,2026-09-11,其余后缀探索,页面内容不足,未同时达到正文160字符且（description≥40字符或非通用H1≥8字符）,,not_checked,https://moeoffer.xyz/,,,,独立后缀与名称通道：其余后缀探索（.xyz）；通用词典完整分词；固定哈希次序第101名，组实际配额300。未要求命中行业词根；名称线索不是意义或机会确认。,未核实
curleddoge.xyz,2026-09-11,其余后缀探索,页面内容不足,未同时达到正文160字符且（description≥40字符或非通用H1≥8字符）,,not_checked,https://curleddoge.xyz/,,,,独立后缀与名称通道：其余后缀探索（.xyz）；通用词典完整分词；固定哈希次序第102名，组实际配额300。未要求命中行业词根；名称线索不是意义或机会确认。,未核实
outreachengineconnect.info,2026-09-02,其余后缀探索,停放或未正式开放,标题/H1/description 或域名式标题对应的正文开头命中停放/未开放标记：domain for sale,,not_checked,https://outreachengineconnect.info/,porkbun.com | domain for sale,,This domain is for sale.,独立后缀与名称通道：其余后缀探索（.info）；通用词典完整分词；固定哈希次序第103名，组实际配额300。未要求命中行业词根；名称线索不是意义或机会确认。,未核实
modernmulligan.info,2026-09-19,其余后缀探索,页面内容不足,未同时达到正文160字符且（description≥40字符或非通用H1≥8字符）,,not_checked,https://modernmulligan.info/,,,,独立后缀与名称通道：其余后缀探索（.info）；通用词典完整分词；固定哈希次序第104名，组实际配额300。未要求命中行业词根；名称线索不是意义或机会确认。,未核实
applyachiever.xyz,2026-09-23,其余后缀探索,页面内容不足,未同时达到正文160字符且（description≥40字符或非通用H1≥8字符）,,not_checked,https://applyachiever.xyz/,,,,独立后缀与名称通道：其余后缀探索（.xyz）；通用词典完整分词；固定哈希次序第105名，组实际配额300。未要求命中行业词根；名称线索不是意义或机会确认。,未核实
quotesvision.xyz,2026-09-20,其余后缀探索,页面内容不足,未同时达到正文160字符且（description≥40字符或非通用H1≥8字符）,,not_checked,https://quotesvision.xyz/,,,,独立后缀与名称通道：其余后缀探索（.xyz）；可读字符形态探索；固定哈希次序第106名，组实际配额300。未要求命中行业词根；名称线索不是意义或机会确认。,未核实
lumetrixstudio.xyz,2026-09-11,其余后缀探索,未取得可用页面,当前未取得可用HTTPS页面：http_error,,not_checked,https://lumetrixstudio.xyz/,,,,独立后缀与名称通道：其余后缀探索（.xyz）；可读字符形态探索；固定哈希次序第107名，组实际配额300。未要求命中行业词根；名称线索不是意义或机会确认。,未核实
scopeaitips.xyz,2026-09-07,其余后缀探索,页面内容不足,未同时达到正文160字符且（description≥40字符或非通用H1≥8字符）,,not_checked,https://scopeaitips.xyz/,,,,独立后缀与名称通道：其余后缀探索（.xyz）；可读字符形态探索；固定哈希次序第108名，组实际配额300。未要求命中行业词根；名称线索不是意义或机会确认。,未核实
netbahiss1.top,2026-09-20,其余后缀探索,未取得可用页面,当前未取得可用HTTPS页面：network_error,,not_checked,https://netbahiss1.top/,,,,独立后缀与名称通道：其余后缀探索（.top）；少量数字名称探索；固定哈希次序第109名，组实际配额300。未要求命中行业词根；名称线索不是意义或机会确认。,未核实
hero-yabo.com.cn,2026-09-15,其余后缀探索,注册时间未核实,页面有内容，但RDAP未取得有效且位于窗口内的registration事件,,unknown,https://hero-yabo.com.cn/,亚博体育 - Yabo亚博集团官方网站,"亚博体育官方版网站登录入口,官网网页版在线登录入口,官方平台客服24小时在线为您服务!【综合体育、官方网站、娱乐平台、亚博体育官方版网站登录入口注册、最新网址、官网入口、APP下载、全站客户端、游戏中心、手机网页版登录等】亚博体育登录入口专为热爱体育的您打造，简洁明了的界面让您轻松上手。您可以在这里获取最新的比赛信息…",亚博体育官网实时比分与赛程查询,独立后缀与名称通道：其余后缀探索（.cn）；可读字符形态探索；固定哈希次序第110名，组实际配额300。未要求命中行业词根；名称线索不是意义或机会确认。,未核实
experience-ai.top,2026-09-19,其余后缀探索,未取得可用页面,当前未取得可用HTTPS页面：network_error,,not_checked,https://experience-ai.top/,,,,独立后缀与名称通道：其余后缀探索（.top）；可读字符形态探索；固定哈希次序第111名，组实际配额300。未要求命中行业词根；名称线索不是意义或机会确认。,未核实
genzfinance.online,2026-09-15,其余后缀探索,近期注册且有内容,RDAP registration 位于近30天窗口；当前HTTPS页面通过实质内容规则,2026-09-13T16:47:19.893000Z,verified_recent,https://genzfinance.online/,FIGURED OUT By Angie | Money Printables & Journals by Angie Crowe,"Budgeting, credit, side hustle and adulting printables that treat you like an adult. Mindset, habits, payday survival, roommate agreements, car checklists — priced and ready to download.",Nobody taught you money. So here's the stuff they skipped.,独立后缀与名称通道：其余后缀探索（.online）；可读字符形态探索；固定哈希次序第112名，组实际配额300。未要求命中行业词根；名称线索不是意义或机会确认。,未核实
2rnk.top,2026-08-28,其余后缀探索,未取得可用页面,当前未取得可用HTTPS页面：network_error,,not_checked,https://2rnk.top/,,,,独立后缀与名称通道：其余后缀探索（.top）；少量数字名称探索；固定哈希次序第113名，组实际配额300。未要求命中行业词根；名称线索不是意义或机会确认。,未核实
voltwerk-energy.de,2026-09-15,其余后缀探索,未取得可用页面,当前未取得可用HTTPS页面：network_error,,not_checked,https://voltwerk-energy.de/,,,,独立后缀与名称通道：其余后缀探索（.de）；可读字符形态探索；固定哈希次序第114名，组实际配额300。未要求命中行业词根；名称线索不是意义或机会确认。,未核实
csij.cn,2026-09-20,其余后缀探索,未取得可用页面,当前未取得可用HTTPS页面：network_error,,not_checked,https://csij.cn/,,,,独立后缀与名称通道：其余后缀探索（.cn）；短缩写探索；固定哈希次序第115名，组实际配额300。未要求命中行业词根；名称线索不是意义或机会确认。,未核实
airogee.top,2026-09-16,其余后缀探索,未取得可用页面,当前未取得可用HTTPS页面：network_error,,not_checked,https://airogee.top/,,,,独立后缀与名称通道：其余后缀探索（.top）；通用词典完整分词；固定哈希次序第116名，组实际配额300。未要求命中行业词根；名称线索不是意义或机会确认。,未核实
betidethtools.xyz,2026-09-21,其余后缀探索,页面内容不足,未同时达到正文160字符且（description≥40字符或非通用H1≥8字符）,,not_checked,https://betidethtools.xyz/,,,,独立后缀与名称通道：其余后缀探索（.xyz）；可读字符形态探索；固定哈希次序第117名，组实际配额300。未要求命中行业词根；名称线索不是意义或机会确认。,未核实
braininscribed.xyz,2026-09-21,其余后缀探索,页面内容不足,未同时达到正文160字符且（description≥40字符或非通用H1≥8字符）,,not_checked,https://braininscribed.xyz/,,,,独立后缀与名称通道：其余后缀探索（.xyz）；可读字符形态探索；固定哈希次序第118名，组实际配额300。未要求命中行业词根；名称线索不是意义或机会确认。,未核实
bunasa93a.vip,2026-09-17,其余后缀探索,未取得可用页面,当前未取得可用HTTPS页面：network_error,,not_checked,https://bunasa93a.vip/,,,,独立后缀与名称通道：其余后缀探索（.vip）；少量数字名称探索；固定哈希次序第119名，组实际配额300。未要求命中行业词根；名称线索不是意义或机会确认。,未核实
dedicationpartners.nu,2026-08-30,其余后缀探索,未取得可用页面,当前未取得可用HTTPS页面：network_error,,not_checked,https://dedicationpartners.nu/,,,,独立后缀与名称通道：其余后缀探索（.nu）；可读字符形态探索；固定哈希次序第120名，组实际配额300。未要求命中行业词根；名称线索不是意义或机会确认。,未核实
隔离记录-e6f073dba71d,2026-09-16,其余后缀探索,近期注册且有内容,本轮暂跳过成人与博彩内容；此项不改变页面是否存在的事实判定。,2026-09-14T10:11:52Z,verified_recent,,已移出本轮研究范围,,,名称与原文不在公开工作台展示；抽样位置保留于本地审计。,未核实
ribbonexcept.xyz,2026-08-31,其余后缀探索,未取得可用页面,当前未取得可用HTTPS页面：network_error,,not_checked,https://ribbonexcept.xyz/,,,,独立后缀与名称通道：其余后缀探索（.xyz）；通用词典完整分词；固定哈希次序第122名，组实际配额300。未要求命中行业词根；名称线索不是意义或机会确认。,未核实
hyperbehest.xyz,2026-09-17,其余后缀探索,页面内容不足,未同时达到正文160字符且（description≥40字符或非通用H1≥8字符）,,not_checked,https://hyperbehest.xyz/,,,,独立后缀与名称通道：其余后缀探索（.xyz）；通用词典完整分词；固定哈希次序第123名，组实际配额300。未要求命中行业词根；名称线索不是意义或机会确认。,未核实
forfeitauto.xyz,2026-09-16,其余后缀探索,页面内容不足,未同时达到正文160字符且（description≥40字符或非通用H1≥8字符）,,not_checked,https://forfeitauto.xyz/,,,,独立后缀与名称通道：其余后缀探索（.xyz）；通用词典完整分词；固定哈希次序第124名，组实际配额300。未要求命中行业词根；名称线索不是意义或机会确认。,未核实
mykitschii.shop,2026-08-31,其余后缀探索,页面内容不足,未同时达到正文160字符且（description≥40字符或非通用H1≥8字符）,,not_checked,https://mubanzhan.shop/,,,,独立后缀与名称通道：其余后缀探索（.shop）；可读字符形态探索；固定哈希次序第125名，组实际配额300。未要求命中行业词根；名称线索不是意义或机会确认。,未核实
metronomeavocat.fr,2026-09-22,其余后缀探索,未取得可用页面,当前未取得可用HTTPS页面：network_error,,not_checked,https://metronomeavocat.fr/,,,,独立后缀与名称通道：其余后缀探索（.fr）；通用词典完整分词；固定哈希次序第126名，组实际配额300。未要求命中行业词根；名称线索不是意义或机会确认。,未核实
hjqiutz.quest,2026-09-01,其余后缀探索,未取得可用页面,当前未取得可用HTTPS页面：network_error,,not_checked,https://hjqiutz.quest/,,,,独立后缀与名称通道：其余后缀探索（.quest）；可读字符形态探索；固定哈希次序第127名，组实际配额300。未要求命中行业词根；名称线索不是意义或机会确认。,未核实
kuranmealiveri.xyz,2026-09-21,其余后缀探索,未取得可用页面,当前未取得可用HTTPS页面：network_error,,not_checked,https://kuranmealiveri.xyz/,,,,独立后缀与名称通道：其余后缀探索（.xyz）；可读字符形态探索；固定哈希次序第128名，组实际配额300。未要求命中行业词根；名称线索不是意义或机会确认。,未核实
livecasinozone.xyz,2026-09-21,其余后缀探索,页面内容不足,未同时达到正文160字符且（description≥40字符或非通用H1≥8字符）,,not_checked,https://livecasinozone.xyz/,,,,独立后缀与名称通道：其余后缀探索（.xyz）；通用词典完整分词；固定哈希次序第129名，组实际配额300。未要求命中行业词根；名称线索不是意义或机会确认。,未核实
soundcardpullover.shop,2026-09-06,其余后缀探索,未取得可用页面,当前未取得可用HTTPS页面：network_error,,not_checked,https://soundcardpullover.shop/,,,,独立后缀与名称通道：其余后缀探索（.shop）；通用词典完整分词；固定哈希次序第130名，组实际配额300。未要求命中行业词根；名称线索不是意义或机会确认。,未核实
dwindleoptew.pics,2026-09-09,其余后缀探索,未取得可用页面,当前未取得可用HTTPS页面：network_error,,not_checked,https://dwindleoptew.pics/,,,,独立后缀与名称通道：其余后缀探索（.pics）；可读字符形态探索；固定哈希次序第131名，组实际配额300。未要求命中行业词根；名称线索不是意义或机会确认。,未核实
mangaunlock.xyz,2026-09-17,其余后缀探索,页面内容不足,未同时达到正文160字符且（description≥40字符或非通用H1≥8字符）,,not_checked,https://mangaunlock.xyz/,,,,独立后缀与名称通道：其余后缀探索（.xyz）；通用词典完整分词；固定哈希次序第132名，组实际配额300。未要求命中行业词根；名称线索不是意义或机会确认。,未核实
隔离记录-914fcbdd3d97,2026-09-04,其余后缀探索,近期注册且有内容,本轮暂跳过成人与博彩内容；此项不改变页面是否存在的事实判定。,2026-09-02T12:43:36.621000Z,verified_recent,,已移出本轮研究范围,,,名称与原文不在公开工作台展示；抽样位置保留于本地审计。,未核实
chatfield-ai.ch,2026-08-28,其余后缀探索,注册时间未核实,页面有内容，但RDAP未取得有效且位于窗口内的registration事件,,unknown,https://chatfield-ai.ch/,Chatfield – KI-Assistenten für Schweizer KMUs Chatfield – KI-Assistent,,Ihre Website verliert täglich Anfragen.,独立后缀与名称通道：其余后缀探索（.ch）；可读字符形态探索；固定哈希次序第134名，组实际配额300。未要求命中行业词根；名称线索不是意义或机会确认。,未核实
fleboxin.cz,2026-08-28,其余后缀探索,未取得可用页面,当前未取得可用HTTPS页面：network_error,,not_checked,https://fleboxin.cz/,,,,独立后缀与名称通道：其余后缀探索（.cz）；可读字符形态探索；固定哈希次序第135名，组实际配额300。未要求命中行业词根；名称线索不是意义或机会确认。,未核实
bluewhale.health,2026-09-06,其余后缀探索,页面内容不足,未同时达到正文160字符且（description≥40字符或非通用H1≥8字符）,,not_checked,https://bluewhale.health/,Blue Whale and Partners Ltd — Connected Healthcare. Intelligent Solutions.,"Blue Whale and Partners Ltd bridges physical healthcare infrastructure and smart digital software to empower providers, deepen health insurance penetration, and improve patient care in Nigeria and across Africa.",,独立后缀与名称通道：其余后缀探索（.health）；通用词典完整分词；固定哈希次序第136名，组实际配额300。未要求命中行业词根；名称线索不是意义或机会确认。,未核实
finance26.biz,2026-09-04,其余后缀探索,近期注册且有内容,RDAP registration 位于近30天窗口；当前HTTPS页面通过实质内容规则,2026-09-02T15:22:59Z,verified_recent,https://finance26.biz/,Brandname - AI-assisted investing with a personal analyst,📈 AI-assisted investing with a personal financial analyst. Grow an additional source of income - no experience required.,Finance26,独立后缀与名称通道：其余后缀探索（.biz）；少量数字名称探索；固定哈希次序第137名，组实际配额300。未要求命中行业词根；名称线索不是意义或机会确认。,未核实
dominikmizgala.pl,2026-09-17,其余后缀探索,页面内容不足,未同时达到正文160字符且（description≥40字符或非通用H1≥8字符）,,not_checked,https://dominikmizgala.pl/redirect.html,Redirect to /go.php,,,独立后缀与名称通道：其余后缀探索（.pl）；可读字符形态探索；固定哈希次序第138名，组实际配额300。未要求命中行业词根；名称线索不是意义或机会确认。,未核实
neighborpro.kr,2026-09-24,其余后缀探索,近期注册且有内容,RDAP registration 位于近30天窗口；当前HTTPS页面通过实质内容规则,2026-09-20T15:00:00Z,verified_recent,https://neighborpro.kr/,이웃해결사닷컴 — 우리 동네 배관·누수 상담 연결,"하수구막힘, 변기막힘, 싱크대막힘부터 누수탐지와 동파 해빙까지. 주소를 기준으로 출동 가능한 배관 업체에 무료 상담을 연결해 드립니다.","하수구·변기·싱크대가 막혔을 때, 우리 동네로 올 수 있는 업체 를 찾아드립니다",独立后缀与名称通道：其余后缀探索（.kr）；通用词典完整分词；固定哈希次序第139名，组实际配额300。未要求命中行业词根；名称线索不是意义或机会确认。,未核实
meh.life,2026-09-06,其余后缀探索,未取得可用页面,当前未取得可用HTTPS页面：network_error,,not_checked,http://ww38.meh.life/,,,,独立后缀与名称通道：其余后缀探索（.life）；短缩写探索；固定哈希次序第140名，组实际配额300。未要求命中行业词根；名称线索不是意义或机会确认。,未核实
adayglobal.xyz,2026-09-05,其余后缀探索,页面内容不足,未同时达到正文160字符且（description≥40字符或非通用H1≥8字符）,,not_checked,https://adayglobal.xyz/,,,,独立后缀与名称通道：其余后缀探索（.xyz）；通用词典完整分词；固定哈希次序第141名，组实际配额300。未要求命中行业词根；名称线索不是意义或机会确认。,未核实
ocatoto-utopia.site,2026-09-20,其余后缀探索,未取得可用页面,当前未取得可用HTTPS页面：network_error,,not_checked,https://ocatoto-utopia.site/,,,,独立后缀与名称通道：其余后缀探索（.site）；可读字符形态探索；固定哈希次序第142名，组实际配额300。未要求命中行业词根；名称线索不是意义或机会确认。,未核实
tangiblegpu.xyz,2026-09-18,其余后缀探索,页面内容不足,未同时达到正文160字符且（description≥40字符或非通用H1≥8字符）,,not_checked,https://tangiblegpu.xyz/,,,,独立后缀与名称通道：其余后缀探索（.xyz）；可读字符形态探索；固定哈希次序第143名，组实际配额300。未要求命中行业词根；名称线索不是意义或机会确认。,未核实
cyberthing.de,2026-09-17,其余后缀探索,注册时间未核实,页面有内容，但RDAP未取得有效且位于窗口内的registration事件,,unknown,https://cyberthing.de/,Der Domainname cyberthing.de steht zum Verkauf.,Sichern Sie sich jetzt Ihre Wunschdomain! ✓ Sichere Zahlungsabwicklung ✓ Kompetentes Serviceteam ✓ Treuhändische Abwicklung,cyberthing.de steht zum Verkauf,独立后缀与名称通道：其余后缀探索（.de）；可读字符形态探索；固定哈希次序第144名，组实际配额300。未要求命中行业词根；名称线索不是意义或机会确认。,未核实
netspormacizle.site,2026-09-06,其余后缀探索,未取得可用页面,当前未取得可用HTTPS页面：network_error,,not_checked,https://netspormacizle.site/,,,,独立后缀与名称通道：其余后缀探索（.site）；通用词典完整分词；固定哈希次序第145名，组实际配额300。未要求命中行业词根；名称线索不是意义或机会确认。,未核实
reitboknova.click,2026-09-16,其余后缀探索,近期注册且有内容,RDAP registration 位于近30天窗口；当前HTTPS页面通过实质内容规则,2026-09-14T11:10:01.696000Z,verified_recent,https://reitboknova.click/,Handa Sports Attire - 知多市の野球ユニフォーム・野球シューズ販売,知多市・知多半島を中心に、少年野球から社会人チームまでの野球ユニフォーム・シューズを供給。オーダーユニフォーム、チーム一括購入、背番号加工、見積もり相談受付中。,チームの「揃えたい」と個人の「こだわり」を、 知多市から。,独立后缀与名称通道：其余后缀探索（.click）；通用词典完整分词；固定哈希次序第146名，组实际配额300。未要求命中行业词根；名称线索不是意义或机会确认。,未核实
隔离记录-a494885ba61c,2026-09-03,其余后缀探索,近期注册且有内容,本轮暂跳过成人与博彩内容；此项不改变页面是否存在的事实判定。,2026-09-02T10:23:25.143531Z,verified_recent,,已移出本轮研究范围,,,名称与原文不在公开工作台展示；抽样位置保留于本地审计。,未核实
cargodev.xyz,2026-09-04,其余后缀探索,页面内容不足,未同时达到正文160字符且（description≥40字符或非通用H1≥8字符）,,not_checked,https://cargodev.xyz/,,,,独立后缀与名称通道：其余后缀探索（.xyz）；通用词典完整分词；固定哈希次序第148名，组实际配额300。未要求命中行业词根；名称线索不是意义或机会确认。,未核实
bet-most-cazino.blog,2026-08-30,其余后缀探索,未取得可用页面,当前未取得可用HTTPS页面：redirect_error,,not_checked,https://bet-most-cazino.blog/,,,,独立后缀与名称通道：其余后缀探索（.blog）；可读字符形态探索；固定哈希次序第149名，组实际配额300。未要求命中行业词根；名称线索不是意义或机会确认。,未核实
teamlandlord.xyz,2026-09-13,其余后缀探索,页面内容不足,未同时达到正文160字符且（description≥40字符或非通用H1≥8字符）,,not_checked,https://teamlandlord.xyz/,,,,独立后缀与名称通道：其余后缀探索（.xyz）；通用词典完整分词；固定哈希次序第150名，组实际配额300。未要求命中行业词根；名称线索不是意义或机会确认。,未核实
tb4ufk.vip,2026-08-30,其余后缀探索,页面内容不足,未同时达到正文160字符且（description≥40字符或非通用H1≥8字符）,,not_checked,https://tb4ufk.vip/,,,,独立后缀与名称通道：其余后缀探索（.vip）；少量数字名称探索；固定哈希次序第151名，组实际配额300。未要求命中行业词根；名称线索不是意义或机会确认。,未核实
3dfenxi.casa,2026-08-29,其余后缀探索,近期注册且有内容,RDAP registration 位于近30天窗口；当前HTTPS页面通过实质内容规则,2026-08-27T06:46:44Z,verified_recent,https://3dfenxi.casa/,3D分析_专业三维数据分析技术_3D建模与可视化分析平台,专业3D分析平台，提供三维数据分析、3D建模可视化、3D点云处理、3D扫描检测、3D打印质量分析等全方位三维分析解决方案。涵盖工业制造、医疗影像、建筑设计、科研教学等领域的3D分析技术与应用。,3D分析专业平台,独立后缀与名称通道：其余后缀探索（.casa）；少量数字名称探索；固定哈希次序第152名，组实际配额300。未要求命中行业词根；名称线索不是意义或机会确认。,未核实
paradoxquant.xyz,2026-09-07,其余后缀探索,页面内容不足,未同时达到正文160字符且（description≥40字符或非通用H1≥8字符）,,not_checked,https://paradoxquant.xyz/,,,,独立后缀与名称通道：其余后缀探索（.xyz）；通用词典完整分词；固定哈希次序第153名，组实际配额300。未要求命中行业词根；名称线索不是意义或机会确认。,未核实
86agx.top,2026-08-27,其余后缀探索,页面内容不足,未同时达到正文160字符且（description≥40字符或非通用H1≥8字符）,,not_checked,https://86agx.top/,,,,独立后缀与名称通道：其余后缀探索（.top）；少量数字名称探索；固定哈希次序第154名，组实际配额300。未要求命中行业词根；名称线索不是意义或机会确认。,未核实
curstspace.xyz,2026-09-24,其余后缀探索,页面内容不足,未同时达到正文160字符且（description≥40字符或非通用H1≥8字符）,,not_checked,https://curstspace.xyz/,,,,独立后缀与名称通道：其余后缀探索（.xyz）；通用词典完整分词；固定哈希次序第155名，组实际配额300。未要求命中行业词根；名称线索不是意义或机会确认。,未核实
scarebowl.store,2026-09-16,其余后缀探索,近期注册且有内容,RDAP registration 位于近30天窗口；当前HTTPS页面通过实质内容规则,2026-09-14T03:31:21.780000Z,verified_recent,https://scarebowl.store/,ScareBowl,,ScareBowl,独立后缀与名称通道：其余后缀探索（.store）；通用词典完整分词；固定哈希次序第156名，组实际配额300。未要求命中行业词根；名称线索不是意义或机会确认。,未核实
woodenquantum.xyz,2026-09-23,其余后缀探索,页面内容不足,未同时达到正文160字符且（description≥40字符或非通用H1≥8字符）,,not_checked,https://woodenquantum.xyz/,,,,独立后缀与名称通道：其余后缀探索（.xyz）；通用词典完整分词；固定哈希次序第157名，组实际配额300。未要求命中行业词根；名称线索不是意义或机会确认。,未核实
mondregreen99.click,2026-09-13,其余后缀探索,未取得可用页面,当前未取得可用HTTPS页面：http_error,,not_checked,https://mondregreen99.click/,,,,独立后缀与名称通道：其余后缀探索（.click）；少量数字名称探索；固定哈希次序第158名，组实际配额300。未要求命中行业词根；名称线索不是意义或机会确认。,未核实
oxylinate.ru,2026-08-31,其余后缀探索,未取得可用页面,当前未取得可用HTTPS页面：network_error,,not_checked,https://oxylinate.ru/,,,,独立后缀与名称通道：其余后缀探索（.ru）；通用词典完整分词；固定哈希次序第159名，组实际配额300。未要求命中行业词根；名称线索不是意义或机会确认。,未核实
bonusol.digital,2026-09-18,其余后缀探索,未取得可用页面,当前未取得可用HTTPS页面：http_error,,not_checked,https://bonusol.digital/,,,,独立后缀与名称通道：其余后缀探索（.digital）；可读字符形态探索；固定哈希次序第160名，组实际配额300。未要求命中行业词根；名称线索不是意义或机会确认。,未核实
隔离记录-8476bd71511a,2026-09-04,其余后缀探索,页面内容不足,公开展示暂隔离，原始技术判定保留。,,not_checked,,已移出本轮研究范围,,,名称与原文不在公开工作台展示；抽样位置保留于本地审计。,未核实
ab7.my,2026-09-17,其余后缀探索,页面内容不足,未同时达到正文160字符且（description≥40字符或非通用H1≥8字符）,,not_checked,https://ab7.my/,短链接工具,,,独立后缀与名称通道：其余后缀探索（.my）；少量数字名称探索；固定哈希次序第162名，组实际配额300。未要求命中行业词根；名称线索不是意义或机会确认。,未核实
prodigywarehouse.click,2026-09-23,其余后缀探索,近期注册且有内容,RDAP registration 位于近30天窗口；当前HTTPS页面通过实质内容规则,2026-09-21T14:09:16.875000Z,verified_recent,https://prodigywarehouse.click/,Guia Completo: Crie Seu Canal no YouTube do Zero!,,Seu Portal Para o Mundo do YouTube Comeäa Aqui!,独立后缀与名称通道：其余后缀探索（.click）；通用词典完整分词；固定哈希次序第163名，组实际配额300。未要求命中行业词根；名称线索不是意义或机会确认。,未核实
keychainx.vip,2026-09-17,其余后缀探索,未取得可用页面,当前未取得可用HTTPS页面：network_error,,not_checked,https://keychainx.vip/,,,,独立后缀与名称通道：其余后缀探索（.vip）；可读字符形态探索；固定哈希次序第164名，组实际配额300。未要求命中行业词根；名称线索不是意义或机会确认。,未核实
bjyimingtiyu.ren,2026-09-03,其余后缀探索,未取得可用页面,当前未取得可用HTTPS页面：network_error,,not_checked,https://bjyimingtiyu.ren/,,,,独立后缀与名称通道：其余后缀探索（.ren）；可读字符形态探索；固定哈希次序第165名，组实际配额300。未要求命中行业词根；名称线索不是意义或机会确认。,未核实
imsafe.xyz,2026-09-07,其余后缀探索,页面内容不足,未同时达到正文160字符且（description≥40字符或非通用H1≥8字符）,,not_checked,https://imsafe.xyz/,,,,独立后缀与名称通道：其余后缀探索（.xyz）；可读字符形态探索；固定哈希次序第166名，组实际配额300。未要求命中行业词根；名称线索不是意义或机会确认。,未核实
limudotil.run,2026-08-28,其余后缀探索,未取得可用页面,当前未取得可用HTTPS页面：network_error,,not_checked,https://limudotil.run/,,,,独立后缀与名称通道：其余后缀探索（.run）；通用词典完整分词；固定哈希次序第167名，组实际配额300。未要求命中行业词根；名称线索不是意义或机会确认。,未核实
zhas-kanat-internat.kz,2026-09-23,其余后缀探索,页面内容不足,未同时达到正文160字符且（description≥40字符或非通用H1≥8字符）,,not_checked,https://zhas-kanat-internat.kz/,Жас-Қанат — мектеп-интернат,"ЖШС «Жас-Қанат» мектеп-интернаты, Шымкент.",,独立后缀与名称通道：其余后缀探索（.kz）；可读字符形态探索；固定哈希次序第168名，组实际配额300。未要求命中行业词根；名称线索不是意义或机会确认。,未核实
novadistricti.shop,2026-08-31,其余后缀探索,未取得可用页面,当前未取得可用HTTPS页面：http_error,,not_checked,https://novadistricti.shop/,,,,独立后缀与名称通道：其余后缀探索（.shop）；可读字符形态探索；固定哈希次序第169名，组实际配额300。未要求命中行业词根；名称线索不是意义或机会确认。,未核实
suasinternational.co.uk,2026-08-27,其余后缀探索,未取得可用页面,当前未取得可用HTTPS页面：network_error,,not_checked,https://suasinternational.co.uk/,,,,独立后缀与名称通道：其余后缀探索（.uk）；可读字符形态探索；固定哈希次序第170名，组实际配额300。未要求命中行业词根；名称线索不是意义或机会确认。,未核实
theonyx.shop,2026-09-22,其余后缀探索,未取得可用页面,当前未取得可用HTTPS页面：too_large,,not_checked,https://www.theonyx.shop/,,,,独立后缀与名称通道：其余后缀探索（.shop）；通用词典完整分词；固定哈希次序第171名，组实际配额300。未要求命中行业词根；名称线索不是意义或机会确认。,未核实
home-of-physio.ch,2026-09-14,其余后缀探索,未取得可用页面,当前未取得可用HTTPS页面：network_error,,not_checked,https://home-of-physio.ch/,,,,独立后缀与名称通道：其余后缀探索（.ch）；可读字符形态探索；固定哈希次序第172名，组实际配额300。未要求命中行业词根；名称线索不是意义或机会确认。,未核实
taita.shop,2026-09-16,其余后缀探索,注册时间未核实,页面有内容，但RDAP未取得有效且位于窗口内的registration事件,,unknown,https://taita.shop/,Namecheap Parking Page,,Your website is ready to go!,独立后缀与名称通道：其余后缀探索（.shop）；短缩写探索；固定哈希次序第173名，组实际配额300。未要求命中行业词根；名称线索不是意义或机会确认。,未核实
amalianicoletacoman.eu,2026-09-10,其余后缀探索,页面内容不足,未同时达到正文160字符且（description≥40字符或非通用H1≥8字符）,,not_checked,https://amalianicoletacoman.com/,Amalia Nicoleta Coman Amalia Nicoleta Coman WordPress.com,,,独立后缀与名称通道：其余后缀探索（.eu）；可读字符形态探索；固定哈希次序第174名，组实际配额300。未要求命中行业词根；名称线索不是意义或机会确认。,未核实
orgadexase.ru,2026-09-21,其余后缀探索,未取得可用页面,当前未取得可用HTTPS页面：network_error,,not_checked,https://orgadexase.ru/,,,,独立后缀与名称通道：其余后缀探索（.ru）；可读字符形态探索；固定哈希次序第175名，组实际配额300。未要求命中行业词根；名称线索不是意义或机会确认。,未核实
verifierbond.xyz,2026-09-09,其余后缀探索,页面内容不足,未同时达到正文160字符且（description≥40字符或非通用H1≥8字符）,,not_checked,https://verifierbond.xyz/,,,,独立后缀与名称通道：其余后缀探索（.xyz）；通用词典完整分词；固定哈希次序第176名，组实际配额300。未要求命中行业词根；名称线索不是意义或机会确认。,未核实
panchalpur.in,2026-09-10,其余后缀探索,页面内容不足,未同时达到正文160字符且（description≥40字符或非通用H1≥8字符）,,not_checked,https://panchalpur.in/,,,,独立后缀与名称通道：其余后缀探索（.in）；通用词典完整分词；固定哈希次序第177名，组实际配额300。未要求命中行业词根；名称线索不是意义或机会确认。,未核实
k8model.xyz,2026-09-11,其余后缀探索,页面内容不足,未同时达到正文160字符且（description≥40字符或非通用H1≥8字符）,,not_checked,https://k8model.xyz/entry,K8 model club · 统一登录,K8 model club 统一入口，登录后自动进入专属工作台。,,独立后缀与名称通道：其余后缀探索（.xyz）；少量数字名称探索；固定哈希次序第178名，组实际配额300。未要求命中行业词根；名称线索不是意义或机会确认。,未核实
oliveiraimoveisvix.com.br,2026-08-31,其余后缀探索,近期注册且有内容,RDAP registration 位于近30天窗口；当前HTTPS页面通过实质内容规则,2026-08-28T03:36:17Z,verified_recent,https://www.oliveiraimoveisvix.com.br/,Antony Oliveira Negócios Imobiliários,"Curadoria de imóveis para comprar, alugar ou investir no Espírito Santo. Atendimento próximo, do primeiro contato às chaves na mão.",Nós temos a chave do seu sonho!,独立后缀与名称通道：其余后缀探索（.br）；可读字符形态探索；固定哈希次序第179名，组实际配额300。未要求命中行业词根；名称线索不是意义或机会确认。,未核实
authentisch-mann-sein.ch,2026-09-02,其余后缀探索,注册时间未核实,页面有内容，但RDAP未取得有效且位于窗口内的registration事件,,unknown,https://www.authentisch-mann-sein.ch/,"Online Coaching, Beratung, Männer, Stress, Burn Out | Winterthur | Jennifer Sobania","Herz & Kopf begleitet Männer mit beruflicher und familiärer Verantwortung online bei Stress, Ängsten und emotionaler Erschöpfung  für mehr Ruhe, Klarheit und innere Stärke.",Online-Begleitung & Persönlichkeitsentwicklung für Männer mit Verantwortung;Häufige Fragen,独立后缀与名称通道：其余后缀探索（.ch）；可读字符形态探索；固定哈希次序第180名，组实际配额300。未要求命中行业词根；名称线索不是意义或机会确认。,未核实
btcsoulai-ng.live,2026-09-11,其余后缀探索,注册时间未核实,页面有内容，但RDAP未取得有效且位于窗口内的registration事件,,unknown,https://btcsoulai-ng.live/,Btcsoulai | AI-Assisted Access to Global Markets — crypto trading plat,"Explore crypto ⚡, forex and global markets with Btcsoulai ⚡, using 🚀 live information, AI-assisted research and a straightforward experience for Nigerian users.",A clearer workspace for accessing global markets,独立后缀与名称通道：其余后缀探索（.live）；可读字符形态探索；固定哈希次序第181名，组实际配额300。未要求命中行业词根；名称线索不是意义或机会确认。,未核实
jiashiou.top,2026-09-11,其余后缀探索,未取得可用页面,当前未取得可用HTTPS页面：network_error,,not_checked,https://jiashiou.top/,,,,独立后缀与名称通道：其余后缀探索（.top）；可读字符形态探索；固定哈希次序第182名，组实际配额300。未要求命中行业词根；名称线索不是意义或机会确认。,未核实
dlv.com.vn,2026-09-06,其余后缀探索,页面内容不足,未同时达到正文160字符且（description≥40字符或非通用H1≥8字符）,,not_checked,https://dlv.com.vn/,DLV – Đại Long Việt,,,独立后缀与名称通道：其余后缀探索（.vn）；短缩写探索；固定哈希次序第183名，组实际配额300。未要求命中行业词根；名称线索不是意义或机会确认。,未核实
bodiesstable.xyz,2026-09-06,其余后缀探索,页面内容不足,未同时达到正文160字符且（description≥40字符或非通用H1≥8字符）,,not_checked,https://bodiesstable.xyz/,,,,独立后缀与名称通道：其余后缀探索（.xyz）；可读字符形态探索；固定哈希次序第184名，组实际配额300。未要求命中行业词根；名称线索不是意义或机会确认。,未核实
dreamponies.shop,2026-08-30,其余后缀探索,页面内容不足,未同时达到正文160字符且（description≥40字符或非通用H1≥8字符）,,not_checked,https://dreamponies.shop/,,,,独立后缀与名称通道：其余后缀探索（.shop）；可读字符形态探索；固定哈希次序第185名，组实际配额300。未要求命中行业词根；名称线索不是意义或机会确认。,未核实
szyingku.com.cn,2026-09-25,其余后缀探索,注册时间未核实,页面有内容，但RDAP未取得有效且位于窗口内的registration事件,,unknown,https://szyingku.com.cn/,电影天注定_剧情解析与人物关系_观看渠道梳理,电影天注定以四段真实案件为底本，本文梳理天注定剧情解析与天注定人物关系，补全镜头细节与版本差异，方便回看电影天注定。,电影天注定,独立后缀与名称通道：其余后缀探索（.cn）；可读字符形态探索；固定哈希次序第186名，组实际配额300。未要求命中行业词根；名称线索不是意义或机会确认。,未核实
ventee.uk,2026-08-31,其余后缀探索,未取得可用页面,当前未取得可用HTTPS页面：network_error,,not_checked,https://ventee.uk/,,,,独立后缀与名称通道：其余后缀探索（.uk）；可读字符形态探索；固定哈希次序第187名，组实际配额300。未要求命中行业词根；名称线索不是意义或机会确认。,未核实
farmtennis.xyz,2026-09-15,其余后缀探索,页面内容不足,未同时达到正文160字符且（description≥40字符或非通用H1≥8字符）,,not_checked,https://farmtennis.xyz/,,,,独立后缀与名称通道：其余后缀探索（.xyz）；通用词典完整分词；固定哈希次序第188名，组实际配额300。未要求命中行业词根；名称线索不是意义或机会确认。,未核实
fomireza.site,2026-09-02,其余后缀探索,未取得可用页面,当前未取得可用HTTPS页面：network_error,,not_checked,https://fomireza.site/,,,,独立后缀与名称通道：其余后缀探索（.site）；可读字符形态探索；固定哈希次序第189名，组实际配额300。未要求命中行业词根；名称线索不是意义或机会确认。,未核实
mfgq61.com.cn,2026-09-08,其余后缀探索,注册时间未核实,页面有内容，但RDAP未取得有效且位于窗口内的registration事件,,unknown,https://mfgq61.com.cn/,免费看高清大片 - 海量影视在线观看 | 热门电影电视剧动漫,免费看高清大片，全网热门电影、电视剧、动漫、综艺一网打尽。每日更新，高清流畅，免费看高清大片首选平台。,🎯 免费看高清大片 · 全部分类,独立后缀与名称通道：其余后缀探索（.cn）；少量数字名称探索；固定哈希次序第190名，组实际配额300。未要求命中行业词根；名称线索不是意义或机会确认。,未核实
uzmankontrol.shop,2026-09-13,其余后缀探索,未取得可用页面,响应不是可解析HTML,,not_checked,https://uzmankontrol.shop/,,,,独立后缀与名称通道：其余后缀探索（.shop）；可读字符形态探索；固定哈希次序第191名，组实际配额300。未要求命中行业词根；名称线索不是意义或机会确认。,未核实
buyonlineofc11.shop,2026-08-30,其余后缀探索,未取得可用页面,当前未取得可用HTTPS页面：http_error,,not_checked,https://buyonlineofc11.shop/,,,,独立后缀与名称通道：其余后缀探索（.shop）；少量数字名称探索；固定哈希次序第192名，组实际配额300。未要求命中行业词根；名称线索不是意义或机会确认。,未核实
ardourrobotaxi.xyz,2026-09-23,其余后缀探索,页面内容不足,未同时达到正文160字符且（description≥40字符或非通用H1≥8字符）,,not_checked,https://ardourrobotaxi.xyz/,,,,独立后缀与名称通道：其余后缀探索（.xyz）；可读字符形态探索；固定哈希次序第193名，组实际配额300。未要求命中行业词根；名称线索不是意义或机会确认。,未核实
ykactor.com.cn,2026-09-23,其余后缀探索,注册时间未核实,页面有内容，但RDAP未取得有效且位于窗口内的registration事件,,unknown,https://ykactor.com.cn/,免费高清视频在线观看_高清电影电视剧综艺动漫在线播放 - 光帧影院,光帧影院提供免费高清视频在线观看服务，涵盖院线新片、热播剧集、综艺娱乐、动漫番剧与漫画改编作品，支持4K修复画质、免注册观看、手机电脑平板多端自适应播放，每日更新高清资源超过128部。,免费高清视频在线观看,独立后缀与名称通道：其余后缀探索（.cn）；可读字符形态探索；固定哈希次序第194名，组实际配额300。未要求命中行业词根；名称线索不是意义或机会确认。,未核实
maxdrew-skawa.pl,2026-09-22,其余后缀探索,未取得可用页面,当前未取得可用HTTPS页面：http_error,,not_checked,https://maxdrew-skawa.pl/,,,,独立后缀与名称通道：其余后缀探索（.pl）；可读字符形态探索；固定哈希次序第195名，组实际配额300。未要求命中行业词根；名称线索不是意义或机会确认。,未核实
skyltex.shop,2026-09-15,其余后缀探索,停放或未正式开放,标题/H1/description 或域名式标题对应的正文开头命中停放/未开放标记：under construction,,not_checked,https://skyltex.shop/,is under construction,,"Ursäkta, vi gör lite arbete på webbplatsen",独立后缀与名称通道：其余后缀探索（.shop）；可读字符形态探索；固定哈希次序第196名，组实际配额300。未要求命中行业词根；名称线索不是意义或机会确认。,未核实
hunixin.ru,2026-09-18,其余后缀探索,未取得可用页面,当前未取得可用HTTPS页面：network_error,,not_checked,https://hunixin.ru/,,,,独立后缀与名称通道：其余后缀探索（.ru）；可读字符形态探索；固定哈希次序第197名，组实际配额300。未要求命中行业词根；名称线索不是意义或机会确认。,未核实
rodacuan.live,2026-08-31,其余后缀探索,近期注册且有内容,RDAP registration 位于近30天窗口；当前HTTPS页面通过实质内容规则,2026-08-29T08:15:51.629000Z,verified_recent,https://rodacuan.live/,Roda Cuan — Mini Game Berhadiah,,Roda Cuan,独立后缀与名称通道：其余后缀探索（.live）；通用词典完整分词；固定哈希次序第198名，组实际配额300。未要求命中行业词根；名称线索不是意义或机会确认。,未核实
melodyspot.xyz,2026-09-15,其余后缀探索,页面内容不足,未同时达到正文160字符且（description≥40字符或非通用H1≥8字符）,,not_checked,https://melodyspot.xyz/,,,,独立后缀与名称通道：其余后缀探索（.xyz）；通用词典完整分词；固定哈希次序第199名，组实际配额300。未要求命中行业词根；名称线索不是意义或机会确认。,未核实
nyairumput.store,2026-09-08,其余后缀探索,近期注册且有内容,RDAP registration 位于近30天窗口；当前HTTPS页面通过实质内容规则,2026-09-06T11:50:15.161000Z,verified_recent,https://nyairumput.store/,Home | Bakmi GM,Bakmi GM - Restoran bakmi legendaris Indonesia sejak 1959,Nikmati Bakmi GM yang Autentik & Lezat,独立后缀与名称通道：其余后缀探索（.store）；可读字符形态探索；固定哈希次序第200名，组实际配额300。未要求命中行业词根；名称线索不是意义或机会确认。,未核实
fanqieys.hl.cn,2026-09-04,其余后缀探索,注册时间未核实,页面有内容，但RDAP未取得有效且位于窗口内的registration事件,,unknown,https://fanqieys.hl.cn/,番茄影视 - 2026热播影视大全_好看的电影电视剧推荐,番茄影视汇聚全球热门影视资源，提供4K蓝光画质、独家影评与深度拉片。每日更新院线大片、高分剧集、国漫日漫，打造极致视听体验。立即访问番茄影视，开启光影之旅。,番茄 影视 · 热情光影;番茄影视：热情光影的视听殿堂,独立后缀与名称通道：其余后缀探索（.cn）；可读字符形态探索；固定哈希次序第201名，组实际配额300。未要求命中行业词根；名称线索不是意义或机会确认。,未核实
creoad.kz,2026-09-19,其余后缀探索,未取得可用页面,当前未取得可用HTTPS页面：network_error,,not_checked,https://creoad.kz/,,,,独立后缀与名称通道：其余后缀探索（.kz）；可读字符形态探索；固定哈希次序第202名，组实际配额300。未要求命中行业词根；名称线索不是意义或机会确认。,未核实
gpurecall.xyz,2026-09-14,其余后缀探索,未取得可用页面,当前未取得可用HTTPS页面：network_error,,not_checked,https://gpurecall.xyz/,,,,独立后缀与名称通道：其余后缀探索（.xyz）；可读字符形态探索；固定哈希次序第203名，组实际配额300。未要求命中行业词根；名称线索不是意义或机会确认。,未核实
movieadda.in,2026-09-15,其余后缀探索,页面内容不足,AI内容复核：电影发现首页本次仅返回 Loading、空栏目、广告占位与通用服务说明，没有实际电影或评分条目；按静态内容不足处理，不推断执行 JavaScript 后是否可用。 原文：FEATURED Loading… Watch Trailer More Info Ad space;自动初判：RDAP registration 位于近30天窗口；当前HTTPS页面通过实质内容规则,2026-09-05T08:55:25.823000Z,verified_recent,https://www.movieadda.in/,MovieAdda — Movie Discovery & Reviews,"MovieAdda — discover trending, top-rated and newly released Indian movies with trailers, ratings, and where to watch legally online.",,独立后缀与名称通道：其余后缀探索（.in）；通用词典完整分词；固定哈希次序第204名，组实际配额300。未要求命中行业词根；名称线索不是意义或机会确认。,未核实
41dispoafxz.asia,2026-09-05,其余后缀探索,未取得可用页面,当前未取得可用HTTPS页面：network_error,,not_checked,https://41dispoafxz.asia/,,,,独立后缀与名称通道：其余后缀探索（.asia）；少量数字名称探索；固定哈希次序第205名，组实际配额300。未要求命中行业词根；名称线索不是意义或机会确认。,未核实
stellaraipath.cyou,2026-09-03,其余后缀探索,未取得可用页面,当前未取得可用HTTPS页面：too_large,,not_checked,https://stellaraipath.cyou/,,,,独立后缀与名称通道：其余后缀探索（.cyou）；可读字符形态探索；固定哈希次序第206名，组实际配额300。未要求命中行业词根；名称线索不是意义或机会确认。,未核实
bioliq.ru,2026-09-02,其余后缀探索,页面内容不足,未同时达到正文160字符且（description≥40字符或非通用H1≥8字符）,,not_checked,https://bioliq.ru/,bioliq.ru,,,独立后缀与名称通道：其余后缀探索（.ru）；可读字符形态探索；固定哈希次序第207名，组实际配额300。未要求命中行业词根；名称线索不是意义或机会确认。,未核实
excellenshuset.se,2026-09-13,其余后缀探索,注册时间未核实,页面有内容，但RDAP未取得有效且位于窗口内的registration事件,,unknown,https://excellenshuset.se/,Parked at Loopia,,Parked at Loopia,独立后缀与名称通道：其余后缀探索（.se）；通用词典完整分词；固定哈希次序第208名，组实际配额300。未要求命中行业词根；名称线索不是意义或机会确认。,未核实
batkin.shop,2026-09-20,其余后缀探索,未取得可用页面,当前未取得可用HTTPS页面：network_error,,not_checked,https://batkin.shop/,,,,独立后缀与名称通道：其余后缀探索（.shop）；通用词典完整分词；固定哈希次序第209名，组实际配额300。未要求命中行业词根；名称线索不是意义或机会确认。,未核实
akademiapythona.pl,2026-09-05,其余后缀探索,注册超过30天,RDAP registration 早于固定30天窗口,2026-08-17T13:39:08Z,verified_old,https://www.akademiapythona.pl/,Akademia Pythona – kurs Python od zera z zadaniami i projektami,"Interaktywny kurs Pythona dla początkujących. Ucz się od podstaw, pisz prawdziwy kod, rozwiązuj zadania i projekty, zdawaj egzaminy i śledź swoje postępy.","Naucz się Pythona, pisząc prawdziwy kod.",独立后缀与名称通道：其余后缀探索（.pl）；可读字符形态探索；固定哈希次序第210名，组实际配额300。未要求命中行业词根；名称线索不是意义或机会确认。,未核实
pmwla.asia,2026-09-22,其余后缀探索,未取得可用页面,当前未取得可用HTTPS页面：network_error,,not_checked,https://pmwla.asia/,,,,独立后缀与名称通道：其余后缀探索（.asia）；短缩写探索；固定哈希次序第211名，组实际配额300。未要求命中行业词根；名称线索不是意义或机会确认。,未核实
mangaincidents.xyz,2026-09-21,其余后缀探索,页面内容不足,未同时达到正文160字符且（description≥40字符或非通用H1≥8字符）,,not_checked,https://mangaincidents.xyz/,,,,独立后缀与名称通道：其余后缀探索（.xyz）；可读字符形态探索；固定哈希次序第212名，组实际配额300。未要求命中行业词根；名称线索不是意义或机会确认。,未核实
ldnessentialsbeauty.co.uk,2026-09-09,其余后缀探索,未取得可用页面,当前未取得可用HTTPS页面：network_error,,not_checked,https://ldnessentialsbeauty.co.uk/,,,,独立后缀与名称通道：其余后缀探索（.uk）；可读字符形态探索；固定哈希次序第213名，组实际配额300。未要求命中行业词根；名称线索不是意义或机会确认。,未核实
propercompliance.co.uk,2026-09-08,其余后缀探索,近期注册且有内容,RDAP registration 位于近30天窗口；当前HTTPS页面通过实质内容规则,2026-09-03T14:47:25.370665Z,verified_recent,https://propercompliance.co.uk/,Property Repairs & Refurbishment in South East London | ProperCompliance,"Property repairs, landlord maintenance, refurbishment and PAT testing across South East London for homeowners, landlords, property managers and businesses.","Property work, organised properly.",独立后缀与名称通道：其余后缀探索（.uk）；通用词典完整分词；固定哈希次序第214名，组实际配额300。未要求命中行业词根；名称线索不是意义或机会确认。,未核实
wzjinli.com.cn,2026-09-07,其余后缀探索,页面内容不足,未同时达到正文160字符且（description≥40字符或非通用H1≥8字符）,,not_checked,https://wzjinli.com.cn/,,,,独立后缀与名称通道：其余后缀探索（.cn）；可读字符形态探索；固定哈希次序第215名，组实际配额300。未要求命中行业词根；名称线索不是意义或机会确认。,未核实
questblot.xyz,2026-09-14,其余后缀探索,页面内容不足,未同时达到正文160字符且（description≥40字符或非通用H1≥8字符）,,not_checked,https://questblot.xyz/,,,,独立后缀与名称通道：其余后缀探索（.xyz）；通用词典完整分词；固定哈希次序第216名，组实际配额300。未要求命中行业词根；名称线索不是意义或机会确认。,未核实
realview.co.in,2026-09-05,其余后缀探索,未取得可用页面,当前未取得可用HTTPS页面：network_error,,not_checked,https://realview.co.in/,,,,独立后缀与名称通道：其余后缀探索（.in）；通用词典完整分词；固定哈希次序第217名，组实际配额300。未要求命中行业词根；名称线索不是意义或机会确认。,未核实
maxavv.ru,2026-09-23,其余后缀探索,未取得可用页面,当前未取得可用HTTPS页面：network_error,,not_checked,https://maxavv.ru/,,,,独立后缀与名称通道：其余后缀探索（.ru）；可读字符形态探索；固定哈希次序第218名，组实际配额300。未要求命中行业词根；名称线索不是意义或机会确认。,未核实
wagakifund.click,2026-09-16,其余后缀探索,未取得可用页面,当前未取得可用HTTPS页面：network_error,,not_checked,https://wagakifund.click/,,,,独立后缀与名称通道：其余后缀探索（.click）；可读字符形态探索；固定哈希次序第219名，组实际配额300。未要求命中行业词根；名称线索不是意义或机会确认。,未核实
afwd.info,2026-09-08,其余后缀探索,未取得可用页面,当前未取得可用HTTPS页面：network_error,,not_checked,https://afwd.info/,,,,独立后缀与名称通道：其余后缀探索（.info）；短缩写探索；固定哈希次序第220名，组实际配额300。未要求命中行业词根；名称线索不是意义或机会确认。,未核实
hospitalsgpu.xyz,2026-09-19,其余后缀探索,页面内容不足,未同时达到正文160字符且（description≥40字符或非通用H1≥8字符）,,not_checked,https://hospitalsgpu.xyz/,,,,独立后缀与名称通道：其余后缀探索（.xyz）；可读字符形态探索；固定哈希次序第221名，组实际配额300。未要求命中行业词根；名称线索不是意义或机会确认。,未核实
gpuarab.xyz,2026-09-10,其余后缀探索,页面内容不足,未同时达到正文160字符且（description≥40字符或非通用H1≥8字符）,,not_checked,https://gpuarab.xyz/,,,,独立后缀与名称通道：其余后缀探索（.xyz）；可读字符形态探索；固定哈希次序第222名，组实际配额300。未要求命中行业词根；名称线索不是意义或机会确认。,未核实
learning-web.ru,2026-09-24,其余后缀探索,注册时间未核实,页面有内容，但RDAP未取得有效且位于窗口内的registration事件,,unknown,https://learning-web.ru/,Отзывы об онлайн-школах,"Независимые разборы онлайн-школ: честные обзоры, отзывы учеников, курсы и частые вопросы. Сайт-отзовик «Онлайн-школы».",Отзывы об онлайн-школах,独立后缀与名称通道：其余后缀探索（.ru）；通用词典完整分词；固定哈希次序第223名，组实际配额300。未要求命中行业词根；名称线索不是意义或机会确认。,未核实
vernoemd.nl,2026-09-15,其余后缀探索,未取得可用页面,当前未取得可用HTTPS页面：network_error,,not_checked,https://vernoemd.nl/,,,,独立后缀与名称通道：其余后缀探索（.nl）；可读字符形态探索；固定哈希次序第224名，组实际配额300。未要求命中行业词根；名称线索不是意义或机会确认。,未核实
sbsarrabusgerrei.it,2026-09-02,其余后缀探索,未取得可用页面,当前未取得可用HTTPS页面：http_error,,not_checked,https://sbsarrabusgerrei.it/,,,,独立后缀与名称通道：其余后缀探索（.it）；可读字符形态探索；固定哈希次序第225名，组实际配额300。未要求命中行业词根；名称线索不是意义或机会确认。,未核实
imine-weidesports.com.cn,2026-09-10,其余后缀探索,页面内容不足,未同时达到正文160字符且（description≥40字符或非通用H1≥8字符）,,not_checked,https://imine-weidesports.com.cn/,伟德体育(中国)官方网站 - betvictor,"伟德体育,伟德体育官网,伟德体育app,伟德体育下载,betvictor官网",伟德体育,独立后缀与名称通道：其余后缀探索（.cn）；可读字符形态探索；固定哈希次序第226名，组实际配额300。未要求命中行业词根；名称线索不是意义或机会确认。,未核实
eduardo-jauch.shop,2026-09-04,其余后缀探索,未取得可用页面,当前未取得可用HTTPS页面：network_error,,not_checked,https://eduardo-jauch.shop/,,,,独立后缀与名称通道：其余后缀探索（.shop）；可读字符形态探索；固定哈希次序第227名，组实际配额300。未要求命中行业词根；名称线索不是意义或机会确认。,未核实
fotografmarzen.pl,2026-09-10,其余后缀探索,未取得可用页面,当前未取得可用HTTPS页面：network_error,,not_checked,https://fotografmarzen.pl/,,,,独立后缀与名称通道：其余后缀探索（.pl）；可读字符形态探索；固定哈希次序第228名，组实际配额300。未要求命中行业词根；名称线索不是意义或机会确认。,未核实
xijiahh.com.cn,2026-09-23,其余后缀探索,未取得可用页面,当前未取得可用HTTPS页面：network_error,,not_checked,https://xijiahh.com.cn/,,,,独立后缀与名称通道：其余后缀探索（.cn）；可读字符形态探索；固定哈希次序第229名，组实际配额300。未要求命中行业词根；名称线索不是意义或机会确认。,未核实
kosola.id,2026-09-12,其余后缀探索,停放或未正式开放,AI内容复核：页面明确仍在准备、带上线倒计时与等待名单，正文介绍规划中的租房管理产品；属于尚未正式开放的预发布页，不能据此确认产品已上线。 原文：Sedang dipersiapkan Segera Hadir;自动初判：RDAP registration 位于近30天窗口；当前HTTPS页面通过实质内容规则,2026-09-08T04:12:36Z,verified_recent,https://kosola.id/,KOSOLA — Segera Hadir,KOSOLA — Platform manajemen kos terintegrasi untuk pemilik dan pengelola kos.,Kelola kos tanpa ribet.,独立后缀与名称通道：其余后缀探索（.id）；可读字符形态探索；固定哈希次序第230名，组实际配额300。未要求命中行业词根；名称线索不是意义或机会确认。,未核实
5ssaf.top,2026-09-17,其余后缀探索,未取得可用页面,当前未取得可用HTTPS页面：http_error,,not_checked,https://5ssaf.top/,,,,独立后缀与名称通道：其余后缀探索（.top）；少量数字名称探索；固定哈希次序第231名，组实际配额300。未要求命中行业词根；名称线索不是意义或机会确认。,未核实
page-bandao-zhcn.com.cn,2026-09-01,其余后缀探索,注册时间未核实,页面有内容，但RDAP未取得有效且位于窗口内的registration事件,,unknown,https://page-bandao-zhcn.com.cn/,半岛体育APP - 移动首页与高频功能布局,这页的判断标准不是内容数量，而是能否用户可按个人习惯重排移动首页。半岛体育app围绕APP移动首页采用底部导航与可拖动卡片，把赛程、比分和收藏放在高频区域，保持流程简洁。,半岛体育官网入口app从赛前预告到赛后复盘,独立后缀与名称通道：其余后缀探索（.cn）；可读字符形态探索；固定哈希次序第232名，组实际配额300。未要求命中行业词根；名称线索不是意义或机会确认。,未核实
bujangwear.my.id,2026-09-21,其余后缀探索,近期注册且有内容,RDAP registration 位于近30天窗口；当前HTTPS页面通过实质内容规则,2026-09-18T12:53:08Z,verified_recent,https://bujangwear.my.id/,Bujang Wear,,BJGWR 026,独立后缀与名称通道：其余后缀探索（.id）；可读字符形态探索；固定哈希次序第233名，组实际配额300。未要求命中行业词根；名称线索不是意义或机会确认。,未核实
vpnkanojolabs.xyz,2026-09-07,其余后缀探索,页面内容不足,未同时达到正文160字符且（description≥40字符或非通用H1≥8字符）,,not_checked,https://vpnkanojolabs.xyz/,,,,独立后缀与名称通道：其余后缀探索（.xyz）；可读字符形态探索；固定哈希次序第234名，组实际配额300。未要求命中行业词根；名称线索不是意义或机会确认。,未核实
peerps.family,2026-09-11,其余后缀探索,页面内容不足,未同时达到正文160字符且（description≥40字符或非通用H1≥8字符）,,not_checked,https://peerps.family/,,,,独立后缀与名称通道：其余后缀探索（.family）；可读字符形态探索；固定哈希次序第235名，组实际配额300。未要求命中行业词根；名称线索不是意义或机会确认。,未核实
olymmathacademy.ge,2026-09-20,其余后缀探索,页面内容不足,未同时达到正文160字符且（description≥40字符或非通用H1≥8字符）,,not_checked,https://olymmathacademy.ge/,Index of /,,Index of /,独立后缀与名称通道：其余后缀探索（.ge）；可读字符形态探索；固定哈希次序第236名，组实际配额300。未要求命中行业词根；名称线索不是意义或机会确认。,未核实
bharat.no,2026-09-02,其余后缀探索,未取得可用页面,当前未取得可用HTTPS页面：network_error,,not_checked,https://www.bharat.no/,,,,独立后缀与名称通道：其余后缀探索（.no）；可读字符形态探索；固定哈希次序第237名，组实际配额300。未要求命中行业词根；名称线索不是意义或机会确认。,未核实
fixwise.pl,2026-09-19,其余后缀探索,未取得可用页面,当前未取得可用HTTPS页面：network_error,,not_checked,https://fixwise.pl/,,,,独立后缀与名称通道：其余后缀探索（.pl）；通用词典完整分词；固定哈希次序第238名，组实际配额300。未要求命中行业词根；名称线索不是意义或机会确认。,未核实
swordlab.click,2026-09-20,其余后缀探索,未取得可用页面,当前未取得可用HTTPS页面：network_error,,not_checked,https://swordlab.click/,,,,独立后缀与名称通道：其余后缀探索（.click）；通用词典完整分词；固定哈希次序第239名，组实际配额300。未要求命中行业词根；名称线索不是意义或机会确认。,未核实
metefichaai.site,2026-09-14,其余后缀探索,未取得可用页面,当前未取得可用HTTPS页面：network_error,,not_checked,https://metefichaai.site/,,,,独立后缀与名称通道：其余后缀探索（.site）；可读字符形态探索；固定哈希次序第240名，组实际配额300。未要求命中行业词根；名称线索不是意义或机会确认。,未核实
gymcut-store.global,2026-08-31,其余后缀探索,未取得可用页面,当前未取得可用HTTPS页面：network_error,,not_checked,https://gymcut-store.global/,,,,独立后缀与名称通道：其余后缀探索（.global）；通用词典完整分词；固定哈希次序第241名，组实际配额300。未要求命中行业词根；名称线索不是意义或机会确认。,未核实
topproteiny.sk,2026-09-01,其余后缀探索,未取得可用页面,当前未取得可用HTTPS页面：network_error,,not_checked,https://topproteiny.sk/,,,,独立后缀与名称通道：其余后缀探索（.sk）；可读字符形态探索；固定哈希次序第242名，组实际配额300。未要求命中行业词根；名称线索不是意义或机会确认。,未核实
beachdoge.xyz,2026-09-11,其余后缀探索,页面内容不足,未同时达到正文160字符且（description≥40字符或非通用H1≥8字符）,,not_checked,https://beachdoge.xyz/,,,,独立后缀与名称通道：其余后缀探索（.xyz）；通用词典完整分词；固定哈希次序第243名，组实际配额300。未要求命中行业词根；名称线索不是意义或机会确认。,未核实
fuvarpass.hu,2026-09-15,其余后缀探索,注册时间未核实,页面有内容，但RDAP未取得有效且位于窗口内的registration事件,,unknown,https://fuvarpass.hu/,fuvarpass.hu,,fuvarpass.hu,独立后缀与名称通道：其余后缀探索（.hu）；可读字符形态探索；固定哈希次序第244名，组实际配额300。未要求命中行业词根；名称线索不是意义或机会确认。,未核实
stodola.xyz,2026-09-15,其余后缀探索,页面内容不足,未同时达到正文160字符且（description≥40字符或非通用H1≥8字符）,,not_checked,https://stodola.xyz/,,,,独立后缀与名称通道：其余后缀探索（.xyz）；可读字符形态探索；固定哈希次序第245名，组实际配额300。未要求命中行业词根；名称线索不是意义或机会确认。,未核实
neuropaxaisolution.digital,2026-09-12,其余后缀探索,近期注册且有内容,RDAP registration 位于近30天窗口；当前HTTPS页面通过实质内容规则,2026-09-10T08:44:24.181000Z,verified_recent,https://neuropaxaisolution.digital/,Neuro Pax AI | a premium AI | Official Web Application,"Neuro Pax AI offers AI-driven trading support and automated trading bot tooling with rapid onboarding, transparent controls, and security-first workflows for active market participation.","Neuro Pax AI: AI-assisted, bot-ready trading execution, reimagined.",独立后缀与名称通道：其余后缀探索（.digital）；可读字符形态探索；固定哈希次序第246名，组实际配额300。未要求命中行业词根；名称线索不是意义或机会确认。,未核实
chlolererze.biz.id,2026-09-21,其余后缀探索,未取得可用页面,当前未取得可用HTTPS页面：network_error,,not_checked,https://chlolererze.biz.id/,,,,独立后缀与名称通道：其余后缀探索（.id）；可读字符形态探索；固定哈希次序第247名，组实际配额300。未要求命中行业词根；名称线索不是意义或机会确认。,未核实
domelum.ru,2026-09-18,其余后缀探索,未取得可用页面,当前未取得可用HTTPS页面：network_error,,not_checked,https://domelum.ru/,,,,独立后缀与名称通道：其余后缀探索（.ru）；通用词典完整分词；固定哈希次序第248名，组实际配额300。未要求命中行业词根；名称线索不是意义或机会确认。,未核实
cleitusbtc.xyz,2026-09-06,其余后缀探索,页面内容不足,未同时达到正文160字符且（description≥40字符或非通用H1≥8字符）,,not_checked,https://cleitusbtc.xyz/,,,,独立后缀与名称通道：其余后缀探索（.xyz）；可读字符形态探索；固定哈希次序第249名，组实际配额300。未要求命中行业词根；名称线索不是意义或机会确认。,未核实
baronbetterhelp.space,2026-09-24,其余后缀探索,未取得可用页面,当前未取得可用HTTPS页面：too_large,,not_checked,https://baronbetterhelp.space/,,,,独立后缀与名称通道：其余后缀探索（.space）；通用词典完整分词；固定哈希次序第250名，组实际配额300。未要求命中行业词根；名称线索不是意义或机会确认。,未核实
cirrusglen.shop,2026-08-31,其余后缀探索,页面内容不足,未同时达到正文160字符且（description≥40字符或非通用H1≥8字符）,,not_checked,https://cirrusglen.shop/,"Sorry, the website has been stopped",,,独立后缀与名称通道：其余后缀探索（.shop）；通用词典完整分词；固定哈希次序第251名，组实际配额300。未要求命中行业词根；名称线索不是意义或机会确认。,未核实
隔离记录-4a85e4805fc1,2026-09-25,其余后缀探索,注册时间未核实,公开展示暂隔离，原始技术判定保留。,,unknown,,已移出本轮研究范围,,,名称与原文不在公开工作台展示；抽样位置保留于本地审计。,未核实
frostbuddytyy1.shop,2026-09-19,其余后缀探索,未取得可用页面,标题/H1提示验证、访问限制或软404；未绕过,,not_checked,https://frostbuddytyy1.shop/,404 Not Found,,404 Not Found,独立后缀与名称通道：其余后缀探索（.shop）；少量数字名称探索；固定哈希次序第253名，组实际配额300。未要求命中行业词根；名称线索不是意义或机会确认。,未核实
aussieservicecentre.online,2026-09-24,其余后缀探索,未取得可用页面,当前未取得可用HTTPS页面：network_error,,not_checked,https://aussieservicecentre.online/,,,,独立后缀与名称通道：其余后缀探索（.online）；可读字符形态探索；固定哈希次序第254名，组实际配额300。未要求命中行业词根；名称线索不是意义或机会确认。,未核实
dc52p.top,2026-09-13,其余后缀探索,未取得可用页面,当前未取得可用HTTPS页面：network_error,,not_checked,https://dc52p.top/,,,,独立后缀与名称通道：其余后缀探索（.top）；少量数字名称探索；固定哈希次序第255名，组实际配额300。未要求命中行业词根；名称线索不是意义或机会确认。,未核实
commonstack.xyz,2026-09-13,其余后缀探索,页面内容不足,未同时达到正文160字符且（description≥40字符或非通用H1≥8字符）,,not_checked,https://commonstack.xyz/,,,,独立后缀与名称通道：其余后缀探索（.xyz）；通用词典完整分词；固定哈希次序第256名，组实际配额300。未要求命中行业词根；名称线索不是意义或机会确认。,未核实
echo-gest.fr,2026-09-01,其余后缀探索,未取得可用页面,当前未取得可用HTTPS页面：network_error,,not_checked,https://echo-gest.fr/,,,,独立后缀与名称通道：其余后缀探索（.fr）；通用词典完整分词；固定哈希次序第257名，组实际配额300。未要求命中行业词根；名称线索不是意义或机会确认。,未核实
tailorschalk.website,2026-09-19,其余后缀探索,未取得可用页面,当前未取得可用HTTPS页面：network_error,,not_checked,https://tailorschalk.website/,,,,独立后缀与名称通道：其余后缀探索（.website）；通用词典完整分词；固定哈希次序第258名，组实际配额300。未要求命中行业词根；名称线索不是意义或机会确认。,未核实
隔离记录-dcc20efdf38d,2026-09-22,其余后缀探索,近期注册且有内容,本轮暂跳过成人与博彩内容；此项不改变页面是否存在的事实判定。,2026-09-20T21:56:59.585000Z,verified_recent,,已移出本轮研究范围,,,名称与原文不在公开工作台展示；抽样位置保留于本地审计。,未核实
yhrkhelim.garden,2026-09-19,其余后缀探索,未取得可用页面,当前未取得可用HTTPS页面：network_error,,not_checked,https://yhrkhelim.garden/,,,,独立后缀与名称通道：其余后缀探索（.garden）；可读字符形态探索；固定哈希次序第260名，组实际配额300。未要求命中行业词根；名称线索不是意义或机会确认。,未核实
shipin5.vip,2026-09-11,其余后缀探索,未取得可用页面,当前未取得可用HTTPS页面：network_error,,not_checked,https://shipin5.vip/,,,,独立后缀与名称通道：其余后缀探索（.vip）；少量数字名称探索；固定哈希次序第261名，组实际配额300。未要求命中行业词根；名称线索不是意义或机会确认。,未核实
aidefinitions.xyz,2026-09-16,其余后缀探索,页面内容不足,未同时达到正文160字符且（description≥40字符或非通用H1≥8字符）,,not_checked,https://aidefinitions.xyz/,,,,独立后缀与名称通道：其余后缀探索（.xyz）；可读字符形态探索；固定哈希次序第262名，组实际配额300。未要求命中行业词根；名称线索不是意义或机会确认。,未核实
prostep.academy,2026-08-28,其余后缀探索,未取得可用页面,当前未取得可用HTTPS页面：too_large,,not_checked,https://www.prostep.academy/,,,,独立后缀与名称通道：其余后缀探索（.academy）；通用词典完整分词；固定哈希次序第263名，组实际配额300。未要求命中行业词根；名称线索不是意义或机会确认。,未核实
pelvicandbeyond.co.uk,2026-09-25,其余后缀探索,近期注册且有内容,RDAP registration 位于近30天窗口；当前HTTPS页面通过实质内容规则,2026-09-22T14:04:06.832314Z,verified_recent,https://pelvicandbeyond.co.uk/,Home | Pelvic & Beyond by Lindie,"At Pelvic & Beyond by Lindie, we offer specialised treatments designed to enhance pelvic floor strength and overall wellbeing. Our non-invasive Powerform pelvic",Pelvic Floor Support for Women and Men,独立后缀与名称通道：其余后缀探索（.uk）；通用词典完整分词；固定哈希次序第264名，组实际配额300。未要求命中行业词根；名称线索不是意义或机会确认。,未核实
mapdried.xyz,2026-09-11,其余后缀探索,页面内容不足,未同时达到正文160字符且（description≥40字符或非通用H1≥8字符）,,not_checked,https://mapdried.xyz/,,,,独立后缀与名称通道：其余后缀探索（.xyz）；通用词典完整分词；固定哈希次序第265名，组实际配额300。未要求命中行业词根；名称线索不是意义或机会确认。,未核实
frozex.online,2026-09-06,其余后缀探索,未取得可用页面,当前未取得可用HTTPS页面：too_large,,not_checked,https://frozex.online/,,,,独立后缀与名称通道：其余后缀探索（.online）；可读字符形态探索；固定哈希次序第266名，组实际配额300。未要求命中行业词根；名称线索不是意义或机会确认。,未核实
newzellot0.site,2026-09-06,其余后缀探索,未取得可用页面,当前未取得可用HTTPS页面：http_error,,not_checked,https://newzellot0.site/,,,,独立后缀与名称通道：其余后缀探索（.site）；少量数字名称探索；固定哈希次序第267名，组实际配额300。未要求命中行业词根；名称线索不是意义或机会确认。,未核实
msk-fasad-otdelka.online,2026-09-23,其余后缀探索,近期注册且有内容,RDAP registration 位于近30天窗口；当前HTTPS页面通过实质内容规则,2026-09-13T08:54:04.086000Z,verified_recent,https://msk-fasad-otdelka.online/,Фасaдные и внутренние рaбoты для загородных домов по всей Московской области,,"Утепление, армировка и штукатурка фасадов под ключ, с гарантией на работы до 10 лет, без предоплаты!;Утепление, армировка и штукатурка фасадов под ключ, с гарантией на работы до 10 лет, без предоплаты!",独立后缀与名称通道：其余后缀探索（.online）；可读字符形态探索；固定哈希次序第268名，组实际配额300。未要求命中行业词根；名称线索不是意义或机会确认。,未核实
humanoidekonto.global,2026-09-13,其余后缀探索,未取得可用页面,当前未取得可用HTTPS页面：network_error,,not_checked,https://humanoidekonto.global/,,,,独立后缀与名称通道：其余后缀探索（.global）；可读字符形态探索；固定哈希次序第269名，组实际配额300。未要求命中行业词根；名称线索不是意义或机会确认。,未核实
wholehealthcommunitycare.club,2026-09-03,其余后缀探索,未取得可用页面,当前未取得可用HTTPS页面：network_error,,not_checked,https://wholehealthcommunitycare.club/,,,,独立后缀与名称通道：其余后缀探索（.club）；通用词典完整分词；固定哈希次序第270名，组实际配额300。未要求命中行业词根；名称线索不是意义或机会确认。,未核实
filmmovies.xyz,2026-09-23,其余后缀探索,注册时间未核实,页面有内容，但RDAP未取得有效且位于窗口内的registration事件,,unknown,https://neuefilme.xyz/,Filmy4web South Hindi Filmyzilla Filmy4Wap FilmyFly Mp4Moviez BollyFlix Movies4u MoviesFlix 9XFlix Vegamovies Filmy4Wep Movies Download,"Filmy4WEB,Filmy4WEP 2025 Filmy4Wap FilmyFly,Filmy4web.Com,Filmy4web xyz, 300MB Movies & ,Filmy4WEB 2025,filmy4wep xyz, 480p 720p 1080p 2160p 4K Movies",,独立后缀与名称通道：其余后缀探索（.xyz）；可读字符形态探索；固定哈希次序第271名，组实际配额300。未要求命中行业词根；名称线索不是意义或机会确认。,未核实
exmouthchoral.org.uk,2026-08-29,其余后缀探索,页面内容不足,未同时达到正文160字符且（description≥40字符或非通用H1≥8字符）,,not_checked,https://www.exmouthchoral.org.uk/,Exmouth Choral Society,,,独立后缀与名称通道：其余后缀探索（.uk）；可读字符形态探索；固定哈希次序第272名，组实际配额300。未要求命中行业词根；名称线索不是意义或机会确认。,未核实
ypryfr.top,2026-09-18,其余后缀探索,未取得可用页面,当前未取得可用HTTPS页面：network_error,,not_checked,https://ypryfr.top/,,,,独立后缀与名称通道：其余后缀探索（.top）；可读字符形态探索；固定哈希次序第273名，组实际配额300。未要求命中行业词根；名称线索不是意义或机会确认。,未核实
adamhaven.my.id,2026-09-15,其余后缀探索,注册超过30天,RDAP registration 早于固定30天窗口,2026-07-16T03:26:56Z,verified_old,https://www.adamhaven.my.id/,Silverpunk,"Thoughts, Stories, and Frames",Adam Havenia Pratama,独立后缀与名称通道：其余后缀探索（.id）；通用词典完整分词；固定哈希次序第274名，组实际配额300。未要求命中行业词根；名称线索不是意义或机会确认。,未核实
brainnorthwest.xyz,2026-09-21,其余后缀探索,页面内容不足,未同时达到正文160字符且（description≥40字符或非通用H1≥8字符）,,not_checked,https://brainnorthwest.xyz/,,,,独立后缀与名称通道：其余后缀探索（.xyz）；通用词典完整分词；固定哈希次序第275名，组实际配额300。未要求命中行业词根；名称线索不是意义或机会确认。,未核实
wkho5ii5.top,2026-09-21,其余后缀探索,未取得可用页面,当前未取得可用HTTPS页面：network_error,,not_checked,https://wkho5ii5.top/,,,,独立后缀与名称通道：其余后缀探索（.top）；少量数字名称探索；固定哈希次序第276名，组实际配额300。未要求命中行业词根；名称线索不是意义或机会确认。,未核实
tranthithuy2.biz.vn,2026-09-17,其余后缀探索,注册时间未核实,页面有内容，但RDAP未取得有效且位于窗口内的registration事件,,unknown,https://tranthithuy2.biz.vn/,Trần Thị Thùy — Trần Thị Thùy sửa chữa và bảo dưỡng xe máy,"Trần Thị Thùy sửa chữa và bảo dưỡng xe máy tại Đặng Dung, Liên Chiểu, Đà Nẵng.",Ghé Trần Thị Thùy kiểm tra xe miễn phí,独立后缀与名称通道：其余后缀探索（.vn）；少量数字名称探索；固定哈希次序第277名，组实际配额300。未要求命中行业词根；名称线索不是意义或机会确认。,未核实
agenticcoding.shop,2026-09-10,其余后缀探索,未取得可用页面,当前未取得可用HTTPS页面：network_error,,not_checked,https://agenticcoding.shop/,,,,独立后缀与名称通道：其余后缀探索（.shop）；通用词典完整分词；固定哈希次序第278名，组实际配额300。未要求命中行业词根；名称线索不是意义或机会确认。,未核实
premiumailab.xyz,2026-09-06,其余后缀探索,页面内容不足,未同时达到正文160字符且（description≥40字符或非通用H1≥8字符）,,not_checked,https://premiumailab.xyz/,,,,独立后缀与名称通道：其余后缀探索（.xyz）；可读字符形态探索；固定哈希次序第279名，组实际配额300。未要求命中行业词根；名称线索不是意义或机会确认。,未核实
terracotta.site,2026-09-14,其余后缀探索,近期注册且有内容,RDAP registration 位于近30天窗口；当前HTTPS页面通过实质内容规则,2026-09-12T11:04:31.012000Z,verified_recent,https://terracotta.site/,Tienda Terracotta,,"Elegancia, Comodidad & Sensualidad",独立后缀与名称通道：其余后缀探索（.site）；可读字符形态探索；固定哈希次序第280名，组实际配额300。未要求命中行业词根；名称线索不是意义或机会确认。,未核实
keratontogel.recipes,2026-09-13,其余后缀探索,未取得可用页面,当前未取得可用HTTPS页面：network_error,,not_checked,https://keratontogel.recipes/,,,,独立后缀与名称通道：其余后缀探索（.recipes）；通用词典完整分词；固定哈希次序第281名，组实际配额300。未要求命中行业词根；名称线索不是意义或机会确认。,未核实
stockalert.eu,2026-09-19,其余后缀探索,未取得可用页面,当前未取得可用HTTPS页面：network_error,,not_checked,https://stockalert.eu/,,,,独立后缀与名称通道：其余后缀探索（.eu）；通用词典完整分词；固定哈希次序第282名，组实际配额300。未要求命中行业词根；名称线索不是意义或机会确认。,未核实
vickylueke.ca,2026-09-12,其余后缀探索,近期注册且有内容,RDAP registration 位于近30天窗口；当前HTTPS页面通过实质内容规则,2026-09-08T00:38:30Z,verified_recent,https://vickylueke.ca/,"Calgary REALTOR® | Buy, Sell & Downsize | Vicky Lueke Realty","Calgary REALTOR® Vicky Lueke helps you buy, sell or downsize with honest guidance from the first call to closing. eXp Realty of Canada.",Moving Forward Starts Here,独立后缀与名称通道：其余后缀探索（.ca）；可读字符形态探索；固定哈希次序第283名，组实际配额300。未要求命中行业词根；名称线索不是意义或机会确认。,未核实
starjie.com.cn,2026-09-24,其余后缀探索,注册时间未核实,页面有内容，但RDAP未取得有效且位于窗口内的registration事件,,unknown,https://starjie.com.cn/,魔女3 全维度情报站｜魔女3剧情解析·演员表·上映时间·结局彩蛋,魔女3 情报总站：原创视角拆解魔女3剧情解析、三代觉醒者时间线、演员表与角色档案、战力等级图、上映版本差异与结局彩蛋，附常见问题与观众留言板，帮你在观影前后精准掌握魔女3的全部关键信息。,魔女3 全维度情报总站,独立后缀与名称通道：其余后缀探索（.cn）；可读字符形态探索；固定哈希次序第284名，组实际配额300。未要求命中行业词根；名称线索不是意义或机会确认。,未核实
portalsegssociial.xyz,2026-09-24,其余后缀探索,未取得可用页面,响应不是可解析HTML,,not_checked,https://portalsegssociial.xyz/,,,,独立后缀与名称通道：其余后缀探索（.xyz）；可读字符形态探索；固定哈希次序第285名，组实际配额300。未要求命中行业词根；名称线索不是意义或机会确认。,未核实
cbadocs.com.br,2026-09-02,其余后缀探索,未取得可用页面,当前未取得可用HTTPS页面：http_error,,not_checked,https://cbadocs.com.br/,,,,独立后缀与名称通道：其余后缀探索（.br）；可读字符形态探索；固定哈希次序第286名，组实际配额300。未要求命中行业词根；名称线索不是意义或机会确认。,未核实
terraidlabs.in,2026-09-24,其余后缀探索,停放或未正式开放,AI内容复核：页面只有 Launching Soon、联系入口、版权和 Cookie 提示，属于待发布占位页。 原文：Launching Soon;自动初判：RDAP registration 位于近30天窗口；当前HTTPS页面通过实质内容规则,2026-09-21T16:29:31.221000Z,verified_recent,https://terraidlabs.in/,terraidlabs.in,,Launching Soon;Launching Soon,独立后缀与名称通道：其余后缀探索（.in）；可读字符形态探索；固定哈希次序第287名，组实际配额300。未要求命中行业词根；名称线索不是意义或机会确认。,未核实
pawpular.global,2026-08-28,其余后缀探索,页面内容不足,未同时达到正文160字符且（description≥40字符或非通用H1≥8字符）,,not_checked,https://pawpular.global/,,,,独立后缀与名称通道：其余后缀探索（.global）；可读字符形态探索；固定哈希次序第288名，组实际配额300。未要求命中行业词根；名称线索不是意义或机会确认。,未核实
yc1s.click,2026-09-11,其余后缀探索,未取得可用页面,当前未取得可用HTTPS页面：network_error,,not_checked,https://yc1s.click/,,,,独立后缀与名称通道：其余后缀探索（.click）；少量数字名称探索；固定哈希次序第289名，组实际配额300。未要求命中行业词根；名称线索不是意义或机会确认。,未核实
lsfzx.cn,2026-09-19,其余后缀探索,未取得可用页面,当前未取得可用HTTPS页面：network_error,,not_checked,https://lsfzx.cn/,,,,独立后缀与名称通道：其余后缀探索（.cn）；短缩写探索；固定哈希次序第290名，组实际配额300。未要求命中行业词根；名称线索不是意义或机会确认。,未核实
thisisproxy.xyz,2026-09-13,其余后缀探索,页面内容不足,未同时达到正文160字符且（description≥40字符或非通用H1≥8字符）,,not_checked,https://thisisproxy.xyz/,,,,独立后缀与名称通道：其余后缀探索（.xyz）；可读字符形态探索；固定哈希次序第291名，组实际配额300。未要求命中行业词根；名称线索不是意义或机会确认。,未核实
chocomeer.be,2026-09-23,其余后缀探索,注册时间未核实,页面有内容，但RDAP未取得有效且位于窗口内的registration事件,,unknown,https://www.chocomeer.be/,Choc 'O Meer,,Choc 'O Meer;Gezellig genieten aan het Donkmeer;Kom de sfeer opsnuiven,独立后缀与名称通道：其余后缀探索（.be）；可读字符形态探索；固定哈希次序第292名，组实际配额300。未要求命中行业词根；名称线索不是意义或机会确认。,未核实
lemanh.biz.vn,2026-09-20,其余后缀探索,注册时间未核实,页面有内容，但RDAP未取得有效且位于窗口内的registration事件,,unknown,https://lemanh.biz.vn/,"Lê Mãnh — Cơ sở chế biến, chế tạo khác tại Vân Thánh I, Hải","Cơ sở chế biến, chế tạo khác tại Vân Thánh I, Hải Vân, Đà Nẵng.","Lê Mãnh — vật liệu đủ loại, giao tận công trình",独立后缀与名称通道：其余后缀探索（.vn）；可读字符形态探索；固定哈希次序第293名，组实际配额300。未要求命中行业词根；名称线索不是意义或机会确认。,未核实
xe4lo.top,2026-09-12,其余后缀探索,未取得可用页面,当前未取得可用HTTPS页面：network_error,,not_checked,https://xe4lo.top/,,,,独立后缀与名称通道：其余后缀探索（.top）；少量数字名称探索；固定哈希次序第294名，组实际配额300。未要求命中行业词根；名称线索不是意义或机会确认。,未核实
4ei.ru,2026-09-18,其余后缀探索,未取得可用页面,当前未取得可用HTTPS页面：http_error,,not_checked,https://4ei.ru/,,,,独立后缀与名称通道：其余后缀探索（.ru）；少量数字名称探索；固定哈希次序第295名，组实际配额300。未要求命中行业词根；名称线索不是意义或机会确认。,未核实
隔离记录-023b34e74983,2026-09-21,其余后缀探索,近期注册且有内容,本轮暂跳过成人与博彩内容；此项不改变页面是否存在的事实判定。,2026-09-19T17:14:43.564000Z,verified_recent,,已移出本轮研究范围,,,名称与原文不在公开工作台展示；抽样位置保留于本地审计。,未核实
zoraventria.buzz,2026-09-09,其余后缀探索,未取得可用页面,当前未取得可用HTTPS页面：http_error,,not_checked,https://zoraventria.buzz/,,,,独立后缀与名称通道：其余后缀探索（.buzz）；可读字符形态探索；固定哈希次序第297名，组实际配额300。未要求命中行业词根；名称线索不是意义或机会确认。,未核实
betijai.com.ar,2026-09-05,其余后缀探索,注册超过30天,RDAP registration 早于固定30天窗口,2016-06-17T00:00:00Z,verified_old,https://betijai.com.ar/,beti jai,,Contactanos,独立后缀与名称通道：其余后缀探索（.ar）；可读字符形态探索；固定哈希次序第298名，组实际配额300。未要求命中行业词根；名称线索不是意义或机会确认。,未核实
mindwalls.eu,2026-09-08,其余后缀探索,页面内容不足,未同时达到正文160字符且（description≥40字符或非通用H1≥8字符）,,not_checked,https://mindwalls.eu/,Parked Domain name on Hostinger DNS system,,,独立后缀与名称通道：其余后缀探索（.eu）；可读字符形态探索；固定哈希次序第299名，组实际配额300。未要求命中行业词根；名称线索不是意义或机会确认。,未核实
casino-gambling.cam,2026-09-23,其余后缀探索,页面内容不足,未同时达到正文160字符且（description≥40字符或非通用H1≥8字符）,,not_checked,https://w8.e4zpl9er.icu/?project=FFBDbbfcf-85073284-DCcdC&page=ru/auth/register&magic_param=6aa7881623a6a&amdp=&product=mixed,,,,独立后缀与名称通道：其余后缀探索（.cam）；通用词典完整分词；固定哈希次序第300名，组实际配额300。未要求命中行业词根；名称线索不是意义或机会确认。,未核实
