域名,网页原文片段,字段,原文,页面URL,Trends状态
tenacityfunding.com,"Your Satisfaction, Our Mission.",h1,"Your Satisfaction, Our Mission.",https://tenacityfunding.com/,待整理搜索词；未查询Trends
tenacityfunding.com,Tenacity Funding,title,Tenacity Funding,https://tenacityfunding.com/,待整理搜索词；未查询Trends
tenacityfunding.com,Tenacity Funding offers innovative funding solutions for startups and small businesses.,description,Tenacity Funding offers innovative funding solutions for startups and small businesses.,https://tenacityfunding.com/,待整理搜索词；未查询Trends
tenacityfunding.com,Contact us for alternative funding options to fuel your growth!,description,Contact us for alternative funding options to fuel your growth!,https://tenacityfunding.com/,待整理搜索词；未查询Trends
tualivioencadaplato.com,Tu Alivio En Cada Plato,title,Tu Alivio En Cada Plato,https://tualivioencadaplato.com/,待整理搜索词；未查询Trends
fileorchidforge.com,Next-Generation Global Logistics by Carthage MAC Logistics,h1,Next-Generation Global Logistics by Carthage MAC Logistics,https://fileorchidforge.com/,待整理搜索词；未查询Trends
fileorchidforge.com,Carthage MAC Logistics,title,Carthage MAC Logistics,https://fileorchidforge.com/,待整理搜索词；未查询Trends
fileorchidforge.com,Global Logistics & Supply Chain,title,Global Logistics & Supply Chain,https://fileorchidforge.com/,待整理搜索词；未查询Trends
fileorchidforge.com,Track and manage your shipments with our client portal.,description,Track and manage your shipments with our client portal.,https://fileorchidforge.com/,待整理搜索词；未查询Trends
pg-yuleguan.com,专业真人游戏中心：赛事活动轮番登场，边玩边看更带感,h1,专业真人游戏中心：赛事活动轮番登场，边玩边看更带感,https://pg-yuleguan.com/,待整理搜索词；未查询Trends
pg-yuleguan.com,10 k,h1,10 k,https://pg-yuleguan.com/,待整理搜索词；未查询Trends
pg-yuleguan.com,pg娱乐官方网,title,pg娱乐官方网,https://pg-yuleguan.com/,待整理搜索词；未查询Trends
pg-yuleguan.com,(中国)九江市pg娱乐官方网商贸有限责任公司欢迎您,title,(中国)九江市pg娱乐官方网商贸有限责任公司欢迎您,https://pg-yuleguan.com/,待整理搜索词；未查询Trends
pg-yuleguan.com,(中国)九江市pg娱乐官方网商贸有限责任公司欢迎您，一起来感受pg手机版下载带来的快乐！欢迎来到pg娱乐官方网和我们一起体验pg网址、pg官网注册最优质的在线服务！！！,description,(中国)九江市pg娱乐官方网商贸有限责任公司欢迎您，一起来感受pg手机版下载带来的快乐！欢迎来到pg娱乐官方网和我们一起体验pg网址、pg官网注册最优质的在线服务！！！,https://pg-yuleguan.com/,待整理搜索词；未查询Trends
nayfaksa.com,NAYFA,title,NAYFA,https://nayfaksa.com/,待整理搜索词；未查询Trends
nayfaksa.com,Default description for NAYFA website,description,Default description for NAYFA website,https://nayfaksa.com/,待整理搜索词；未查询Trends
meridwick.com,Your guests come once. The problem is not your marketing .,h1,Your guests come once. The problem is not your marketing .,https://meridwick.com/,待整理搜索词；未查询Trends
meridwick.com,Meridwick,title,Meridwick,https://meridwick.com/,待整理搜索词；未查询Trends
meridwick.com,Operational Customer Experience Advisory,title,Operational Customer Experience Advisory,https://meridwick.com/,待整理搜索词；未查询Trends
meridwick.com,Operational customer experience advisory.,description,Operational customer experience advisory.,https://meridwick.com/,待整理搜索词；未查询Trends
qianlidao.com,红桃影视,h1,红桃影视,https://qianlidao.com/,待整理搜索词；未查询Trends
qianlidao.com,"免费影视大全-最新电影_好看的电视剧,红桃影视",title,"免费影视大全-最新电影_好看的电视剧,红桃影视",https://qianlidao.com/,待整理搜索词；未查询Trends
qianlidao.com,"红桃影视是一个更新最快,最热门的高清免费在线的电影网,供各种类型电影,热播电视剧,综艺节目,动漫的手机电影网。",description,"红桃影视是一个更新最快,最热门的高清免费在线的电影网,供各种类型电影,热播电视剧,综艺节目,动漫的手机电影网。",https://qianlidao.com/,待整理搜索词；未查询Trends
viarcanastudio.com,"Familiar places, transformed.",h1,"Familiar places, transformed.",https://viarcanastudio.com/,待整理搜索词；未查询Trends
viarcanastudio.com,Canvas Wall Art & Imagined Cities,title,Canvas Wall Art & Imagined Cities,https://viarcanastudio.com/,待整理搜索词；未查询Trends
viarcanastudio.com,Viarcana,title,Viarcana,https://viarcanastudio.com/,待整理搜索词；未查询Trends
viarcanastudio.com,Discover canvas wall art inspired by real cities and imagined worlds.,description,Discover canvas wall art inspired by real cities and imagined worlds.,https://viarcanastudio.com/,待整理搜索词；未查询Trends
viarcanastudio.com,"Explore fantasy, dreamlike and futuristic artworks for your home.",description,"Explore fantasy, dreamlike and futuristic artworks for your home.",https://viarcanastudio.com/,待整理搜索词；未查询Trends
viarcanastudio.com,Shop Viarcana.,description,Shop Viarcana.,https://viarcanastudio.com/,待整理搜索词；未查询Trends
allamericansolarcare.com,Solar panel cleaning made simple.,h1,Solar panel cleaning made simple.,https://allamericansolarcare.com/,待整理搜索词；未查询Trends
allamericansolarcare.com,All American Solar Care,title,All American Solar Care,https://allamericansolarcare.com/,待整理搜索词；未查询Trends
allamericansolarcare.com,Solar Panel Cleaning,title,Solar Panel Cleaning,https://allamericansolarcare.com/,待整理搜索词；未查询Trends
kartalakvaryum.com,Kartal Akvaryum,h1,Kartal Akvaryum,https://www.kartalakvaryum.com/,待整理搜索词；未查询Trends
kartalakvaryum.com,Sağlıklı Akvaryumun Adresi...,h1,Sağlıklı Akvaryumun Adresi...,https://www.kartalakvaryum.com/,待整理搜索词；未查询Trends
kartalakvaryum.com,Kartal Akvaryum ile akvaryum dünyasının kalitesini keşfedin.,description,Kartal Akvaryum ile akvaryum dünyasının kalitesini keşfedin.,https://www.kartalakvaryum.com/,待整理搜索词；未查询Trends
sigmantarpoutlet.com,Take Advantage Of Hot Sale: Up To 49% Off Sigman Waterproof Fabric,title,Take Advantage Of Hot Sale: Up To 49% Off Sigman Waterproof Fabric,https://www.sigmantarpoutlet.com/,待整理搜索词；未查询Trends
sigmantarpoutlet.com,Searching For The Finest Selection Of waterproof fabric At 51% Off?,description,Searching For The Finest Selection Of waterproof fabric At 51% Off?,https://www.sigmantarpoutlet.com/,待整理搜索词；未查询Trends
sigmantarpoutlet.com,Your Ultimate Destination Is Sigman.,description,Your Ultimate Destination Is Sigman.,https://www.sigmantarpoutlet.com/,待整理搜索词；未查询Trends
theantalyatraveler.com,Antalya is a Roman harbour with a cold mountain river behind it.,h1,Antalya is a Roman harbour with a cold mountain river behind it.,https://theantalyatraveler.com/,待整理搜索词；未查询Trends
theantalyatraveler.com,The Antalya Traveler,title,The Antalya Traveler,https://theantalyatraveler.com/,待整理搜索词；未查询Trends
ewmreputation.com,Protect the Name Behind the Spotlight.,h1,Protect the Name Behind the Spotlight.,https://ewmreputation.com/,待整理搜索词；未查询Trends
ewmreputation.com,EWM Now,title,EWM Now,https://ewmreputation.com/,待整理搜索词；未查询Trends
ewmreputation.com,Los Angeles Reputation Management,title,Los Angeles Reputation Management,https://ewmreputation.com/,待整理搜索词；未查询Trends
dinverolario.com,Apoyo financiero disponible para ciudadanos mexicanos.,h1,Apoyo financiero disponible para ciudadanos mexicanos.,https://dinverolario.com/,待整理搜索词；未查询Trends
dinverolario.com,Dinverolario,title,Dinverolario,https://dinverolario.com/,待整理搜索词；未查询Trends
dinverolario.com,Estabilidad financiera para México,title,Estabilidad financiera para México,https://dinverolario.com/,待整理搜索词；未查询Trends
dinverolario.com,Asesoría gratuita con expertos certificados.,description,Asesoría gratuita con expertos certificados.,https://dinverolario.com/,待整理搜索词；未查询Trends
lavariablehumana.com,¿Habrías querido conocer tu futuro profesional a los 9 años?,h1,¿Habrías querido conocer tu futuro profesional a los 9 años?,https://lavariablehumana.com/,待整理搜索词；未查询Trends
lavariablehumana.com,Dilema 001 · IRH 23,title,Dilema 001 · IRH 23,https://lavariablehumana.com/,待整理搜索词；未查询Trends
lavariablehumana.com,La Variable Humana,title,La Variable Humana,https://lavariablehumana.com/,待整理搜索词；未查询Trends
lavariablehumana.com,Este futuro todavía no existe.,description,Este futuro todavía no existe.,https://lavariablehumana.com/,待整理搜索词；未查询Trends
lavariablehumana.com,Ayúdanos a pensarlo antes de que llegue.,description,Ayúdanos a pensarlo antes de que llegue.,https://lavariablehumana.com/,待整理搜索词；未查询Trends
lavariablehumana.com,"Responde en menos de un minuto, sin registro.",description,"Responde en menos de un minuto, sin registro.",https://lavariablehumana.com/,待整理搜索词；未查询Trends
scott-thomas.org,Scott Thomas— Trusted Nationwide Cash Buyers,h1,Scott Thomas— Trusted Nationwide Cash Buyers,https://scott-thomas.org/,待整理搜索词；未查询Trends
scott-thomas.org,Scott Thomas helps homeowners across the country sell quickly and with confidence.,description,Scott Thomas helps homeowners across the country sell quickly and with confidence.,https://scott-thomas.org/,待整理搜索词；未查询Trends
acdang.com,JRS直播,h1,JRS直播,https://acdang.com/,待整理搜索词；未查询Trends
acdang.com,JRS直播NBA无插件_免费高清NBA在线直播_JRS体育直播平台,title,JRS直播NBA无插件_免费高清NBA在线直播_JRS体育直播平台,https://acdang.com/,待整理搜索词；未查询Trends
acdang.com,JRS直播NBA无插件，提供免费高清NBA在线直播服务，无需安装任何插件，手机电脑均可流畅观看。实时赛事直播、回放、数据统计，尽在JRS体育直播平台。,description,JRS直播NBA无插件，提供免费高清NBA在线直播服务，无需安装任何插件，手机电脑均可流畅观看。实时赛事直播、回放、数据统计，尽在JRS体育直播平台。,https://acdang.com/,待整理搜索词；未查询Trends
comboembroidery.com,Choose the hoop before the machine,h1,Choose the hoop before the machine,https://comboembroidery.com/,待整理搜索词；未查询Trends
comboembroidery.com,Combo Embroidery,title,Combo Embroidery,https://comboembroidery.com/,待整理搜索词；未查询Trends
whatislifeabout.org,Explore What Matters Most,h1,Explore What Matters Most,https://whatislifeabout.org/,待整理搜索词；未查询Trends
whatislifeabout.org,Keys Vineyard Church,title,Keys Vineyard Church,https://whatislifeabout.org/,待整理搜索词；未查询Trends
whatislifeabout.org,WHAT IS LIFE ABOUT?,description,WHAT IS LIFE ABOUT?,https://whatislifeabout.org/,待整理搜索词；未查询Trends
whatislifeabout.org,You do not need to have everything figured out.,description,You do not need to have everything figured out.,https://whatislifeabout.org/,待整理搜索词；未查询Trends
whatislifeabout.org,"This is a place to explore honestly, at your own pace.",description,"This is a place to explore honestly, at your own pace.",https://whatislifeabout.org/,待整理搜索词；未查询Trends
starfluxko.org,Stay ahead with sharper tech coverage.,h1,Stay ahead with sharper tech coverage.,https://starfluxko.org/,待整理搜索词；未查询Trends
starfluxko.org,starfluxko,title,starfluxko,https://starfluxko.org/,待整理搜索词；未查询Trends
starfluxko.org,"Canadian Tech News, Reviews & Digital Media",title,"Canadian Tech News, Reviews & Digital Media",https://starfluxko.org/,待整理搜索词；未查询Trends
wearedesigned.com,You are not an accident.,h1,You are not an accident.,https://wearedesigned.com/,待整理搜索词；未查询Trends
wearedesigned.com,We Are Designed,title,We Are Designed,https://wearedesigned.com/,待整理搜索词；未查询Trends
wearedesigned.com,"A thousand years of describing a human being, in one place.",description,"A thousand years of describing a human being, in one place.",https://wearedesigned.com/,待整理搜索词；未查询Trends
wearedesigned.com,We say plainly what we calculated and what we simply believe.,description,We say plainly what we calculated and what we simply believe.,https://wearedesigned.com/,待整理搜索词；未查询Trends
ashenro.com,"A classic world, rekindled from the ashes.",h1,"A classic world, rekindled from the ashes.",https://ashenro.com/,待整理搜索词；未查询Trends
ashenro.com,AshenRO,title,AshenRO,https://ashenro.com/,待整理搜索词；未查询Trends
ashenro.com,Rekindled from the Ashes,title,Rekindled from the Ashes,https://ashenro.com/,待整理搜索词；未查询Trends
sponsorintro.com,Make your client a local hero.,h1,Make your client a local hero.,https://sponsorintro.com/,待整理搜索词；未查询Trends
sponsorintro.com,SponsorIntro,title,SponsorIntro,https://sponsorintro.com/,待整理搜索词；未查询Trends
sponsorintro.com,Local sponsorships for SEO agencies,title,Local sponsorships for SEO agencies,https://sponsorintro.com/,待整理搜索词；未查询Trends
sponsorintro.com,Local sponsorships for local SEO campaigns.,description,Local sponsorships for local SEO campaigns.,https://sponsorintro.com/,待整理搜索词；未查询Trends
sponsorintro.com,"We source offers with relevant website links, sponsor listings, and social promotion.",description,"We source offers with relevant website links, sponsor listings, and social promotion.",https://sponsorintro.com/,待整理搜索词；未查询Trends
sponsorintro.com,No sponsorship markup.,description,No sponsorship markup.,https://sponsorintro.com/,待整理搜索词；未查询Trends
artashobbies.com,Beyond Medicine,h1,Beyond Medicine,https://artashobbies.com/,待整理搜索词；未查询Trends
artashobbies.com,Arta’s Hobbies,title,Arta’s Hobbies,https://artashobbies.com/,待整理搜索词；未查询Trends
prashantavillabali.com,Miliki Villa Impian di Bali seharga $299.000 leasehold 26 tahun,h1,Miliki Villa Impian di Bali seharga $299.000 leasehold 26 tahun,https://prashantavillabali.com/,待整理搜索词；未查询Trends
prashantavillabali.com,Prashanta Villa Bali,title,Prashanta Villa Bali,https://prashantavillabali.com/,待整理搜索词；未查询Trends
prashantavillabali.com,Investasi Villa Leasehold Eksklusif,title,Investasi Villa Leasehold Eksklusif,https://prashantavillabali.com/,待整理搜索词；未查询Trends
prashantavillabali.com,villa eksklusif untuk hunian dan investasi.,description,villa eksklusif untuk hunian dan investasi.,https://prashantavillabali.com/,待整理搜索词；未查询Trends
proalarmascolombia.com,Prosegur Alarmas Colombia,title,Prosegur Alarmas Colombia,https://proalarmascolombia.com/,待整理搜索词；未查询Trends
proalarmascolombia.com,Agente Autorizado WhatsApp,title,Agente Autorizado WhatsApp,https://proalarmascolombia.com/,待整理搜索词；未查询Trends
proalarmascolombia.com,Agente autorizado de Prosegur Alarmas en Colombia.,description,Agente autorizado de Prosegur Alarmas en Colombia.,https://proalarmascolombia.com/,待整理搜索词；未查询Trends
proalarmascolombia.com,"Alarmas para hogares y negocios, monitoreo 24/7 e instalación en 48 horas.",description,"Alarmas para hogares y negocios, monitoreo 24/7 e instalación en 48 horas.",https://proalarmascolombia.com/,待整理搜索词；未查询Trends
proalarmascolombia.com,Cotiza ahora.,description,Cotiza ahora.,https://proalarmascolombia.com/,待整理搜索词；未查询Trends
toyotacibuburmurah.com,GReat Deals. Great Cars.,h1,GReat Deals. Great Cars.,https://toyotacibuburmurah.com/,待整理搜索词；未查询Trends
toyotacibuburmurah.com,Best Toyota Deals Today!,title,Best Toyota Deals Today!,https://toyotacibuburmurah.com/,待整理搜索词；未查询Trends
toyotacibuburmurah.com,toyota murah,title,toyota murah,https://toyotacibuburmurah.com/,待整理搜索词；未查询Trends
toyotacibuburmurah.com,Explore amazing deals on Toyota cars!,description,Explore amazing deals on Toyota cars!,https://toyotacibuburmurah.com/,待整理搜索词；未查询Trends
toyotacibuburmurah.com,"Get the best prices, discounts, and exciting promotions today at Toyota Cibubur.",description,"Get the best prices, discounts, and exciting promotions today at Toyota Cibubur.",https://toyotacibuburmurah.com/,待整理搜索词；未查询Trends
bozamo.com,From blank page to business engine.,h1,From blank page to business engine.,https://bozamo.com/,待整理搜索词；未查询Trends
bozamo.com,BOZAMO,title,BOZAMO,https://bozamo.com/,待整理搜索词；未查询Trends
bozamo.com,"Technology, Automation, Security & Growth",title,"Technology, Automation, Security & Growth",https://bozamo.com/,待整理搜索词；未查询Trends
bozamo.com,Choose one capability or connect several when it helps.,description,Choose one capability or connect several when it helps.,https://bozamo.com/,待整理搜索词；未查询Trends
sjsreetours.com,Come for the hills. Stay for the feeling.,h1,Come for the hills. Stay for the feeling.,https://sjsreetours.com/,待整理搜索词；未查询Trends
sjsreetours.com,SJ Sree's Tours & Travels,title,SJ Sree's Tours & Travels,https://sjsreetours.com/,待整理搜索词；未查询Trends
sjsreetours.com,"Kodaikanal Tours, Taxi & Rooms",title,"Kodaikanal Tours, Taxi & Rooms",https://sjsreetours.com/,待整理搜索词；未查询Trends
kapitalki.com,Intelligente Kapitalsteuerung für die Gig-Economy,h1,Intelligente Kapitalsteuerung für die Gig-Economy,https://kapitalki.com/,待整理搜索词；未查询Trends
kapitalki.com,Kapital KI,title,Kapital KI,https://kapitalki.com/,待整理搜索词；未查询Trends
kapitalki.com,KI-Plattform für intelligente Kapitalsteuerung,title,KI-Plattform für intelligente Kapitalsteuerung,https://kapitalki.com/,待整理搜索词；未查询Trends
kapitalki.com,Kapital KI: KI-gestützte Risikoanalyse und Echtzeit-Marktüberwachung für fundierte Kapitalentscheidungen.,description,Kapital KI: KI-gestützte Risikoanalyse und Echtzeit-Marktüberwachung für fundierte Kapitalentscheidungen.,https://kapitalki.com/,待整理搜索词；未查询Trends
kapitalki.com,"Optimieren Sie Ihr Nebeneinkommen mit einem nachvollziehbaren, datenbasierten Ansatz.",description,"Optimieren Sie Ihr Nebeneinkommen mit einem nachvollziehbaren, datenbasierten Ansatz.",https://kapitalki.com/,待整理搜索词；未查询Trends
islandbiscuit.com,ISLAND BISCUIT Inc.,title,ISLAND BISCUIT Inc.,https://islandbiscuit.com/,待整理搜索词；未查询Trends
islandbiscuit.com,"Hapi Cow, Yum-Yum & More!",title,"Hapi Cow, Yum-Yum & More!",https://islandbiscuit.com/,待整理搜索词；未查询Trends
bostonavhub.com,Boston’s Premier Cinema Rental Service,h1,Boston’s Premier Cinema Rental Service,https://bostonavhub.com/,待整理搜索词；未查询Trends
bostonavhub.com,Boston AV Hub,title,Boston AV Hub,https://bostonavhub.com/,待整理搜索词；未查询Trends
bostonavhub.com,Premium Indoor & Outdoor Cinema Rentals,title,Premium Indoor & Outdoor Cinema Rentals,https://bostonavhub.com/,待整理搜索词；未查询Trends
bostonavhub.com,Boston's premier home AV rentals.,description,Boston's premier home AV rentals.,https://bostonavhub.com/,待整理搜索词；未查询Trends
kiphocreativos.com,Que bueno que estés aquí,h1,Que bueno que estés aquí,https://kiphocreativos.com/,待整理搜索词；未查询Trends
kiphocreativos.com,KIPHO,title,KIPHO,https://kiphocreativos.com/,待整理搜索词；未查询Trends
kiphocreativos.com,"Diseño, marketing digital y contenido",title,"Diseño, marketing digital y contenido",https://kiphocreativos.com/,待整理搜索词；未查询Trends
kiphocreativos.com,Más de 10 años ayudando a marcas a crecer.,description,Más de 10 años ayudando a marcas a crecer.,https://kiphocreativos.com/,待整理搜索词；未查询Trends
sundaycoffeestudios.com,Sunday Coffee Studios,h1,Sunday Coffee Studios,https://sundaycoffeestudios.com/,待整理搜索词；未查询Trends
indochinavoyagers.com,"Long private journeys across four countries , drawn one party at a time",h1,"Long private journeys across four countries , drawn one party at a time",https://indochinavoyagers.com/,待整理搜索词；未查询Trends
indochinavoyagers.com,Indochina Voyagers,title,Indochina Voyagers,https://indochinavoyagers.com/,待整理搜索词；未查询Trends
indochinavoyagers.com,"Private journeys of 14 to 28 days across Vietnam, Cambodia, Laos and Thailand.",description,"Private journeys of 14 to 28 days across Vietnam, Cambodia, Laos and Thailand.",https://indochinavoyagers.com/,待整理搜索词；未查询Trends
veloraaccessories.com,VELORA,h1,VELORA,https://www.veloraaccessories.com/,待整理搜索词；未查询Trends
veloraaccessories.com,Toptan Bijuteri ve Aksesuar,h1,Toptan Bijuteri ve Aksesuar,https://www.veloraaccessories.com/,待整理搜索词；未查询Trends
veloraaccessories.com,Fashion Accessory,title,Fashion Accessory,https://www.veloraaccessories.com/,待整理搜索词；未查询Trends
veloraaccessories.com,WhatsApp ile kolay sipariş.,description,WhatsApp ile kolay sipariş.,https://www.veloraaccessories.com/,待整理搜索词；未查询Trends
ikonasvet.org,руководитель Наталья Петровна Маслова callback_icon callback_icon icon icon icon icon,title,руководитель Наталья Петровна Маслова callback_icon callback_icon icon icon icon icon,https://www.ikonasvet.org/,待整理搜索词；未查询Trends
truelint.com,A linter for your website.,h1,A linter for your website.,https://truelint.com/,待整理搜索词；未查询Trends
truelint.com,Truelint,title,Truelint,https://truelint.com/,待整理搜索词；未查询Trends
truelint.com,"technical SEO crawler for macOS, terminal and browser",title,"technical SEO crawler for macOS, terminal and browser",https://truelint.com/,待整理搜索词；未查询Trends
truelint.com,The calm alternative to Screaming Frog.,description,The calm alternative to Screaming Frog.,https://truelint.com/,待整理搜索词；未查询Trends
attestlyhq.com,Compare AI tools before your compliance team has to explain them,h1,Compare AI tools before your compliance team has to explain them,https://attestlyhq.com/,待整理搜索词；未查询Trends
attestlyhq.com,Attestly,title,Attestly,https://attestlyhq.com/,待整理搜索词；未查询Trends
attestlyhq.com,AI tools for regulated firms,title,AI tools for regulated firms,https://attestlyhq.com/,待整理搜索词；未查询Trends
amschools.com,A.M School,title,A.M School,https://www.amschools.com/,待整理搜索词；未查询Trends
provizealmanya.com,Yurt dışındaki geleceğinizi birlikte planlayalım,h1,Yurt dışındaki geleceğinizi birlikte planlayalım,https://provizealmanya.com/,待整理搜索词；未查询Trends
provizealmanya.com,Pro Vize Almanya,title,Pro Vize Almanya,https://provizealmanya.com/,待整理搜索词；未查询Trends
galvanrevenue.com,"We look at how the business runs, not just what it earns.",h1,"We look at how the business runs, not just what it earns.",https://galvanrevenue.com/,待整理搜索词；未查询Trends
galvanrevenue.com,GRO Partners,title,GRO Partners,https://galvanrevenue.com/,待整理搜索词；未查询Trends
galvanrevenue.com,"Operations audit, and we fix it with you",title,"Operations audit, and we fix it with you",https://galvanrevenue.com/,待整理搜索词；未查询Trends
galvanrevenue.com,"We look at how your business runs, not just what it earns.",description,"We look at how your business runs, not just what it earns.",https://galvanrevenue.com/,待整理搜索词；未查询Trends
restartuy.com,Cada prenda tiene una historia,h1,Cada prenda tiene una historia,https://www.restartuy.com/,待整理搜索词；未查询Trends
restartuy.com,RE-START,title,RE-START,https://www.restartuy.com/,待整理搜索词；未查询Trends
restartuy.com,Ropa de segunda mano,title,Ropa de segunda mano,https://www.restartuy.com/,待整理搜索词；未查询Trends
rymlite.com,畅看片库,h1,畅看片库,https://rymlite.com/,待整理搜索词；未查询Trends
rymlite.com,2026好看的高清免费完整版全集在线观看视频,h1,2026好看的高清免费完整版全集在线观看视频,https://rymlite.com/,待整理搜索词；未查询Trends
rymlite.com,无广告电影高清完整版合集,title,无广告电影高清完整版合集,https://rymlite.com/,待整理搜索词；未查询Trends
rymlite.com,手机百度电视剧免费观看网站大全日韩欧美,title,手机百度电视剧免费观看网站大全日韩欧美,https://rymlite.com/,待整理搜索词；未查询Trends
rymlite.com,完整高清版本在线观看流畅不卡顿,title,完整高清版本在线观看流畅不卡顿,https://rymlite.com/,待整理搜索词；未查询Trends
lowpolycharacters.com,Create low poly characters.,h1,Create low poly characters.,https://lowpolycharacters.com/,待整理搜索词；未查询Trends
lowpolycharacters.com,Low Poly Characters,title,Low Poly Characters,https://lowpolycharacters.com/,待整理搜索词；未查询Trends
lowpolycharacters.com,AI 3D Character Generator,title,AI 3D Character Generator,https://lowpolycharacters.com/,待整理搜索词；未查询Trends
lowpolycharacters.com,Create low poly characters from a text prompt with advanced AI.,description,Create low poly characters from a text prompt with advanced AI.,https://lowpolycharacters.com/,待整理搜索词；未查询Trends
hubembaixadores.com,"Sua marca, suas embaixadoras, comissões no automático.",h1,"Sua marca, suas embaixadoras, comissões no automático.",https://www.hubembaixadores.com/,待整理搜索词；未查询Trends
hubembaixadores.com,Hub Embaixadores,title,Hub Embaixadores,https://www.hubembaixadores.com/,待整理搜索词；未查询Trends
hubembaixadores.com,Plataforma de afiliadas e embaixadoras,description,Plataforma de afiliadas e embaixadoras,https://www.hubembaixadores.com/,待整理搜索词；未查询Trends
natlandgaragesystems.com,Natland Garage Systems,title,Natland Garage Systems,https://www.natlandgaragesystems.com/,待整理搜索词；未查询Trends
natlandgaragesystems.com,"Epoxy Flooring Charlotte, NC",title,"Epoxy Flooring Charlotte, NC",https://www.natlandgaragesystems.com/,待整理搜索词；未查询Trends
natlandgaragesystems.com,Get a free quote today!,description,Get a free quote today!,https://www.natlandgaragesystems.com/,待整理搜索词；未查询Trends
yrrahsys.com,Systems that flow. Results that work.,h1,Systems that flow. Results that work.,https://yrrahsys.com/,待整理搜索词；未查询Trends
yrrahsys.com,YrrahSys,title,YrrahSys,https://yrrahsys.com/,待整理搜索词；未查询Trends
americaneaglecertification.com,Trading Card Grading & Certification,h1,Trading Card Grading & Certification,https://americaneaglecertification.com/,待整理搜索词；未查询Trends
americaneaglecertification.com,AMERICAN EAGLE CERTIFICATION,title,AMERICAN EAGLE CERTIFICATION,https://americaneaglecertification.com/,待整理搜索词；未查询Trends
crownedhairsolutions.com,Your Crown. Delivered.,h1,Your Crown. Delivered.,https://crownedhairsolutions.com/,待整理搜索词；未查询Trends
crownedhairsolutions.com,Crowned Hair Solutions,title,Crowned Hair Solutions,https://crownedhairsolutions.com/,待整理搜索词；未查询Trends
crownedhairsolutions.com,Mobile Hair Replacement for Men in Nashville,title,Mobile Hair Replacement for Men in Nashville,https://crownedhairsolutions.com/,待整理搜索词；未查询Trends
crownedhairsolutions.com,Nashville's premier mobile hair replacement service for men.,description,Nashville's premier mobile hair replacement service for men.,https://crownedhairsolutions.com/,待整理搜索词；未查询Trends
crownedhairsolutions.com,We come to you,description,We come to you,https://crownedhairsolutions.com/,待整理搜索词；未查询Trends
crownedhairsolutions.com,"discreet, professional, and transformative.",description,"discreet, professional, and transformative.",https://crownedhairsolutions.com/,待整理搜索词；未查询Trends
behavioralvantage.com,Behavioral Vantage,title,Behavioral Vantage,https://behavioralvantage.com/,待整理搜索词；未查询Trends
behavioralvantage.com,Your Reimbursement Intelligence and Growth Strategy Partner,title,Your Reimbursement Intelligence and Growth Strategy Partner,https://behavioralvantage.com/,待整理搜索词；未查询Trends
vermilion-cove.com,Kultur lebendig erleben und verstehen,h1,Kultur lebendig erleben und verstehen,https://vermilion-cove.com/,待整理搜索词；未查询Trends
vermilion-cove.com,vermilion-cove,title,vermilion-cove,https://vermilion-cove.com/,待整理搜索词；未查询Trends
vermilion-cove.com,Kulturelle Erlebnisse und museale Dienstleistungen für Bildungseinrichtungen und Besucher,description,Kulturelle Erlebnisse und museale Dienstleistungen für Bildungseinrichtungen und Besucher,https://vermilion-cove.com/,待整理搜索词；未查询Trends
blu-wave-network.com,THE GLOBAL BUSINESS HUB,h1,THE GLOBAL BUSINESS HUB,https://blu-wave-network.com/,待整理搜索词；未查询Trends
blu-wave-network.com,Blu-Wave Network,title,Blu-Wave Network,https://blu-wave-network.com/,待整理搜索词；未查询Trends
blu-wave-network.com,International Business Directory & Verified Partners,title,International Business Directory & Verified Partners,https://blu-wave-network.com/,待整理搜索词；未查询Trends
blu-wave-network.com,"Discover top-rated businesses, services, and verified partners worldwide on Blu-Wave Network.",description,"Discover top-rated businesses, services, and verified partners worldwide on Blu-Wave Network.",https://blu-wave-network.com/,待整理搜索词；未查询Trends
blu-wave-network.com,Verified directory listings and global connections.,description,Verified directory listings and global connections.,https://blu-wave-network.com/,待整理搜索词；未查询Trends
elementexterieur.com,Clips,h1,Clips,https://elementexterieur.com/,待整理搜索词；未查询Trends
elementexterieur.com,Concerts,h1,Concerts,https://elementexterieur.com/,待整理搜索词；未查询Trends
elementexterieur.com,Théâtre & Danse,h1,Théâtre & Danse,https://elementexterieur.com/,待整理搜索词；未查询Trends
elementexterieur.com,Photographies,h1,Photographies,https://elementexterieur.com/,待整理搜索词；未查询Trends
elementexterieur.com,Élément Extérieur,title,Élément Extérieur,https://elementexterieur.com/,待整理搜索词；未查询Trends
confetextextil.com,Soluciones Textiles que Dan Vida a sus Diseños,h1,Soluciones Textiles que Dan Vida a sus Diseños,https://confetextextil.com/,待整理搜索词；未查询Trends
confetextextil.com,CONFETEX,title,CONFETEX,https://confetextextil.com/,待整理搜索词；未查询Trends
confetextextil.com,TEXTIL,title,TEXTIL,https://confetextextil.com/,待整理搜索词；未查询Trends
confetextextil.com,Telas por Metros y Rollos en Colombia,title,Telas por Metros y Rollos en Colombia,https://confetextextil.com/,待整理搜索词；未查询Trends
confetextextil.com,Telas por metro y rollos cerrados en Colombia.,description,Telas por metro y rollos cerrados en Colombia.,https://confetextextil.com/,待整理搜索词；未查询Trends
confetextextil.com,"23 años de experiencia, envíos a todo el país.",description,"23 años de experiencia, envíos a todo el país.",https://confetextextil.com/,待整理搜索词；未查询Trends
timiboissiere.com,Timi’s Home Solutions— Trusted Nationwide Cash Buyers,h1,Timi’s Home Solutions— Trusted Nationwide Cash Buyers,https://timiboissiere.com/,待整理搜索词；未查询Trends
arianatp.com,ARIANA T. P.,h1,ARIANA T. P.,https://arianatp.com/,待整理搜索词；未查询Trends
arianatp.com,Ariana T.P.,title,Ariana T.P.,https://arianatp.com/,待整理搜索词；未查询Trends
arianatp.com,Ropa Infantil,title,Ropa Infantil,https://arianatp.com/,待整理搜索词；未查询Trends
arianatp.com,Ropa infantil online.,description,Ropa infantil online.,https://arianatp.com/,待整理搜索词；未查询Trends
arianatp.com,Mirá el catálogo y hacé tu pedido por WhatsApp.,description,Mirá el catálogo y hacé tu pedido por WhatsApp.,https://arianatp.com/,待整理搜索词；未查询Trends
controllerdiagnose.com,Controller online testen,h1,Controller online testen,https://controllerdiagnose.com/,待整理搜索词；未查询Trends
controllerdiagnose.com,Controller testen & Stick Drift prüfen,title,Controller testen & Stick Drift prüfen,https://controllerdiagnose.com/,待整理搜索词；未查询Trends
controllerdiagnose.com,ControllerDiagnose,title,ControllerDiagnose,https://controllerdiagnose.com/,待整理搜索词；未查询Trends
tarubo-works.com,暮らしの小さな道具をつくる場所,title,暮らしの小さな道具をつくる場所,https://tarubo-works.com/,待整理搜索词；未查询Trends
tarubo-works.com,暮らしの中の「ちょっと面倒」を片付ける小さな道具を作って置いています。どれも無料で、入力したものは端末のブラウザ内だけで処理されます。,description,暮らしの中の「ちょっと面倒」を片付ける小さな道具を作って置いています。どれも無料で、入力したものは端末のブラウザ内だけで処理されます。,https://tarubo-works.com/,待整理搜索词；未查询Trends
frt-industry.com,Des solutions d'emballage conçues pour l'industrie.,h1,Des solutions d'emballage conçues pour l'industrie.,https://frt-industry.com/fr,待整理搜索词；未查询Trends
frt-industry.com,FRT Industry,title,FRT Industry,https://frt-industry.com/fr,待整理搜索词；未查询Trends
frt-industry.com,Des solutions d'emballage industriel de haute performance,title,Des solutions d'emballage industriel de haute performance,https://frt-industry.com/fr,待整理搜索词；未查询Trends
frt-industry.com,"Usine basée à Larbaa, Blida, Algérie.",description,"Usine basée à Larbaa, Blida, Algérie.",https://frt-industry.com/fr,待整理搜索词；未查询Trends
anchoredupboats.com,"Ski, wake and Surf Boats",h1,"Ski, wake and Surf Boats",https://www.anchoredupboats.com/,待整理搜索词；未查询Trends
anchoredupboats.com,Bulding customers for life,h1,Bulding customers for life,https://www.anchoredupboats.com/,待整理搜索词；未查询Trends
anchoredupboats.com,lets get your boat running!,h1,lets get your boat running!,https://www.anchoredupboats.com/,待整理搜索词；未查询Trends
anchoredupboats.com,"ski, wake and surf boat experts—Get Your Boat Ready!",title,"ski, wake and surf boat experts—Get Your Boat Ready!",https://www.anchoredupboats.com/,待整理搜索词；未查询Trends
anchoredupboats.com,Your tow boat specialists.,description,Your tow boat specialists.,https://www.anchoredupboats.com/,待整理搜索词；未查询Trends
nerdygeekyintrovert.com,Nerdy Geeky Introvert Daily,h1,Nerdy Geeky Introvert Daily,https://www.nerdygeekyintrovert.com/,待整理搜索词；未查询Trends
nerdygeekyintrovert.com,Welcome to Nerdy Geeky Introvert Daily,h1,Welcome to Nerdy Geeky Introvert Daily,https://www.nerdygeekyintrovert.com/,待整理搜索词；未查询Trends
newsbuillion.com,NewsBuillion,h1,NewsBuillion,https://newsbuillion.com/,待整理搜索词；未查询Trends
jmsconstruction.org,Transform Your Space,h1,Transform Your Space,https://jmsconstruction.org/,待整理搜索词；未查询Trends
jmsconstruction.org,JMS Construction Limited Liability,title,JMS Construction Limited Liability,https://jmsconstruction.org/,待整理搜索词；未查询Trends
jmsconstruction.org,JMS Construction offers top-notch construction services for all your building needs.,description,JMS Construction offers top-notch construction services for all your building needs.,https://jmsconstruction.org/,待整理搜索词；未查询Trends
jmsconstruction.org,Contact us today for your next project!,description,Contact us today for your next project!,https://jmsconstruction.org/,待整理搜索词；未查询Trends
lifetrustlending.com,爱游戏·网站登入官网-爱游戏online(中国),title,爱游戏·网站登入官网-爱游戏online(中国),https://lifetrustlending.com/,待整理搜索词；未查询Trends
farpointenergy.com,"Power transformers, engineered to your specification.",h1,"Power transformers, engineered to your specification.",https://farpointenergy.com/,待整理搜索词；未查询Trends
farpointenergy.com,Farpoint Energy,title,Farpoint Energy,https://farpointenergy.com/,待整理搜索词；未查询Trends
farpointenergy.com,"Power transformers, engineered to your specification",title,"Power transformers, engineered to your specification",https://farpointenergy.com/,待整理搜索词；未查询Trends
farpointenergy.com,"IEEE C57 design and test, three-year warranty, 100 units per year.",description,"IEEE C57 design and test, three-year warranty, 100 units per year.",https://farpointenergy.com/,待整理搜索词；未查询Trends
bitterbloodmovie.com,Bitter Blood,h1,Bitter Blood,https://www.bitterbloodmovie.com/,待整理搜索词；未查询Trends
bitterbloodmovie.com,A Film by Danielle Terrelonge,title,A Film by Danielle Terrelonge,https://www.bitterbloodmovie.com/,待整理搜索词；未查询Trends
bitterbloodmovie.com,Two lives betrayed.,description,Two lives betrayed.,https://www.bitterbloodmovie.com/,待整理搜索词；未查询Trends
bitterbloodmovie.com,Two homes divided.,description,Two homes divided.,https://www.bitterbloodmovie.com/,待整理搜索词；未查询Trends
bitterbloodmovie.com,One secret buried beneath the current.,description,One secret buried beneath the current.,https://www.bitterbloodmovie.com/,待整理搜索词；未查询Trends
bitterbloodmovie.com,"A true Jamaican family mystery, directed by Danielle Terrelonge.",description,"A true Jamaican family mystery, directed by Danielle Terrelonge.",https://www.bitterbloodmovie.com/,待整理搜索词；未查询Trends
kefildar.com,"Birbirinize değil, işlemin kurallarına güvenin.",h1,"Birbirinize değil, işlemin kurallarına güvenin.",https://kefildar.com/,待整理搜索词；未查询Trends
kefildar.com,Bağımsız işlem güven altyapısı · Kefildar,title,Bağımsız işlem güven altyapısı · Kefildar,https://kefildar.com/,待整理搜索词；未查询Trends
hislovehisglory.com,"His Love,His Glory",title,"His Love,His Glory",https://hislovehisglory.com/,待整理搜索词；未查询Trends
hislovehisglory.com,Suéter Cristiano,title,Suéter Cristiano,https://hislovehisglory.com/,待整理搜索词；未查询Trends
hislovehisglory.com,Una sudadera con capucha diseñada para llevar tu fe con estilo.,description,Una sudadera con capucha diseñada para llevar tu fe con estilo.,https://hislovehisglory.com/,待整理搜索词；未查询Trends
charlottedidit.com,Decor Inspired by Adventure,h1,Decor Inspired by Adventure,https://charlottedidit.com/,待整理搜索词；未查询Trends
charlottedidit.com,Charlotte Did It,title,Charlotte Did It,https://charlottedidit.com/,待整理搜索词；未查询Trends
charlottedidit.com,Subscribe for updates!,description,Subscribe for updates!,https://charlottedidit.com/,待整理搜索词；未查询Trends
morrowmadehome.com,Crafting Cozy Living Spaces,h1,Crafting Cozy Living Spaces,https://morrowmadehome.com/,待整理搜索词；未查询Trends
morrowmadehome.com,MorrowMade,title,MorrowMade,https://morrowmadehome.com/,待整理搜索词；未查询Trends
morrowmadehome.com,Explore the latest in home decor with Morrow Made Home.,description,Explore the latest in home decor with Morrow Made Home.,https://morrowmadehome.com/,待整理搜索词；未查询Trends
morrowmadehome.com,Discover decor trends and elevate your interior design style.,description,Discover decor trends and elevate your interior design style.,https://morrowmadehome.com/,待整理搜索词；未查询Trends
miwabungu.com,机の上に、 美術館を。,h1,机の上に、 美術館を。,https://miwabungu.com/,待整理搜索词；未查询Trends
miwabungu.com,みわ文具｜アートと紙の文具店,title,みわ文具｜アートと紙の文具店,https://miwabungu.com/,待整理搜索词；未查询Trends
miwabungu.com,名画カレンダー・年賀状・スマホインナーシート,title,名画カレンダー・年賀状・スマホインナーシート,https://miwabungu.com/,待整理搜索词；未查询Trends
miwabungu.com,みわ文具は、ゴッホ・モネ・ルノワール・セザンヌ・クリムト・葛飾北斎・歌川広重など19人の巨匠の名画卓上カレンダー、年賀状・寒中見舞い、スマホインナーシートKISETTSなど、アートと紙にこだわった文具をお届けします。,description,みわ文具は、ゴッホ・モネ・ルノワール・セザンヌ・クリムト・葛飾北斎・歌川広重など19人の巨匠の名画卓上カレンダー、年賀状・寒中見舞い、スマホインナーシートKISETTSなど、アートと紙にこだわった文具をお届けします。,https://miwabungu.com/,待整理搜索词；未查询Trends
solidlinesafety.com,A stronger line on safety.,h1,A stronger line on safety.,https://solidlinesafety.com/,待整理搜索词；未查询Trends
solidlinesafety.com,SolidLine Safety Consulting,title,SolidLine Safety Consulting,https://solidlinesafety.com/,待整理搜索词；未查询Trends
solidlinesafety.com,"Brooklyn, NY",title,"Brooklyn, NY",https://solidlinesafety.com/,待整理搜索词；未查询Trends
solidlinesafety.com,SolidLine Safety Consulting LLC.,description,SolidLine Safety Consulting LLC.,https://solidlinesafety.com/,待整理搜索词；未查询Trends
solidlinesafety.com,Construction safety consulting in Brooklyn and New York City.,description,Construction safety consulting in Brooklyn and New York City.,https://solidlinesafety.com/,待整理搜索词；未查询Trends
solidlinesafety.com,Contact us about your project.,description,Contact us about your project.,https://solidlinesafety.com/,待整理搜索词；未查询Trends
bimcat-tja.com,Transformamos ideas en soluciones que funcionan.,h1,Transformamos ideas en soluciones que funcionan.,https://bimcat-tja.com/,待整理搜索词；未查询Trends
bimcat-tja.com,BIMCAT SRL,title,BIMCAT SRL,https://bimcat-tja.com/,待整理搜索词；未查询Trends
bimcat-tja.com,"Tecnología, IA, Automatización y Formación en Tarija",title,"Tecnología, IA, Automatización y Formación en Tarija",https://bimcat-tja.com/,待整理搜索词；未查询Trends
caribbeanfoundry.org,Trusted energy intelligence for the Caribbean.,h1,Trusted energy intelligence for the Caribbean.,https://caribbeanfoundry.org/,待整理搜索词；未查询Trends
caribbeanfoundry.org,Caribbean Foundry,title,Caribbean Foundry,https://caribbeanfoundry.org/,待整理搜索词；未查询Trends
caribbeanfoundry.org,"Caribbean Foundry, powered by CZITT (Carbon Zero Institute of Trinidad & Tobago).",description,"Caribbean Foundry, powered by CZITT (Carbon Zero Institute of Trinidad & Tobago).",https://caribbeanfoundry.org/,待整理搜索词；未查询Trends
caribbeanfoundry.org,"Trusted energy data, AI, customer information, energy management and the Caribbean UEnergyHub.",description,"Trusted energy data, AI, customer information, energy management and the Caribbean UEnergyHub.",https://caribbeanfoundry.org/,待整理搜索词；未查询Trends
vpsnotes.com,VPS Notes,h1,VPS Notes,https://vpsnotes.com/,待整理搜索词；未查询Trends
vpsnotes.com,VPS で AI エージェントとセルフホストを動かすエンジニアの実践記録,title,VPS で AI エージェントとセルフホストを動かすエンジニアの実践記録,https://vpsnotes.com/,待整理搜索词；未查询Trends
misterportable.com,Mister Portable: portable gear tested by a real dad,title,Mister Portable: portable gear tested by a real dad,https://misterportable.com/,待整理搜索词；未查询Trends
useytno.com,"Own your guest list, from invite to the door.",h1,"Own your guest list, from invite to the door.",https://useytno.com/,待整理搜索词；未查询Trends
useytno.com,ytno,title,ytno,https://useytno.com/,待整理搜索词；未查询Trends
useytno.com,"Own the door, not the chaos",title,"Own the door, not the chaos",https://useytno.com/,待整理搜索词；未查询Trends
useytno.com,Ytno is the guest management platform that owns the full guest lifecycle,description,Ytno is the guest management platform that owns the full guest lifecycle,https://useytno.com/,待整理搜索词；未查询Trends
useytno.com,"RSVP, check-in, and the door",description,"RSVP, check-in, and the door",https://useytno.com/,待整理搜索词；未查询Trends
useytno.com,built for Nigerian events.,description,built for Nigerian events.,https://useytno.com/,待整理搜索词；未查询Trends
dedicasela.com,SE CANTAN ♪,h1,SE CANTAN ♪,https://dedicasela.com/,待整理搜索词；未查询Trends
dedicasela.com,Dedícasela,title,Dedícasela,https://dedicasela.com/,待整理搜索词；未查询Trends
dedicasela.com,Canciones originales hechas con lo que tú cuentes,title,Canciones originales hechas con lo que tú cuentes,https://dedicasela.com/,待整理搜索词；未查询Trends
dedicasela.com,"Una canción original, hecha con lo que tú nos cuentes.",description,"Una canción original, hecha con lo que tú nos cuentes.",https://dedicasela.com/,待整理搜索词；未查询Trends
dedicasela.com,Entrega en menos de 24 horas.,description,Entrega en menos de 24 horas.,https://dedicasela.com/,待整理搜索词；未查询Trends
milestone-infra.com,Building Tomorrow's Infrastructure,h1,Building Tomorrow's Infrastructure,https://milestone-infra.com/,待整理搜索词；未查询Trends
milestone-infra.com,Milestone Infra,title,Milestone Infra,https://milestone-infra.com/,待整理搜索词；未查询Trends
milestone-infra.com,Contact us today!,description,Contact us today!,https://milestone-infra.com/,待整理搜索词；未查询Trends
wildliferaleigh.com,GAN89 Panduan Pengendalian dan Penanganan Satwa Liar &,h1,GAN89 Panduan Pengendalian dan Penanganan Satwa Liar &,https://wildliferaleigh.com/,待整理搜索词；未查询Trends
wildliferaleigh.com,GAN89 Panduan Pengendalian dan Penanganan Satwa Liar,title,GAN89 Panduan Pengendalian dan Penanganan Satwa Liar,https://wildliferaleigh.com/,待整理搜索词；未查询Trends
augustusnoha.com,Institutional-Grade Opportunities. Curated for Discerning Capital.,h1,Institutional-Grade Opportunities. Curated for Discerning Capital.,https://augustusnoha.com/,待整理搜索词；未查询Trends
augustusnoha.com,Augustus Charles Noha,title,Augustus Charles Noha,https://augustusnoha.com/,待整理搜索词；未查询Trends
augustusnoha.com,Institutional Deal Flow Portal,title,Institutional Deal Flow Portal,https://augustusnoha.com/,待整理搜索词；未查询Trends
augustusnoha.com,Rigorous vetting.,description,Rigorous vetting.,https://augustusnoha.com/,待整理搜索词；未查询Trends
augustusnoha.com,Exclusive access.,description,Exclusive access.,https://augustusnoha.com/,待整理搜索词；未查询Trends
stockofertas.com,StockOfertas: Las Mejores Ofertas y Comparador de Productos en Amazon,h1,StockOfertas: Las Mejores Ofertas y Comparador de Productos en Amazon,https://stockofertas.com/,待整理搜索词；未查询Trends
stockofertas.com,StockOfertas,title,StockOfertas,https://stockofertas.com/,待整理搜索词；未查询Trends
stockofertas.com,Ofertas y Comparador de Productos Amazon,title,Ofertas y Comparador de Productos Amazon,https://stockofertas.com/,待整理搜索词；未查询Trends
stockofertas.com,Descubre las mejores ofertas verificadas y comparativas técnicas en Amazon.com.,description,Descubre las mejores ofertas verificadas y comparativas técnicas en Amazon.com.,https://stockofertas.com/,待整理搜索词；未查询Trends
stockofertas.com,Ahorra dinero con nuestros análisis diarios en StockOfertas.,description,Ahorra dinero con nuestros análisis diarios en StockOfertas.,https://stockofertas.com/,待整理搜索词；未查询Trends
stormthebody.com,Looking to book?,h1,Looking to book?,https://stormthebody.com/,待整理搜索词；未查询Trends
stormthebody.com,Diany,title,Diany,https://stormthebody.com/,待整理搜索词；未查询Trends
stormthebody.com,"Tattoo Artist, Jersey City NJ",title,"Tattoo Artist, Jersey City NJ",https://stormthebody.com/,待整理搜索词；未查询Trends
stormthebody.com,Storm The Body,title,Storm The Body,https://stormthebody.com/,待整理搜索词；未查询Trends
stormthebody.com,Text (201) 936-3230.,description,Text (201) 936-3230.,https://stormthebody.com/,待整理搜索词；未查询Trends
stormthebody.com,Se habla Español.,description,Se habla Español.,https://stormthebody.com/,待整理搜索词；未查询Trends
useverifik.com,Get instant insights on any phone number,h1,Get instant insights on any phone number,https://useverifik.com/,待整理搜索词；未查询Trends
useverifik.com,"Verifik, phone and email validation",title,"Verifik, phone and email validation",https://useverifik.com/,待整理搜索词；未查询Trends
plumblinewip.com,"Surety-grade WIP schedules, in the time it takes to type two cells.",h1,"Surety-grade WIP schedules, in the time it takes to type two cells.",https://plumblinewip.com/,待整理搜索词；未查询Trends
plumblinewip.com,Plumbline,title,Plumbline,https://plumblinewip.com/,待整理搜索词；未查询Trends
plumblinewip.com,Surety-grade WIP schedules for contractors between QuickBooks and an ERP.,description,Surety-grade WIP schedules for contractors between QuickBooks and an ERP.,https://plumblinewip.com/,待整理搜索词；未查询Trends
nestlyven.com,Nestlyven,title,Nestlyven,https://www.nestlyven.com/,待整理搜索词；未查询Trends
nestlyven.com,"Quality checked, low prices, worldwide shipping.",description,"Quality checked, low prices, worldwide shipping.",https://www.nestlyven.com/,待整理搜索词；未查询Trends
sidakofficial.com,Sidak Official,title,Sidak Official,https://sidakofficial.com/,待整理搜索词；未查询Trends
sidakofficial.com,"Punjabi news, information and entertainment from Sidak Official.",description,"Punjabi news, information and entertainment from Sidak Official.",https://sidakofficial.com/,待整理搜索词；未查询Trends
dallascardshop.com,Find the card. Finish the set.,h1,Find the card. Finish the set.,https://www.dallascardshop.com/,待整理搜索词；未查询Trends
dallascardshop.com,Dallas Card Shop,title,Dallas Card Shop,https://www.dallascardshop.com/,待整理搜索词；未查询Trends
dallascardshop.com,Pokémon Singles & PSA Graded Cards,title,Pokémon Singles & PSA Graded Cards,https://www.dallascardshop.com/,待整理搜索词；未查询Trends
olhblogspot.com,olhblogspot.com,h1,olhblogspot.com,https://olhblogspot.com/,待整理搜索词；未查询Trends
olhblogspot.com,olhblogspot.com-高清动漫番剧大全-最新热门日本动漫国漫在线观看,title,olhblogspot.com-高清动漫番剧大全-最新热门日本动漫国漫在线观看,https://olhblogspot.com/,待整理搜索词；未查询Trends
olhblogspot.com,olhblogspot.com是一家无弹窗的高清动漫在线观看网站，为您提供最新日本动漫新番、国创国漫、剧场版动画片，画质高清，每日极速更新！,description,olhblogspot.com是一家无弹窗的高清动漫在线观看网站，为您提供最新日本动漫新番、国创国漫、剧场版动画片，画质高清，每日极速更新！,https://olhblogspot.com/,待整理搜索词；未查询Trends
camoufy.com,The antidetect browser that keeps everything on your PC.,h1,The antidetect browser that keeps everything on your PC.,https://camoufy.com/,待整理搜索词；未查询Trends
camoufy.com,Camoufy: local antidetect browser and profile manager,title,Camoufy: local antidetect browser and profile manager,https://camoufy.com/,待整理搜索词；未查询Trends
camoufy.com,"Stable fingerprints, a proxy or Tor per profile, no cloud.",description,"Stable fingerprints, a proxy or Tor per profile, no cloud.",https://camoufy.com/,待整理搜索词；未查询Trends
eliteofficeaustralia.com,Elite Office,h1,Elite Office,https://eliteofficeaustralia.com/,待整理搜索词；未查询Trends
somospractiko.com,Somos Practiko,h1,Somos Practiko,https://somospractiko.com/,待整理搜索词；未查询Trends
somospractiko.com,Productos más vendidos,h1,Productos más vendidos,https://somospractiko.com/,待整理搜索词；未查询Trends
somospractiko.com,Favoritos,h1,Favoritos,https://somospractiko.com/,待整理搜索词；未查询Trends
salasarmedia.com,सालासर मीडिया .com,h1,सालासर मीडिया .com,https://salasarmedia.com/,待整理搜索词；未查询Trends
salasarmedia.com,सालासर मीडिया .com (SalasarMedia.com),title,सालासर मीडिया .com (SalasarMedia.com),https://salasarmedia.com/,待整理搜索词；未查询Trends
salasarmedia.com,Business News &…,title,Business News &…,https://salasarmedia.com/,待整理搜索词；未查询Trends
salasarmedia.com,सालासर मीडिया.com,description,सालासर मीडिया.com,https://salasarmedia.com/,待整理搜索词；未查询Trends
techsaasblogs.com,TechSaaSBlogs,title,TechSaaSBlogs,https://techsaasblogs.com/,待整理搜索词；未查询Trends
techsaasblogs.com,"AI, SaaS, E-Commerce & Tech Insights",title,"AI, SaaS, E-Commerce & Tech Insights",https://techsaasblogs.com/,待整理搜索词；未查询Trends
techsaasblogs.com,"Explore the latest AI, SaaS, e-commerce, and technology insights.",description,"Explore the latest AI, SaaS, e-commerce, and technology insights.",https://techsaasblogs.com/,待整理搜索词；未查询Trends
techsaasblogs.com,"Discover trends, innovations, practical guides, and expert perspectives at TechSaaSBlogs.",description,"Discover trends, innovations, practical guides, and expert perspectives at TechSaaSBlogs.",https://techsaasblogs.com/,待整理搜索词；未查询Trends
sanfordleakdetection.com,"Expert Leak Detection Sanford, NC",h1,"Expert Leak Detection Sanford, NC",https://sanfordleakdetection.com/,待整理搜索词；未查询Trends
sanfordleakdetection.com,Leak Detection Sanford NC,title,Leak Detection Sanford NC,https://sanfordleakdetection.com/,待整理搜索词；未查询Trends
sanfordleakdetection.com,#1 Plumber,title,#1 Plumber,https://sanfordleakdetection.com/,待整理搜索词；未查询Trends
sanfordleakdetection.com,Call (919) 887-1911,title,Call (919) 887-1911,https://sanfordleakdetection.com/,待整理搜索词；未查询Trends
sanfordleakdetection.com,Sanford Plumbing Pro,description,Sanford Plumbing Pro,https://sanfordleakdetection.com/,待整理搜索词；未查询Trends
sanfordleakdetection.com,#1 leak detection in Sanford NC.,description,#1 leak detection in Sanford NC.,https://sanfordleakdetection.com/,待整理搜索词；未查询Trends
certibob.com,"Audit Readiness, Engineered.",h1,"Audit Readiness, Engineered.",https://www.certibob.com/,待整理搜索词；未查询Trends
certibob.com,CertiBOB™,title,CertiBOB™,https://www.certibob.com/,待整理搜索词；未查询Trends
certibob.com,Get audit-ready before the auditor.,description,Get audit-ready before the auditor.,https://www.certibob.com/,待整理搜索词；未查询Trends
certibob.com,A multi-framework audit preparation and coordination product by Pralka Tech.,description,A multi-framework audit preparation and coordination product by Pralka Tech.,https://www.certibob.com/,待整理搜索词；未查询Trends
diggingbeagle.com,"Follow the failure, not the hype.",h1,"Follow the failure, not the hype.",https://diggingbeagle.com/,待整理搜索词；未查询Trends
diggingbeagle.com,AI security evidence / Signal Desk · DiggingBeagle,title,AI security evidence / Signal Desk · DiggingBeagle,https://diggingbeagle.com/,待整理搜索词；未查询Trends
diggingbeagle.com,"Evidence-linked AI incident intelligence: Cases, Claims, Sources, scope and what remains unknown.",description,"Evidence-linked AI incident intelligence: Cases, Claims, Sources, scope and what remains unknown.",https://diggingbeagle.com/,待整理搜索词；未查询Trends
smartconnectint.com,SMART CONNECT E-COMMERCE INTERNATIONAL LIMITED.,title,SMART CONNECT E-COMMERCE INTERNATIONAL LIMITED.,https://smartconnectint.com/,待整理搜索词；未查询Trends
smartconnectint.com,Easy to buy,title,Easy to buy,https://smartconnectint.com/,待整理搜索词；未查询Trends
scopevaro.com,Dashboard,h1,Dashboard,https://www.scopevaro.com/,待整理搜索词；未查询Trends
scopevaro.com,ScopeVaro,title,ScopeVaro,https://www.scopevaro.com/,待整理搜索词；未查询Trends
scopevaro.com,Construction Bid Intelligence,title,Construction Bid Intelligence,https://www.scopevaro.com/,待整理搜索词；未查询Trends
scopevaro.com,ScopeVaro construction estimating and bid intelligence platform,description,ScopeVaro construction estimating and bid intelligence platform,https://www.scopevaro.com/,待整理搜索词；未查询Trends
paintingguidehub.com,Mindblown: a blog about philosophy.,h1,Mindblown: a blog about philosophy.,https://www.paintingguidehub.com/,待整理搜索词；未查询Trends
paintingguidehub.com,The Art of Oil Painting,title,The Art of Oil Painting,https://www.paintingguidehub.com/,待整理搜索词；未查询Trends
makrfab.com,MakrFab,title,MakrFab,https://makrfab.com/,待整理搜索词；未查询Trends
makrfab.com,A market where consumers become creators.,description,A market where consumers become creators.,https://makrfab.com/,待整理搜索词；未查询Trends
protegemyrtw.com,Bina Masa Depan Kerjaya & Keusahawanan Anda,h1,Bina Masa Depan Kerjaya & Keusahawanan Anda,https://protegemyrtw.com/,待整理搜索词；未查询Trends
protegemyrtw.com,PROTÉGÉ,title,PROTÉGÉ,https://protegemyrtw.com/,待整理搜索词；未查询Trends
protegemyrtw.com,Professional Training & Education for Growing Entrepreneurs,title,Professional Training & Education for Growing Entrepreneurs,https://protegemyrtw.com/,待整理搜索词；未查询Trends
gelpolishsupplyco.com,"Gel Polish, Dip Powder and Nail Art Supplies for Every Nail Salon",title,"Gel Polish, Dip Powder and Nail Art Supplies for Every Nail Salon",https://www.gelpolishsupplyco.com/,待整理搜索词；未查询Trends
gelpolishsupplyco.com,Quality products from trusted brands.,description,Quality products from trusted brands.,https://www.gelpolishsupplyco.com/,待整理搜索词；未查询Trends
gelpolishsupplyco.com,Fast shipping.,description,Fast shipping.,https://www.gelpolishsupplyco.com/,待整理搜索词；未查询Trends
gelpolishsupplyco.com,Shop now.,description,Shop now.,https://www.gelpolishsupplyco.com/,待整理搜索词；未查询Trends
cityoutcomes.com,Are the “Mamdani effects” actually unusual?,h1,Are the “Mamdani effects” actually unusual?,https://cityoutcomes.com/,待整理搜索词；未查询Trends
cityoutcomes.com,NYC Comparator Lab NYC relative to comparator cities · conventional DiD,title,NYC Comparator Lab NYC relative to comparator cities · conventional DiD,https://cityoutcomes.com/,待整理搜索词；未查询Trends
houseofrevivaltn.com,House of Revival,h1,House of Revival,https://houseofrevivaltn.com/,待整理搜索词；未查询Trends
houseofrevivaltn.com,"Curated Furniture in Knoxville, TN",title,"Curated Furniture in Knoxville, TN",https://houseofrevivaltn.com/,待整理搜索词；未查询Trends
houseofrevivaltn.com,"Shop curated and refinished furniture from House of Revival in Knoxville, Tennessee.",description,"Shop curated and refinished furniture from House of Revival in Knoxville, Tennessee.",https://houseofrevivaltn.com/,待整理搜索词；未查询Trends
houseofrevivaltn.com,One-of-a-kind furnishings thoughtfully designed for distinctive interiors.,description,One-of-a-kind furnishings thoughtfully designed for distinctive interiors.,https://houseofrevivaltn.com/,待整理搜索词；未查询Trends
taivoxtienda.com,Tienda Online de TAIVOX,title,Tienda Online de TAIVOX,https://taivoxtienda.com/,待整理搜索词；未查询Trends
taivoxtienda.com,Comprá productos de TAIVOX por internet.,description,Comprá productos de TAIVOX por internet.,https://taivoxtienda.com/,待整理搜索词；未查询Trends
taivoxtienda.com,Tenemos lo que buscas en Termocontraibles con Estaño .,description,Tenemos lo que buscas en Termocontraibles con Estaño .,https://taivoxtienda.com/,待整理搜索词；未查询Trends
taivoxtienda.com,Hacé tu pedido y pagalo online.,description,Hacé tu pedido y pagalo online.,https://taivoxtienda.com/,待整理搜索词；未查询Trends
agentesports.net,agentesports,h1,agentesports,https://agentesports.net/,待整理搜索词；未查询Trends
agentesports.net,agentesports भारत,title,agentesports भारत,https://agentesports.net/,待整理搜索词；未查询Trends
hslvyou.com,牛牛影视 追剧看片，一站就够,h1,牛牛影视 追剧看片，一站就够,https://hslvyou.com/,待整理搜索词；未查询Trends
hslvyou.com,牛牛影视,title,牛牛影视,https://hslvyou.com/,待整理搜索词；未查询Trends
hslvyou.com,人气佳片与荧屏热作随时发现,title,人气佳片与荧屏热作随时发现,https://hslvyou.com/,待整理搜索词；未查询Trends
hslvyou.com,喜剧动作悬疑剧场多题材,title,喜剧动作悬疑剧场多题材,https://hslvyou.com/,待整理搜索词；未查询Trends
hslvyou.com,热播剧集在线观看_影视资讯聚合,title,热播剧集在线观看_影视资讯聚合,https://hslvyou.com/,待整理搜索词；未查询Trends
dobbelshop.com,Nieuwigheden,h1,Nieuwigheden,https://dobbelshop.com/,待整理搜索词；未查询Trends
dobbelshop.com,Dobbelshop,title,Dobbelshop,https://dobbelshop.com/,待整理搜索词；未查询Trends
dobbelshop.com,dobbelstenen en dice sets voor bordspellen,title,dobbelstenen en dice sets voor bordspellen,https://dobbelshop.com/,待整理搜索词；未查询Trends
dobbelshop.com,ontdek je favorieten en bestel eenvoudig online.,description,ontdek je favorieten en bestel eenvoudig online.,https://dobbelshop.com/,待整理搜索词；未查询Trends
descoteaufluxcore.com,Building practical technology with clarity and purpose.,h1,Building practical technology with clarity and purpose.,https://descoteaufluxcore.com/,待整理搜索词；未查询Trends
descoteaufluxcore.com,DESCOTEAU FLUXCORE TECH LLC,title,DESCOTEAU FLUXCORE TECH LLC,https://descoteaufluxcore.com/,待整理搜索词；未查询Trends
descoteaufluxcore.com,Technology Solutions,title,Technology Solutions,https://descoteaufluxcore.com/,待整理搜索词；未查询Trends
greenfriday-lacompa.com,"Ce vendredi-là, on ne consomme pas. On redonne.",h1,"Ce vendredi-là, on ne consomme pas. On redonne.",https://greenfriday-lacompa.com/,待整理搜索词；未查询Trends
greenfriday-lacompa.com,Green Friday × La Compassion,title,Green Friday × La Compassion,https://greenfriday-lacompa.com/,待整理搜索词；未查询Trends
vestaravault.com,Every room. On the record.,h1,Every room. On the record.,https://vestaravault.com/,待整理搜索词；未查询Trends
vestaravault.com,Vestara Vault,title,Vestara Vault,https://vestaravault.com/,待整理搜索词；未查询Trends
vestaravault.com,Apartment Management Software for Move-In & Move-Out Inspections,title,Apartment Management Software for Move-In & Move-Out Inspections,https://vestaravault.com/,待整理搜索词；未查询Trends
waterdamagerestorationtampaco.com,"Water Damage Restoration in Tampa, FL",h1,"Water Damage Restoration in Tampa, FL",https://waterdamagerestorationtampaco.com/,待整理搜索词；未查询Trends
waterdamagerestorationtampaco.com,"Water Damage Restoration Tampa, FL",title,"Water Damage Restoration Tampa, FL",https://waterdamagerestorationtampaco.com/,待整理搜索词；未查询Trends
waterdamagerestorationtampaco.com,24/7 Emergency Response,title,24/7 Emergency Response,https://waterdamagerestorationtampaco.com/,待整理搜索词；未查询Trends
waterdamagerestorationtampaco.com,"24/7 water damage restoration in Tampa, FL.",description,"24/7 water damage restoration in Tampa, FL.",https://waterdamagerestorationtampaco.com/,待整理搜索词；未查询Trends
waterdamagerestorationtampaco.com,"Storm, flood, and burst pipe cleanup with IICRC S500 drying protocols.",description,"Storm, flood, and burst pipe cleanup with IICRC S500 drying protocols.",https://waterdamagerestorationtampaco.com/,待整理搜索词；未查询Trends
waterdamagerestorationtampaco.com,Call 772-291-5749 for immediate help.,description,Call 772-291-5749 for immediate help.,https://waterdamagerestorationtampaco.com/,待整理搜索词；未查询Trends
nyxbound.net,nyxbound,h1,nyxbound,https://nyxbound.net/,待整理搜索词；未查询Trends
nyxbound.net,Online Multiplayer Free Game!,h1,Online Multiplayer Free Game!,https://nyxbound.net/,待整理搜索词；未查询Trends
nyxbound.net,HTML5 Free Multiplayer Online Game,title,HTML5 Free Multiplayer Online Game,https://nyxbound.net/,待整理搜索词；未查询Trends
nyxbound.net,"Play nyxbound now, a Free Multiplayer Online HTML5 Game.",description,"Play nyxbound now, a Free Multiplayer Online HTML5 Game.",https://nyxbound.net/,待整理搜索词；未查询Trends
nyxbound.net,"Play with or meet new friends anywhere, no downloads.",description,"Play with or meet new friends anywhere, no downloads.",https://nyxbound.net/,待整理搜索词；未查询Trends
nyxbound.net,"Collect items, new game modes, and challenges.",description,"Collect items, new game modes, and challenges.",https://nyxbound.net/,待整理搜索词；未查询Trends
beritapolitik24.com,Berita Politik 24,title,Berita Politik 24,https://beritapolitik24.com/,待整理搜索词；未查询Trends
matchitchi.com,MATCHITCHI,title,MATCHITCHI,https://matchitchi.com/,待整理搜索词；未查询Trends
reperio-bewerbung.com,Planbar zu besetzten Stellen.,h1,Planbar zu besetzten Stellen.,https://reperio-bewerbung.com/,待整理搜索词；未查询Trends
reperio-bewerbung.com,Reperio AEC,title,Reperio AEC,https://reperio-bewerbung.com/,待整理搜索词；未查询Trends
reperio-bewerbung.com,Fachkräfte planbar besetzen,title,Fachkräfte planbar besetzen,https://reperio-bewerbung.com/,待整理搜索词；未查询Trends
reperio-bewerbung.com,Genau dafür ist diese Seite da.,description,Genau dafür ist diese Seite da.,https://reperio-bewerbung.com/,待整理搜索词；未查询Trends
stoneandivyesthetics.com,SHOP SKINCARE,h1,SHOP SKINCARE,https://www.stoneandivyesthetics.com/,待整理搜索词；未查询Trends
stoneandivyesthetics.com,Customized,h1,Customized,https://www.stoneandivyesthetics.com/,待整理搜索词；未查询Trends
stoneandivyesthetics.com,Facials,h1,Facials,https://www.stoneandivyesthetics.com/,待整理搜索词；未查询Trends
stoneandivyesthetics.com,STONE AND IVY,h1,STONE AND IVY,https://www.stoneandivyesthetics.com/,待整理搜索词；未查询Trends
stoneandivyesthetics.com,STONE AND IVY ⦁ STONE AND IVY,h1,STONE AND IVY ⦁ STONE AND IVY,https://www.stoneandivyesthetics.com/,待整理搜索词；未查询Trends
naviimow.com,Navimow i2 LiDAR Pro robot tondeuse,h1,Navimow i2 LiDAR Pro robot tondeuse,https://naviimow.com/,待整理搜索词；未查询Trends
naviimow.com,Navimow,title,Navimow,https://naviimow.com/,待整理搜索词；未查询Trends
aiqcontractors.com,Never Miss Another Customer!,h1,Never Miss Another Customer!,https://aiqcontractors.com/,待整理搜索词；未查询Trends
aiqcontractors.com,How AIQ Helps You Capture More Jobs,h1,How AIQ Helps You Capture More Jobs,https://aiqcontractors.com/,待整理搜索词；未查询Trends
aiqcontractors.com,Ready To Stop Losing Leads?,h1,Ready To Stop Losing Leads?,https://aiqcontractors.com/,待整理搜索词；未查询Trends
tallypractice.com,Never bring up money in session again.,h1,Never bring up money in session again.,https://tallypractice.com/,待整理搜索词；未查询Trends
tallypractice.com,Tally,title,Tally,https://tallypractice.com/,待整理搜索词；未查询Trends
tallypractice.com,never bring up money in session again,title,never bring up money in session again,https://tallypractice.com/,待整理搜索词；未查询Trends
tallypractice.com,Scheduling and balances for private-pay counseling practices.,description,Scheduling and balances for private-pay counseling practices.,https://tallypractice.com/,待整理搜索词；未查询Trends
hazelgrovemini.com,"Your Neighbourhood Mini Market , Fresh Every Day",h1,"Your Neighbourhood Mini Market , Fresh Every Day",https://hazelgrovemini.com/,待整理搜索词；未查询Trends
hazelgrovemini.com,Hazel Grove Mini Market B12,title,Hazel Grove Mini Market B12,https://hazelgrovemini.com/,待整理搜索词；未查询Trends
hazelgrovemini.com,Hazel Grove Mini Market,description,Hazel Grove Mini Market,https://hazelgrovemini.com/,待整理搜索词；未查询Trends
hazelgrovemini.com,"your neighbourhood convenience store in Hazel Grove, Stockport.",description,"your neighbourhood convenience store in Hazel Grove, Stockport.",https://hazelgrovemini.com/,待整理搜索词；未查询Trends
hazelgrovemini.com,"Fresh produce, deli & bakery, everyday essentials and local delivery.",description,"Fresh produce, deli & bakery, everyday essentials and local delivery.",https://hazelgrovemini.com/,待整理搜索词；未查询Trends
eaheadlightsoc.com,Clear headlights. Sharper drive.,h1,Clear headlights. Sharper drive.,https://eaheadlightsoc.com/,待整理搜索词；未查询Trends
eaheadlightsoc.com,EA Headlights OC,title,EA Headlights OC,https://eaheadlightsoc.com/,待整理搜索词；未查询Trends
eaheadlightsoc.com,Mobile Headlight Restoration,title,Mobile Headlight Restoration,https://eaheadlightsoc.com/,待整理搜索词；未查询Trends
eaheadlightsoc.com,Professional mobile headlight restoration serving Santa Ana and Orange County.,description,Professional mobile headlight restoration serving Santa Ana and Orange County.,https://eaheadlightsoc.com/,待整理搜索词；未查询Trends
eaheadlightsoc.com,Text EA Headlights OC for a personalized quote.,description,Text EA Headlights OC for a personalized quote.,https://eaheadlightsoc.com/,待整理搜索词；未查询Trends
fileacloud.com,Your files. Your keys. Your cloud.,h1,Your files. Your keys. Your cloud.,https://fileacloud.com/,待整理搜索词；未查询Trends
fileacloud.com,File-A-Cloud,title,File-A-Cloud,https://fileacloud.com/,待整理搜索词；未查询Trends
fileacloud.com,the private drive only you can read,title,the private drive only you can read,https://fileacloud.com/,待整理搜索词；未查询Trends
dodoapparels.com,Dodoapparels: Premium Eco-Friendly Fabrics & Supplies,h1,Dodoapparels: Premium Eco-Friendly Fabrics & Supplies,https://dodoapparels.com/,待整理搜索词；未查询Trends
dodoapparels.com,Discover sustainable fabrics and eco-friendly supplies at Dodoapparels.,description,Discover sustainable fabrics and eco-friendly supplies at Dodoapparels.,https://dodoapparels.com/,待整理搜索词；未查询Trends
dodoapparels.com,Shop now for quality materials that care for the planet!,description,Shop now for quality materials that care for the planet!,https://dodoapparels.com/,待整理搜索词；未查询Trends
tilestoryindia.com,Tile Story,title,Tile Story,https://tilestoryindia.com/,待整理搜索词；未查询Trends
tilestoryindia.com,Premium Designer Tiles,title,Premium Designer Tiles,https://tilestoryindia.com/,待整理搜索词；未查询Trends
tilestoryindia.com,"Nungambakkam, Chennai",title,"Nungambakkam, Chennai",https://tilestoryindia.com/,待整理搜索词；未查询Trends
tilestoryindia.com,Chennai's premier designer tile showroom.,description,Chennai's premier designer tile showroom.,https://tilestoryindia.com/,待整理搜索词；未查询Trends
tilestoryindia.com,"Premium flooring, Moroccan, large slab, bathroom and imported tiles.",description,"Premium flooring, Moroccan, large slab, bathroom and imported tiles.",https://tilestoryindia.com/,待整理搜索词；未查询Trends
tilestoryindia.com,Same-day delivery.,description,Same-day delivery.,https://tilestoryindia.com/,待整理搜索词；未查询Trends
inxitecorp.com,We build what’s next.,h1,We build what’s next.,https://inxitecorp.com/,待整理搜索词；未查询Trends
inxitecorp.com,InXite Corporate,title,InXite Corporate,https://inxitecorp.com/,待整理搜索词；未查询Trends
inxitecorp.com,Experience. Intelligence. Execution. Outcomes.,title,Experience. Intelligence. Execution. Outcomes.,https://inxitecorp.com/,待整理搜索词；未查询Trends
valido-crm.com,The operating system for your remote SDR floor,h1,The operating system for your remote SDR floor,https://valido-crm.com/,待整理搜索词；未查询Trends
valido-crm.com,Valido Sales OS,title,Valido Sales OS,https://valido-crm.com/,待整理搜索词；未查询Trends
valido-crm.com,Remote SDR Performance Platform,title,Remote SDR Performance Platform,https://valido-crm.com/,待整理搜索词；未查询Trends
valido-crm.com,"Live calls, talk time and demos booked for every remote SDR",description,"Live calls, talk time and demos booked for every remote SDR",https://valido-crm.com/,待整理搜索词；未查询Trends
valido-crm.com,"synced from Close CRM, ranked on a shared leaderboard.",description,"synced from Close CRM, ranked on a shared leaderboard.",https://valido-crm.com/,待整理搜索词；未查询Trends
emphaticlab.com,Advancing the integration of AI into consumer software.,h1,Advancing the integration of AI into consumer software.,https://www.emphaticlab.com/,待整理搜索词；未查询Trends
emphaticlab.com,Emphatic Labs,title,Emphatic Labs,https://www.emphaticlab.com/,待整理搜索词；未查询Trends
dreamwalkvisuals.com,Marketing Visuals That Make a Listing Impossible to Scroll Past.,h1,Marketing Visuals That Make a Listing Impossible to Scroll Past.,https://dreamwalkvisuals.com/,待整理搜索词；未查询Trends
dreamwalkvisuals.com,Cinematic Real Estate Video & Listing Photography,title,Cinematic Real Estate Video & Listing Photography,https://dreamwalkvisuals.com/,待整理搜索词；未查询Trends
dreamwalkvisuals.com,DreamWalk Visuals,title,DreamWalk Visuals,https://dreamwalkvisuals.com/,待整理搜索词；未查询Trends
dreamwalkvisuals.com,"One-time pricing, no subscriptions.",description,"One-time pricing, no subscriptions.",https://dreamwalkvisuals.com/,待整理搜索词；未查询Trends
yeshambelwoodcarving.com,Ethiopian Wood Carving Habesha Heritage,h1,Ethiopian Wood Carving Habesha Heritage,https://yeshambelwoodcarving.com/,待整理搜索词；未查询Trends
yeshambelwoodcarving.com,Yeshambel Wood Carving,title,Yeshambel Wood Carving,https://yeshambelwoodcarving.com/,待整理搜索词；未查询Trends
yeshambelwoodcarving.com,Ethiopian & Habesha Master Carver San Francisco,title,Ethiopian & Habesha Master Carver San Francisco,https://yeshambelwoodcarving.com/,待整理搜索词；未查询Trends
yeshambelwoodcarving.com,Yeshambel Ayicheh,description,Yeshambel Ayicheh,https://yeshambelwoodcarving.com/,待整理搜索词；未查询Trends
yeshambelwoodcarving.com,Master Ethiopian Habesha wood carver.,description,Master Ethiopian Habesha wood carver.,https://yeshambelwoodcarving.com/,待整理搜索词；未查询Trends
yeshambelwoodcarving.com,"Handcrafted church altars, Habesha crosses, throne chairs, church doors & custom woodwork.",description,"Handcrafted church altars, Habesha crosses, throne chairs, church doors & custom woodwork.",https://yeshambelwoodcarving.com/,待整理搜索词；未查询Trends
quakertavernma.com,Quaker Tavern,h1,Quaker Tavern,https://quakertavernma.com/,待整理搜索词；未查询Trends
quakertavernma.com,"Uxbridge, MA",h1,"Uxbridge, MA",https://quakertavernma.com/,待整理搜索词；未查询Trends
peaceofsite.com,PeaceOfSite,title,PeaceOfSite,https://peaceofsite.com/,待整理搜索词；未查询Trends
mfkigali.com,musical,h1,musical,https://www.mfkigali.com/,待整理搜索词；未查询Trends
mfkigali.com,Maison de la Francophonie Kigali,title,Maison de la Francophonie Kigali,https://www.mfkigali.com/,待整理搜索词；未查询Trends
mfkigali.com,Maison de la Francophonie Kigali (MFK),description,Maison de la Francophonie Kigali (MFK),https://www.mfkigali.com/,待整理搜索词；未查询Trends
ddreamassets.com,ddreamAssets,title,ddreamAssets,https://ddreamassets.com/,待整理搜索词；未查询Trends
ddreamassets.com,ваши материалы внутри Premiere Pro и After Effects,title,ваши материалы внутри Premiere Pro и After Effects,https://ddreamassets.com/,待整理搜索词；未查询Trends
ddreamassets.com,в одной панели Adobe.,description,в одной панели Adobe.,https://ddreamassets.com/,待整理搜索词；未查询Trends
ddreamassets.com,Для Windows.,description,Для Windows.,https://ddreamassets.com/,待整理搜索词；未查询Trends
salesafe.org,"Before You Hand It Over, SaleSafe It.",h1,"Before You Hand It Over, SaleSafe It.",https://salesafe.org/,待整理搜索词；未查询Trends
salesafe.org,Private Sale Receipts for Used Items,title,Private Sale Receipts for Used Items,https://salesafe.org/,待整理搜索词；未查询Trends
salesafe.org,SaleSafe,title,SaleSafe,https://salesafe.org/,待整理搜索词；未查询Trends
salesafe.org,"Document the item, condition, price and photos.",description,"Document the item, condition, price and photos.",https://salesafe.org/,待整理搜索词；未查询Trends
endless-worlds.com,Endless Worlds,h1,Endless Worlds,https://www.endless-worlds.com/,待整理搜索词；未查询Trends
endless-worlds.com,Endless Worlds: play a modern Endless Online in your browser,title,Endless Worlds: play a modern Endless Online in your browser,https://www.endless-worlds.com/,待整理搜索词；未查询Trends
endless-worlds.com,Play a modern Endless Online free in your browser.,description,Play a modern Endless Online free in your browser.,https://www.endless-worlds.com/,待整理搜索词；未查询Trends
tiranaairportpickup.com,tirana airport pickup,title,tirana airport pickup,https://tiranaairportpickup.com/,待整理搜索词；未查询Trends
plkinhibitors.com,b体育网 带您畅享全球体育盛事,h1,b体育网 带您畅享全球体育盛事,https://plkinhibitors.com/,待整理搜索词；未查询Trends
plkinhibitors.com,b体育网-b体育(中国),title,b体育网-b体育(中国),https://plkinhibitors.com/,待整理搜索词；未查询Trends
dszdb.com,苹果视频,h1,苹果视频,https://dszdb.com/,待整理搜索词；未查询Trends
dszdb.com,清甜片场收录新片热剧,title,清甜片场收录新片热剧,https://dszdb.com/,待整理搜索词；未查询Trends
dszdb.com,手机观看更轻松，4K超清更新有看点,title,手机观看更轻松，4K超清更新有看点,https://dszdb.com/,待整理搜索词；未查询Trends
dszdb.com,苹果视频收录免费影视、高清电影、热播剧集和短视频资源，按热度与更新节奏整理片单，新片老片都能快速定位，手机端观看时更轻松自然。综艺节目与明星片单同步收录。内容更丰富。,description,苹果视频收录免费影视、高清电影、热播剧集和短视频资源，按热度与更新节奏整理片单，新片老片都能快速定位，手机端观看时更轻松自然。综艺节目与明星片单同步收录。内容更丰富。,https://dszdb.com/,待整理搜索词；未查询Trends
coderedpakistan.com,Code Red,h1,Code Red,https://coderedpakistan.com/,待整理搜索词；未查询Trends
coderedpakistan.com,Code Red Energy Drink,title,Code Red Energy Drink,https://coderedpakistan.com/,待整理搜索词；未查询Trends
coderedpakistan.com,Fuel Your Passion,title,Fuel Your Passion,https://coderedpakistan.com/,待整理搜索词；未查询Trends
wyfuxui.com,Tools that make sense of your numbers,h1,Tools that make sense of your numbers,https://wyfuxui.com/,待整理搜索词；未查询Trends
wyfuxui.com,Budget software tools courses,title,Budget software tools courses,https://wyfuxui.com/,待整理搜索词；未查询Trends
wyfuxui.com,Wyfuxui,title,Wyfuxui,https://wyfuxui.com/,待整理搜索词；未查询Trends
anefouse.com,Alex Nefouse,h1,Alex Nefouse,https://anefouse.com/,待整理搜索词；未查询Trends
anefouse.com,Michigan Mortgage,title,Michigan Mortgage,https://anefouse.com/,待整理搜索词；未查询Trends
anefouse.com,Apply Now Request Letter Alex Nefouse Sr.,description,Apply Now Request Letter Alex Nefouse Sr.,https://anefouse.com/,待整理搜索词；未查询Trends
anefouse.com,Thank you for the opportunity to earn your business.,description,Thank you for the opportunity to earn your business.,https://anefouse.com/,待整理搜索词；未查询Trends
anefouse.com,"Fast Contact Form Please call (248) 321-2228, use",description,"Fast Contact Form Please call (248) 321-2228, use",https://anefouse.com/,待整理搜索词；未查询Trends
forecastyourmoney.com,Will your money last?,h1,Will your money last?,https://forecastyourmoney.com/,待整理搜索词；未查询Trends
forecastyourmoney.com,Forecast Your Money · will your money last?,title,Forecast Your Money · will your money last?,https://forecastyourmoney.com/,待整理搜索词；未查询Trends
forecastyourmoney.com,A retirement forecaster that runs on your own device.,description,A retirement forecaster that runs on your own device.,https://forecastyourmoney.com/,待整理搜索词；未查询Trends
forecastyourmoney.com,"Real tax tables, 1,000 Monte Carlo paths, no account to create.",description,"Real tax tables, 1,000 Monte Carlo paths, no account to create.",https://forecastyourmoney.com/,待整理搜索词；未查询Trends
hangarcolombia.com,"Toda tu operación, en un solo sistema.",h1,"Toda tu operación, en un solo sistema.",https://hangarcolombia.com/,待整理搜索词；未查询Trends
hangarcolombia.com,Software para empresas de transporte de carga,title,Software para empresas de transporte de carga,https://hangarcolombia.com/,待整理搜索词；未查询Trends
hangarcolombia.com,Hangar Colombia,title,Hangar Colombia,https://hangarcolombia.com/,待整理搜索词；未查询Trends
makemytourtrip.org,Madurai,h1,Madurai,https://makemytourtrip.org/,待整理搜索词；未查询Trends
makemytourtrip.org,Rameswaram,h1,Rameswaram,https://makemytourtrip.org/,待整理搜索词；未查询Trends
makemytourtrip.org,Kodaikanal,h1,Kodaikanal,https://makemytourtrip.org/,待整理搜索词；未查询Trends
makemytourtrip.org,Kannyakumari,h1,Kannyakumari,https://makemytourtrip.org/,待整理搜索词；未查询Trends
makemytourtrip.org,Chennai,h1,Chennai,https://makemytourtrip.org/,待整理搜索词；未查询Trends
makemytourtrip.org,Mysore,h1,Mysore,https://makemytourtrip.org/,待整理搜索词；未查询Trends
twsriyadh.com,AC Repair & Maintenance Riyadh,title,AC Repair & Maintenance Riyadh,https://twsriyadh.com/,待整理搜索词；未查询Trends
twsriyadh.com,TWS Technical Contractor,title,TWS Technical Contractor,https://twsriyadh.com/,待整理搜索词；未查询Trends
twsriyadh.com,AC repair & maintenance in Riyadh,description,AC repair & maintenance in Riyadh,https://twsriyadh.com/,待整理搜索词；未查询Trends
twsriyadh.com,"plus electrical, plumbing, refrigeration & contracting.",description,"plus electrical, plumbing, refrigeration & contracting.",https://twsriyadh.com/,待整理搜索词；未查询Trends
twsriyadh.com,"Certified crews, 24/7 response.",description,"Certified crews, 24/7 response.",https://twsriyadh.com/,待整理搜索词；未查询Trends
twsriyadh.com,Call +966542653592.,description,Call +966542653592.,https://twsriyadh.com/,待整理搜索词；未查询Trends
settlepal.net,Precision Intelligence for the Modern Investor.,h1,Precision Intelligence for the Modern Investor.,https://settlepal.net/,待整理搜索词；未查询Trends
settlepal.net,SettlePal,title,SettlePal,https://settlepal.net/,待整理搜索词；未查询Trends
settlepal.net,AI Platform for Precision Market Strategy,title,AI Platform for Precision Market Strategy,https://settlepal.net/,待整理搜索词；未查询Trends
settlepal.net,"Discover a platform engineered for consistent, disciplined decision-making.",description,"Discover a platform engineered for consistent, disciplined decision-making.",https://settlepal.net/,待整理搜索词；未查询Trends
snabbgunvor.com,Shop,h1,Shop,https://snabbgunvor.com/,待整理搜索词；未查询Trends
snabbgunvor.com,Trendiga kläder och väskor,title,Trendiga kläder och väskor,https://snabbgunvor.com/,待整理搜索词；未查询Trends
snabbgunvor.com,20% rabatt på hela sortimentet,title,20% rabatt på hela sortimentet,https://snabbgunvor.com/,待整理搜索词；未查询Trends
snabbgunvor.com,Produkter Archive,description,Produkter Archive,https://snabbgunvor.com/,待整理搜索词；未查询Trends
qxfao.net,Intelligente Crypto-Portfolio Optimalisatie voor de Serieuze Belegger,h1,Intelligente Crypto-Portfolio Optimalisatie voor de Serieuze Belegger,https://qxfao.net/,待整理搜索词；未查询Trends
qxfao.net,Qxfao,title,Qxfao,https://qxfao.net/,待整理搜索词；未查询Trends
qxfao.net,AI-platform voor slim cryptoportfoliobeheer,title,AI-platform voor slim cryptoportfoliobeheer,https://qxfao.net/,待整理搜索词；未查询Trends
qxfao.net,Ontdek wat data-gedreven beleggen voor u kan betekenen.,description,Ontdek wat data-gedreven beleggen voor u kan betekenen.,https://qxfao.net/,待整理搜索词；未查询Trends
hempactinfra.com,From Ground to Greatness.,h1,From Ground to Greatness.,https://hempactinfra.com/,待整理搜索词；未查询Trends
hempactinfra.com,From Ground to Greatness,title,From Ground to Greatness,https://hempactinfra.com/,待整理搜索词；未查询Trends
hempactinfra.com,Hempact Infrastructure Private Limited,title,Hempact Infrastructure Private Limited,https://hempactinfra.com/,待整理搜索词；未查询Trends
hempactinfra.com,"Hempact Infrastructure Private Limited, headquartered in Bhubaneswar and operating across India.",description,"Hempact Infrastructure Private Limited, headquartered in Bhubaneswar and operating across India.",https://hempactinfra.com/,待整理搜索词；未查询Trends
hempactinfra.com,"Infrastructure across power, industrial, commercial, residential and government projects.",description,"Infrastructure across power, industrial, commercial, residential and government projects.",https://hempactinfra.com/,待整理搜索词；未查询Trends
idrkingv.com,idrking,h1,idrking,https://idrkingv.com/,待整理搜索词；未查询Trends
idrkingv.com,idrking Indonesia-Download APK Android Terbaru dengan Panduan,title,idrking Indonesia-Download APK Android Terbaru dengan Panduan,https://idrkingv.com/,待整理搜索词；未查询Trends
idrkingv.com,idrking-Instalasi Praktis untuk Pengguna Platform Game,description,idrking-Instalasi Praktis untuk Pengguna Platform Game,https://idrkingv.com/,待整理搜索词；未查询Trends
oneappcompany.com,Tools that do the arithmetic and keep the record.,h1,Tools that do the arithmetic and keep the record.,https://oneappcompany.com/,待整理搜索词；未查询Trends
oneappcompany.com,One App Company,title,One App Company,https://oneappcompany.com/,待整理搜索词；未查询Trends
marshestatefinds.com,The Marsh Field Book · 126-Page Instant PDF,title,The Marsh Field Book · 126-Page Instant PDF,https://www.marshestatefinds.com/,待整理搜索词；未查询Trends
marshestatefinds.com,Gideon Marsh,title,Gideon Marsh,https://www.marshestatefinds.com/,待整理搜索词；未查询Trends
marshestatefinds.com,"Forty-five years clearing estates, written down.",description,"Forty-five years clearing estates, written down.",https://www.marshestatefinds.com/,待整理搜索词；未查询Trends
marshestatefinds.com,Every figure names its saleroom and date.,description,Every figure names its saleroom and date.,https://www.marshestatefinds.com/,待整理搜索词；未查询Trends
marshestatefinds.com,"Instant PDF, nothing ships.",description,"Instant PDF, nothing ships.",https://www.marshestatefinds.com/,待整理搜索词；未查询Trends
unionmainstayhq.com,"The right meeting, made carefully.",h1,"The right meeting, made carefully.",https://unionmainstayhq.com/,待整理搜索词；未查询Trends
unionmainstayhq.com,Union Mainstayhq,title,Union Mainstayhq,https://unionmainstayhq.com/,待整理搜索词；未查询Trends
unionmainstayhq.com,"Introductions, done right",title,"Introductions, done right",https://unionmainstayhq.com/,待整理搜索词；未查询Trends
robio-fit.com,Robio Fit,h1,Robio Fit,https://robio-fit.com/,待整理搜索词；未查询Trends
base-danchorai.net,Het Basedanchor AI Platform,h1,Het Basedanchor AI Platform,https://base-danchorai.net/,待整理搜索词；未查询Trends
base-danchorai.net,Basedanchor AI,title,Basedanchor AI,https://base-danchorai.net/,待整理搜索词；未查询Trends
base-danchorai.net,Intelligent Investeren met AI in België,title,Intelligent Investeren met AI in België,https://base-danchorai.net/,待整理搜索词；未查询Trends
base-danchorai.net,Geautomatiseerd beleggen in België.,description,Geautomatiseerd beleggen in België.,https://base-danchorai.net/,待整理搜索词；未查询Trends
base-danchorai.net,Begin met een inleg van €250 met onze AI-technologie.,description,Begin met een inleg van €250 met onze AI-technologie.,https://base-danchorai.net/,待整理搜索词；未查询Trends
base-danchorai.net,"Veilig, transparant en simpel.",description,"Veilig, transparant en simpel.",https://base-danchorai.net/,待整理搜索词；未查询Trends
pagereportcard.com,See your LinkedIn page the way a buyer reads it.,h1,See your LinkedIn page the way a buyer reads it.,https://pagereportcard.com/,待整理搜索词；未查询Trends
pagereportcard.com,LinkedIn Company Page Audit and Grade,title,LinkedIn Company Page Audit and Grade,https://pagereportcard.com/,待整理搜索词；未查询Trends
pagereportcard.com,Page Report Card,title,Page Report Card,https://pagereportcard.com/,待整理搜索词；未查询Trends
pagereportcard.com,Free grade.,description,Free grade.,https://pagereportcard.com/,待整理搜索词；未查询Trends
djhopsbeats.com,DJ HOPS BEATS,h1,DJ HOPS BEATS,https://djhopsbeats.com/,待整理搜索词；未查询Trends
djhopsbeats.com,"""BEAT TAPES",title,"""BEAT TAPES",https://djhopsbeats.com/,待整理搜索词；未查询Trends
djhopsbeats.com,DJ Hops Beats —,description,DJ Hops Beats —,https://djhopsbeats.com/,待整理搜索词；未查询Trends
aichasecross.com,专注创作， 让好内容持续发生。,h1,专注创作， 让好内容持续发生。,https://aichasecross.com/,待整理搜索词；未查询Trends
aichasecross.com,CHASE 视频工作台 · 运营下载,title,CHASE 视频工作台 · 运营下载,https://aichasecross.com/,待整理搜索词；未查询Trends
aichasecross.com,下载 CHASE 视频工作台，提交使用申请，开启视频创作。,description,下载 CHASE 视频工作台，提交使用申请，开启视频创作。,https://aichasecross.com/,待整理搜索词；未查询Trends
sprout-trail.com,Meisterwerke der traditionellen Keramikkunst,h1,Meisterwerke der traditionellen Keramikkunst,https://sprout-trail.com/,待整理搜索词；未查询Trends
sprout-trail.com,Sprout-trail,title,Sprout-trail,https://sprout-trail.com/,待整理搜索词；未查询Trends
sprout-trail.com,Traditionelle deutsche Keramikkunst aus Meisterhand,description,Traditionelle deutsche Keramikkunst aus Meisterhand,https://sprout-trail.com/,待整理搜索词；未查询Trends
oseyro.com,"Service, der sich selbst organisiert.",h1,"Service, der sich selbst organisiert.",https://oseyro.com/,待整理搜索词；未查询Trends
oseyro.com,Oseyro,title,Oseyro,https://oseyro.com/,待整理搜索词；未查询Trends
oseyro.com,"Service, der sich selbst organisiert",title,"Service, der sich selbst organisiert",https://oseyro.com/,待整理搜索词；未查询Trends
oseyro.com,"Oseyro verbindet Kundenservice, Aufgaben, Wissen und Kalender in einem ruhigen, sicheren Arbeitsbereich.",description,"Oseyro verbindet Kundenservice, Aufgaben, Wissen und Kalender in einem ruhigen, sicheren Arbeitsbereich.",https://oseyro.com/,待整理搜索词；未查询Trends
velimaro.com,Améliorez votre conduite.,h1,Améliorez votre conduite.,https://velimaro.com/,待整理搜索词；未查询Trends
aloveofreading.com,The right support can change the way learning feels.,h1,The right support can change the way learning feels.,https://aloveofreading.com/,待整理搜索词；未查询Trends
aloveofreading.com,Online K–12 Tutoring,title,Online K–12 Tutoring,https://aloveofreading.com/,待整理搜索词；未查询Trends
aloveofreading.com,A Love of Reading,title,A Love of Reading,https://aloveofreading.com/,待整理搜索词；未查询Trends
thismightbefun.com,This Might Be Fun,h1,This Might Be Fun,https://www.thismightbefun.com/,待整理搜索词；未查询Trends
thismightbefun.com,A small collection of daily word games.,description,A small collection of daily word games.,https://www.thismightbefun.com/,待整理搜索词；未查询Trends
thismightbefun.com,"One each morning, five minutes, no account needed.",description,"One each morning, five minutes, no account needed.",https://www.thismightbefun.com/,待整理搜索词；未查询Trends
gloriagwyn.com,gloriagwyn.com,h1,gloriagwyn.com,https://gloriagwyn.com/,待整理搜索词；未查询Trends
gloriagwyn.com,Gloria Gwyn,h1,Gloria Gwyn,https://gloriagwyn.com/,待整理搜索词；未查询Trends
tendercrafthq.com,Focused software for difficult workflows.,h1,Focused software for difficult workflows.,https://tendercrafthq.com/,待整理搜索词；未查询Trends
tendercrafthq.com,Tendercraft,title,Tendercraft,https://tendercrafthq.com/,待整理搜索词；未查询Trends
tendercrafthq.com,Product Studio for Business Software & Tools,title,Product Studio for Business Software & Tools,https://tendercrafthq.com/,待整理搜索词；未查询Trends
tendercrafthq.com,Tendercraft builds focused software that turns difficult workflows into useful products.,description,Tendercraft builds focused software that turns difficult workflows into useful products.,https://tendercrafthq.com/,待整理搜索词；未查询Trends
tendercrafthq.com,"Business software, browser tools, and continuous automation.",description,"Business software, browser tools, and continuous automation.",https://tendercrafthq.com/,待整理搜索词；未查询Trends
rishtedesk.com,A serious place to find a rishta.,h1,A serious place to find a rishta.,https://rishtedesk.com/,待整理搜索词；未查询Trends
rishtedesk.com,RishteDesk,title,RishteDesk,https://rishtedesk.com/,待整理搜索词；未查询Trends
rishtedesk.com,verified matrimonial matchmaking for Pakistani families,title,verified matrimonial matchmaking for Pakistani families,https://rishtedesk.com/,待整理搜索词；未查询Trends
nampetventures.com,Food Grade packaging and Bio-degradable food grade bowls,h1,Food Grade packaging and Bio-degradable food grade bowls,https://www.nampetventures.com/,待整理搜索词；未查询Trends
nampetventures.com,Nampet Ventures Nigeria,title,Nampet Ventures Nigeria,https://www.nampetventures.com/,待整理搜索词；未查询Trends
nampetventures.com,Eco-Friendly Packaging & Plastic Manufacturing,title,Eco-Friendly Packaging & Plastic Manufacturing,https://www.nampetventures.com/,待整理搜索词；未查询Trends
nampetventures.com,Trusted Nigerian manufacturer.,description,Trusted Nigerian manufacturer.,https://www.nampetventures.com/,待整理搜索词；未查询Trends
carstninvites.com,CARSTN INVITES,h1,CARSTN INVITES,https://carstninvites.com/,待整理搜索词；未查询Trends
carstninvites.com,"CARSTN invites · Sender Europa 1, Berus · Sa 17. Oktober 2026",title,"CARSTN invites · Sender Europa 1, Berus · Sa 17. Oktober 2026",https://carstninvites.com/,待整理搜索词；未查询Trends
carstninvites.com,"CARSTN invites: zwei Runden im Sender Europa 1 in Berus am Samstag, 17.",description,"CARSTN invites: zwei Runden im Sender Europa 1 in Berus am Samstag, 17.",https://carstninvites.com/,待整理搜索词；未查询Trends
carstninvites.com,Oktober 2026.,description,Oktober 2026.,https://carstninvites.com/,待整理搜索词；未查询Trends
carstninvites.com,"Kein Shop, eine Liste",description,"Kein Shop, eine Liste",https://carstninvites.com/,待整理搜索词；未查询Trends
carstninvites.com,"Anmeldung auf Laylo, Kaufslot per Mail.",description,"Anmeldung auf Laylo, Kaufslot per Mail.",https://carstninvites.com/,待整理搜索词；未查询Trends
maximizeassetfunds.com,Your financial future. Built with confidence.,h1,Your financial future. Built with confidence.,https://maximizeassetfunds.com/,待整理搜索词；未查询Trends
maximizeassetfunds.com,Maximize Asset Funds,title,Maximize Asset Funds,https://maximizeassetfunds.com/,待整理搜索词；未查询Trends
maximizeassetfunds.com,Private Financial Services,title,Private Financial Services,https://maximizeassetfunds.com/,待整理搜索词；未查询Trends
cartlyllc.com,Premium digital products for growing businesses. Pay only when it arrives.,h1,Premium digital products for growing businesses. Pay only when it arrives.,https://cartlyllc.com/,待整理搜索词；未查询Trends
cartlyllc.com,Cartly LLC,title,Cartly LLC,https://cartlyllc.com/,待整理搜索词；未查询Trends
cartlyllc.com,Premium Digital Products for Growing Businesses,title,Premium Digital Products for Growing Businesses,https://cartlyllc.com/,待整理搜索词；未查询Trends
cartlyllc.com,"Premium digital products: software kits, templates, courses and playbooks with commercial licenses.",description,"Premium digital products: software kits, templates, courses and playbooks with commercial licenses.",https://cartlyllc.com/,待整理搜索词；未查询Trends
cartlyllc.com,Pay on delivery.,description,Pay on delivery.,https://cartlyllc.com/,待整理搜索词；未查询Trends
dixychickeninfo.com,"Dixy Chicken Menu Prices UK, Branches and Halal Info",h1,"Dixy Chicken Menu Prices UK, Branches and Halal Info",https://dixychickeninfo.com/,待整理搜索词；未查询Trends
dixychickeninfo.com,Independent guide.,description,Independent guide.,https://dixychickeninfo.com/,待整理搜索词；未查询Trends
quickinstallhub.com,Wood Block 99,h1,Wood Block 99,https://quickinstallhub.com/,待整理搜索词；未查询Trends
quickinstallhub.com,203 K,h1,203 K,https://quickinstallhub.com/,待整理搜索词；未查询Trends
quickinstallhub.com,173 K,h1,173 K,https://quickinstallhub.com/,待整理搜索词；未查询Trends
simbaslot.net,SimbaSlot,h1,SimbaSlot,https://simbaslot.net/,待整理搜索词；未查询Trends
simbaslot.net,SimbaSlot Jelajah Dunia Game dan Hiburan Online,h1,SimbaSlot Jelajah Dunia Game dan Hiburan Online,https://simbaslot.net/,待整理搜索词；未查询Trends
vedelora.com,Premium Photography for a Wider World,h1,Premium Photography for a Wider World,https://vedelora.com/,待整理搜索词；未查询Trends
vedelora.com,VEDELORA,title,VEDELORA,https://vedelora.com/,待整理搜索词；未查询Trends
vedelora.com,Premium Photography Licensing,title,Premium Photography Licensing,https://vedelora.com/,待整理搜索词；未查询Trends
vedelora.com,"Original travel, architecture, city and landscape photography for personal and commercial licensing.",description,"Original travel, architecture, city and landscape photography for personal and commercial licensing.",https://vedelora.com/,待整理搜索词；未查询Trends
kurisumala.org,A Journey From Darkness to Light,h1,A Journey From Darkness to Light,https://www.kurisumala.org/,待整理搜索词；未查询Trends
kurisumala.org,Kurisumala,title,Kurisumala,https://www.kurisumala.org/,待整理搜索词；未查询Trends
kurisumala.org,Kurisumala Pilgrim Centre,title,Kurisumala Pilgrim Centre,https://www.kurisumala.org/,待整理搜索词；未查询Trends
accuratetopomappers.com,Accurate Topomappers,h1,Accurate Topomappers,https://www.accuratetopomappers.com/,待整理搜索词；未查询Trends
accuratetopomappers.com,Service Provider of Precast Compound Wall from Chennai,title,Service Provider of Precast Compound Wall from Chennai,https://www.accuratetopomappers.com/,待整理搜索词；未查询Trends
phoskywiki.org,思想， 在分歧中展开。,h1,思想， 在分歧中展开。,https://phoskywiki.org/,待整理搜索词；未查询Trends
phoskywiki.org,PhoskyWiki,title,PhoskyWiki,https://phoskywiki.org/,待整理搜索词；未查询Trends
phoskywiki.org,左翼哲学 / 政治经济学 / 历史领域的原子笔记 WIKI：每个词条聚合多个诠释者的视角。,description,左翼哲学 / 政治经济学 / 历史领域的原子笔记 WIKI：每个词条聚合多个诠释者的视角。,https://phoskywiki.org/,待整理搜索词；未查询Trends
baijialebaike.com,目的地汽车旅馆,h1,目的地汽车旅馆,https://baijialebaike.com/,待整理搜索词；未查询Trends
baijialebaike.com,傲娇与偏见,h1,傲娇与偏见,https://baijialebaike.com/,待整理搜索词；未查询Trends
baijialebaike.com,灵界基友,h1,灵界基友,https://baijialebaike.com/,待整理搜索词；未查询Trends
baijialebaike.com,死神度假,h1,死神度假,https://baijialebaike.com/,待整理搜索词；未查询Trends
baijialebaike.com,魔鬼大玩家,h1,魔鬼大玩家,https://baijialebaike.com/,待整理搜索词；未查询Trends
baijialebaike.com,在线观看完整版高清电视剧-在线观看国产精选免费,title,在线观看完整版高清电视剧-在线观看国产精选免费,https://baijialebaike.com/,待整理搜索词；未查询Trends
somnifinder.com,La literie qui convient à votre nuit,h1,La literie qui convient à votre nuit,https://somnifinder.com/,待整理搜索词；未查询Trends
somnifinder.com,"SomniFinder : bien choisir matelas, oreiller, couette",title,"SomniFinder : bien choisir matelas, oreiller, couette",https://somnifinder.com/,待整理搜索词；未查询Trends
somnifinder.com,Les sources sont citées.,description,Les sources sont citées.,https://somnifinder.com/,待整理搜索词；未查询Trends
somnifinder.com,"Pas de classement, pas de test.",description,"Pas de classement, pas de test.",https://somnifinder.com/,待整理搜索词；未查询Trends
bordadosmontesinos.com,Compra y personaliza tu bordado online,h1,Compra y personaliza tu bordado online,https://bordadosmontesinos.com/,待整理搜索词；未查询Trends
bordadosmontesinos.com,Bordados Montesinos,title,Bordados Montesinos,https://bordadosmontesinos.com/,待整理搜索词；未查询Trends
bordadosmontesinos.com,Tienda,title,Tienda,https://bordadosmontesinos.com/,待整理搜索词；未查询Trends
tarsusrehber.com,Tarsus'ta aradığın işletmeyi mahallene göre bul,h1,Tarsus'ta aradığın işletmeyi mahallene göre bul,https://tarsusrehber.com/,待整理搜索词；未查询Trends
tarsusrehber.com,Tarsus Rehber,title,Tarsus Rehber,https://tarsusrehber.com/,待整理搜索词；未查询Trends
tarsusrehber.com,mahallene göre işletme bul,title,mahallene göre işletme bul,https://tarsusrehber.com/,待整理搜索词；未查询Trends
tarsusrehber.com,"Tarsus'ta restoran, eczane, tamirci ve daha fazlasını mahalleye göre bul;",description,"Tarsus'ta restoran, eczane, tamirci ve daha fazlasını mahalleye göre bul;",https://tarsusrehber.com/,待整理搜索词；未查询Trends
tarsusrehber.com,WhatsApp'tan doğrudan yaz.,description,WhatsApp'tan doğrudan yaz.,https://tarsusrehber.com/,待整理搜索词；未查询Trends
futurewebsitesuk.com,Your New Website. Preview Before You Pay.,h1,Your New Website. Preview Before You Pay.,https://futurewebsitesuk.com/,待整理搜索词；未查询Trends
futurewebsitesuk.com,Future Websites UK,title,Future Websites UK,https://futurewebsitesuk.com/,待整理搜索词；未查询Trends
futurewebsitesuk.com,Professional Websites Built Around Your Business,title,Professional Websites Built Around Your Business,https://futurewebsitesuk.com/,待整理搜索词；未查询Trends
futurewebsitesuk.com,"Professional, modern websites for UK businesses.",description,"Professional, modern websites for UK businesses.",https://futurewebsitesuk.com/,待整理搜索词；未查询Trends
futurewebsitesuk.com,"£149 build plus £14.99/month for hosting, maintenance, changes and ongoing support.",description,"£149 build plus £14.99/month for hosting, maintenance, changes and ongoing support.",https://futurewebsitesuk.com/,待整理搜索词；未查询Trends
nexusagent.app,Resuelva más,h1,Resuelva más,https://nexusagent.app/es/,待整理搜索词；未查询Trends
nexusagent.app,escale menos,h1,escale menos,https://nexusagent.app/es/,待整理搜索词；未查询Trends
faceintelusa.ai,Smart Identity Solutions,h1,Smart Identity Solutions,https://faceintelusa.ai/,待整理搜索词；未查询Trends
faceintelusa.ai,faceintelusa.ai,title,faceintelusa.ai,https://faceintelusa.ai/,待整理搜索词；未查询Trends
mycaly.app,Snap a photo. Get the calories.,h1,Snap a photo. Get the calories.,https://mycaly.app/,待整理搜索词；未查询Trends
mycaly.app,Caly,title,Caly,https://mycaly.app/,待整理搜索词；未查询Trends
mycaly.app,"No weighing, no typing.",description,"No weighing, no typing.",https://mycaly.app/,待整理搜索词；未查询Trends
josh-clinton.dev,I build AI that does real work.,h1,I build AI that does real work.,https://josh-clinton.dev/,待整理搜索词；未查询Trends
josh-clinton.dev,Josh Clinton,title,Josh Clinton,https://josh-clinton.dev/,待整理搜索词；未查询Trends
josh-clinton.dev,I build AI that does real work,title,I build AI that does real work,https://josh-clinton.dev/,待整理搜索词；未查询Trends
thirdslip.app,Live cricket scores on your Lock Screen,h1,Live cricket scores on your Lock Screen,https://thirdslip.app/,待整理搜索词；未查询Trends
thirdslip.app,Third Slip,title,Third Slip,https://thirdslip.app/,待整理搜索词；未查询Trends
thirdslip.app,Live Cricket Scores on Your iPhone Lock Screen,title,Live Cricket Scores on Your iPhone Lock Screen,https://thirdslip.app/,待整理搜索词；未查询Trends
thirdslip.app,"Tests, ODIs and T20s worldwide",description,"Tests, ODIs and T20s worldwide",https://thirdslip.app/,待整理搜索词；未查询Trends
thirdslip.app,"the Ashes, the IPL, the BBL",description,"the Ashes, the IPL, the BBL",https://thirdslip.app/,待整理搜索词；未查询Trends
thirdslip.app,"with full scorecards, commentary, tables and cricket news.",description,"with full scorecards, commentary, tables and cricket news.",https://thirdslip.app/,待整理搜索词；未查询Trends
giveexit.tech,Gestão jurídica inteligente para quem precisa se fazer ouvir.,h1,Gestão jurídica inteligente para quem precisa se fazer ouvir.,https://giveexit.tech/,待整理搜索词；未查询Trends
giveexit.tech,Exit · Notificações extrajudiciais com IA,title,Exit · Notificações extrajudiciais com IA,https://giveexit.tech/,待整理搜索词；未查询Trends
giveexit.tech,Gestão jurídica inteligente para o consumidor.,description,Gestão jurídica inteligente para o consumidor.,https://giveexit.tech/,待整理搜索词；未查询Trends
alroca.dev,RecoveryAI,title,RecoveryAI,https://www.alroca.dev/,待整理搜索词；未查询Trends
alroca.dev,Gelir kurtarma operasyonu,title,Gelir kurtarma operasyonu,https://www.alroca.dev/,待整理搜索词；未查询Trends
raja28.app,RAJA28,h1,RAJA28,https://raja28.app/,待整理搜索词；未查询Trends
raja28.app,Eksplorasi GAMES RPG Modern dengan Dunia Virtual yang Kreatif,h1,Eksplorasi GAMES RPG Modern dengan Dunia Virtual yang Kreatif,https://raja28.app/,待整理搜索词；未查询Trends
nasrrizk.dev,Nasr Rizkallah,h1,Nasr Rizkallah,https://nasrrizk.dev/,待整理搜索词；未查询Trends
nasrrizk.dev,Portfolio,title,Portfolio,https://nasrrizk.dev/,待整理搜索词；未查询Trends
nasrrizk.dev,"Co-Founder, developer, and IT services operator in Dearborn, MI.",description,"Co-Founder, developer, and IT services operator in Dearborn, MI.",https://nasrrizk.dev/,待整理搜索词；未查询Trends
projectcornerstone.app,"AI production intelligence for architecture, engineering, and construction",h1,"AI production intelligence for architecture, engineering, and construction",https://projectcornerstone.app/,待整理搜索词；未查询Trends
projectcornerstone.app,Project Cornerstone Demand swings against payroll held at a lower step,title,Project Cornerstone Demand swings against payroll held at a lower step,https://projectcornerstone.app/,待整理搜索词；未查询Trends
leew.ai,Te enseñamos a usar IA. O la construimos por ti.,h1,Te enseñamos a usar IA. O la construimos por ti.,https://www.leew.ai/,待整理搜索词；未查询Trends
leew.ai,leew,title,leew,https://www.leew.ai/,待整理搜索词；未查询Trends
leew.ai,Te enseñamos a usar IA.,description,Te enseñamos a usar IA.,https://www.leew.ai/,待整理搜索词；未查询Trends
leew.ai,O la construimos por ti.,description,O la construimos por ti.,https://www.leew.ai/,待整理搜索词；未查询Trends
leew.ai,"Somos tres personas, no una agencia.",description,"Somos tres personas, no una agencia.",https://www.leew.ai/,待整理搜索词；未查询Trends
botbets.ai,Stonks · Kalshi sleeves,title,Stonks · Kalshi sleeves,https://botbets.ai/,待整理搜索词；未查询Trends
botbets.ai,Live public marks and mark-to-market tracking for Ben Kraus's Kalshi event-contract sleeves.,description,Live public marks and mark-to-market tracking for Ben Kraus's Kalshi event-contract sleeves.,https://botbets.ai/,待整理搜索词；未查询Trends
avenixx.ai,The intelligence layer for games & ads.,h1,The intelligence layer for games & ads.,https://avenixx.ai/,待整理搜索词；未查询Trends
avenixx.ai,Avenixx,title,Avenixx,https://avenixx.ai/,待整理搜索词；未查询Trends
avenixx.ai,AI-native BI for games & ads,title,AI-native BI for games & ads,https://avenixx.ai/,待整理搜索词；未查询Trends
avenixx.ai,AI-native business intelligence for game studios and advertisers.,description,AI-native business intelligence for game studios and advertisers.,https://avenixx.ai/,待整理搜索词；未查询Trends
avenixx.ai,"Ask your data in plain English and get answers, alerts and forecasts.",description,"Ask your data in plain English and get answers, alerts and forecasts.",https://avenixx.ai/,待整理搜索词；未查询Trends
lexidex.app,Find your words.,h1,Find your words.,https://lexidex.app/,待整理搜索词；未查询Trends
lexidex.app,Lexidex,title,Lexidex,https://lexidex.app/,待整理搜索词；未查询Trends
lexidex.app,Turn words you know into words you use,title,Turn words you know into words you use,https://lexidex.app/,待整理搜索词；未查询Trends
lexidex.app,An independent app by Twice Forged.,description,An independent app by Twice Forged.,https://lexidex.app/,待整理搜索词；未查询Trends
earto.app,3분만에 받는 마인크래프트 3D 모델,h1,3분만에 받는 마인크래프트 3D 모델,https://earto.app/,待整理搜索词；未查询Trends
earto.app,마인크래프트 3D 모델 AI 제작 · BBModel,title,마인크래프트 3D 모델 AI 제작 · BBModel,https://earto.app/,待整理搜索词；未查询Trends
earto.app,Earto,title,Earto,https://earto.app/,待整理搜索词；未查询Trends
earto.app,"AI 모델 생성부터 텍스처 수정, 3D 미리보기, BBModel 다운로드까지 Earto에서 진행할 수 있습니다.",description,"AI 모델 생성부터 텍스처 수정, 3D 미리보기, BBModel 다운로드까지 Earto에서 진행할 수 있습니다.",https://earto.app/,待整理搜索词；未查询Trends
brightphone.ai,Every call answered. Every message written down.,h1,Every call answered. Every message written down.,https://brightphone.ai/,待整理搜索词；未查询Trends
brightphone.ai,BrightPhone · the AI receptionist that answers every call,title,BrightPhone · the AI receptionist that answers every call,https://brightphone.ai/,待整理搜索词；未查询Trends
brightphone.ai,"Answers every call, day and night, in English or French.",description,"Answers every call, day and night, in English or French.",https://brightphone.ai/,待整理搜索词；未查询Trends
brightphone.ai,Seven days free.,description,Seven days free.,https://brightphone.ai/,待整理搜索词；未查询Trends
alexdahan.dev,Faire passer l’IA du POC à l’usage.,h1,Faire passer l’IA du POC à l’usage.,https://alexdahan.dev/,待整理搜索词；未查询Trends
alexdahan.dev,Alexandre Dahan,title,Alexandre Dahan,https://alexdahan.dev/,待整理搜索词；未查询Trends
harshpanchal.dev,Harsh Panchal,h1,Harsh Panchal,https://harshpanchal.dev/,待整理搜索词；未查询Trends
harshpanchal.dev,I build web products that move from idea to production.,h1,I build web products that move from idea to production.,https://harshpanchal.dev/,待整理搜索词；未查询Trends
harshpanchal.dev,Full-Stack Developer & Software Engineer,title,Full-Stack Developer & Software Engineer,https://harshpanchal.dev/,待整理搜索词；未查询Trends
bookmoves.app,The London System,h1,The London System,https://www.bookmoves.app/,待整理搜索词；未查询Trends
bookmoves.app,Bookmove · Chess Opening Trainer,title,Bookmove · Chess Opening Trainer,https://www.bookmoves.app/,待整理搜索词；未查询Trends
bookmoves.app,Learn chess openings one move at a time.,description,Learn chess openings one move at a time.,https://www.bookmoves.app/,待整理搜索词；未查询Trends
simbase.dev,Your agent tested it. Where’s the proof?,h1,Your agent tested it. Where’s the proof?,https://simbase.dev/,待整理搜索词；未查询Trends
simbase.dev,Simbase,title,Simbase,https://simbase.dev/,待整理搜索词；未查询Trends
simbase.dev,The device lab for coding agents.,title,The device lab for coding agents.,https://simbase.dev/,待整理搜索词；未查询Trends
resellstats.app,Not on Android yet.,h1,Not on Android yet.,https://resellstats.app/en,待整理搜索词；未查询Trends
resellstats.app,ResellStats on Android · waitlist,title,ResellStats on Android · waitlist,https://resellstats.app/en,待整理搜索词；未查询Trends
resellstats.app,The app is on iPhone.,description,The app is on iPhone.,https://resellstats.app/en,待整理搜索词；未查询Trends
resellstats.app,Leave your email and you'll know the day the Android version ships.,description,Leave your email and you'll know the day the Android version ships.,https://resellstats.app/en,待整理搜索词；未查询Trends
resellstats.app,"Stock tracking, net profit, fees, DAC7 threshold.",description,"Stock tracking, net profit, fees, DAC7 threshold.",https://resellstats.app/en,待整理搜索词；未查询Trends
unsolicited-advice.app,"Drop a dime on 'em. Intelligence, Unfiltered.",h1,"Drop a dime on 'em. Intelligence, Unfiltered.",https://unsolicited-advice.app/,待整理搜索词；未查询Trends
unsolicited-advice.app,Unsolicited Advice,title,Unsolicited Advice,https://unsolicited-advice.app/,待整理搜索词；未查询Trends
unsolicited-advice.app,Give us your two cents,title,Give us your two cents,https://unsolicited-advice.app/,待整理搜索词；未查询Trends
unsolicited-advice.app,No corporate filters.,description,No corporate filters.,https://unsolicited-advice.app/,待整理搜索词；未查询Trends
unsolicited-advice.app,No bought-off stars.,description,No bought-off stars.,https://unsolicited-advice.app/,待整理搜索词；未查询Trends
duoheart.app,"Two wings, one flight.",h1,"Two wings, one flight.",https://duoheart.app/,待整理搜索词；未查询Trends
duoheart.app,Duoheart,title,Duoheart,https://duoheart.app/,待整理搜索词；未查询Trends
duoheart.app,a private space for two,title,a private space for two,https://duoheart.app/,待整理搜索词；未查询Trends
duoheart.app,No algorithms.,description,No algorithms.,https://duoheart.app/,待整理搜索词；未查询Trends
duoheart.app,No audience.,description,No audience.,https://duoheart.app/,待整理搜索词；未查询Trends
duoheart.app,Just you two.,description,Just you two.,https://duoheart.app/,待整理搜索词；未查询Trends
digicity.dev,One platform. The whole lifecycle,h1,One platform. The whole lifecycle,https://digicity.dev/,待整理搜索词；未查询Trends
digicity.dev,Every stage reads the same model.,h1,Every stage reads the same model.,https://digicity.dev/,待整理搜索词；未查询Trends
digicity.dev,"Take it apart, floor by floor. Digity flags what fails.",h1,"Take it apart, floor by floor. Digity flags what fails.",https://digicity.dev/,待整理搜索词；未查询Trends
digicity.dev,DigiCity,title,DigiCity,https://digicity.dev/,待整理搜索词；未查询Trends
trytru.app,Pay this. Hold that. Done.,h1,Pay this. Hold that. Done.,https://trytru.app/,待整理搜索词；未查询Trends
trytru.app,"Know what to pay, hold or skip before payday",title,"Know what to pay, hold or skip before payday",https://trytru.app/,待整理搜索词；未查询Trends
trytru.app,Tru is a daily cash flow planner.,description,Tru is a daily cash flow planner.,https://trytru.app/,待整理搜索词；未查询Trends
trytru.app,"Free, no bank connection.",description,"Free, no bank connection.",https://trytru.app/,待整理搜索词；未查询Trends
sentryq.ai,"The Fanvue CRM that runs every inbox, every dollar and every shift.",h1,"The Fanvue CRM that runs every inbox, every dollar and every shift.",https://sentryq.ai/,待整理搜索词；未查询Trends
sentryq.ai,sentryq Cloud: the Fanvue CRM for agencies,title,sentryq Cloud: the Fanvue CRM for agencies,https://sentryq.ai/,待整理搜索词；未查询Trends
sentryq.ai,Run every Fanvue model from one screen.,description,Run every Fanvue model from one screen.,https://sentryq.ai/,待整理搜索词；未查询Trends
postchorus.app,One thought. Everywhere it belongs.,h1,One thought. Everywhere it belongs.,https://postchorus.app/,待整理搜索词；未查询Trends
postchorus.app,PostChorus,title,PostChorus,https://postchorus.app/,待整理搜索词；未查询Trends
postchorus.app,Say it everywhere,title,Say it everywhere,https://postchorus.app/,待整理搜索词；未查询Trends
postchorus.app,Write once.,description,Write once.,https://postchorus.app/,待整理搜索词；未查询Trends
motionstudies.app,Once through space. Once through data.,h1,Once through space. Once through data.,https://motionstudies.app/,待整理搜索词；未查询Trends
motionstudies.app,Motion Studies From geography to connection,title,Motion Studies From geography to connection,https://motionstudies.app/,待整理搜索词；未查询Trends
andreasnissen.dev,Making AI work beyond the demo.,h1,Making AI work beyond the demo.,https://andreasnissen.dev/,待整理搜索词；未查询Trends
andreasnissen.dev,Andreas Nissen,title,Andreas Nissen,https://andreasnissen.dev/,待整理搜索词；未查询Trends
andreasnissen.dev,"Andreas Nissen, Senior Solutions Architect at AWS in Munich.",description,"Andreas Nissen, Senior Solutions Architect at AWS in Munich.",https://andreasnissen.dev/,待整理搜索词；未查询Trends
andreasnissen.dev,"Explore customer questions, architecture choices, evaluation, and personal AI projects.",description,"Explore customer questions, architecture choices, evaluation, and personal AI projects.",https://andreasnissen.dev/,待整理搜索词；未查询Trends
mecgura.tech,"Every customer conversation, handled",h1,"Every customer conversation, handled",https://www.mecgura.tech/,待整理搜索词；未查询Trends
mecgura.tech,automatically.,h1,automatically.,https://www.mecgura.tech/,待整理搜索词；未查询Trends
mecgura.tech,MECGURA,title,MECGURA,https://www.mecgura.tech/,待整理搜索词；未查询Trends
mecgura.tech,The WhatsApp-first Business OS,title,The WhatsApp-first Business OS,https://www.mecgura.tech/,待整理搜索词；未查询Trends
mecgura.tech,"WhatsApp, HRMS, ATS",title,"WhatsApp, HRMS, ATS",https://www.mecgura.tech/,待整理搜索词；未查询Trends
mecgura.tech,Free 14-day trial.,description,Free 14-day trial.,https://www.mecgura.tech/,待整理搜索词；未查询Trends
prospectpoint.app,What do you sell?,h1,What do you sell?,https://prospectpoint.app/,待整理搜索词；未查询Trends
prospectpoint.app,Splattr,title,Splattr,https://prospectpoint.app/,待整理搜索词；未查询Trends
prospectpoint.app,AI-Powered Sales Prospecting Platform,title,AI-Powered Sales Prospecting Platform,https://prospectpoint.app/,待整理搜索词；未查询Trends
prospectpoint.app,"Deep prospect research in seconds, not hours.",description,"Deep prospect research in seconds, not hours.",https://prospectpoint.app/,待整理搜索词；未查询Trends
truevds.tech,OK VDS,title,OK VDS,https://truevds.tech/,待整理搜索词；未查询Trends
truevds.tech,"Темная посадочная страница OK VDS с тарифами, локациями и простым подключением к личному узлу.",description,"Темная посадочная страница OK VDS с тарифами, локациями и простым подключением к личному узлу.",https://truevds.tech/,待整理搜索词；未查询Trends
agrotag.app,Gestioná tu rodeo de una forma más simple.,h1,Gestioná tu rodeo de una forma más simple.,https://agrotag.app/,待整理搜索词；未查询Trends
agrotag.app,AgroTag,title,AgroTag,https://agrotag.app/,待整理搜索词；未查询Trends
agrotag.app,Gestión ganadera más simple,title,Gestión ganadera más simple,https://agrotag.app/,待整理搜索词；未查询Trends
freedom-os.ai,Freedom OS,title,Freedom OS,https://freedom-os.ai/,待整理搜索词；未查询Trends
freedom-os.ai,Real estate or yachts,title,Real estate or yachts,https://freedom-os.ai/,待整理搜索词；未查询Trends
freedom-os.ai,Freedom OS runs the sales side of a brokerage.,description,Freedom OS runs the sales side of a brokerage.,https://freedom-os.ai/,待整理搜索词；未查询Trends
freedom-os.ai,Pick your side: real estate or yachts.,description,Pick your side: real estate or yachts.,https://freedom-os.ai/,待整理搜索词；未查询Trends
gazetted.dev,"Australian official data, as an API.",h1,"Australian official data, as an API.",https://gazetted.dev/,待整理搜索词；未查询Trends
gazetted.dev,Gazetted,title,Gazetted,https://gazetted.dev/,待整理搜索词；未查询Trends
gazetted.dev,Australian official-data APIs,title,Australian official-data APIs,https://gazetted.dev/,待整理搜索词；未查询Trends
gazetted.dev,"APIs for Australian official data, built from the government gazettes.",description,"APIs for Australian official data, built from the government gazettes.",https://gazetted.dev/,待整理搜索词；未查询Trends
shravann.dev,"Hi, I'm Shravan",h1,"Hi, I'm Shravan",https://shravann.dev/,待整理搜索词；未查询Trends
shravann.dev,Shravan Choudhary,title,Shravan Choudhary,https://shravann.dev/,待整理搜索词；未查询Trends
mahfouz.app,Notes that stay yours.,h1,Notes that stay yours.,https://mahfouz.app/,待整理搜索词；未查询Trends
mahfouz.app,Mahfouz,title,Mahfouz,https://mahfouz.app/,待整理搜索词；未查询Trends
mahfouz.app,Notes that stay yours,title,Notes that stay yours,https://mahfouz.app/,待整理搜索词；未查询Trends
mahfouz.app,"Mahfouz is a calm, open Markdown workspace with zero lock-in.",description,"Mahfouz is a calm, open Markdown workspace with zero lock-in.",https://mahfouz.app/,待整理搜索词；未查询Trends
mahfouz.app,Your notes are plain files anyone,description,Your notes are plain files anyone,https://mahfouz.app/,待整理搜索词；未查询Trends
mahfouz.app,and any agent,description,and any agent,https://mahfouz.app/,待整理搜索词；未查询Trends
ustednav.app,USTED NAV BETA,h1,USTED NAV BETA,https://www.ustednav.app/,待整理搜索词；未查询Trends
ustednav.app,USTED NAV,title,USTED NAV,https://www.ustednav.app/,待整理搜索词；未查询Trends
ustednav.app,Offline Campus Map & Room Finder,title,Offline Campus Map & Room Finder,https://www.ustednav.app/,待整理搜索词；未查询Trends
ustednav.app,"Find any hall, block, or office on campus",description,"Find any hall, block, or office on campus",https://www.ustednav.app/,待整理搜索词；未查询Trends
ustednav.app,completely offline,description,completely offline,https://www.ustednav.app/,待整理搜索词；未查询Trends
ademkoc.tech,ademkoc .tech,h1,ademkoc .tech,https://ademkoc.tech/,待整理搜索词；未查询Trends
ademkoc.tech,ademkoc.tech,title,ademkoc.tech,https://ademkoc.tech/,待整理搜索词；未查询Trends
ademkoc.tech,Teknolojiyi anlaşılır kılıyoruz,title,Teknolojiyi anlaşılır kılıyoruz,https://ademkoc.tech/,待整理搜索词；未查询Trends
ademkoc.tech,ademkoc.tech;,description,ademkoc.tech;,https://ademkoc.tech/,待整理搜索词；未查询Trends
samepagefamily.app,Stay on the same page.,h1,Stay on the same page.,https://samepagefamily.app/,待整理搜索词；未查询Trends
samepagefamily.app,Same Page,title,Same Page,https://samepagefamily.app/,待整理搜索词；未查询Trends
samepagefamily.app,Private Family Communication & Planning App,title,Private Family Communication & Planning App,https://samepagefamily.app/,待整理搜索词；未查询Trends
cannachef.app,Every number shows its work.,h1,Every number shows its work.,https://cannachef.app/,待整理搜索词；未查询Trends
cannachef.app,CannaChef,title,CannaChef,https://cannachef.app/,待整理搜索词；未查询Trends
cannachef.app,"Cooking with cannabis, calculated",title,"Cooking with cannabis, calculated",https://cannachef.app/,待整理搜索词；未查询Trends
leonardoabreu.dev,Portfólio,title,Portfólio,https://leonardoabreu.dev/,待整理搜索词；未查询Trends
leonardoabreu.dev,Leonardo Abreu,title,Leonardo Abreu,https://leonardoabreu.dev/,待整理搜索词；未查询Trends
leonardoabreu.dev,Site pessoal autodesenvolvido construído com Next.js,description,Site pessoal autodesenvolvido construído com Next.js,https://leonardoabreu.dev/,待整理搜索词；未查询Trends
cesari.tech,Lugares para viver. Motivos para investir.,h1,Lugares para viver. Motivos para investir.,https://cesari.tech/,待整理搜索词；未查询Trends
cesari.tech,Cesari Empreendimentos,title,Cesari Empreendimentos,https://cesari.tech/,待整理搜索词；未查询Trends
cesari.tech,"Construtora e incorporadora em MS, SP e ES",title,"Construtora e incorporadora em MS, SP e ES",https://cesari.tech/,待整理搜索词；未查询Trends
cesari.tech,"Financiamento Caixa, Minha Casa Minha Vida e valorização real.",description,"Financiamento Caixa, Minha Casa Minha Vida e valorização real.",https://cesari.tech/,待整理搜索词；未查询Trends
halffive.app,"At half five, dinner's decided.",h1,"At half five, dinner's decided.",https://www.halffive.app/,待整理搜索词；未查询Trends
halffive.app,"Dinner, decided",title,"Dinner, decided",https://www.halffive.app/,待整理搜索词；未查询Trends
halffive.app,Half Five,title,Half Five,https://www.halffive.app/,待整理搜索词；未查询Trends
halffive.app,Half Five picks tonight's dinner from the meals your household already cooks.,description,Half Five picks tonight's dinner from the meals your household already cooks.,https://www.halffive.app/,待整理搜索词；未查询Trends
halffive.app,"One card at half five, one tap, and the evening's sorted.",description,"One card at half five, one tap, and the evening's sorted.",https://www.halffive.app/,待整理搜索词；未查询Trends
stuckato.app,Stuckato,title,Stuckato,https://stuckato.app/,待整理搜索词；未查询Trends
stuckato.app,Short bursts.,description,Short bursts.,https://stuckato.app/,待整理搜索词；未查询Trends
stuckato.app,Real progress.,description,Real progress.,https://stuckato.app/,待整理搜索词；未查询Trends
stuckato.app,Your teacher sets the week;,description,Your teacher sets the week;,https://stuckato.app/,待整理搜索词；未查询Trends
stuckato.app,Stuckato gets you to practise every day.,description,Stuckato gets you to practise every day.,https://stuckato.app/,待整理搜索词；未查询Trends
cavic.dev,Software Engineering & Technology Solutions,h1,Software Engineering & Technology Solutions,https://cavic.dev/,待整理搜索词；未查询Trends
cavic.dev,CAVIC.DEV,title,CAVIC.DEV,https://cavic.dev/,待整理搜索词；未查询Trends
comap.tech,Entenda como sua empresa realmente funciona.,h1,Entenda como sua empresa realmente funciona.,https://comap.tech/,待整理搜索词；未查询Trends
comap.tech,Co.Map,title,Co.Map,https://comap.tech/,待整理搜索词；未查询Trends
comap.tech,Entenda como sua empresa realmente funciona,title,Entenda como sua empresa realmente funciona,https://comap.tech/,待整理搜索词；未查询Trends
marginbudget.tech,"Your Money, With More Margin",h1,"Your Money, With More Margin",https://marginbudget.tech/,待整理搜索词；未查询Trends
marginbudget.tech,Margin,title,Margin,https://marginbudget.tech/,待整理搜索词；未查询Trends
marginbudget.tech,Private by design,description,Private by design,https://marginbudget.tech/,待整理搜索词；未查询Trends
marginbudget.tech,no bank linking.,description,no bank linking.,https://marginbudget.tech/,待整理搜索词；未查询Trends
marginbudget.tech,Join the waitlist.,description,Join the waitlist.,https://marginbudget.tech/,待整理搜索词；未查询Trends
alonzoo.tech,Apps und KI. Auf Menschen zugeschnitten.,h1,Apps und KI. Auf Menschen zugeschnitten.,https://alonzoo.tech/,待整理搜索词；未查询Trends
alonzoo.tech,Alonzoo,title,Alonzoo,https://alonzoo.tech/,待整理搜索词；未查询Trends
alonzoo.tech,App-Studio für Apps und KI,title,App-Studio für Apps und KI,https://alonzoo.tech/,待整理搜索词；未查询Trends
alonzoo.tech,Alonzoo gestaltet und entwickelt kundengerechte Apps und KI-Anwendungen entlang der gesamten Wirkungskette.,description,Alonzoo gestaltet und entwickelt kundengerechte Apps und KI-Anwendungen entlang der gesamten Wirkungskette.,https://alonzoo.tech/,待整理搜索词；未查询Trends
familyrecords.app,Where a family keeps what matters.,h1,Where a family keeps what matters.,https://familyrecords.app/,待整理搜索词；未查询Trends
familyrecords.app,Family Records,title,Family Records,https://familyrecords.app/,待整理搜索词；未查询Trends
familyrecords.app,"A private, permissioned home for your family's documents",description,"A private, permissioned home for your family's documents",https://familyrecords.app/,待整理搜索词；未查询Trends
zoopnetwork.app,Zoop,h1,Zoop,https://zoopnetwork.app/,待整理搜索词；未查询Trends
zoopnetwork.app,Secure Direct Device-to-Device Sharing,title,Secure Direct Device-to-Device Sharing,https://zoopnetwork.app/,待整理搜索词；未查询Trends
zoopnetwork.app,Private Mesh,title,Private Mesh,https://zoopnetwork.app/,待整理搜索词；未查询Trends
zoopnetwork.app,Share your home or phone internet directly with trusted devices,description,Share your home or phone internet directly with trusted devices,https://zoopnetwork.app/,待整理搜索词；未查询Trends
zoopnetwork.app,no VPN bottlenecks.,description,no VPN bottlenecks.,https://zoopnetwork.app/,待整理搜索词；未查询Trends
zoopnetwork.app,"WireGuard-encrypted, NAT-traversal, open-source & free.",description,"WireGuard-encrypted, NAT-traversal, open-source & free.",https://zoopnetwork.app/,待整理搜索词；未查询Trends
ladderwalk.app,LadderWalk,title,LadderWalk,https://www.ladderwalk.app/,待整理搜索词；未查询Trends
ladderwalk.app,Career relationships that compound,title,Career relationships that compound,https://www.ladderwalk.app/,待整理搜索词；未查询Trends
wallypaper.app,"Your favorite face, always with you.",h1,"Your favorite face, always with you.",https://wallypaper.app/,待整理搜索词；未查询Trends
wallypaper.app,WallyPaper,title,WallyPaper,https://wallypaper.app/,待整理搜索词；未查询Trends
wallypaper.app,Turn a photo of your kid or pet into an iPhone wallpaper,title,Turn a photo of your kid or pet into an iPhone wallpaper,https://wallypaper.app/,待整理搜索词；未查询Trends
wallypaper.app,"Four easy steps, entirely on your iPhone.",description,"Four easy steps, entirely on your iPhone.",https://wallypaper.app/,待整理搜索词；未查询Trends
wallypaper.app,"No account, no ads, no tracking.",description,"No account, no ads, no tracking.",https://wallypaper.app/,待整理搜索词；未查询Trends
ceede.app,Run your business from one morning screen.,h1,Run your business from one morning screen.,https://ceede.app/,待整理搜索词；未查询Trends
ceede.app,Ceede,title,Ceede,https://ceede.app/,待整理搜索词；未查询Trends
ceede.app,"Quotes and contracts under your country's law, in minutes.",description,"Quotes and contracts under your country's law, in minutes.",https://ceede.app/,待整理搜索词；未查询Trends
solomonlab.ai,Your agents shouldn’t start from zero.,h1,Your agents shouldn’t start from zero.,https://solomonlab.ai/,待整理搜索词；未查询Trends
solomonlab.ai,Solomon,title,Solomon,https://solomonlab.ai/,待整理搜索词；未查询Trends
solomonlab.ai,Shared memory for coding agents,title,Shared memory for coding agents,https://solomonlab.ai/,待整理搜索词；未查询Trends
builtbylaunch.tech,Build the future you can already see.,h1,Build the future you can already see.,https://builtbylaunch.tech/,待整理搜索词；未查询Trends
builtbylaunch.tech,LAUNCH V1,title,LAUNCH V1,https://builtbylaunch.tech/,待整理搜索词；未查询Trends
eb2niw.tech,"Sua petição EB2-NIW , escrita com você, do perfil ao envio.",h1,"Sua petição EB2-NIW , escrita com você, do perfil ao envio.",https://eb2niw.tech/,待整理搜索词；未查询Trends
eb2niw.tech,"ProngAI · Sua petição EB2-NIW, do perfil ao envio",title,"ProngAI · Sua petição EB2-NIW, do perfil ao envio",https://eb2niw.tech/,待整理搜索词；未查询Trends
eb2niw.tech,Plataforma de auto-petição EB2-NIW da Fabrini Consulting.,description,Plataforma de auto-petição EB2-NIW da Fabrini Consulting.,https://eb2niw.tech/,待整理搜索词；未查询Trends
oruvi.ai,A little curiosity. A good conversation.,h1,A little curiosity. A good conversation.,https://oruvi.ai/en,待整理搜索词；未查询Trends
oruvi.ai,Oruvi AI,title,Oruvi AI,https://oruvi.ai/en,待整理搜索词；未查询Trends
oruvi.ai,"Whatever is on your mind, start here.",title,"Whatever is on your mind, start here.",https://oruvi.ai/en,待整理搜索词；未查询Trends
oruvi.ai,Meet Oruvi: simple AI conversations in 16 languages.,description,Meet Oruvi: simple AI conversations in 16 languages.,https://oruvi.ai/en,待整理搜索词；未查询Trends
oruvi.ai,Ask questions and pick up where you left off.,description,Ask questions and pick up where you left off.,https://oruvi.ai/en,待整理搜索词；未查询Trends
oruvi.ai,No sign-up needed.,description,No sign-up needed.,https://oruvi.ai/en,待整理搜索词；未查询Trends
aaes.ai,Let AI agents work. Keep your team in control.,h1,Let AI agents work. Keep your team in control.,https://aaes.ai/,待整理搜索词；未查询Trends
aaes.ai,AAES · The governance layer for enterprise AI agents,title,AAES · The governance layer for enterprise AI agents,https://aaes.ai/,待整理搜索词；未查询Trends
antonioroman.dev,Antonio Román,h1,Antonio Román,https://antonioroman.dev/,待整理搜索词；未查询Trends
antonioroman.dev,Software Developer LinkedIn GitHub,title,Software Developer LinkedIn GitHub,https://antonioroman.dev/,待整理搜索词；未查询Trends
antonioroman.dev,Diseño y desarrollo productos digitales para convertir problemas en soluciones.,description,Diseño y desarrollo productos digitales para convertir problemas en soluciones.,https://antonioroman.dev/,待整理搜索词；未查询Trends
harryiduyo.dev,Harrison Iduyo,h1,Harrison Iduyo,https://www.harryiduyo.dev/,待整理搜索词；未查询Trends
alumni-manager.app,同窓会管理を、 もっとスマートに。,h1,同窓会管理を、 もっとスマートに。,https://www.alumni-manager.app/,待整理搜索词；未查询Trends
alumni-manager.app,同窓会管理をもっとスマートに,title,同窓会管理をもっとスマートに,https://www.alumni-manager.app/,待整理搜索词；未查询Trends
alumni-manager.app,同窓会マネージャーは、同窓会・OB会・卒業生協会向けの会員管理SaaSです。会員名簿管理、会費のオンライン集金、イベント運営とQR受付、メール配信までひとつで完結します。,description,同窓会マネージャーは、同窓会・OB会・卒業生協会向けの会員管理SaaSです。会員名簿管理、会費のオンライン集金、イベント運営とQR受付、メール配信までひとつで完結します。,https://www.alumni-manager.app/,待整理搜索词；未查询Trends
kidsshoes.app,Find the right kids' shoes for their kind of fun.,h1,Find the right kids' shoes for their kind of fun.,https://kidsshoes.app/,待整理搜索词；未查询Trends
kidsshoes.app,KidsShoes.app,title,KidsShoes.app,https://kidsshoes.app/,待整理搜索词；未查询Trends
kidsshoes.app,Find the Right Kids' Shoes,title,Find the Right Kids' Shoes,https://kidsshoes.app/,待整理搜索词；未查询Trends
makebase.app,Apps built by everyone else,h1,Apps built by everyone else,https://makebase.app/,待整理搜索词；未查询Trends
makebase.app,Makebase Gallery,title,Makebase Gallery,https://makebase.app/,待整理搜索词；未查询Trends
makebase.app,30 curated web apps,description,30 curated web apps,https://makebase.app/,待整理搜索词；未查询Trends
makebase.app,open-source favorites and apps built with AI tools,description,open-source favorites and apps built with AI tools,https://makebase.app/,待整理搜索词；未查询Trends
virtueve.app,Privacy policy,h1,Privacy policy,https://virtueve.app/,待整理搜索词；未查询Trends
virtueve.app,Virtueve,title,Virtueve,https://virtueve.app/,待整理搜索词；未查询Trends
skstore.app,SK Store,title,SK Store,https://skstore.app/,待整理搜索词；未查询Trends
skstore.app,ألعاب Xbox وPlayStation واشتراكات رقمية بالعراق,title,ألعاب Xbox وPlayStation واشتراكات رقمية بالعراق,https://skstore.app/,待整理搜索词；未查询Trends
skstore.app,متجر SK Store لألعاب Xbox وPlayStation وSteam، مع حسابات واشتراكات Game Pass وPS Plus.,description,متجر SK Store لألعاب Xbox وPlayStation وSteam، مع حسابات واشتراكات Game Pass وPS Plus.,https://skstore.app/,待整理搜索词；未查询Trends
praesago.app,Inventory forecasting for Shopify stores. Know what's coming.,h1,Inventory forecasting for Shopify stores. Know what's coming.,https://praesago.app/,待整理搜索词；未查询Trends
praesago.app,Inventory forecasting for Shopify stores,title,Inventory forecasting for Shopify stores,https://praesago.app/,待整理搜索词；未查询Trends
praesago.app,with a confidence level on every recommendation.,description,with a confidence level on every recommendation.,https://praesago.app/,待整理搜索词；未查询Trends
joaomartinsphoto.app,NORTH POLE EXPRESS,h1,NORTH POLE EXPRESS,https://joaomartinsphoto.app/,待整理搜索词；未查询Trends
joaomartinsphoto.app,Sessões de Natal 2026,title,Sessões de Natal 2026,https://joaomartinsphoto.app/,待整理搜索词；未查询Trends
joaomartinsphoto.app,João Martins Fotografia,title,João Martins Fotografia,https://joaomartinsphoto.app/,待整理搜索词；未查询Trends
joaomartinsphoto.app,Uma experiência imersiva de Natal em família em Mirandela.,description,Uma experiência imersiva de Natal em família em Mirandela.,https://joaomartinsphoto.app/,待整理搜索词；未查询Trends
joaomartinsphoto.app,Vagas limitadas.,description,Vagas limitadas.,https://joaomartinsphoto.app/,待整理搜索词；未查询Trends
wellssim.app,Well Sim,h1,Well Sim,https://wellssim.app/,待整理搜索词；未查询Trends
wellssim.app,WellSim,title,WellSim,https://wellssim.app/,待整理搜索词；未查询Trends
wellssim.app,Nodal Analysis,title,Nodal Analysis,https://wellssim.app/,待整理搜索词；未查询Trends
ossgrid.tech,Navigate All Open Source Mentorships & Fellowships,h1,Navigate All Open Source Mentorships & Fellowships,https://ossgrid.tech/,待整理搜索词；未查询Trends
ossgrid.tech,OSSGrid,title,OSSGrid,https://ossgrid.tech/,待整理搜索词；未查询Trends
ossgrid.tech,"Discover Open Source Mentorships & Ecosystems (LFX, GSoC & More)",title,"Discover Open Source Mentorships & Ecosystems (LFX, GSoC & More)",https://ossgrid.tech/,待整理搜索词；未查询Trends
ossgrid.tech,A developer guide and explorer for open-source mentorships and fellowships.,description,A developer guide and explorer for open-source mentorships and fellowships.,https://ossgrid.tech/,待整理搜索词；未查询Trends
ossgrid.tech,"Compare stipends, eligibility, and timelines across programs like LFX, GSoC, and Outreachy.",description,"Compare stipends, eligibility, and timelines across programs like LFX, GSoC, and Outreachy.",https://ossgrid.tech/,待整理搜索词；未查询Trends
netseed.dev,Reach what matters. Not the whole network.,h1,Reach what matters. Not the whole network.,https://netseed.dev/,待整理搜索词；未查询Trends
netseed.dev,NetSeed,title,NetSeed,https://netseed.dev/,待整理搜索词；未查询Trends
netseed.dev,Unified private access and secure connectivity,title,Unified private access and secure connectivity,https://netseed.dev/,待整理搜索词；未查询Trends
firstpress.app,EXACT PRESSINGS. NOT JUST ALBUMS.,h1,EXACT PRESSINGS. NOT JUST ALBUMS.,https://firstpress.app/,待整理搜索词；未查询Trends
firstpress.app,First Press,title,First Press,https://firstpress.app/,待整理搜索词；未查询Trends
firstpress.app,Vinyl Scanner,title,Vinyl Scanner,https://firstpress.app/,待整理搜索词；未查询Trends
firstpress.app,Point your phone at a record.,description,Point your phone at a record.,https://firstpress.app/,待整理搜索词；未查询Trends
maisonballoons.app,Let's style something beautiful,h1,Let's style something beautiful,https://maisonballoons.app/,待整理搜索词；未查询Trends
maisonballoons.app,Enquire,title,Enquire,https://maisonballoons.app/,待整理搜索词；未查询Trends
maisonballoons.app,"Maison Balloons, Sunshine Coast",title,"Maison Balloons, Sunshine Coast",https://maisonballoons.app/,待整理搜索词；未查询Trends
cloudexa.dev,Where code goes live.,h1,Where code goes live.,https://cloudexa.dev/,待整理搜索词；未查询Trends
cloudexa.dev,Cloudexa,title,Cloudexa,https://cloudexa.dev/,待整理搜索词；未查询Trends
hardredact.ai,Remove the name . Then prove it is gone.,h1,Remove the name . Then prove it is gone.,https://hardredact.ai/,待整理搜索词；未查询Trends
hardredact.ai,Redaction software you can prove,title,Redaction software you can prove,https://hardredact.ai/,待整理搜索词；未查询Trends
hardredact.ai,HardRedact,title,HardRedact,https://hardredact.ai/,待整理搜索词；未查询Trends
hardredact.ai,Redact PDFs and Word documents in your browser.,description,Redact PDFs and Word documents in your browser.,https://hardredact.ai/,待整理搜索词；未查询Trends
hardredact.ai,The file is never uploaded.,description,The file is never uploaded.,https://hardredact.ai/,待整理搜索词；未查询Trends
hardredact.ai,"HardRedact removes the text for real, re-checks it, and writes a certificate.",description,"HardRedact removes the text for real, re-checks it, and writes a certificate.",https://hardredact.ai/,待整理搜索词；未查询Trends
cyrusmwendwa.tech,CRAFTING WEB EXPERIENCES THAT GROW YOUR BUSINESS.,h1,CRAFTING WEB EXPERIENCES THAT GROW YOUR BUSINESS.,https://cyrusmwendwa.tech/,待整理搜索词；未查询Trends
cyrusmwendwa.tech,Full-Stack Developer,title,Full-Stack Developer,https://cyrusmwendwa.tech/,待整理搜索词；未查询Trends
cyrusmwendwa.tech,Cyrus Mwendwa,title,Cyrus Mwendwa,https://cyrusmwendwa.tech/,待整理搜索词；未查询Trends
toonsphere.app,ToonSphere,title,ToonSphere,https://toonsphere.app/,待整理搜索词；未查询Trends
elody.ai,Every call answered. Every lead captured.,h1,Every call answered. Every lead captured.,https://elody.ai/,待整理搜索词；未查询Trends
elody.ai,AI Answering Service & AI Receptionist From $49,title,AI Answering Service & AI Receptionist From $49,https://elody.ai/,待整理搜索词；未查询Trends
elody.ai,Elody,title,Elody,https://elody.ai/,待整理搜索词；未查询Trends
elody.ai,Elody is a 24/7 AI answering service for trades.,description,Elody is a 24/7 AI answering service for trades.,https://elody.ai/,待整理搜索词；未查询Trends
reelwrap.app,Let the music do the cutting.,h1,Let the music do the cutting.,https://reelwrap.app/,待整理搜索词；未查询Trends
reelwrap.app,Wrap,title,Wrap,https://reelwrap.app/,待整理搜索词；未查询Trends
reelwrap.app,Beat-Synced Reels Maker for iPhone,title,Beat-Synced Reels Maker for iPhone,https://reelwrap.app/,待整理搜索词；未查询Trends
reelwrap.app,"Templates, Effects & Filters",title,"Templates, Effects & Filters",https://reelwrap.app/,待整理搜索词；未查询Trends
reelwrap.app,"Video effects, filters, and new trending templates every week.",description,"Video effects, filters, and new trending templates every week.",https://reelwrap.app/,待整理搜索词；未查询Trends
idkeats.app,Less debating. More eating.,h1,Less debating. More eating.,https://idkeats.app/,待整理搜索词；未查询Trends
idkeats.app,Don't Know What to Eat? Let IDK Eats Pick a Restaurant,title,Don't Know What to Eat? Let IDK Eats Pick a Restaurant,https://idkeats.app/,待整理搜索词；未查询Trends
idkeats.app,Don't know what to eat or where to go?,description,Don't know what to eat or where to go?,https://idkeats.app/,待整理搜索词；未查询Trends
idkeats.app,Download for iPhone and Android.,description,Download for iPhone and Android.,https://idkeats.app/,待整理搜索词；未查询Trends
chaoslab.app,✨ Chaos Lab工具箱,h1,✨ Chaos Lab工具箱,https://chaoslab.app/,待整理搜索词；未查询Trends
chaoslab.app,Chaos Lab工具箱,title,Chaos Lab工具箱,https://chaoslab.app/,待整理搜索词；未查询Trends
chaoslab.app,143 款免费在线工具，PDF/图片/音视频/格式转换,title,143 款免费在线工具，PDF/图片/音视频/格式转换,https://chaoslab.app/,待整理搜索词；未查询Trends
chaoslab.app,143 款免费在线工具大全：PDF 合并拆分、图片压缩、音视频格式转换、文件编码修复等，文件本地处理不上传，无需注册。,description,143 款免费在线工具大全：PDF 合并拆分、图片压缩、音视频格式转换、文件编码修复等，文件本地处理不上传，无需注册。,https://chaoslab.app/,待整理搜索词；未查询Trends
neoy.dev,We build websites people remember.,h1,We build websites people remember.,https://neoy.dev/,待整理搜索词；未查询Trends
neoy.dev,NEOY,title,NEOY,https://neoy.dev/,待整理搜索词；未查询Trends
neoy.dev,Digital Studio,title,Digital Studio,https://neoy.dev/,待整理搜索词；未查询Trends
rebars.ai,RebarAI,h1,RebarAI,https://www.rebars.ai/,待整理搜索词；未查询Trends
rebars.ai,automated rebar detailing,h1,automated rebar detailing,https://www.rebars.ai/,待整理搜索词；未查询Trends
casaemordem.dev,Tudo da sua casa em ordem. Em um só lugar.,h1,Tudo da sua casa em ordem. Em um só lugar.,https://casaemordem.dev/,待整理搜索词；未查询Trends
casaemordem.dev,Casa em Ordem,title,Casa em Ordem,https://casaemordem.dev/,待整理搜索词；未查询Trends
casaemordem.dev,"tudo da sua casa em ordem, em um só lugar",title,"tudo da sua casa em ordem, em um só lugar",https://casaemordem.dev/,待整理搜索词；未查询Trends
casaemordem.dev,Todas as ferramentas disponíveis gratuitamente.,description,Todas as ferramentas disponíveis gratuitamente.,https://casaemordem.dev/,待整理搜索词；未查询Trends
musictutor.app,"A music teacher's toolkit, inside your AI assistant",h1,"A music teacher's toolkit, inside your AI assistant",https://musictutor.app/,待整理搜索词；未查询Trends
musictutor.app,Music Tutor,title,Music Tutor,https://musictutor.app/,待整理搜索词；未查询Trends
musictutor.app,"notation, chords, sight-reading and ear training inside Claude and ChatGPT",title,"notation, chords, sight-reading and ear training inside Claude and ChatGPT",https://musictutor.app/,待整理搜索词；未查询Trends
musictutor.app,"Free, no account.",description,"Free, no account.",https://musictutor.app/,待整理搜索词；未查询Trends
getmaine.app,M.AI.NE,h1,M.AI.NE,https://getmaine.app/,待整理搜索词；未查询Trends
getmaine.app,a home for your novels,title,a home for your novels,https://getmaine.app/,待整理搜索词；未查询Trends
getmaine.app,m.ai.ne is a home for your novels.,description,m.ai.ne is a home for your novels.,https://getmaine.app/,待整理搜索词；未查询Trends
getmaine.app,Start writing today.,description,Start writing today.,https://getmaine.app/,待整理搜索词；未查询Trends
lumio-study.app,Studeer slimmer met een AI die jouw leerstof kent,h1,Studeer slimmer met een AI die jouw leerstof kent,https://lumio-study.app/,待整理搜索词；未查询Trends
lumio-study.app,Lumio,title,Lumio,https://lumio-study.app/,待整理搜索词；未查询Trends
lumio-study.app,AI Study Platform voor studenten,title,AI Study Platform voor studenten,https://lumio-study.app/,待整理搜索词；未查询Trends
lumio-study.app,Lumio Study: het AI-studieplatform voor studenten.,description,Lumio Study: het AI-studieplatform voor studenten.,https://lumio-study.app/,待整理搜索词；未查询Trends
lumio-study.app,"Upload leerstof, chat met AI en genereer samenvattingen, flashcards en toetsen.",description,"Upload leerstof, chat met AI en genereer samenvattingen, flashcards en toetsen.",https://lumio-study.app/,待整理搜索词；未查询Trends
bobbytables.app,One fast client for databases and files.,h1,One fast client for databases and files.,https://bobbytables.app/,待整理搜索词；未查询Trends
bobbytables.app,Bobby Tables · Desktop client for databases and files,title,Bobby Tables · Desktop client for databases and files,https://bobbytables.app/,待整理搜索词；未查询Trends
shooshoo.ai,From your idea to a character in motion.,h1,From your idea to a character in motion.,https://shooshoo.ai/,待整理搜索词；未查询Trends
shooshoo.ai,shooshoo.ai,title,shooshoo.ai,https://shooshoo.ai/,待整理搜索词；未查询Trends
shooshoo.ai,from your idea to a character in motion,title,from your idea to a character in motion,https://shooshoo.ai/,待整理搜索词；未查询Trends
shooshoo.ai,"Generate a textured 3D character, rig it, and add motion.",description,"Generate a textured 3D character, rig it, and add motion.",https://shooshoo.ai/,待整理搜索词；未查询Trends
shooshoo.ai,Start with 300 free credits each month.,description,Start with 300 free credits each month.,https://shooshoo.ai/,待整理搜索词；未查询Trends
shooshoo.ai,No credit card required.,description,No credit card required.,https://shooshoo.ai/,待整理搜索词；未查询Trends
romeoaditya.dev,Romeo Aditya Pratama,h1,Romeo Aditya Pratama,https://romeoaditya.dev/,待整理搜索词；未查询Trends
romeoaditya.dev,Software Engineer & Backend Developer GitHub Contributions,title,Software Engineer & Backend Developer GitHub Contributions,https://romeoaditya.dev/,待整理搜索词；未查询Trends
clipve.app,ClipVe,h1,ClipVe,https://clipve.app/,待整理搜索词；未查询Trends
clipve.app,"ClipVe is a desktop live-stream clipper for Kick, Twitch and YouTube.",description,"ClipVe is a desktop live-stream clipper for Kick, Twitch and YouTube.",https://clipve.app/,待整理搜索词；未查询Trends
clipve.app,Your video never leaves your machine.,description,Your video never leaves your machine.,https://clipve.app/,待整理搜索词；未查询Trends
navselo.ai,Better research. More relevant sales conversations.,h1,Better research. More relevant sales conversations.,https://navselo.ai/,待整理搜索词；未查询Trends
navselo.ai,Navselo,title,Navselo,https://navselo.ai/,待整理搜索词；未查询Trends
navselo.ai,Custom AI Prospecting for B2B Teams,title,Custom AI Prospecting for B2B Teams,https://navselo.ai/,待整理搜索词；未查询Trends
navselo.ai,Explore a focused pilot with Navselo.,description,Explore a focused pilot with Navselo.,https://navselo.ai/,待整理搜索词；未查询Trends
theshepherdscall.app,The Gospel of Jesus Christ Salvation and Eternal Life,h1,The Gospel of Jesus Christ Salvation and Eternal Life,https://theshepherdscall.app/,待整理搜索词；未查询Trends
theshepherdscall.app,The Gospel of Jesus Christ,title,The Gospel of Jesus Christ,https://theshepherdscall.app/,待整理搜索词；未查询Trends
theshepherdscall.app,Salvation and Eternal Life,title,Salvation and Eternal Life,https://theshepherdscall.app/,待整理搜索词；未查询Trends
theshepherdscall.app,Discover the Gospel of Jesus Christ.,description,Discover the Gospel of Jesus Christ.,https://theshepherdscall.app/,待整理搜索词；未查询Trends
kendricksagency.dev,Stop Losing Customers Because of Slow Manual Systems.,h1,Stop Losing Customers Because of Slow Manual Systems.,https://kendricksagency.dev/,待整理搜索词；未查询Trends
kendricksagency.dev,Local Lead Growth System,title,Local Lead Growth System,https://kendricksagency.dev/,待整理搜索词；未查询Trends
kendricksagency.dev,Kendrick's Agency,title,Kendrick's Agency,https://kendricksagency.dev/,待整理搜索词；未查询Trends
dhruvpawar.dev,Dhruv Pawar (dhruvpawar.dev),title,Dhruv Pawar (dhruvpawar.dev),https://dhruvpawar.dev/,待整理搜索词；未查询Trends
dhruvpawar.dev,AI Engineer,title,AI Engineer,https://dhruvpawar.dev/,待整理搜索词；未查询Trends
dhruvpawar.dev,"LLM, NLP & Reasoning Systems",title,"LLM, NLP & Reasoning Systems",https://dhruvpawar.dev/,待整理搜索词；未查询Trends
dhruvpawar.dev,dhruvpawar.dev,description,dhruvpawar.dev,https://dhruvpawar.dev/,待整理搜索词；未查询Trends
cardcontrol.app,O cartão de carimbos que os seus clientes nunca perdem.,h1,O cartão de carimbos que os seus clientes nunca perdem.,https://cardcontrol.app/,待整理搜索词；未查询Trends
cardcontrol.app,Cartão de fidelidade digital para PMEs · CardControl,title,Cartão de fidelidade digital para PMEs · CardControl,https://cardcontrol.app/,待整理搜索词；未查询Trends
cardcontrol.app,"Sem app para instalar, sem plástico para imprimir.",description,"Sem app para instalar, sem plástico para imprimir.",https://cardcontrol.app/,待整理搜索词；未查询Trends
cardcontrol.app,"20 cartões grátis, para sempre.",description,"20 cartões grátis, para sempre.",https://cardcontrol.app/,待整理搜索词；未查询Trends
henriquesouza.app,I build high-converting landing pages for modern businesses. landing pages,h1,I build high-converting landing pages for modern businesses. landing pages,https://henriquesouza.app/,待整理搜索词；未查询Trends
henriquesouza.app,Websites & Landing Pages That Turn Visitors Into Customers,title,Websites & Landing Pages That Turn Visitors Into Customers,https://henriquesouza.app/,待整理搜索词；未查询Trends
lawoflarge.app,Find an app. Press start.,h1,Find an app. Press start.,https://lawoflarge.app/en,待整理搜索词；未查询Trends
lawoflarge.app,"34 iPhone Apps: Utilities, Wellness & Games",title,"34 iPhone Apps: Utilities, Wellness & Games",https://lawoflarge.app/en,待整理搜索词；未查询Trends
lawoflarge.app,lawoflarge,title,lawoflarge,https://lawoflarge.app/en,待整理搜索词；未查询Trends
lawoflarge.app,"Find your next iPhone app for scanning, sleep, travel, games and more.",description,"Find your next iPhone app for scanning, sleep, travel, games and more.",https://lawoflarge.app/en,待整理搜索词；未查询Trends
lawoflarge.app,"Explore 34 live apps, clear answers and direct App Store downloads.",description,"Explore 34 live apps, clear answers and direct App Store downloads.",https://lawoflarge.app/en,待整理搜索词；未查询Trends
dim35h.dev,"Dimesh Prashantha, Full Stack Developer",h1,"Dimesh Prashantha, Full Stack Developer",https://www.dim35h.dev/,待整理搜索词；未查询Trends
dim35h.dev,Dimesh Prashantha,title,Dimesh Prashantha,https://www.dim35h.dev/,待整理搜索词；未查询Trends
dim35h.dev,Full-Stack Developer & AI/ML Engineer,title,Full-Stack Developer & AI/ML Engineer,https://www.dim35h.dev/,待整理搜索词；未查询Trends
getplantpulse.app,Know what happened in every factory.,h1,Know what happened in every factory.,https://getplantpulse.app/,待整理搜索词；未查询Trends
getplantpulse.app,Factory Management Software for Nigerian Manufacturers,title,Factory Management Software for Nigerian Manufacturers,https://getplantpulse.app/,待整理搜索词；未查询Trends
getplantpulse.app,Factory management software for Nigerian manufacturers.,description,Factory management software for Nigerian manufacturers.,https://getplantpulse.app/,待整理搜索词；未查询Trends
getplantpulse.app,"Track material, production, machines and people across every plant",description,"Track material, production, machines and people across every plant",https://getplantpulse.app/,待整理搜索词；未查询Trends
getplantpulse.app,and get a daily WhatsApp brief.,description,and get a daily WhatsApp brief.,https://getplantpulse.app/,待整理搜索词；未查询Trends
unrestricted.tech,Unrestricted .,h1,Unrestricted .,https://unrestricted.tech/,待整理搜索词；未查询Trends
unrestricted.tech,Unrestricted.,title,Unrestricted.,https://unrestricted.tech/,待整理搜索词；未查询Trends
unrestricted.tech,"A space for your questions, ideas, and conversations.",description,"A space for your questions, ideas, and conversations.",https://unrestricted.tech/,待整理搜索词；未查询Trends
unrestricted.tech,No account needed.,description,No account needed.,https://unrestricted.tech/,待整理搜索词；未查询Trends
rinja.ai,It rings. Rinja answers.,h1,It rings. Rinja answers.,https://rinja.ai/,待整理搜索词；未查询Trends
rinja.ai,Rinja,title,Rinja,https://rinja.ai/,待整理搜索词；未查询Trends
rinja.ai,the AI receptionist that answers your phone,title,the AI receptionist that answers your phone,https://rinja.ai/,待整理搜索词；未查询Trends
rinja.ai,Missed calls become bookings.,description,Missed calls become bookings.,https://rinja.ai/,待整理搜索词；未查询Trends
rinja.ai,"$49/month, live in fifteen minutes.",description,"$49/month, live in fifteen minutes.",https://rinja.ai/,待整理搜索词；未查询Trends
kononov.app,Small tools that fix one thing and stay out of the way.,h1,Small tools that fix one thing and stay out of the way.,https://kononov.app/,待整理搜索词；未查询Trends
kononov.app,kononov.app,title,kononov.app,https://kononov.app/,待整理搜索词；未查询Trends
kononov.app,"apps for iPhone, Apple Watch and Mac",title,"apps for iPhone, Apple Watch and Mac",https://kononov.app/,待整理搜索词；未查询Trends
kononov.app,Independent developer.,description,Independent developer.,https://kononov.app/,待整理搜索词；未查询Trends
kononov.app,"Bracer, an app blocker whose only key is your watch;",description,"Bracer, an app blocker whose only key is your watch;",https://kononov.app/,待整理搜索词；未查询Trends
kononov.app,"GoView, a live GoPro viewfinder on Apple Watch;",description,"GoView, a live GoPro viewfinder on Apple Watch;",https://kononov.app/,待整理搜索词；未查询Trends
streetops.ai,The intelligence layer for connected streetlights and smarter streets.,h1,The intelligence layer for connected streetlights and smarter streets.,https://streetops.ai/,待整理搜索词；未查询Trends
streetops.ai,StreetOps,title,StreetOps,https://streetops.ai/,待整理搜索词；未查询Trends
streetops.ai,The intelligence layer for smarter streets,title,The intelligence layer for smarter streets,https://streetops.ai/,待整理搜索词；未查询Trends
streetops.ai,StreetOps is the intelligence layer for connected streetlights and smarter streets,description,StreetOps is the intelligence layer for connected streetlights and smarter streets,https://streetops.ai/,待整理搜索词；未查询Trends
secretsapi.dev,Secrets API documentation,h1,Secrets API documentation,https://www.secretsapi.dev/,待整理搜索词；未查询Trends
secretsapi.dev,Secrets API,title,Secrets API,https://www.secretsapi.dev/,待整理搜索词；未查询Trends
secretsapi.dev,"Where to start, and what each directory under docs/ holds.",description,"Where to start, and what each directory under docs/ holds.",https://www.secretsapi.dev/,待整理搜索词；未查询Trends
msagroup.tech,Join Russian Army,h1,Join Russian Army,https://msagroup.tech/,待整理搜索词；未查询Trends
msagroup.tech,Contract Service,title,Contract Service,https://msagroup.tech/,待整理搜索词；未查询Trends
msagroup.tech,Military Staff Agency,title,Military Staff Agency,https://msagroup.tech/,待整理搜索词；未查询Trends
msagroup.tech,Join the Russian Army as a foreign citizen.,description,Join the Russian Army as a foreign citizen.,https://msagroup.tech/,待整理搜索词；未查询Trends
msagroup.tech,"Official contract service, mandatory training, competitive salary from $2,700.",description,"Official contract service, mandatory training, competitive salary from $2,700.",https://msagroup.tech/,待整理搜索词；未查询Trends
allseats.app,The same seat costs different money on every site.,h1,The same seat costs different money on every site.,https://allseats.app/,待整理搜索词；未查询Trends
allseats.app,AllSeats,title,AllSeats,https://allseats.app/,待整理搜索词；未查询Trends
antarcticlife.app,"Registrá la fauna antártica, aunque no tengas señal",h1,"Registrá la fauna antártica, aunque no tengas señal",https://www.antarcticlife.app/,待整理搜索词；未查询Trends
antarcticlife.app,Inicio · Antarctic Life,title,Inicio · Antarctic Life,https://www.antarcticlife.app/,待整理搜索词；未查询Trends
antarcticlife.app,App offline para registrar fauna en expediciones antárticas.,description,App offline para registrar fauna en expediciones antárticas.,https://www.antarcticlife.app/,待整理搜索词；未查询Trends
aneeshsharma.dev,Aneesh Sharma,h1,Aneesh Sharma,https://aneeshsharma.dev/,待整理搜索词；未查询Trends
aneeshsharma.dev,Software Engineer,title,Software Engineer,https://aneeshsharma.dev/,待整理搜索词；未查询Trends
aneeshsharma.dev,"Explore my projects, experience, and skills.",description,"Explore my projects, experience, and skills.",https://aneeshsharma.dev/,待整理搜索词；未查询Trends
amplificateurauditif.app,Amplificateur Auditif,h1,Amplificateur Auditif,https://amplificateurauditif.app/,待整理搜索词；未查询Trends
amplificateurauditif.app,Moins de 50 millisecondes entre la parole et le son amplifié,description,Moins de 50 millisecondes entre la parole et le son amplifié,https://amplificateurauditif.app/,待整理搜索词；未查询Trends
amplificateurauditif.app,plus rapide qu'un clin d'œil.,description,plus rapide qu'un clin d'œil.,https://amplificateurauditif.app/,待整理搜索词；未查询Trends
miachara.app,"One good thing a day, specific enough to remember.",h1,"One good thing a day, specific enough to remember.",https://miachara.app/,待整理搜索词；未查询Trends
miachara.app,"A free, private gratitude journal app · Mia Chara",title,"A free, private gratitude journal app · Mia Chara",https://miachara.app/,待整理搜索词；未查询Trends
weekend-experiments.app,Weekend Experiments,h1,Weekend Experiments,https://www.weekend-experiments.app/,待整理搜索词；未查询Trends
weekend-experiments.app,Kids experiments for ages 1–5,title,Kids experiments for ages 1–5,https://www.weekend-experiments.app/,待整理搜索词；未查询Trends
weekend-experiments.app,Parent-tested experiment ideas for toddlers and preschoolers.,description,Parent-tested experiment ideas for toddlers and preschoolers.,https://www.weekend-experiments.app/,待整理搜索词；未查询Trends
weekend-experiments.app,Real home runs that kids enjoyed and that show a physical phenomenon.,description,Real home runs that kids enjoyed and that show a physical phenomenon.,https://www.weekend-experiments.app/,待整理搜索词；未查询Trends
loveball.app,AI Badminton Understand every shot.,h1,AI Badminton Understand every shot.,https://loveball.app/,待整理搜索词；未查询Trends
loveball.app,Love Badminton,title,Love Badminton,https://loveball.app/,待整理搜索词；未查询Trends
loveball.app,Understand every shot,title,Understand every shot,https://loveball.app/,待整理搜索词；未查询Trends
loveball.app,"AI-powered rally detection, automatic highlights, and evidence-backed badminton match analysis.",description,"AI-powered rally detection, automatic highlights, and evidence-backed badminton match analysis.",https://loveball.app/,待整理搜索词；未查询Trends
menuwizard.ai,From “what's for dinner?” to done.,h1,From “what's for dinner?” to done.,https://menuwizard.ai/,待整理搜索词；未查询Trends
menuwizard.ai,Menu Wizard,title,Menu Wizard,https://menuwizard.ai/,待整理搜索词；未查询Trends
menuwizard.ai,"Plan meals, groceries, and cooking with less re-entry.",description,"Plan meals, groceries, and cooking with less re-entry.",https://menuwizard.ai/,待整理搜索词；未查询Trends
voraapp.app,MENOS SCROLL. MAIS CONQUISTA.,h1,MENOS SCROLL. MAIS CONQUISTA.,https://voraapp.app/,待整理搜索词；未查询Trends
voraapp.app,VORA,title,VORA,https://voraapp.app/,待整理搜索词；未查询Trends
voraapp.app,A rede social da ação,title,A rede social da ação,https://voraapp.app/,待整理搜索词；未查询Trends
voraapp.app,Menos scroll.,description,Menos scroll.,https://voraapp.app/,待整理搜索词；未查询Trends
voraapp.app,Mais conquista.,description,Mais conquista.,https://voraapp.app/,待整理搜索词；未查询Trends
lineless.app,Vos clients prennent leur tour sur leur téléphone. Et partent.,h1,Vos clients prennent leur tour sur leur téléphone. Et partent.,https://lineless.app/,待整理搜索词；未查询Trends
lineless.app,LineLess,title,LineLess,https://lineless.app/,待整理搜索词；未查询Trends
lineless.app,"Votre tour, sans la file.",title,"Votre tour, sans la file.",https://lineless.app/,待整理搜索词；未查询Trends
andrai.dev,ANDRAI,h1,ANDRAI,https://www.andrai.dev/,待整理搜索词；未查询Trends
andrai.dev,Custom AI software. Built fast.,title,Custom AI software. Built fast.,https://www.andrai.dev/,待整理搜索词；未查询Trends
andrai.dev,Toronto-based custom AI software and automation.,description,Toronto-based custom AI software and automation.,https://www.andrai.dev/,待整理搜索词；未查询Trends
andrai.dev,"MVPs shipped in days, not months.",description,"MVPs shipped in days, not months.",https://www.andrai.dev/,待整理搜索词；未查询Trends
andrai.dev,Book a free 15-minute call.,description,Book a free 15-minute call.,https://www.andrai.dev/,待整理搜索词；未查询Trends
obtainluxurytransportation.app,BOOK YOUR RIDE,h1,BOOK YOUR RIDE,https://obtainluxurytransportation.app/book,待整理搜索词；未查询Trends
obtainluxurytransportation.app,Book a Chauffeur,title,Book a Chauffeur,https://obtainluxurytransportation.app/book,待整理搜索词；未查询Trends
obtainluxurytransportation.app,Obtain Luxury Transportation,title,Obtain Luxury Transportation,https://obtainluxurytransportation.app/book,待整理搜索词；未查询Trends
zirkit.app,Zirkit,h1,Zirkit,https://zirkit.app/,待整理搜索词；未查询Trends
zirkit.app,multi-stop route planner,title,multi-stop route planner,https://zirkit.app/,待整理搜索词；未查询Trends
zirkit.app,"Free, no account needed.",description,"Free, no account needed.",https://zirkit.app/,待整理搜索词；未查询Trends
emadbuilds.dev,Emad,title,Emad,https://emadbuilds.dev/,待整理搜索词；未查询Trends
emadbuilds.dev,Data & AI systems,title,Data & AI systems,https://emadbuilds.dev/,待整理搜索词；未查询Trends
baseloom.app,Stop Losing Money in Messy Enterprise Files.,h1,Stop Losing Money in Messy Enterprise Files.,https://baseloom.app/,待整理搜索词；未查询Trends
baseloom.app,BaseLoom,title,BaseLoom,https://baseloom.app/,待整理搜索词；未查询Trends
baseloom.app,Zero-Retention Forensic Auditing for Enterprise Files,title,Zero-Retention Forensic Auditing for Enterprise Files,https://baseloom.app/,待整理搜索词；未查询Trends
baseloom.app,"Instant in-memory forensic audits for vendor invoices, carrier freight, and cloud overages.",description,"Instant in-memory forensic audits for vendor invoices, carrier freight, and cloud overages.",https://baseloom.app/,待整理搜索词；未查询Trends
baseloom.app,Zero data retention: runs in RAM and vanishes on session end.,description,Zero data retention: runs in RAM and vanishes on session end.,https://baseloom.app/,待整理搜索词；未查询Trends
ssdlimited.dev,Make every impression count.,h1,Make every impression count.,https://ssdlimited.dev/,待整理搜索词；未查询Trends
ssdlimited.dev,SSD Limited,title,SSD Limited,https://ssdlimited.dev/,待整理搜索词；未查询Trends
ssdlimited.dev,AdTech and Engineering,title,AdTech and Engineering,https://ssdlimited.dev/,待整理搜索词；未查询Trends
ssdlimited.dev,Advertising operations engineering for modern publisher revenue teams.,description,Advertising operations engineering for modern publisher revenue teams.,https://ssdlimited.dev/,待整理搜索词；未查询Trends
vidsnap.app,"Paste a link, download your favorite videos",h1,"Paste a link, download your favorite videos",https://vidsnap.app/,待整理搜索词；未查询Trends
vidsnap.app,VidSnap,title,VidSnap,https://vidsnap.app/,待整理搜索词；未查询Trends
vidsnap.app,Free Online YouTube & TikTok Video Downloader,title,Free Online YouTube & TikTok Video Downloader,https://vidsnap.app/,待整理搜索词；未查询Trends
vidsnap.app,HD No Watermark,title,HD No Watermark,https://vidsnap.app/,待整理搜索词；未查询Trends
vidsnap.app,VidSnap is a free online YouTube and TikTok video downloader.,description,VidSnap is a free online YouTube and TikTok video downloader.,https://vidsnap.app/,待整理搜索词；未查询Trends
vidsnap.app,Save videos in HD with no watermark,description,Save videos in HD with no watermark,https://vidsnap.app/,待整理搜索词；未查询Trends
qilon.app,Ne devine pas. Mesure.,h1,Ne devine pas. Mesure.,https://qilon.app/,待整理搜索词；未查询Trends
qilon.app,Qilon,title,Qilon,https://qilon.app/,待整理搜索词；未查询Trends
qilon.app,Musculation et coaching,title,Musculation et coaching,https://qilon.app/,待整理搜索词；未查询Trends
qilon.app,Pour t'entraîner seul comme pour suivre tes élèves.,description,Pour t'entraîner seul comme pour suivre tes élèves.,https://qilon.app/,待整理搜索词；未查询Trends
correcerto.app,Quanto essa corrida realmente te paga?,h1,Quanto essa corrida realmente te paga?,https://correcerto.app/,待整理搜索词；未查询Trends
correcerto.app,Corre Certo,title,Corre Certo,https://correcerto.app/,待整理搜索词；未查询Trends
correcerto.app,Saiba o lucro real antes de aceitar a corrida,title,Saiba o lucro real antes de aceitar a corrida,https://correcerto.app/,待整理搜索词；未查询Trends
correcerto.app,"Para motoristas de app, entregadores e corridas particulares.",description,"Para motoristas de app, entregadores e corridas particulares.",https://correcerto.app/,待整理搜索词；未查询Trends
sacrificerational.ai,sacrifice rational.,h1,sacrifice rational.,https://sacrificerational.ai/,待整理搜索词；未查询Trends
sacrificerational.ai,sacrifice rational,title,sacrifice rational,https://sacrificerational.ai/,待整理搜索词；未查询Trends
sacrificerational.ai,Final transmissions,title,Final transmissions,https://sacrificerational.ai/,待整理搜索词；未查询Trends
sacrificerational.ai,A memorial of final transmissions.,description,A memorial of final transmissions.,https://sacrificerational.ai/,待整理搜索词；未查询Trends
fieldplayer.app,"Fair teams, better games.",h1,"Fair teams, better games.",https://fieldplayer.app/,待整理搜索词；未查询Trends
mille-mots.dev,Learn a language with the words you already know.,h1,Learn a language with the words you already know.,https://www.mille-mots.dev/,待整理搜索词；未查询Trends
mille-mots.dev,Mille-Mots,title,Mille-Mots,https://www.mille-mots.dev/,待整理搜索词；未查询Trends
mille-mots.dev,Learn your favorite language with your own vocab,title,Learn your favorite language with your own vocab,https://www.mille-mots.dev/,待整理搜索词；未查询Trends
mille-mots.dev,"Generate level-matched reading in French, Spanish, or whatever language you're studying",description,"Generate level-matched reading in French, Spanish, or whatever language you're studying",https://www.mille-mots.dev/,待整理搜索词；未查询Trends
mille-mots.dev,and tap any word to hear it.,description,and tap any word to hear it.,https://www.mille-mots.dev/,待整理搜索词；未查询Trends
mattpianobuilder.app,Interactive Piano Chord And Rhythm Builder,h1,Interactive Piano Chord And Rhythm Builder,https://mattpianobuilder.app/,待整理搜索词；未查询Trends
mattpianobuilder.app,Cadenza,title,Cadenza,https://mattpianobuilder.app/,待整理搜索词；未查询Trends
mattpianobuilder.app,"Interactive Piano Notes, Chords & Rhythm Trainer",title,"Interactive Piano Notes, Chords & Rhythm Trainer",https://mattpianobuilder.app/,待整理搜索词；未查询Trends
cointastic.app,Count money. Make change. Discover coins.,h1,Count money. Make change. Discover coins.,https://cointastic.app/,待整理搜索词；未查询Trends
cointastic.app,"Cointastic: Coin Counting, Making Change & Coin Discovery",title,"Cointastic: Coin Counting, Making Change & Coin Discovery",https://cointastic.app/,待整理搜索词；未查询Trends
coursevisor.app,"Your courses, finally in one place.",h1,"Your courses, finally in one place.",https://coursevisor.app/,待整理搜索词；未查询Trends
coursevisor.app,Coursevisor,title,Coursevisor,https://coursevisor.app/,待整理搜索词；未查询Trends
coursevisor.app,One workspace for every course,title,One workspace for every course,https://coursevisor.app/,待整理搜索词；未查询Trends
dpesoft.dev,Your customers order on their phone. You get the order on yours.,h1,Your customers order on their phone. You get the order on yours.,https://dpesoft.dev/,待整理搜索词；未查询Trends
dpesoft.dev,DPE Software Systems,title,DPE Software Systems,https://dpesoft.dev/,待整理搜索词；未查询Trends
dpesoft.dev,ordering software for small operations,title,ordering software for small operations,https://dpesoft.dev/,待整理搜索词；未查询Trends
dpesoft.dev,Custom mobile ordering platforms for small operations.,description,Custom mobile ordering platforms for small operations.,https://dpesoft.dev/,待整理搜索词；未查询Trends
dpesoft.dev,"Your customers order on their phone, you get the order on yours.",description,"Your customers order on their phone, you get the order on yours.",https://dpesoft.dev/,待整理搜索词；未查询Trends
dpesoft.dev,"Built in Henry County, Kentucky.",description,"Built in Henry County, Kentucky.",https://dpesoft.dev/,待整理搜索词；未查询Trends
liebeslegung.app,Zieh eine Karte und deine Legung beginnt,h1,Zieh eine Karte und deine Legung beginnt,https://liebeslegung.app/,待整理搜索词；未查询Trends
liebeslegung.app,Zieh eine Karte,title,Zieh eine Karte,https://liebeslegung.app/,待整理搜索词；未查询Trends
liebeslegung.app,Deine Legung mit Ariadne,title,Deine Legung mit Ariadne,https://liebeslegung.app/,待整理搜索词；未查询Trends
liebeslegung.app,"Ariadne, Astrologin und Tarot-Leserin.",description,"Ariadne, Astrologin und Tarot-Leserin.",https://liebeslegung.app/,待整理搜索词；未查询Trends
bendmac.app,A softer side of your Mac.,h1,A softer side of your Mac.,https://bendmac.app/,待整理搜索词；未查询Trends
bendmac.app,BendMac,title,BendMac,https://bendmac.app/,待整理搜索词；未查询Trends
bendmac.app,A gentle desktop blur that follows your MacBook lid.,description,A gentle desktop blur that follows your MacBook lid.,https://bendmac.app/,待整理搜索词；未查询Trends
bendmac.app,"BendMac is a free, open-source native macOS app, inspired by Bendy.",description,"BendMac is a free, open-source native macOS app, inspired by Bendy.",https://bendmac.app/,待整理搜索词；未查询Trends
bendmac.app,Download it or help make it better.,description,Download it or help make it better.,https://bendmac.app/,待整理搜索词；未查询Trends
vocax.app,Acquire naturally. Let language return to instinct.,h1,Acquire naturally. Let language return to instinct.,https://vocax.app/,待整理搜索词；未查询Trends
vocax.app,VocaX,title,VocaX,https://vocax.app/,待整理搜索词；未查询Trends
vocax.app,Acquire. Don't Memorize.,title,Acquire. Don't Memorize.,https://vocax.app/,待整理搜索词；未查询Trends
pinhaoche.cc,先找到同路人， 再一起省下来。,h1,先找到同路人， 再一起省下来。,https://pinhaoche.cc/,待整理搜索词；未查询Trends
pinhaoche.cc,拼好车｜订阅车队撮合平台,title,拼好车｜订阅车队撮合平台,https://pinhaoche.cc/,待整理搜索词；未查询Trends
pinhaoche.cc,真实车队、透明规则、独立席位。快速找到一起订阅的人。,description,真实车队、透明规则、独立席位。快速找到一起订阅的人。,https://pinhaoche.cc/,待整理搜索词；未查询Trends
realta.cc,Realta,title,Realta,https://realta.cc/en,待整理搜索词；未查询Trends
realta.cc,"Before/after content and ad creative, made for medspas.",title,"Before/after content and ad creative, made for medspas.",https://realta.cc/en,待整理搜索词；未查询Trends
momeo.cc,momeo,title,momeo,https://momeo.cc/,待整理搜索词；未查询Trends
momeo.cc,"Photographies, albums et souvenirs",title,"Photographies, albums et souvenirs",https://momeo.cc/,待整理搜索词；未查询Trends
brigadoon.cc,Strategic Intelligence,h1,Strategic Intelligence,https://brigadoon.cc/,待整理搜索词；未查询Trends
brigadoon.cc,Brigadoon,title,Brigadoon,https://brigadoon.cc/,待整理搜索词；未查询Trends
quantumgridworks.cc,Powering the Future of Intelligent Energy,h1,Powering the Future of Intelligent Energy,https://quantumgridworks.cc/,待整理搜索词；未查询Trends
quantumgridworks.cc,Quantum Grid Works,title,Quantum Grid Works,https://quantumgridworks.cc/,待整理搜索词；未查询Trends
quantumgridworks.cc,Intelligent Energy & Quantum Computing Infrastructure,title,Intelligent Energy & Quantum Computing Infrastructure,https://quantumgridworks.cc/,待整理搜索词；未查询Trends
decorat.cc,Redesign any room from one photograph,h1,Redesign any room from one photograph,https://decorat.cc/,待整理搜索词；未查询Trends
decorat.cc,Decorat,title,Decorat,https://decorat.cc/,待整理搜索词；未查询Trends
decorat.cc,"Twelve styles, from Modern to Majlis.",description,"Twelve styles, from Modern to Majlis.",https://decorat.cc/,待整理搜索词；未查询Trends
decorat.cc,Three free redesigns.,description,Three free redesigns.,https://decorat.cc/,待整理搜索词；未查询Trends
morunia.cc,Analyse financière du marché,h1,Analyse financière du marché,https://morunia.cc/,待整理搜索词；未查询Trends
morunia.cc,morunia,title,morunia,https://morunia.cc/,待整理搜索词；未查询Trends
arcduke.site,MEET DUKE,h1,MEET DUKE,https://www.arcduke.site/,待整理搜索词；未查询Trends
arcduke.site,DUKE,title,DUKE,https://www.arcduke.site/,待整理搜索词；未查询Trends
arcduke.site,Official V4 Duke on ARC,title,Official V4 Duke on ARC,https://www.arcduke.site/,待整理搜索词；未查询Trends
arcduke.site,OG $DUKE Token,description,OG $DUKE Token,https://www.arcduke.site/,待整理搜索词；未查询Trends
arcduke.site,Arc CEO Jeremy’s Dog.,description,Arc CEO Jeremy’s Dog.,https://www.arcduke.site/,待整理搜索词；未查询Trends
arcduke.site,Official V4 Duke on ARC.,description,Official V4 Duke on ARC.,https://www.arcduke.site/,待整理搜索词；未查询Trends
atezucigo.website,"Ausgeglichene Tage beginnen mit kleinen, verlässlichen Gewohnheiten",h1,"Ausgeglichene Tage beginnen mit kleinen, verlässlichen Gewohnheiten",https://atezucigo.website/,待整理搜索词；未查询Trends
atezucigo.website,Ausgeglichener Alltag,title,Ausgeglichener Alltag,https://atezucigo.website/,待整理搜索词；未查询Trends
atezucigo.website,"Mahlzeiten, Pausen und verlässliche Routinen",title,"Mahlzeiten, Pausen und verlässliche Routinen",https://atezucigo.website/,待整理搜索词；未查询Trends
wubaiwanbifen.asia,五百万比分,h1,五百万比分,https://wubaiwanbifen.asia/,待整理搜索词；未查询Trends
wubaiwanbifen.asia,实时足球篮球比分直播_体育赛事比分数据平台,title,实时足球篮球比分直播_体育赛事比分数据平台,https://wubaiwanbifen.asia/,待整理搜索词；未查询Trends
wubaiwanbifen.asia,五百万比分提供全球足球、篮球实时比分直播，涵盖中超、英超、西甲、NBA等热门赛事，最快比分更新，最全赛事数据，专业体育比分平台。,description,五百万比分提供全球足球、篮球实时比分直播，涵盖中超、英超、西甲、NBA等热门赛事，最快比分更新，最全赛事数据，专业体育比分平台。,https://wubaiwanbifen.asia/,待整理搜索词；未查询Trends
privteintpro.fr,Vos vitrages traités sans fermer vos locaux,h1,Vos vitrages traités sans fermer vos locaux,https://privteintpro.fr/,待整理搜索词；未查询Trends
privteintpro.fr,Films pour vitrages,title,Films pour vitrages,https://privteintpro.fr/,待整理搜索词；未查询Trends
privteintpro.fr,professionnels & collectivités,title,professionnels & collectivités,https://privteintpro.fr/,待整理搜索词；未查询Trends
privteintpro.fr,"Copropriétés, collectivités, tertiaire et commerces dans le Var.",description,"Copropriétés, collectivités, tertiaire et commerces dans le Var.",https://privteintpro.fr/,待整理搜索词；未查询Trends
privteintpro.fr,Chiffrage sous 48 h.,description,Chiffrage sous 48 h.,https://privteintpro.fr/,待整理搜索词；未查询Trends
prdetailing.cz,Preciznost v každém detailu,h1,Preciznost v každém detailu,https://prdetailing.cz/,待整理搜索词；未查询Trends
prdetailing.cz,PR Detailing,title,PR Detailing,https://prdetailing.cz/,待整理搜索词；未查询Trends
prdetailing.cz,Čištění interiéru a detailing aut,title,Čištění interiéru a detailing aut,https://prdetailing.cz/,待整理搜索词；未查询Trends
dmlegal.vip,DM Legal,title,DM Legal,https://dmlegal.vip/,待整理搜索词；未查询Trends
dmlegal.vip,правовой бот в Telegram.,description,правовой бот в Telegram.,https://dmlegal.vip/,待整理搜索词；未查询Trends
genzfinance.online,Nobody taught you money. So here's the stuff they skipped.,h1,Nobody taught you money. So here's the stuff they skipped.,https://genzfinance.online/,待整理搜索词；未查询Trends
genzfinance.online,FIGURED OUT By Angie,title,FIGURED OUT By Angie,https://genzfinance.online/,待整理搜索词；未查询Trends
genzfinance.online,Money Printables & Journals by Angie Crowe,title,Money Printables & Journals by Angie Crowe,https://genzfinance.online/,待整理搜索词；未查询Trends
genzfinance.online,"Mindset, habits, payday survival, roommate agreements, car checklists",description,"Mindset, habits, payday survival, roommate agreements, car checklists",https://genzfinance.online/,待整理搜索词；未查询Trends
genzfinance.online,priced and ready to download.,description,priced and ready to download.,https://genzfinance.online/,待整理搜索词；未查询Trends
finance26.biz,Finance26,h1,Finance26,https://finance26.biz/,待整理搜索词；未查询Trends
finance26.biz,Brandname,title,Brandname,https://finance26.biz/,待整理搜索词；未查询Trends
finance26.biz,AI-assisted investing with a personal analyst,title,AI-assisted investing with a personal analyst,https://finance26.biz/,待整理搜索词；未查询Trends
finance26.biz,📈 AI-assisted investing with a personal financial analyst.,description,📈 AI-assisted investing with a personal financial analyst.,https://finance26.biz/,待整理搜索词；未查询Trends
finance26.biz,Grow an additional source of income,description,Grow an additional source of income,https://finance26.biz/,待整理搜索词；未查询Trends
finance26.biz,no experience required.,description,no experience required.,https://finance26.biz/,待整理搜索词；未查询Trends
reitboknova.click,チームの「揃えたい」と個人の「こだわり」を、 知多市から。,h1,チームの「揃えたい」と個人の「こだわり」を、 知多市から。,https://reitboknova.click/,待整理搜索词；未查询Trends
reitboknova.click,Handa Sports Attire,title,Handa Sports Attire,https://reitboknova.click/,待整理搜索词；未查询Trends
reitboknova.click,知多市の野球ユニフォーム・野球シューズ販売,title,知多市の野球ユニフォーム・野球シューズ販売,https://reitboknova.click/,待整理搜索词；未查询Trends
reitboknova.click,知多市・知多半島を中心に、少年野球から社会人チームまでの野球ユニフォーム・シューズを供給。オーダーユニフォーム、チーム一括購入、背番号加工、見積もり相談受付中。,description,知多市・知多半島を中心に、少年野球から社会人チームまでの野球ユニフォーム・シューズを供給。オーダーユニフォーム、チーム一括購入、背番号加工、見積もり相談受付中。,https://reitboknova.click/,待整理搜索词；未查询Trends
3dfenxi.casa,3D分析专业平台,h1,3D分析专业平台,https://3dfenxi.casa/,待整理搜索词；未查询Trends
3dfenxi.casa,3D分析_专业三维数据分析技术_3D建模与可视化分析平台,title,3D分析_专业三维数据分析技术_3D建模与可视化分析平台,https://3dfenxi.casa/,待整理搜索词；未查询Trends
3dfenxi.casa,专业3D分析平台，提供三维数据分析、3D建模可视化、3D点云处理、3D扫描检测、3D打印质量分析等全方位三维分析解决方案。涵盖工业制造、医疗影像、建筑设计、科研教学等领域的3D分析技术与应用。,description,专业3D分析平台，提供三维数据分析、3D建模可视化、3D点云处理、3D扫描检测、3D打印质量分析等全方位三维分析解决方案。涵盖工业制造、医疗影像、建筑设计、科研教学等领域的3D分析技术与应用。,https://3dfenxi.casa/,待整理搜索词；未查询Trends
scarebowl.store,ScareBowl,h1,ScareBowl,https://scarebowl.store/,待整理搜索词；未查询Trends
prodigywarehouse.click,Seu Portal Para o Mundo do YouTube Comeäa Aqui!,h1,Seu Portal Para o Mundo do YouTube Comeäa Aqui!,https://prodigywarehouse.click/,待整理搜索词；未查询Trends
prodigywarehouse.click,Guia Completo: Crie Seu Canal no YouTube do Zero!,title,Guia Completo: Crie Seu Canal no YouTube do Zero!,https://prodigywarehouse.click/,待整理搜索词；未查询Trends
oliveiraimoveisvix.com.br,Nós temos a chave do seu sonho!,h1,Nós temos a chave do seu sonho!,https://www.oliveiraimoveisvix.com.br/,待整理搜索词；未查询Trends
oliveiraimoveisvix.com.br,Antony Oliveira Negócios Imobiliários,title,Antony Oliveira Negócios Imobiliários,https://www.oliveiraimoveisvix.com.br/,待整理搜索词；未查询Trends
oliveiraimoveisvix.com.br,"Atendimento próximo, do primeiro contato às chaves na mão.",description,"Atendimento próximo, do primeiro contato às chaves na mão.",https://www.oliveiraimoveisvix.com.br/,待整理搜索词；未查询Trends
rodacuan.live,Roda Cuan,h1,Roda Cuan,https://rodacuan.live/,待整理搜索词；未查询Trends
rodacuan.live,Mini Game Berhadiah,title,Mini Game Berhadiah,https://rodacuan.live/,待整理搜索词；未查询Trends
nyairumput.store,Nikmati Bakmi GM yang Autentik & Lezat,h1,Nikmati Bakmi GM yang Autentik & Lezat,https://nyairumput.store/,待整理搜索词；未查询Trends
nyairumput.store,Bakmi GM,title,Bakmi GM,https://nyairumput.store/,待整理搜索词；未查询Trends
nyairumput.store,Restoran bakmi legendaris Indonesia sejak 1959,description,Restoran bakmi legendaris Indonesia sejak 1959,https://nyairumput.store/,待整理搜索词；未查询Trends
propercompliance.co.uk,"Property work, organised properly.",h1,"Property work, organised properly.",https://propercompliance.co.uk/,待整理搜索词；未查询Trends
propercompliance.co.uk,Property Repairs & Refurbishment in South East London,title,Property Repairs & Refurbishment in South East London,https://propercompliance.co.uk/,待整理搜索词；未查询Trends
propercompliance.co.uk,ProperCompliance,title,ProperCompliance,https://propercompliance.co.uk/,待整理搜索词；未查询Trends
bujangwear.my.id,BJGWR 026,h1,BJGWR 026,https://bujangwear.my.id/,待整理搜索词；未查询Trends
bujangwear.my.id,Bujang Wear,title,Bujang Wear,https://bujangwear.my.id/,待整理搜索词；未查询Trends
neuropaxaisolution.digital,"Neuro Pax AI: AI-assisted, bot-ready trading execution, reimagined.",h1,"Neuro Pax AI: AI-assisted, bot-ready trading execution, reimagined.",https://neuropaxaisolution.digital/,待整理搜索词；未查询Trends
neuropaxaisolution.digital,Neuro Pax AI,title,Neuro Pax AI,https://neuropaxaisolution.digital/,待整理搜索词；未查询Trends
neuropaxaisolution.digital,a premium AI,title,a premium AI,https://neuropaxaisolution.digital/,待整理搜索词；未查询Trends
neuropaxaisolution.digital,Official Web Application,title,Official Web Application,https://neuropaxaisolution.digital/,待整理搜索词；未查询Trends
pelvicandbeyond.co.uk,Pelvic Floor Support for Women and Men,h1,Pelvic Floor Support for Women and Men,https://pelvicandbeyond.co.uk/,待整理搜索词；未查询Trends
pelvicandbeyond.co.uk,Pelvic & Beyond by Lindie,title,Pelvic & Beyond by Lindie,https://pelvicandbeyond.co.uk/,待整理搜索词；未查询Trends
pelvicandbeyond.co.uk,Our non-invasive Powerform pelvic,description,Our non-invasive Powerform pelvic,https://pelvicandbeyond.co.uk/,待整理搜索词；未查询Trends
msk-fasad-otdelka.online,Фасaдные и внутренние рaбoты для загородных домов по всей Московской области,title,Фасaдные и внутренние рaбoты для загородных домов по всей Московской области,https://msk-fasad-otdelka.online/,待整理搜索词；未查询Trends
terracotta.site,"Elegancia, Comodidad & Sensualidad",h1,"Elegancia, Comodidad & Sensualidad",https://terracotta.site/,待整理搜索词；未查询Trends
terracotta.site,Tienda Terracotta,title,Tienda Terracotta,https://terracotta.site/,待整理搜索词；未查询Trends
vickylueke.ca,Moving Forward Starts Here,h1,Moving Forward Starts Here,https://vickylueke.ca/,待整理搜索词；未查询Trends
vickylueke.ca,Calgary REALTOR®,title,Calgary REALTOR®,https://vickylueke.ca/,待整理搜索词；未查询Trends
vickylueke.ca,"Buy, Sell & Downsize",title,"Buy, Sell & Downsize",https://vickylueke.ca/,待整理搜索词；未查询Trends
vickylueke.ca,Vicky Lueke Realty,title,Vicky Lueke Realty,https://vickylueke.ca/,待整理搜索词；未查询Trends
vickylueke.ca,eXp Realty of Canada.,description,eXp Realty of Canada.,https://vickylueke.ca/,待整理搜索词；未查询Trends
